{"imgHeight": 1024, "imgWidth": 2048, "objects": [{"label": "sky", "bounding_box": [0, 0, 2047, 263]}, {"label": "vegetation", "bounding_box": [0, 82, 2047, 478]}, {"label": "pole", "bounding_box": [151, 241, 179, 440]}, {"label": "pole", "bounding_box": [649, 403, 653, 430]}, {"label": "traffic sign", "bounding_box": [645, 389, 658, 403]}, {"label": "pole", "bounding_box": [748, 242, 767, 439]}, {"label": "traffic sign", "bounding_box": [746, 368, 778, 392]}, {"label": "guard rail", "bounding_box": [0, 428, 754, 464]}, {"label": "guard rail", "bounding_box": [1029, 415, 1146, 443]}, {"label": "bridge", "bounding_box": [1245, 276, 1301, 346]}, {"label": "pole", "bounding_box": [293, 193, 308, 458]}, {"label": "pole", "bounding_box": [334, 390, 340, 451]}, {"label": "static", "bounding_box": [322, 366, 346, 389]}, {"label": "pole", "bounding_box": [648, 403, 653, 430]}, {"label": "traffic sign", "bounding_box": [646, 388, 658, 404]}, {"label": "pole", "bounding_box": [761, 391, 766, 444]}, {"label": "pole", "bounding_box": [766, 183, 773, 452]}, {"label": "static", "bounding_box": [764, 194, 794, 200]}, {"label": "static", "bounding_box": [747, 243, 766, 254]}, {"label": "static", "bounding_box": [691, 343, 761, 390]}, {"label": "pole", "bounding_box": [722, 343, 730, 439]}, {"label": "pole", "bounding_box": [742, 344, 748, 462]}, {"label": "pole", "bounding_box": [1059, 395, 1063, 448]}, {"label": "pole", "bounding_box": [1116, 393, 1120, 435]}, {"label": "traffic sign", "bounding_box": [1052, 379, 1070, 395]}, {"label": "traffic sign", "bounding_box": [1110, 379, 1124, 394]}, {"label": "terrain", "bounding_box": [0, 407, 820, 489]}, {"label": "terrain", "bounding_box": [1050, 192, 2047, 471]}, {"label": "sidewalk", "bounding_box": [1277, 442, 1937, 470]}, {"label": "static", "bounding_box": [1214, 348, 1246, 381]}, {"label": "pole", "bounding_box": [1229, 350, 1234, 461]}, {"label": "static", "bounding_box": [1015, 465, 1066, 483]}, {"label": "traffic sign", "bounding_box": [1029, 393, 1044, 474]}, {"label": "static", "bounding_box": [777, 473, 821, 483]}, {"label": "fence", "bounding_box": [806, 405, 1038, 479]}, {"label": "traffic sign", "bounding_box": [882, 381, 897, 395]}, {"label": "pole", "bounding_box": [889, 397, 892, 424]}, {"label": "pole", "bounding_box": [1183, 231, 1190, 388]}, {"label": "pole", "bounding_box": [1662, 84, 1673, 217]}, {"label": "pole", "bounding_box": [1723, 42, 1743, 220]}, {"label": "static", "bounding_box": [1759, 198, 2047, 442]}, {"label": "pole", "bounding_box": [1872, 203, 1884, 363]}, {"label": "static", "bounding_box": [1868, 203, 1891, 209]}, {"label": "pole", "bounding_box": [1923, 3, 1946, 442]}, {"label": "static", "bounding_box": [1891, 0, 1924, 4]}, {"label": "pole", "bounding_box": [1974, 136, 1992, 447]}, {"label": "static", "bounding_box": [1933, 160, 1984, 170]}, {"label": "pole", "bounding_box": [1460, 0, 1478, 463]}, {"label": "static", "bounding_box": [1459, 137, 1487, 146]}, {"label": "road", "bounding_box": [0, 459, 2047, 1023]}, {"label": "sidewalk", "bounding_box": [39, 470, 743, 489]}, {"label": "road", "bounding_box": [0, 459, 2047, 1023]}, {"label": "sidewalk", "bounding_box": [0, 500, 509, 622]}, {"label": "vegetation", "bounding_box": [0, 426, 156, 525]}, {"label": "pole", "bounding_box": [359, 126, 378, 483]}, {"label": "static", "bounding_box": [345, 120, 370, 133]}, {"label": "pole", "bounding_box": [402, 0, 426, 507]}, {"label": "pole", "bounding_box": [388, 321, 400, 511]}, {"label": "traffic sign", "bounding_box": [349, 245, 427, 322]}, {"label": "pole", "bounding_box": [212, 306, 229, 505]}, {"label": "traffic sign", "bounding_box": [797, 398, 807, 476]}, {"label": "traffic sign", "bounding_box": [171, 316, 214, 327]}, {"label": "traffic sign", "bounding_box": [192, 304, 218, 316]}, {"label": "traffic sign", "bounding_box": [789, 394, 797, 475]}, {"label": "pole", "bounding_box": [76, 0, 101, 503]}, {"label": "static", "bounding_box": [1668, 321, 1702, 338]}, {"label": "traffic sign", "bounding_box": [1654, 251, 1721, 321]}, {"label": "terrain", "bounding_box": [1559, 419, 2047, 590]}, {"label": "static", "bounding_box": [781, 477, 820, 487]}, {"label": "pole", "bounding_box": [1681, 321, 1690, 495]}, {"label": "pole", "bounding_box": [1945, 196, 1961, 442]}, {"label": "pole", "bounding_box": [1967, 308, 1979, 441]}, {"label": "static", "bounding_box": [1947, 204, 1972, 307]}, {"label": "pole", "bounding_box": [1764, 327, 1773, 462]}, {"label": "person", "bounding_box": [886, 397, 955, 502]}, {"label": "person", "bounding_box": [766, 401, 795, 510]}, {"label": "traffic sign", "bounding_box": [1045, 394, 1052, 474]}, {"label": "ego vehicle", "bounding_box": [271, 844, 2028, 1023]}, {"label": "out of roi", "bounding_box": [0, 0, 2048, 1024]}]}