<annotation><filename>aachen_000133_000019_gtFine_boxes.jpg</filename><folder>CityScapes</folder><size><width>2048</width><height>1024</height><depth>3</depth></size><segmented>0</segmented><object><name>sky</name><pose>Unspecified</pose><truncated>0</truncated><difficult>0</difficult><bndbox><xmin>391</xmin><ymin>0</ymin><xmax>611</xmax><ymax>108</ymax></bndbox></object><object><name>vegetation</name><pose>Unspecified</pose><truncated>0</truncated><difficult>0</difficult><bndbox><xmin>0</xmin><ymin>0</ymin><xmax>485</xmax><ymax>439</ymax></bndbox></object><object><name>building</name><pose>Unspecified</pose><truncated>0</truncated><difficult>0</difficult><bndbox><xmin>428</xmin><ymin>0</ymin><xmax>2047</xmax><ymax>510</ymax></bndbox></object><object><name>traffic sign</name><pose>Unspecified</pose><truncated>0</truncated><difficult>0</difficult><bndbox><xmin>1500</xmin><ymin>336</ymin><xmax>1543</xmax><ymax>346</ymax></bndbox></object><object><name>terrain</name><pose>Unspecified</pose><truncated>0</truncated><difficult>0</difficult><bndbox><xmin>0</xmin><ymin>321</ymin><xmax>486</xmax><ymax>423</ymax></bndbox></object><object><name>road</name><pose>Unspecified</pose><truncated>0</truncated><difficult>0</difficult><bndbox><xmin>0</xmin><ymin>389</ymin><xmax>2047</xmax><ymax>1023</ymax></bndbox></object><object><name>sidewalk</name><pose>Unspecified</pose><truncated>0</truncated><difficult>0</difficult><bndbox><xmin>75</xmin><ymin>368</ymin><xmax>1876</xmax><ymax>528</ymax></bndbox></object><object><name>pole</name><pose>Unspecified</pose><truncated>0</truncated><difficult>0</difficult><bndbox><xmin>70</xmin><ymin>371</ymin><xmax>233</xmax><ymax>414</ymax></bndbox></object><object><name>pole</name><pose>Unspecified</pose><truncated>0</truncated><difficult>0</difficult><bndbox><xmin>1797</xmin><ymin>135</ymin><xmax>1933</xmax><ymax>452</ymax></bndbox></object><object><name>terrain</name><pose>Unspecified</pose><truncated>0</truncated><difficult>0</difficult><bndbox><xmin>130</xmin><ymin>327</ymin><xmax>216</xmax><ymax>358</ymax></bndbox></object><object><name>vegetation</name><pose>Unspecified</pose><truncated>0</truncated><difficult>0</difficult><bndbox><xmin>466</xmin><ymin>257</ymin><xmax>900</xmax><ymax>420</ymax></bndbox></object><object><name>traffic sign</name><pose>Unspecified</pose><truncated>0</truncated><difficult>0</difficult><bndbox><xmin>1895</xmin><ymin>227</ymin><xmax>1962</xmax><ymax>253</ymax></bndbox></object><object><name>traffic sign</name><pose>Unspecified</pose><truncated>0</truncated><difficult>0</difficult><bndbox><xmin>1912</xmin><ymin>254</ymin><xmax>1943</xmax><ymax>285</ymax></bndbox></object><object><name>traffic light</name><pose>Unspecified</pose><truncated>0</truncated><difficult>0</difficult><bndbox><xmin>1794</xmin><ymin>107</ymin><xmax>1836</xmax><ymax>175</ymax></bndbox></object><object><name>traffic light</name><pose>Unspecified</pose><truncated>0</truncated><difficult>0</difficult><bndbox><xmin>1880</xmin><ymin>320</ymin><xmax>1964</xmax><ymax>373</ymax></bndbox></object><object><name>terrain</name><pose>Unspecified</pose><truncated>0</truncated><difficult>0</difficult><bndbox><xmin>1666</xmin><ymin>533</ymin><xmax>1831</xmax><ymax>556</ymax></bndbox></object><object><name>wall</name><pose>Unspecified</pose><truncated>0</truncated><difficult>0</difficult><bndbox><xmin>297</xmin><ymin>398</ymin><xmax>1902</xmax><ymax>511</ymax></bndbox></object><object><name>fence</name><pose>Unspecified</pose><truncated>0</truncated><difficult>0</difficult><bndbox><xmin>397</xmin><ymin>369</ymin><xmax>1919</xmax><ymax>487</ymax></bndbox></object><object><name>traffic light</name><pose>Unspecified</pose><truncated>0</truncated><difficult>0</difficult><bndbox><xmin>1476</xmin><ymin>351</ymin><xmax>1529</xmax><ymax>395</ymax></bndbox></object><object><name>pole</name><pose>Unspecified</pose><truncated>0</truncated><difficult>0</difficult><bndbox><xmin>866</xmin><ymin>370</ymin><xmax>874</xmax><ymax>483</ymax></bndbox></object><object><name>static</name><pose>Unspecified</pose><truncated>0</truncated><difficult>0</difficult><bndbox><xmin>1492</xmin><ymin>291</ymin><xmax>1513</xmax><ymax>324</ymax></bndbox></object><object><name>traffic light</name><pose>Unspecified</pose><truncated>0</truncated><difficult>0</difficult><bndbox><xmin>1580</xmin><ymin>176</ymin><xmax>1610</xmax><ymax>228</ymax></bndbox></object><object><name>pole</name><pose>Unspecified</pose><truncated>0</truncated><difficult>0</difficult><bndbox><xmin>1489</xmin><ymin>179</ymin><xmax>1590</xmax><ymax>512</ymax></bndbox></object><object><name>pole</name><pose>Unspecified</pose><truncated>0</truncated><difficult>0</difficult><bndbox><xmin>1777</xmin><ymin>464</ymin><xmax>1782</xmax><ymax>515</ymax></bndbox></object><object><name>pole</name><pose>Unspecified</pose><truncated>0</truncated><difficult>0</difficult><bndbox><xmin>1750</xmin><ymin>440</ymin><xmax>1759</xmax><ymax>534</ymax></bndbox></object><object><name>pole</name><pose>Unspecified</pose><truncated>0</truncated><difficult>0</difficult><bndbox><xmin>1678</xmin><ymin>464</ymin><xmax>1684</xmax><ymax>516</ymax></bndbox></object><object><name>pole</name><pose>Unspecified</pose><truncated>0</truncated><difficult>0</difficult><bndbox><xmin>1400</xmin><ymin>464</ymin><xmax>1406</xmax><ymax>510</ymax></bndbox></object><object><name>vegetation</name><pose>Unspecified</pose><truncated>0</truncated><difficult>0</difficult><bndbox><xmin>1300</xmin><ymin>442</ymin><xmax>1346</xmax><ymax>505</ymax></bndbox></object><object><name>pole</name><pose>Unspecified</pose><truncated>0</truncated><difficult>0</difficult><bndbox><xmin>1245</xmin><ymin>461</ymin><xmax>1249</xmax><ymax>509</ymax></bndbox></object><object><name>person</name><pose>Unspecified</pose><truncated>0</truncated><difficult>0</difficult><bndbox><xmin>1210</xmin><ymin>418</ymin><xmax>1241</xmax><ymax>508</ymax></bndbox></object><object><name>pole</name><pose>Unspecified</pose><truncated>0</truncated><difficult>0</difficult><bndbox><xmin>1077</xmin><ymin>336</ymin><xmax>1085</xmax><ymax>441</ymax></bndbox></object><object><name>traffic sign</name><pose>Unspecified</pose><truncated>0</truncated><difficult>0</difficult><bndbox><xmin>1085</xmin><ymin>333</ymin><xmax>1109</xmax><ymax>342</ymax></bndbox></object><object><name>traffic light</name><pose>Unspecified</pose><truncated>0</truncated><difficult>0</difficult><bndbox><xmin>1059</xmin><ymin>355</ymin><xmax>1099</xmax><ymax>383</ymax></bndbox></object><object><name>pole</name><pose>Unspecified</pose><truncated>0</truncated><difficult>0</difficult><bndbox><xmin>1040</xmin><ymin>0</ymin><xmax>1066</xmax><ymax>489</ymax></bndbox></object><object><name>pole</name><pose>Unspecified</pose><truncated>0</truncated><difficult>0</difficult><bndbox><xmin>919</xmin><ymin>345</ymin><xmax>929</xmax><ymax>476</ymax></bndbox></object><object><name>traffic sign</name><pose>Unspecified</pose><truncated>0</truncated><difficult>0</difficult><bndbox><xmin>917</xmin><ymin>333</ymin><xmax>936</xmax><ymax>353</ymax></bndbox></object><object><name>traffic sign</name><pose>Unspecified</pose><truncated>0</truncated><difficult>0</difficult><bndbox><xmin>919</xmin><ymin>353</ymin><xmax>934</xmax><ymax>365</ymax></bndbox></object><object><name>traffic sign</name><pose>Unspecified</pose><truncated>0</truncated><difficult>0</difficult><bndbox><xmin>916</xmin><ymin>365</ymin><xmax>935</xmax><ymax>385</ymax></bndbox></object><object><name>static</name><pose>Unspecified</pose><truncated>0</truncated><difficult>0</difficult><bndbox><xmin>915</xmin><ymin>422</ymin><xmax>936</xmax><ymax>456</ymax></bndbox></object><object><name>dynamic</name><pose>Unspecified</pose><truncated>0</truncated><difficult>0</difficult><bndbox><xmin>853</xmin><ymin>474</ymin><xmax>882</xmax><ymax>486</ymax></bndbox></object><object><name>static</name><pose>Unspecified</pose><truncated>0</truncated><difficult>0</difficult><bndbox><xmin>852</xmin><ymin>383</ymin><xmax>880</xmax><ymax>409</ymax></bndbox></object><object><name>traffic sign</name><pose>Unspecified</pose><truncated>0</truncated><difficult>0</difficult><bndbox><xmin>854</xmin><ymin>349</ymin><xmax>891</xmax><ymax>386</ymax></bndbox></object><object><name>traffic sign</name><pose>Unspecified</pose><truncated>0</truncated><difficult>0</difficult><bndbox><xmin>853</xmin><ymin>389</ymin><xmax>887</xmax><ymax>418</ymax></bndbox></object><object><name>pole</name><pose>Unspecified</pose><truncated>0</truncated><difficult>0</difficult><bndbox><xmin>624</xmin><ymin>422</ymin><xmax>631</xmax><ymax>455</ymax></bndbox></object><object><name>traffic sign</name><pose>Unspecified</pose><truncated>0</truncated><difficult>0</difficult><bndbox><xmin>448</xmin><ymin>403</ymin><xmax>464</xmax><ymax>436</ymax></bndbox></object><object><name>pole</name><pose>Unspecified</pose><truncated>0</truncated><difficult>0</difficult><bndbox><xmin>356</xmin><ymin>398</ymin><xmax>363</xmax><ymax>426</ymax></bndbox></object><object><name>pole</name><pose>Unspecified</pose><truncated>0</truncated><difficult>0</difficult><bndbox><xmin>330</xmin><ymin>288</ymin><xmax>339</xmax><ymax>424</ymax></bndbox></object><object><name>traffic sign</name><pose>Unspecified</pose><truncated>0</truncated><difficult>0</difficult><bndbox><xmin>326</xmin><ymin>336</ymin><xmax>344</xmax><ymax>354</ymax></bndbox></object><object><name>traffic sign</name><pose>Unspecified</pose><truncated>0</truncated><difficult>0</difficult><bndbox><xmin>328</xmin><ymin>312</ymin><xmax>348</xmax><ymax>333</ymax></bndbox></object><object><name>pole</name><pose>Unspecified</pose><truncated>0</truncated><difficult>0</difficult><bndbox><xmin>415</xmin><ymin>294</ymin><xmax>432</xmax><ymax>439</ymax></bndbox></object><object><name>pole</name><pose>Unspecified</pose><truncated>0</truncated><difficult>0</difficult><bndbox><xmin>878</xmin><ymin>444</ymin><xmax>885</xmax><ymax>489</ymax></bndbox></object><object><name>pole</name><pose>Unspecified</pose><truncated>0</truncated><difficult>0</difficult><bndbox><xmin>841</xmin><ymin>441</ymin><xmax>846</xmax><ymax>483</ymax></bndbox></object><object><name>pole</name><pose>Unspecified</pose><truncated>0</truncated><difficult>0</difficult><bndbox><xmin>806</xmin><ymin>439</ymin><xmax>812</xmax><ymax>476</ymax></bndbox></object><object><name>car</name><pose>Unspecified</pose><truncated>0</truncated><difficult>0</difficult><bndbox><xmin>463</xmin><ymin>407</ymin><xmax>576</xmax><ymax>454</ymax></bndbox></object><object><name>pole</name><pose>Unspecified</pose><truncated>0</truncated><difficult>0</difficult><bndbox><xmin>15</xmin><ymin>333</ymin><xmax>17</xmax><ymax>386</ymax></bndbox></object><object><name>traffic light</name><pose>Unspecified</pose><truncated>0</truncated><difficult>0</difficult><bndbox><xmin>420</xmin><ymin>324</ymin><xmax>448</xmax><ymax>351</ymax></bndbox></object><object><name>traffic sign</name><pose>Unspecified</pose><truncated>0</truncated><difficult>0</difficult><bndbox><xmin>416</xmin><ymin>350</ymin><xmax>436</xmax><ymax>373</ymax></bndbox></object><object><name>pole</name><pose>Unspecified</pose><truncated>0</truncated><difficult>0</difficult><bndbox><xmin>338</xmin><ymin>398</ymin><xmax>344</xmax><ymax>426</ymax></bndbox></object><object><name>traffic sign</name><pose>Unspecified</pose><truncated>0</truncated><difficult>0</difficult><bndbox><xmin>319</xmin><ymin>394</ymin><xmax>327</xmax><ymax>423</ymax></bndbox></object><object><name>static</name><pose>Unspecified</pose><truncated>0</truncated><difficult>0</difficult><bndbox><xmin>204</xmin><ymin>349</ymin><xmax>255</xmax><ymax>407</ymax></bndbox></object><object><name>person</name><pose>Unspecified</pose><truncated>0</truncated><difficult>0</difficult><bndbox><xmin>41</xmin><ymin>351</ymin><xmax>58</xmax><ymax>387</ymax></bndbox></object><object><name>bicycle</name><pose>Unspecified</pose><truncated>0</truncated><difficult>0</difficult><bndbox><xmin>198</xmin><ymin>376</ymin><xmax>228</xmax><ymax>407</ymax></bndbox></object><object><name>cargroup</name><pose>Unspecified</pose><truncated>0</truncated><difficult>0</difficult><bndbox><xmin>0</xmin><ymin>359</ymin><xmax>60</xmax><ymax>409</ymax></bndbox></object><object><name>sidewalk</name><pose>Unspecified</pose><truncated>0</truncated><difficult>0</difficult><bndbox><xmin>0</xmin><ymin>585</ymin><xmax>451</xmax><ymax>741</ymax></bndbox></object><object><name>traffic sign</name><pose>Unspecified</pose><truncated>0</truncated><difficult>0</difficult><bndbox><xmin>106</xmin><ymin>284</ymin><xmax>132</xmax><ymax>312</ymax></bndbox></object><object><name>static</name><pose>Unspecified</pose><truncated>0</truncated><difficult>0</difficult><bndbox><xmin>108</xmin><ymin>312</ymin><xmax>127</xmax><ymax>333</ymax></bndbox></object><object><name>traffic sign</name><pose>Unspecified</pose><truncated>0</truncated><difficult>0</difficult><bndbox><xmin>65</xmin><ymin>366</ymin><xmax>101</xmax><ymax>380</ymax></bndbox></object><object><name>traffic sign</name><pose>Unspecified</pose><truncated>0</truncated><difficult>0</difficult><bndbox><xmin>74</xmin><ymin>328</ymin><xmax>110</xmax><ymax>362</ymax></bndbox></object><object><name>traffic sign</name><pose>Unspecified</pose><truncated>0</truncated><difficult>0</difficult><bndbox><xmin>76</xmin><ymin>354</ymin><xmax>102</xmax><ymax>369</ymax></bndbox></object><object><name>car</name><pose>Unspecified</pose><truncated>0</truncated><difficult>0</difficult><bndbox><xmin>1769</xmin><ymin>353</ymin><xmax>2047</xmax><ymax>830</ymax></bndbox></object><object><name>car</name><pose>Unspecified</pose><truncated>0</truncated><difficult>0</difficult><bndbox><xmin>889</xmin><ymin>436</ymin><xmax>1031</xmax><ymax>536</ymax></bndbox></object><object><name>license plate</name><pose>Unspecified</pose><truncated>0</truncated><difficult>0</difficult><bndbox><xmin>968</xmin><ymin>478</ymin><xmax>1004</xmax><ymax>488</ymax></bndbox></object><object><name>car</name><pose>Unspecified</pose><truncated>0</truncated><difficult>0</difficult><bndbox><xmin>985</xmin><ymin>388</ymin><xmax>1238</xmax><ymax>608</ymax></bndbox></object><object><name>license plate</name><pose>Unspecified</pose><truncated>0</truncated><difficult>0</difficult><bndbox><xmin>1090</xmin><ymin>531</ymin><xmax>1165</xmax><ymax>546</ymax></bndbox></object><object><name>car</name><pose>Unspecified</pose><truncated>0</truncated><difficult>0</difficult><bndbox><xmin>222</xmin><ymin>400</ymin><xmax>264</xmax><ymax>432</ymax></bndbox></object><object><name>static</name><pose>Unspecified</pose><truncated>0</truncated><difficult>0</difficult><bndbox><xmin>233</xmin><ymin>252</ymin><xmax>345</xmax><ymax>477</ymax></bndbox></object><object><name>terrain</name><pose>Unspecified</pose><truncated>0</truncated><difficult>0</difficult><bndbox><xmin>0</xmin><ymin>401</ymin><xmax>401</xmax><ymax>532</ymax></bndbox></object><object><name>pole</name><pose>Unspecified</pose><truncated>0</truncated><difficult>0</difficult><bndbox><xmin>246</xmin><ymin>458</ymin><xmax>253</xmax><ymax>509</ymax></bndbox></object><object><name>pole</name><pose>Unspecified</pose><truncated>0</truncated><difficult>0</difficult><bndbox><xmin>247</xmin><ymin>15</ymin><xmax>304</xmax><ymax>623</ymax></bndbox></object><object><name>traffic light</name><pose>Unspecified</pose><truncated>0</truncated><difficult>0</difficult><bndbox><xmin>243</xmin><ymin>100</ymin><xmax>348</xmax><ymax>259</ymax></bndbox></object><object><name>pole</name><pose>Unspecified</pose><truncated>0</truncated><difficult>0</difficult><bndbox><xmin>174</xmin><ymin>315</ymin><xmax>184</xmax><ymax>432</ymax></bndbox></object><object><name>rider</name><pose>Unspecified</pose><truncated>0</truncated><difficult>0</difficult><bndbox><xmin>157</xmin><ymin>406</ymin><xmax>198</xmax><ymax>520</ymax></bndbox></object><object><name>vegetation</name><pose>Unspecified</pose><truncated>0</truncated><difficult>0</difficult><bndbox><xmin>103</xmin><ymin>199</ymin><xmax>164</xmax><ymax>442</ymax></bndbox></object><object><name>bicycle</name><pose>Unspecified</pose><truncated>0</truncated><difficult>0</difficult><bndbox><xmin>154</xmin><ymin>459</ymin><xmax>196</xmax><ymax>528</ymax></bndbox></object><object><name>static</name><pose>Unspecified</pose><truncated>0</truncated><difficult>0</difficult><bndbox><xmin>149</xmin><ymin>150</ymin><xmax>249</xmax><ymax>247</ymax></bndbox></object><object><name>pole</name><pose>Unspecified</pose><truncated>0</truncated><difficult>0</difficult><bndbox><xmin>192</xmin><ymin>486</ymin><xmax>221</xmax><ymax>648</ymax></bndbox></object><object><name>traffic light</name><pose>Unspecified</pose><truncated>0</truncated><difficult>0</difficult><bndbox><xmin>137</xmin><ymin>315</ymin><xmax>218</xmax><ymax>387</ymax></bndbox></object><object><name>traffic sign</name><pose>Unspecified</pose><truncated>0</truncated><difficult>0</difficult><bndbox><xmin>12</xmin><ymin>326</ymin><xmax>20</xmax><ymax>341</ymax></bndbox></object><object><name>rider</name><pose>Unspecified</pose><truncated>0</truncated><difficult>0</difficult><bndbox><xmin>77</xmin><ymin>406</ymin><xmax>129</xmax><ymax>512</ymax></bndbox></object><object><name>license plate</name><pose>Unspecified</pose><truncated>0</truncated><difficult>0</difficult><bndbox><xmin>27</xmin><ymin>390</ymin><xmax>42</xmax><ymax>397</ymax></bndbox></object><object><name>bicycle</name><pose>Unspecified</pose><truncated>0</truncated><difficult>0</difficult><bndbox><xmin>78</xmin><ymin>455</ymin><xmax>119</xmax><ymax>533</ymax></bndbox></object><object><name>pole</name><pose>Unspecified</pose><truncated>0</truncated><difficult>0</difficult><bndbox><xmin>46</xmin><ymin>465</ymin><xmax>53</xmax><ymax>516</ymax></bndbox></object><object><name>traffic light</name><pose>Unspecified</pose><truncated>0</truncated><difficult>0</difficult><bndbox><xmin>0</xmin><ymin>162</ymin><xmax>81</xmax><ymax>307</ymax></bndbox></object><object><name>traffic light</name><pose>Unspecified</pose><truncated>0</truncated><difficult>0</difficult><bndbox><xmin>77</xmin><ymin>198</ymin><xmax>144</xmax><ymax>284</ymax></bndbox></object><object><name>pole</name><pose>Unspecified</pose><truncated>0</truncated><difficult>0</difficult><bndbox><xmin>60</xmin><ymin>0</ymin><xmax>108</xmax><ymax>534</ymax></bndbox></object><object><name>pole</name><pose>Unspecified</pose><truncated>0</truncated><difficult>0</difficult><bndbox><xmin>32</xmin><ymin>488</ymin><xmax>77</xmax><ymax>674</ymax></bndbox></object><object><name>car</name><pose>Unspecified</pose><truncated>0</truncated><difficult>0</difficult><bndbox><xmin>503</xmin><ymin>422</ymin><xmax>615</xmax><ymax>502</ymax></bndbox></object><object><name>license plate</name><pose>Unspecified</pose><truncated>0</truncated><difficult>0</difficult><bndbox><xmin>554</xmin><ymin>472</ymin><xmax>589</xmax><ymax>481</ymax></bndbox></object><object><name>car</name><pose>Unspecified</pose><truncated>0</truncated><difficult>0</difficult><bndbox><xmin>284</xmin><ymin>423</ymin><xmax>566</xmax><ymax>551</ymax></bndbox></object><object><name>pole</name><pose>Unspecified</pose><truncated>0</truncated><difficult>0</difficult><bndbox><xmin>334</xmin><ymin>481</ymin><xmax>354</xmax><ymax>610</ymax></bndbox></object><object><name>pole</name><pose>Unspecified</pose><truncated>0</truncated><difficult>0</difficult><bndbox><xmin>283</xmin><ymin>483</ymin><xmax>298</xmax><ymax>600</ymax></bndbox></object><object><name>license plate</name><pose>Unspecified</pose><truncated>0</truncated><difficult>0</difficult><bndbox><xmin>496</xmin><ymin>503</ymin><xmax>543</xmax><ymax>514</ymax></bndbox></object><object><name>car</name><pose>Unspecified</pose><truncated>0</truncated><difficult>0</difficult><bndbox><xmin>601</xmin><ymin>411</ymin><xmax>817</xmax><ymax>586</ymax></bndbox></object><object><name>license plate</name><pose>Unspecified</pose><truncated>0</truncated><difficult>0</difficult><bndbox><xmin>670</xmin><ymin>517</ymin><xmax>734</xmax><ymax>533</ymax></bndbox></object><object><name>traffic sign</name><pose>Unspecified</pose><truncated>0</truncated><difficult>0</difficult><bndbox><xmin>1738</xmin><ymin>439</ymin><xmax>1765</xmax><ymax>485</ymax></bndbox></object><object><name>static</name><pose>Unspecified</pose><truncated>0</truncated><difficult>0</difficult><bndbox><xmin>105</xmin><ymin>0</ymin><xmax>215</xmax><ymax>39</ymax></bndbox></object><object><name>traffic sign</name><pose>Unspecified</pose><truncated>0</truncated><difficult>0</difficult><bndbox><xmin>203</xmin><ymin>330</ymin><xmax>215</xmax><ymax>337</ymax></bndbox></object><object><name>traffic sign</name><pose>Unspecified</pose><truncated>0</truncated><difficult>0</difficult><bndbox><xmin>199</xmin><ymin>337</ymin><xmax>217</xmax><ymax>352</ymax></bndbox></object><object><name>building</name><pose>Unspecified</pose><truncated>0</truncated><difficult>0</difficult><bndbox><xmin>769</xmin><ymin>277</ymin><xmax>794</xmax><ymax>312</ymax></bndbox></object><object><name>ego vehicle</name><pose>Unspecified</pose><truncated>0</truncated><difficult>0</difficult><bndbox><xmin>271</xmin><ymin>844</ymin><xmax>2028</xmax><ymax>1023</ymax></bndbox></object><object><name>out of roi</name><pose>Unspecified</pose><truncated>0</truncated><difficult>0</difficult><bndbox><xmin>0</xmin><ymin>0</ymin><xmax>2048</xmax><ymax>1024</ymax></bndbox></object></annotation>