{"imgHeight": 1024, "imgWidth": 2048, "objects": [{"label": "sky", "bounding_box": [0, 0, 878, 436]}, {"label": "vegetation", "bounding_box": [0, 0, 742, 220]}, {"label": "building", "bounding_box": [0, 0, 2047, 551]}, {"label": "static", "bounding_box": [963, 302, 1076, 525]}, {"label": "car", "bounding_box": [354, 446, 427, 476]}, {"label": "road", "bounding_box": [0, 480, 2047, 1023]}, {"label": "vegetation", "bounding_box": [369, 401, 613, 499]}, {"label": "pole", "bounding_box": [460, 355, 465, 462]}, {"label": "vegetation", "bounding_box": [937, 259, 2047, 753]}, {"label": "pole", "bounding_box": [1935, 0, 1961, 697]}, {"label": "traffic sign", "bounding_box": [1891, 17, 2011, 84]}, {"label": "traffic sign", "bounding_box": [1891, 0, 2013, 22]}, {"label": "traffic sign", "bounding_box": [452, 326, 474, 357]}, {"label": "sidewalk", "bounding_box": [0, 484, 235, 495]}, {"label": "traffic sign", "bounding_box": [573, 371, 590, 400]}, {"label": "vegetation", "bounding_box": [531, 389, 705, 465]}, {"label": "pole", "bounding_box": [367, 370, 371, 471]}, {"label": "pole", "bounding_box": [379, 329, 416, 461]}, {"label": "pole", "bounding_box": [15, 463, 21, 489]}, {"label": "sidewalk", "bounding_box": [365, 495, 2047, 841]}, {"label": "traffic sign", "bounding_box": [363, 361, 374, 378]}, {"label": "pole", "bounding_box": [156, 464, 159, 492]}, {"label": "pole", "bounding_box": [156, 464, 159, 490]}, {"label": "pole", "bounding_box": [86, 463, 90, 488]}, {"label": "pole", "bounding_box": [81, 420, 84, 448]}, {"label": "pole", "bounding_box": [38, 414, 44, 442]}, {"label": "pole", "bounding_box": [122, 426, 126, 454]}, {"label": "pole", "bounding_box": [221, 464, 225, 492]}, {"label": "pole", "bounding_box": [205, 436, 210, 464]}, {"label": "pole", "bounding_box": [163, 431, 168, 459]}, {"label": "pole", "bounding_box": [279, 386, 285, 427]}, {"label": "car", "bounding_box": [229, 418, 377, 517]}, {"label": "license plate", "bounding_box": [300, 459, 337, 466]}, {"label": "traffic sign", "bounding_box": [275, 398, 288, 410]}, {"label": "static", "bounding_box": [452, 462, 478, 495]}, {"label": "static", "bounding_box": [923, 464, 980, 540]}, {"label": "traffic sign", "bounding_box": [453, 350, 473, 361]}, {"label": "fence", "bounding_box": [619, 344, 863, 499]}, {"label": "static", "bounding_box": [512, 379, 570, 480]}, {"label": "ego vehicle", "bounding_box": [271, 844, 2028, 1023]}, {"label": "out of roi", "bounding_box": [0, 0, 2048, 1024]}]}