{"imgHeight": 1024, "imgWidth": 2048, "objects": [{"label": "sky", "bounding_box": [0, 0, 1158, 345]}, {"label": "road", "bounding_box": [0, 336, 2047, 1023]}, {"label": "sidewalk", "bounding_box": [931, 499, 2047, 1023]}, {"label": "sidewalk", "bounding_box": [803, 379, 1147, 491]}, {"label": "building", "bounding_box": [0, 0, 2047, 646]}, {"label": "sidewalk", "bounding_box": [0, 465, 591, 633]}, {"label": "road", "bounding_box": [0, 491, 40, 541]}, {"label": "sidewalk", "bounding_box": [629, 423, 689, 441]}, {"label": "dynamic", "bounding_box": [487, 50, 827, 337]}, {"label": "terrain", "bounding_box": [637, 427, 689, 437]}, {"label": "vegetation", "bounding_box": [767, 272, 842, 374]}, {"label": "vegetation", "bounding_box": [603, 256, 763, 432]}, {"label": "vegetation", "bounding_box": [520, 273, 614, 385]}, {"label": "traffic light", "bounding_box": [649, 344, 662, 354]}, {"label": "truck", "bounding_box": [628, 400, 650, 416]}, {"label": "license plate", "bounding_box": [633, 412, 639, 415]}, {"label": "pole", "bounding_box": [652, 410, 656, 438]}, {"label": "traffic sign", "bounding_box": [638, 385, 671, 411]}, {"label": "pole", "bounding_box": [658, 400, 663, 438]}, {"label": "traffic light", "bounding_box": [652, 389, 670, 407]}, {"label": "car", "bounding_box": [612, 416, 639, 437]}, {"label": "license plate", "bounding_box": [620, 428, 629, 432]}, {"label": "car", "bounding_box": [559, 404, 584, 423]}, {"label": "cargroup", "bounding_box": [571, 411, 593, 433]}, {"label": "car", "bounding_box": [559, 417, 582, 437]}, {"label": "car", "bounding_box": [532, 404, 567, 442]}, {"label": "car", "bounding_box": [530, 421, 557, 442]}, {"label": "license plate", "bounding_box": [538, 435, 545, 437]}, {"label": "pole", "bounding_box": [483, 365, 536, 389]}, {"label": "static", "bounding_box": [532, 360, 540, 374]}, {"label": "static", "bounding_box": [452, 366, 467, 385]}, {"label": "static", "bounding_box": [465, 351, 480, 393]}, {"label": "pole", "bounding_box": [297, 324, 306, 429]}, {"label": "car", "bounding_box": [305, 406, 328, 419]}, {"label": "pole", "bounding_box": [280, 243, 295, 382]}, {"label": "traffic light", "bounding_box": [239, 259, 299, 337]}, {"label": "traffic light", "bounding_box": [311, 278, 336, 318]}, {"label": "traffic light", "bounding_box": [286, 260, 326, 336]}, {"label": "static", "bounding_box": [294, 369, 314, 382]}, {"label": "static", "bounding_box": [289, 385, 311, 398]}, {"label": "traffic light", "bounding_box": [746, 349, 754, 360]}, {"label": "person", "bounding_box": [245, 352, 299, 444]}, {"label": "person", "bounding_box": [184, 394, 209, 437]}, {"label": "person", "bounding_box": [192, 336, 251, 433]}, {"label": "car", "bounding_box": [96, 412, 201, 461]}, {"label": "pole", "bounding_box": [93, 91, 123, 462]}, {"label": "traffic sign", "bounding_box": [5, 95, 100, 252]}, {"label": "static", "bounding_box": [83, 306, 113, 402]}, {"label": "person", "bounding_box": [4, 327, 110, 487]}, {"label": "wall", "bounding_box": [37, 419, 323, 554]}, {"label": "car", "bounding_box": [290, 385, 567, 578]}, {"label": "building", "bounding_box": [0, 205, 105, 570]}, {"label": "license plate", "bounding_box": [358, 482, 436, 500]}, {"label": "static", "bounding_box": [110, 306, 142, 399]}, {"label": "traffic light", "bounding_box": [765, 351, 775, 366]}, {"label": "traffic light", "bounding_box": [777, 358, 786, 369]}, {"label": "static", "bounding_box": [834, 364, 845, 391]}, {"label": "traffic sign", "bounding_box": [842, 324, 869, 352]}, {"label": "traffic sign", "bounding_box": [842, 354, 873, 386]}, {"label": "pole", "bounding_box": [760, 270, 822, 394]}, {"label": "pole", "bounding_box": [765, 294, 813, 393]}, {"label": "pole", "bounding_box": [746, 202, 835, 395]}, {"label": "pole", "bounding_box": [738, 63, 870, 406]}, {"label": "car", "bounding_box": [652, 382, 920, 591]}, {"label": "license plate", "bounding_box": [742, 484, 823, 507]}, {"label": "static", "bounding_box": [970, 412, 1010, 463]}, {"label": "pole", "bounding_box": [919, 218, 936, 480]}, {"label": "traffic sign", "bounding_box": [912, 270, 936, 295]}, {"label": "traffic sign", "bounding_box": [902, 298, 973, 312]}, {"label": "traffic sign", "bounding_box": [903, 312, 977, 339]}, {"label": "traffic sign", "bounding_box": [902, 337, 981, 358]}, {"label": "traffic light", "bounding_box": [656, 20, 685, 101]}, {"label": "pole", "bounding_box": [680, 58, 992, 513]}, {"label": "traffic sign", "bounding_box": [978, 192, 1045, 207]}, {"label": "traffic sign", "bounding_box": [953, 205, 1002, 255]}, {"label": "traffic light", "bounding_box": [957, 295, 982, 330]}, {"label": "traffic light", "bounding_box": [957, 264, 991, 336]}, {"label": "pole", "bounding_box": [1083, 252, 1094, 389]}, {"label": "static", "bounding_box": [1080, 255, 1096, 309]}, {"label": "static", "bounding_box": [1083, 339, 1100, 352]}, {"label": "person", "bounding_box": [1100, 337, 1149, 545]}, {"label": "person", "bounding_box": [1069, 349, 1130, 550]}, {"label": "person", "bounding_box": [1180, 323, 1256, 538]}, {"label": "pole", "bounding_box": [1365, 0, 1401, 553]}, {"label": "pole", "bounding_box": [1003, 436, 1015, 486]}, {"label": "person", "bounding_box": [579, 391, 634, 519]}, {"label": "vegetation", "bounding_box": [696, 224, 729, 244]}, {"label": "ego vehicle", "bounding_box": [271, 844, 2028, 1023]}, {"label": "out of roi", "bounding_box": [0, 0, 2048, 1024]}]}