{"imgHeight": 1024, "imgWidth": 2048, "objects": [{"label": "ground", "bounding_box": [0, 423, 2047, 1023]}, {"label": "sidewalk", "bounding_box": [858, 541, 1180, 577]}, {"label": "building", "bounding_box": [0, 0, 2047, 577]}, {"label": "pole", "bounding_box": [291, 127, 326, 525]}, {"label": "traffic sign", "bounding_box": [231, 135, 300, 193]}, {"label": "traffic sign", "bounding_box": [235, 196, 300, 228]}, {"label": "pole", "bounding_box": [1105, 315, 1135, 607]}, {"label": "traffic sign", "bounding_box": [1117, 321, 1187, 409]}, {"label": "traffic sign", "bounding_box": [1124, 402, 1196, 470]}, {"label": "traffic sign", "bounding_box": [1126, 465, 1199, 529]}, {"label": "static", "bounding_box": [1269, 52, 1364, 184]}, {"label": "pole", "bounding_box": [1181, 298, 1216, 619]}, {"label": "static", "bounding_box": [1462, 172, 1531, 244]}, {"label": "traffic sign", "bounding_box": [1154, 272, 1210, 313]}, {"label": "person", "bounding_box": [1531, 392, 1616, 602]}, {"label": "static", "bounding_box": [1488, 267, 1561, 330]}, {"label": "static", "bounding_box": [1610, 267, 1670, 325]}, {"label": "static", "bounding_box": [1639, 428, 1702, 568]}, {"label": "person", "bounding_box": [1753, 399, 1801, 517]}, {"label": "person", "bounding_box": [1844, 393, 1919, 576]}, {"label": "static", "bounding_box": [263, 263, 307, 294]}, {"label": "traffic sign", "bounding_box": [308, 294, 355, 313]}, {"label": "car", "bounding_box": [0, 479, 77, 606]}, {"label": "license plate", "bounding_box": [0, 564, 26, 574]}, {"label": "car", "bounding_box": [9, 460, 385, 630]}, {"label": "license plate", "bounding_box": [301, 521, 361, 540]}, {"label": "car", "bounding_box": [369, 434, 886, 634]}, {"label": "license plate", "bounding_box": [805, 514, 855, 536]}, {"label": "ego vehicle", "bounding_box": [271, 844, 2028, 1023]}, {"label": "out of roi", "bounding_box": [0, 0, 2048, 1024]}]}