{"imgHeight": 1024, "imgWidth": 2048, "objects": [{"label": "sky", "bounding_box": [1, 0, 2047, 272]}, {"label": "road", "bounding_box": [0, 317, 2047, 1023]}, {"label": "building", "bounding_box": [0, 0, 855, 458]}, {"label": "car", "bounding_box": [910, 339, 922, 345]}, {"label": "car", "bounding_box": [907, 343, 921, 354]}, {"label": "cargroup", "bounding_box": [900, 346, 917, 362]}, {"label": "car", "bounding_box": [894, 356, 912, 369]}, {"label": "cargroup", "bounding_box": [887, 364, 906, 382]}, {"label": "car", "bounding_box": [881, 369, 901, 388]}, {"label": "building", "bounding_box": [1022, 66, 1231, 440]}, {"label": "static", "bounding_box": [341, 356, 382, 462]}, {"label": "vegetation", "bounding_box": [0, 304, 527, 505]}, {"label": "terrain", "bounding_box": [0, 441, 450, 527]}, {"label": "building", "bounding_box": [1186, 0, 2047, 532]}, {"label": "static", "bounding_box": [1078, 330, 1094, 345]}, {"label": "sidewalk", "bounding_box": [0, 365, 889, 553]}, {"label": "sidewalk", "bounding_box": [997, 325, 2047, 553]}, {"label": "person", "bounding_box": [773, 382, 787, 417]}, {"label": "road", "bounding_box": [1048, 441, 1147, 449]}, {"label": "fence", "bounding_box": [129, 397, 439, 480]}, {"label": "pole", "bounding_box": [278, 237, 291, 476]}, {"label": "cargroup", "bounding_box": [972, 343, 1010, 409]}, {"label": "vegetation", "bounding_box": [790, 2, 1224, 428]}, {"label": "pole", "bounding_box": [1005, 313, 1086, 426]}, {"label": "pole", "bounding_box": [334, 0, 351, 474]}, {"label": "person", "bounding_box": [1074, 406, 1087, 450]}, {"label": "static", "bounding_box": [266, 241, 344, 339]}, {"label": "pole", "bounding_box": [489, 350, 502, 423]}, {"label": "traffic sign", "bounding_box": [485, 320, 517, 352]}, {"label": "static", "bounding_box": [614, 356, 638, 380]}, {"label": "static", "bounding_box": [1139, 413, 1157, 444]}, {"label": "pole", "bounding_box": [1161, 346, 1178, 448]}, {"label": "car", "bounding_box": [406, 409, 594, 525]}, {"label": "car", "bounding_box": [875, 374, 894, 391]}, {"label": "license plate", "bounding_box": [447, 487, 495, 498]}, {"label": "car", "bounding_box": [1166, 414, 1199, 450]}, {"label": "cargroup", "bounding_box": [919, 355, 941, 375]}, {"label": "pole", "bounding_box": [1076, 54, 1204, 461]}, {"label": "car", "bounding_box": [926, 320, 941, 333]}, {"label": "person", "bounding_box": [1186, 410, 1212, 467]}, {"label": "car", "bounding_box": [869, 378, 891, 397]}, {"label": "static", "bounding_box": [1052, 364, 1066, 377]}, {"label": "traffic light", "bounding_box": [1071, 369, 1093, 393]}, {"label": "traffic light", "bounding_box": [852, 309, 858, 327]}, {"label": "traffic light", "bounding_box": [644, 371, 662, 392]}, {"label": "pole", "bounding_box": [756, 198, 837, 416]}, {"label": "person", "bounding_box": [1055, 382, 1064, 412]}, {"label": "traffic light", "bounding_box": [1125, 374, 1135, 391]}, {"label": "car", "bounding_box": [919, 355, 941, 375]}, {"label": "car", "bounding_box": [862, 381, 887, 402]}, {"label": "traffic sign", "bounding_box": [1078, 349, 1095, 368]}, {"label": "car", "bounding_box": [918, 365, 939, 381]}, {"label": "pole", "bounding_box": [759, 317, 853, 340]}, {"label": "car", "bounding_box": [743, 412, 812, 465]}, {"label": "car", "bounding_box": [844, 385, 879, 411]}, {"label": "person", "bounding_box": [1060, 393, 1072, 418]}, {"label": "bicyclegroup", "bounding_box": [806, 388, 845, 417]}, {"label": "bicycle", "bounding_box": [840, 395, 866, 416]}, {"label": "bicycle", "bounding_box": [1217, 427, 1245, 467]}, {"label": "traffic light", "bounding_box": [756, 370, 767, 394]}, {"label": "license plate", "bounding_box": [673, 461, 699, 467]}, {"label": "license plate", "bounding_box": [760, 448, 778, 452]}, {"label": "static", "bounding_box": [1133, 272, 1177, 356]}, {"label": "car", "bounding_box": [984, 385, 999, 410]}, {"label": "pole", "bounding_box": [1132, 355, 1135, 427]}, {"label": "traffic light", "bounding_box": [1126, 378, 1133, 390]}, {"label": "person", "bounding_box": [1127, 401, 1142, 446]}, {"label": "building", "bounding_box": [1003, 375, 1025, 410]}, {"label": "static", "bounding_box": [1010, 397, 1032, 415]}, {"label": "car", "bounding_box": [959, 412, 1086, 514]}, {"label": "static", "bounding_box": [638, 412, 653, 451]}, {"label": "license plate", "bounding_box": [1011, 452, 1048, 462]}, {"label": "pole", "bounding_box": [992, 367, 995, 410]}, {"label": "traffic sign", "bounding_box": [988, 361, 998, 375]}, {"label": "static", "bounding_box": [987, 369, 998, 377]}, {"label": "static", "bounding_box": [635, 410, 648, 430]}, {"label": "pole", "bounding_box": [641, 398, 643, 451]}, {"label": "static", "bounding_box": [635, 394, 648, 413]}, {"label": "traffic light", "bounding_box": [997, 306, 1009, 327]}, {"label": "person", "bounding_box": [651, 412, 660, 431]}, {"label": "car", "bounding_box": [639, 412, 749, 486]}, {"label": "static", "bounding_box": [1017, 354, 1028, 377]}, {"label": "static", "bounding_box": [1976, 388, 2047, 508]}, {"label": "pole", "bounding_box": [1094, 303, 1097, 430]}, {"label": "traffic sign", "bounding_box": [1088, 364, 1102, 368]}, {"label": "traffic sign", "bounding_box": [1089, 369, 1096, 378]}, {"label": "ego vehicle", "bounding_box": [271, 844, 2028, 1023]}, {"label": "out of roi", "bounding_box": [0, 0, 2048, 1024]}]}