{"imgHeight": 1024, "imgWidth": 2048, "objects": [{"label": "road", "bounding_box": [0, 452, 2047, 1023]}, {"label": "sky", "bounding_box": [736, 0, 1775, 394]}, {"label": "sidewalk", "bounding_box": [1552, 453, 2047, 514]}, {"label": "building", "bounding_box": [1618, 0, 2047, 496]}, {"label": "sidewalk", "bounding_box": [1853, 534, 2047, 651]}, {"label": "building", "bounding_box": [0, 0, 1729, 526]}, {"label": "cargroup", "bounding_box": [1239, 447, 1290, 476]}, {"label": "vegetation", "bounding_box": [1576, 359, 1749, 446]}, {"label": "pole", "bounding_box": [1486, 402, 1523, 455]}, {"label": "pole", "bounding_box": [276, 389, 287, 490]}, {"label": "sidewalk", "bounding_box": [1031, 468, 1205, 485]}, {"label": "sidewalk", "bounding_box": [751, 480, 777, 502]}, {"label": "sidewalk", "bounding_box": [426, 492, 558, 532]}, {"label": "pole", "bounding_box": [1966, 0, 2000, 573]}, {"label": "traffic light", "bounding_box": [1915, 209, 1984, 301]}, {"label": "traffic sign", "bounding_box": [1948, 41, 2015, 108]}, {"label": "traffic sign", "bounding_box": [1953, 109, 2006, 139]}, {"label": "license plate", "bounding_box": [586, 516, 630, 526]}, {"label": "car", "bounding_box": [1063, 446, 1118, 484]}, {"label": "pole", "bounding_box": [225, 338, 234, 489]}, {"label": "car", "bounding_box": [1525, 436, 1568, 479]}, {"label": "license plate", "bounding_box": [1531, 455, 1548, 459]}, {"label": "cargroup", "bounding_box": [1723, 444, 1751, 467]}, {"label": "car", "bounding_box": [1484, 441, 1545, 483]}, {"label": "car", "bounding_box": [1559, 438, 1622, 487]}, {"label": "cargroup", "bounding_box": [1630, 438, 1704, 475]}, {"label": "bicyclegroup", "bounding_box": [1621, 451, 1667, 487]}, {"label": "static", "bounding_box": [665, 257, 688, 283]}, {"label": "bicycle", "bounding_box": [1666, 434, 1687, 475]}, {"label": "person", "bounding_box": [1693, 415, 1721, 478]}, {"label": "vegetation", "bounding_box": [1208, 171, 1689, 475]}, {"label": "person", "bounding_box": [1721, 441, 1735, 473]}, {"label": "traffic light", "bounding_box": [196, 382, 217, 425]}, {"label": "static", "bounding_box": [1456, 435, 1475, 462]}, {"label": "car", "bounding_box": [1405, 438, 1471, 479]}, {"label": "traffic sign", "bounding_box": [1484, 419, 1492, 428]}, {"label": "traffic sign", "bounding_box": [1486, 411, 1492, 419]}, {"label": "static", "bounding_box": [1712, 447, 1724, 470]}, {"label": "traffic sign", "bounding_box": [1233, 418, 1245, 429]}, {"label": "pole", "bounding_box": [980, 121, 1095, 461]}, {"label": "static", "bounding_box": [40, 385, 53, 399]}, {"label": "traffic sign", "bounding_box": [234, 336, 285, 348]}, {"label": "pole", "bounding_box": [214, 397, 224, 484]}, {"label": "pole", "bounding_box": [214, 397, 224, 484]}, {"label": "car", "bounding_box": [1047, 447, 1076, 487]}, {"label": "traffic light", "bounding_box": [1974, 200, 2013, 305]}, {"label": "pole", "bounding_box": [0, 123, 62, 521]}, {"label": "static", "bounding_box": [793, 230, 813, 271]}, {"label": "car", "bounding_box": [922, 443, 1005, 491]}, {"label": "traffic sign", "bounding_box": [1123, 470, 1130, 488]}, {"label": "traffic sign", "bounding_box": [1089, 477, 1095, 491]}, {"label": "pole", "bounding_box": [1650, 354, 1654, 461]}, {"label": "pole", "bounding_box": [1669, 400, 1673, 447]}, {"label": "traffic sign", "bounding_box": [1667, 378, 1674, 388]}, {"label": "static", "bounding_box": [1667, 389, 1674, 402]}, {"label": "pole", "bounding_box": [1761, 294, 1775, 490]}, {"label": "pole", "bounding_box": [1758, 0, 1769, 265]}, {"label": "pole", "bounding_box": [1669, 194, 1740, 199]}, {"label": "pole", "bounding_box": [1686, 276, 1743, 280]}, {"label": "car", "bounding_box": [845, 443, 932, 497]}, {"label": "car", "bounding_box": [984, 444, 1068, 496]}, {"label": "traffic sign", "bounding_box": [225, 351, 240, 374]}, {"label": "fence", "bounding_box": [19, 435, 451, 558]}, {"label": "traffic sign", "bounding_box": [142, 451, 190, 562]}, {"label": "license plate", "bounding_box": [853, 478, 870, 485]}, {"label": "static", "bounding_box": [630, 320, 651, 336]}, {"label": "static", "bounding_box": [1220, 418, 1232, 427]}, {"label": "traffic sign", "bounding_box": [1601, 290, 1666, 380]}, {"label": "static", "bounding_box": [626, 336, 656, 362]}, {"label": "person", "bounding_box": [86, 441, 134, 569]}, {"label": "traffic sign", "bounding_box": [208, 370, 227, 402]}, {"label": "static", "bounding_box": [630, 292, 655, 320]}, {"label": "ground", "bounding_box": [1086, 465, 1275, 495]}, {"label": "terrain", "bounding_box": [1231, 464, 1291, 479]}, {"label": "car", "bounding_box": [766, 447, 865, 501]}, {"label": "pole", "bounding_box": [638, 245, 799, 440]}, {"label": "person", "bounding_box": [745, 434, 770, 476]}, {"label": "car", "bounding_box": [0, 454, 49, 627]}, {"label": "license plate", "bounding_box": [940, 476, 951, 480]}, {"label": "license plate", "bounding_box": [999, 477, 1016, 484]}, {"label": "license plate", "bounding_box": [781, 483, 797, 488]}, {"label": "person", "bounding_box": [306, 446, 346, 550]}, {"label": "person", "bounding_box": [52, 438, 103, 577]}, {"label": "person", "bounding_box": [443, 446, 486, 533]}, {"label": "pole", "bounding_box": [1581, 316, 1592, 349]}, {"label": "traffic sign", "bounding_box": [255, 375, 292, 392]}, {"label": "pole", "bounding_box": [1341, 248, 1589, 310]}, {"label": "static", "bounding_box": [1571, 302, 1594, 322]}, {"label": "motorcycle", "bounding_box": [1580, 451, 1625, 490]}, {"label": "car", "bounding_box": [541, 425, 764, 560]}, {"label": "license plate", "bounding_box": [1425, 456, 1439, 461]}, {"label": "car", "bounding_box": [1345, 431, 1417, 483]}, {"label": "license plate", "bounding_box": [1367, 466, 1383, 471]}, {"label": "car", "bounding_box": [1271, 435, 1363, 498]}, {"label": "license plate", "bounding_box": [1297, 459, 1318, 465]}, {"label": "static", "bounding_box": [1609, 418, 1631, 496]}, {"label": "pole", "bounding_box": [1589, 381, 1598, 498]}, {"label": "traffic light", "bounding_box": [1570, 344, 1598, 386]}, {"label": "license plate", "bounding_box": [1498, 459, 1515, 462]}, {"label": "license plate", "bounding_box": [587, 514, 632, 528]}, {"label": "static", "bounding_box": [1712, 348, 1755, 369]}, {"label": "static", "bounding_box": [1717, 361, 1758, 380]}, {"label": "pole", "bounding_box": [1158, 391, 1163, 478]}, {"label": "static", "bounding_box": [1096, 252, 1112, 366]}, {"label": "static", "bounding_box": [1155, 356, 1174, 397]}, {"label": "static", "bounding_box": [914, 221, 935, 338]}, {"label": "static", "bounding_box": [665, 218, 688, 243]}, {"label": "static", "bounding_box": [667, 296, 690, 320]}, {"label": "traffic sign", "bounding_box": [1667, 389, 1674, 402]}, {"label": "traffic light", "bounding_box": [793, 230, 813, 271]}, {"label": "car", "bounding_box": [1203, 450, 1260, 476]}, {"label": "motorcycle", "bounding_box": [1198, 452, 1222, 479]}, {"label": "license plate", "bounding_box": [1247, 467, 1256, 471]}, {"label": "traffic light", "bounding_box": [227, 390, 245, 424]}, {"label": "traffic sign", "bounding_box": [1983, 130, 2008, 161]}, {"label": "pole", "bounding_box": [1474, 399, 1477, 460]}, {"label": "static", "bounding_box": [1473, 388, 1478, 398]}, {"label": "pole", "bounding_box": [1222, 423, 1228, 480]}, {"label": "traffic sign", "bounding_box": [1227, 467, 1231, 479]}, {"label": "traffic light", "bounding_box": [1687, 385, 1692, 394]}, {"label": "ego vehicle", "bounding_box": [271, 844, 2028, 1023]}, {"label": "out of roi", "bounding_box": [0, 0, 2048, 1024]}]}