{"imgHeight": 1024, "imgWidth": 2048, "objects": [{"label": "road", "bounding_box": [0, 446, 2047, 1023]}, {"label": "parking", "bounding_box": [244, 497, 837, 626]}, {"label": "sky", "bounding_box": [984, 0, 1604, 302]}, {"label": "building", "bounding_box": [0, 0, 2047, 836]}, {"label": "sidewalk", "bounding_box": [0, 564, 461, 837]}, {"label": "sidewalk", "bounding_box": [0, 504, 362, 653]}, {"label": "terrain", "bounding_box": [1190, 462, 1259, 481]}, {"label": "sidewalk", "bounding_box": [1230, 464, 2047, 996]}, {"label": "pole", "bounding_box": [1172, 257, 1182, 448]}, {"label": "pole", "bounding_box": [759, 225, 772, 429]}, {"label": "traffic sign", "bounding_box": [922, 352, 963, 361]}, {"label": "pole", "bounding_box": [1212, 355, 1218, 462]}, {"label": "vegetation", "bounding_box": [173, 0, 1374, 493]}, {"label": "vegetation", "bounding_box": [1322, 136, 1448, 483]}, {"label": "vegetation", "bounding_box": [1074, 294, 1145, 444]}, {"label": "car", "bounding_box": [1320, 438, 1349, 464]}, {"label": "car", "bounding_box": [1299, 438, 1342, 464]}, {"label": "car", "bounding_box": [1273, 437, 1309, 455]}, {"label": "car", "bounding_box": [1269, 437, 1303, 470]}, {"label": "car", "bounding_box": [1246, 435, 1283, 472]}, {"label": "pole", "bounding_box": [958, 385, 963, 422]}, {"label": "vegetation", "bounding_box": [795, 447, 880, 529]}, {"label": "car", "bounding_box": [1220, 439, 1268, 474]}, {"label": "car", "bounding_box": [1131, 439, 1197, 488]}, {"label": "car", "bounding_box": [1093, 439, 1163, 490]}, {"label": "car", "bounding_box": [1053, 437, 1151, 495]}, {"label": "car", "bounding_box": [998, 435, 1075, 507]}, {"label": "pole", "bounding_box": [961, 325, 970, 440]}, {"label": "car", "bounding_box": [915, 420, 1033, 517]}, {"label": "car", "bounding_box": [864, 431, 996, 529]}, {"label": "car", "bounding_box": [642, 418, 809, 546]}, {"label": "car", "bounding_box": [562, 415, 722, 569]}, {"label": "car", "bounding_box": [320, 393, 634, 607]}, {"label": "terrain", "bounding_box": [118, 590, 531, 668]}, {"label": "terrain", "bounding_box": [1655, 724, 2047, 916]}, {"label": "traffic sign", "bounding_box": [952, 344, 978, 356]}, {"label": "static", "bounding_box": [952, 355, 975, 377]}, {"label": "license plate", "bounding_box": [400, 540, 464, 560]}, {"label": "static", "bounding_box": [956, 367, 971, 377]}, {"label": "vegetation", "bounding_box": [310, 195, 336, 609]}, {"label": "car", "bounding_box": [1387, 443, 1437, 480]}, {"label": "car", "bounding_box": [1357, 443, 1411, 485]}, {"label": "person", "bounding_box": [1398, 441, 1421, 484]}, {"label": "bicycle", "bounding_box": [1364, 462, 1414, 488]}, {"label": "static", "bounding_box": [1372, 390, 1386, 414]}, {"label": "pole", "bounding_box": [1374, 388, 1381, 489]}, {"label": "pole", "bounding_box": [1257, 256, 1295, 508]}, {"label": "pole", "bounding_box": [1248, 72, 1319, 566]}, {"label": "static", "bounding_box": [233, 282, 431, 610]}, {"label": "static", "bounding_box": [247, 572, 447, 615]}, {"label": "static", "bounding_box": [1889, 135, 2047, 748]}, {"label": "bicycle", "bounding_box": [1820, 601, 2047, 848]}, {"label": "pole", "bounding_box": [1331, 398, 1342, 465]}, {"label": "terrain", "bounding_box": [0, 703, 252, 834]}, {"label": "static", "bounding_box": [1248, 121, 1292, 174]}, {"label": "static", "bounding_box": [1257, 283, 1278, 308]}, {"label": "fence", "bounding_box": [1455, 0, 2047, 265]}, {"label": "license plate", "bounding_box": [905, 497, 943, 505]}, {"label": "traffic sign", "bounding_box": [941, 382, 959, 392]}, {"label": "ego vehicle", "bounding_box": [271, 844, 2028, 1023]}, {"label": "out of roi", "bounding_box": [0, 0, 2048, 1024]}]}