<annotation><filename>aachen_000018_000019_gtFine_boxes.jpg</filename><folder>CityScapes</folder><size><width>2048</width><height>1024</height><depth>3</depth></size><segmented>0</segmented><object><name>road</name><pose>Unspecified</pose><truncated>0</truncated><difficult>0</difficult><bndbox><xmin>0</xmin><ymin>462</ymin><xmax>2047</xmax><ymax>1023</ymax></bndbox></object><object><name>sidewalk</name><pose>Unspecified</pose><truncated>0</truncated><difficult>0</difficult><bndbox><xmin>1107</xmin><ymin>499</ymin><xmax>2047</xmax><ymax>1023</ymax></bndbox></object><object><name>sidewalk</name><pose>Unspecified</pose><truncated>0</truncated><difficult>0</difficult><bndbox><xmin>0</xmin><ymin>486</ymin><xmax>838</xmax><ymax>924</ymax></bndbox></object><object><name>sky</name><pose>Unspecified</pose><truncated>0</truncated><difficult>0</difficult><bndbox><xmin>583</xmin><ymin>0</ymin><xmax>1456</xmax><ymax>344</ymax></bndbox></object><object><name>building</name><pose>Unspecified</pose><truncated>0</truncated><difficult>0</difficult><bndbox><xmin>0</xmin><ymin>0</ymin><xmax>2047</xmax><ymax>665</ymax></bndbox></object><object><name>static</name><pose>Unspecified</pose><truncated>0</truncated><difficult>0</difficult><bndbox><xmin>496</xmin><ymin>404</ymin><xmax>525</xmax><ymax>500</ymax></bndbox></object><object><name>static</name><pose>Unspecified</pose><truncated>0</truncated><difficult>0</difficult><bndbox><xmin>479</xmin><ymin>428</ymin><xmax>509</xmax><ymax>500</ymax></bndbox></object><object><name>traffic sign</name><pose>Unspecified</pose><truncated>0</truncated><difficult>0</difficult><bndbox><xmin>861</xmin><ymin>412</ymin><xmax>891</xmax><ymax>454</ymax></bndbox></object><object><name>pole</name><pose>Unspecified</pose><truncated>0</truncated><difficult>0</difficult><bndbox><xmin>918</xmin><ymin>368</ymin><xmax>923</xmax><ymax>452</ymax></bndbox></object><object><name>traffic sign</name><pose>Unspecified</pose><truncated>0</truncated><difficult>0</difficult><bndbox><xmin>923</xmin><ymin>376</ymin><xmax>949</xmax><ymax>381</ymax></bndbox></object><object><name>traffic sign</name><pose>Unspecified</pose><truncated>0</truncated><difficult>0</difficult><bndbox><xmin>909</xmin><ymin>380</ymin><xmax>940</xmax><ymax>388</ymax></bndbox></object><object><name>traffic sign</name><pose>Unspecified</pose><truncated>0</truncated><difficult>0</difficult><bndbox><xmin>915</xmin><ymin>399</ymin><xmax>929</xmax><ymax>418</ymax></bndbox></object><object><name>static</name><pose>Unspecified</pose><truncated>0</truncated><difficult>0</difficult><bndbox><xmin>986</xmin><ymin>477</ymin><xmax>1014</xmax><ymax>508</ymax></bndbox></object><object><name>person</name><pose>Unspecified</pose><truncated>0</truncated><difficult>0</difficult><bndbox><xmin>967</xmin><ymin>447</ymin><xmax>990</xmax><ymax>510</ymax></bndbox></object><object><name>car</name><pose>Unspecified</pose><truncated>0</truncated><difficult>0</difficult><bndbox><xmin>842</xmin><ymin>441</ymin><xmax>993</xmax><ymax>515</ymax></bndbox></object><object><name>license plate</name><pose>Unspecified</pose><truncated>0</truncated><difficult>0</difficult><bndbox><xmin>951</xmin><ymin>473</ymin><xmax>967</xmax><ymax>478</ymax></bndbox></object><object><name>person</name><pose>Unspecified</pose><truncated>0</truncated><difficult>0</difficult><bndbox><xmin>1043</xmin><ymin>441</ymin><xmax>1066</xmax><ymax>513</ymax></bndbox></object><object><name>person</name><pose>Unspecified</pose><truncated>0</truncated><difficult>0</difficult><bndbox><xmin>1022</xmin><ymin>435</ymin><xmax>1049</xmax><ymax>515</ymax></bndbox></object><object><name>vegetation</name><pose>Unspecified</pose><truncated>0</truncated><difficult>0</difficult><bndbox><xmin>1068</xmin><ymin>375</ymin><xmax>1183</xmax><ymax>461</ymax></bndbox></object><object><name>person</name><pose>Unspecified</pose><truncated>0</truncated><difficult>0</difficult><bndbox><xmin>1002</xmin><ymin>424</ymin><xmax>1033</xmax><ymax>521</ymax></bndbox></object><object><name>static</name><pose>Unspecified</pose><truncated>0</truncated><difficult>0</difficult><bndbox><xmin>1064</xmin><ymin>402</ymin><xmax>1130</xmax><ymax>513</ymax></bndbox></object><object><name>person</name><pose>Unspecified</pose><truncated>0</truncated><difficult>0</difficult><bndbox><xmin>1119</xmin><ymin>451</ymin><xmax>1138</xmax><ymax>514</ymax></bndbox></object><object><name>person</name><pose>Unspecified</pose><truncated>0</truncated><difficult>0</difficult><bndbox><xmin>1132</xmin><ymin>451</ymin><xmax>1161</xmax><ymax>515</ymax></bndbox></object><object><name>pole</name><pose>Unspecified</pose><truncated>0</truncated><difficult>0</difficult><bndbox><xmin>1135</xmin><ymin>373</ymin><xmax>1141</xmax><ymax>515</ymax></bndbox></object><object><name>traffic sign</name><pose>Unspecified</pose><truncated>0</truncated><difficult>0</difficult><bndbox><xmin>1121</xmin><ymin>326</ymin><xmax>1155</xmax><ymax>377</ymax></bndbox></object><object><name>traffic sign</name><pose>Unspecified</pose><truncated>0</truncated><difficult>0</difficult><bndbox><xmin>1129</xmin><ymin>376</ymin><xmax>1147</xmax><ymax>398</ymax></bndbox></object><object><name>person</name><pose>Unspecified</pose><truncated>0</truncated><difficult>0</difficult><bndbox><xmin>1154</xmin><ymin>409</ymin><xmax>1195</xmax><ymax>516</ymax></bndbox></object><object><name>person</name><pose>Unspecified</pose><truncated>0</truncated><difficult>0</difficult><bndbox><xmin>1082</xmin><ymin>446</ymin><xmax>1109</xmax><ymax>515</ymax></bndbox></object><object><name>person</name><pose>Unspecified</pose><truncated>0</truncated><difficult>0</difficult><bndbox><xmin>1088</xmin><ymin>448</ymin><xmax>1111</xmax><ymax>515</ymax></bndbox></object><object><name>pole</name><pose>Unspecified</pose><truncated>0</truncated><difficult>0</difficult><bndbox><xmin>1111</xmin><ymin>475</ymin><xmax>1116</xmax><ymax>514</ymax></bndbox></object><object><name>pole</name><pose>Unspecified</pose><truncated>0</truncated><difficult>0</difficult><bndbox><xmin>1120</xmin><ymin>472</ymin><xmax>1125</xmax><ymax>514</ymax></bndbox></object><object><name>person</name><pose>Unspecified</pose><truncated>0</truncated><difficult>0</difficult><bndbox><xmin>1053</xmin><ymin>435</ymin><xmax>1092</xmax><ymax>515</ymax></bndbox></object><object><name>vegetation</name><pose>Unspecified</pose><truncated>0</truncated><difficult>0</difficult><bndbox><xmin>1179</xmin><ymin>461</ymin><xmax>1365</xmax><ymax>514</ymax></bndbox></object><object><name>person</name><pose>Unspecified</pose><truncated>0</truncated><difficult>0</difficult><bndbox><xmin>925</xmin><ymin>426</ymin><xmax>967</xmax><ymax>521</ymax></bndbox></object><object><name>vegetation</name><pose>Unspecified</pose><truncated>0</truncated><difficult>0</difficult><bndbox><xmin>954</xmin><ymin>391</ymin><xmax>1005</xmax><ymax>432</ymax></bndbox></object><object><name>pole</name><pose>Unspecified</pose><truncated>0</truncated><difficult>0</difficult><bndbox><xmin>1150</xmin><ymin>481</ymin><xmax>1155</xmax><ymax>515</ymax></bndbox></object><object><name>pole</name><pose>Unspecified</pose><truncated>0</truncated><difficult>0</difficult><bndbox><xmin>1192</xmin><ymin>484</ymin><xmax>1197</xmax><ymax>515</ymax></bndbox></object><object><name>persongroup</name><pose>Unspecified</pose><truncated>0</truncated><difficult>0</difficult><bndbox><xmin>747</xmin><ymin>449</ymin><xmax>818</xmax><ymax>512</ymax></bndbox></object><object><name>dynamic</name><pose>Unspecified</pose><truncated>0</truncated><difficult>0</difficult><bndbox><xmin>1199</xmin><ymin>472</ymin><xmax>1252</xmax><ymax>515</ymax></bndbox></object><object><name>vegetation</name><pose>Unspecified</pose><truncated>0</truncated><difficult>0</difficult><bndbox><xmin>1269</xmin><ymin>382</ymin><xmax>1339</xmax><ymax>432</ymax></bndbox></object><object><name>traffic sign</name><pose>Unspecified</pose><truncated>0</truncated><difficult>0</difficult><bndbox><xmin>910</xmin><ymin>390</ymin><xmax>918</xmax><ymax>394</ymax></bndbox></object><object><name>person</name><pose>Unspecified</pose><truncated>0</truncated><difficult>0</difficult><bndbox><xmin>1227</xmin><ymin>401</ymin><xmax>1263</xmax><ymax>524</ymax></bndbox></object><object><name>person</name><pose>Unspecified</pose><truncated>0</truncated><difficult>0</difficult><bndbox><xmin>1236</xmin><ymin>399</ymin><xmax>1314</xmax><ymax>568</ymax></bndbox></object><object><name>person</name><pose>Unspecified</pose><truncated>0</truncated><difficult>0</difficult><bndbox><xmin>1307</xmin><ymin>390</ymin><xmax>1346</xmax><ymax>519</ymax></bndbox></object><object><name>pole</name><pose>Unspecified</pose><truncated>0</truncated><difficult>0</difficult><bndbox><xmin>1329</xmin><ymin>233</ymin><xmax>1368</xmax><ymax>511</ymax></bndbox></object><object><name>person</name><pose>Unspecified</pose><truncated>0</truncated><difficult>0</difficult><bndbox><xmin>1339</xmin><ymin>395</ymin><xmax>1401</xmax><ymax>568</ymax></bndbox></object><object><name>person</name><pose>Unspecified</pose><truncated>0</truncated><difficult>0</difficult><bndbox><xmin>1405</xmin><ymin>479</ymin><xmax>1461</xmax><ymax>523</ymax></bndbox></object><object><name>vegetation</name><pose>Unspecified</pose><truncated>0</truncated><difficult>0</difficult><bndbox><xmin>690</xmin><ymin>406</ymin><xmax>749</xmax><ymax>492</ymax></bndbox></object><object><name>dynamic</name><pose>Unspecified</pose><truncated>0</truncated><difficult>0</difficult><bndbox><xmin>1394</xmin><ymin>514</ymin><xmax>1401</xmax><ymax>520</ymax></bndbox></object><object><name>person</name><pose>Unspecified</pose><truncated>0</truncated><difficult>0</difficult><bndbox><xmin>1405</xmin><ymin>380</ymin><xmax>1470</xmax><ymax>565</ymax></bndbox></object><object><name>person</name><pose>Unspecified</pose><truncated>0</truncated><difficult>0</difficult><bndbox><xmin>1526</xmin><ymin>300</ymin><xmax>1683</xmax><ymax>709</ymax></bndbox></object><object><name>person</name><pose>Unspecified</pose><truncated>0</truncated><difficult>0</difficult><bndbox><xmin>1674</xmin><ymin>312</ymin><xmax>1814</xmax><ymax>696</ymax></bndbox></object><object><name>static</name><pose>Unspecified</pose><truncated>0</truncated><difficult>0</difficult><bndbox><xmin>481</xmin><ymin>174</ymin><xmax>581</xmax><ymax>266</ymax></bndbox></object><object><name>static</name><pose>Unspecified</pose><truncated>0</truncated><difficult>0</difficult><bndbox><xmin>601</xmin><ymin>285</ymin><xmax>642</xmax><ymax>324</ymax></bndbox></object><object><name>traffic sign</name><pose>Unspecified</pose><truncated>0</truncated><difficult>0</difficult><bndbox><xmin>545</xmin><ymin>402</ymin><xmax>564</xmax><ymax>423</ymax></bndbox></object><object><name>static</name><pose>Unspecified</pose><truncated>0</truncated><difficult>0</difficult><bndbox><xmin>590</xmin><ymin>383</ymin><xmax>610</xmax><ymax>416</ymax></bndbox></object><object><name>vegetation</name><pose>Unspecified</pose><truncated>0</truncated><difficult>0</difficult><bndbox><xmin>562</xmin><ymin>424</ymin><xmax>597</xmax><ymax>462</ymax></bndbox></object><object><name>pole</name><pose>Unspecified</pose><truncated>0</truncated><difficult>0</difficult><bndbox><xmin>578</xmin><ymin>375</ymin><xmax>586</xmax><ymax>496</ymax></bndbox></object><object><name>person</name><pose>Unspecified</pose><truncated>0</truncated><difficult>0</difficult><bndbox><xmin>581</xmin><ymin>448</ymin><xmax>600</xmax><ymax>499</ymax></bndbox></object><object><name>person</name><pose>Unspecified</pose><truncated>0</truncated><difficult>0</difficult><bndbox><xmin>608</xmin><ymin>453</ymin><xmax>624</xmax><ymax>501</ymax></bndbox></object><object><name>person</name><pose>Unspecified</pose><truncated>0</truncated><difficult>0</difficult><bndbox><xmin>622</xmin><ymin>464</ymin><xmax>632</xmax><ymax>503</ymax></bndbox></object><object><name>person</name><pose>Unspecified</pose><truncated>0</truncated><difficult>0</difficult><bndbox><xmin>619</xmin><ymin>399</ymin><xmax>663</xmax><ymax>528</ymax></bndbox></object><object><name>person</name><pose>Unspecified</pose><truncated>0</truncated><difficult>0</difficult><bndbox><xmin>663</xmin><ymin>406</ymin><xmax>688</xmax><ymax>509</ymax></bndbox></object><object><name>pole</name><pose>Unspecified</pose><truncated>0</truncated><difficult>0</difficult><bndbox><xmin>715</xmin><ymin>358</ymin><xmax>719</xmax><ymax>451</ymax></bndbox></object><object><name>pole</name><pose>Unspecified</pose><truncated>0</truncated><difficult>0</difficult><bndbox><xmin>655</xmin><ymin>475</ymin><xmax>667</xmax><ymax>516</ymax></bndbox></object><object><name>person</name><pose>Unspecified</pose><truncated>0</truncated><difficult>0</difficult><bndbox><xmin>676</xmin><ymin>395</ymin><xmax>718</xmax><ymax>511</ymax></bndbox></object><object><name>person</name><pose>Unspecified</pose><truncated>0</truncated><difficult>0</difficult><bndbox><xmin>707</xmin><ymin>447</ymin><xmax>733</xmax><ymax>505</ymax></bndbox></object><object><name>person</name><pose>Unspecified</pose><truncated>0</truncated><difficult>0</difficult><bndbox><xmin>728</xmin><ymin>436</ymin><xmax>749</xmax><ymax>511</ymax></bndbox></object><object><name>pole</name><pose>Unspecified</pose><truncated>0</truncated><difficult>0</difficult><bndbox><xmin>726</xmin><ymin>472</ymin><xmax>736</xmax><ymax>539</ymax></bndbox></object><object><name>pole</name><pose>Unspecified</pose><truncated>0</truncated><difficult>0</difficult><bndbox><xmin>742</xmin><ymin>178</ymin><xmax>758</xmax><ymax>508</ymax></bndbox></object><object><name>pole</name><pose>Unspecified</pose><truncated>0</truncated><difficult>0</difficult><bndbox><xmin>710</xmin><ymin>437</ymin><xmax>723</xmax><ymax>547</ymax></bndbox></object><object><name>traffic sign</name><pose>Unspecified</pose><truncated>0</truncated><difficult>0</difficult><bndbox><xmin>696</xmin><ymin>297</ymin><xmax>736</xmax><ymax>340</ymax></bndbox></object><object><name>traffic sign</name><pose>Unspecified</pose><truncated>0</truncated><difficult>0</difficult><bndbox><xmin>696</xmin><ymin>343</ymin><xmax>736</xmax><ymax>365</ymax></bndbox></object><object><name>pole</name><pose>Unspecified</pose><truncated>0</truncated><difficult>0</difficult><bndbox><xmin>687</xmin><ymin>474</ymin><xmax>698</xmax><ymax>552</ymax></bndbox></object><object><name>pole</name><pose>Unspecified</pose><truncated>0</truncated><difficult>0</difficult><bndbox><xmin>661</xmin><ymin>475</ymin><xmax>673</xmax><ymax>560</ymax></bndbox></object><object><name>pole</name><pose>Unspecified</pose><truncated>0</truncated><difficult>0</difficult><bndbox><xmin>742</xmin><ymin>468</ymin><xmax>752</xmax><ymax>532</ymax></bndbox></object><object><name>pole</name><pose>Unspecified</pose><truncated>0</truncated><difficult>0</difficult><bndbox><xmin>758</xmin><ymin>470</ymin><xmax>773</xmax><ymax>528</ymax></bndbox></object><object><name>persongroup</name><pose>Unspecified</pose><truncated>0</truncated><difficult>0</difficult><bndbox><xmin>815</xmin><ymin>451</ymin><xmax>840</xmax><ymax>507</ymax></bndbox></object><object><name>rider</name><pose>Unspecified</pose><truncated>0</truncated><difficult>0</difficult><bndbox><xmin>822</xmin><ymin>385</ymin><xmax>871</xmax><ymax>515</ymax></bndbox></object><object><name>bicycle</name><pose>Unspecified</pose><truncated>0</truncated><difficult>0</difficult><bndbox><xmin>828</xmin><ymin>454</ymin><xmax>866</xmax><ymax>540</ymax></bndbox></object><object><name>rider</name><pose>Unspecified</pose><truncated>0</truncated><difficult>0</difficult><bndbox><xmin>748</xmin><ymin>361</ymin><xmax>825</xmax><ymax>558</ymax></bndbox></object><object><name>bicycle</name><pose>Unspecified</pose><truncated>0</truncated><difficult>0</difficult><bndbox><xmin>748</xmin><ymin>446</ymin><xmax>822</xmax><ymax>577</ymax></bndbox></object><object><name>pole</name><pose>Unspecified</pose><truncated>0</truncated><difficult>0</difficult><bndbox><xmin>632</xmin><ymin>474</ymin><xmax>647</xmax><ymax>568</ymax></bndbox></object><object><name>pole</name><pose>Unspecified</pose><truncated>0</truncated><difficult>0</difficult><bndbox><xmin>598</xmin><ymin>476</ymin><xmax>614</xmax><ymax>580</ymax></bndbox></object><object><name>pole</name><pose>Unspecified</pose><truncated>0</truncated><difficult>0</difficult><bndbox><xmin>554</xmin><ymin>481</ymin><xmax>572</xmax><ymax>595</ymax></bndbox></object><object><name>pole</name><pose>Unspecified</pose><truncated>0</truncated><difficult>0</difficult><bndbox><xmin>501</xmin><ymin>487</ymin><xmax>521</xmax><ymax>618</ymax></bndbox></object><object><name>pole</name><pose>Unspecified</pose><truncated>0</truncated><difficult>0</difficult><bndbox><xmin>388</xmin><ymin>0</ymin><xmax>424</xmax><ymax>646</ymax></bndbox></object><object><name>pole</name><pose>Unspecified</pose><truncated>0</truncated><difficult>0</difficult><bndbox><xmin>326</xmin><ymin>504</ymin><xmax>359</xmax><ymax>682</ymax></bndbox></object><object><name>pole</name><pose>Unspecified</pose><truncated>0</truncated><difficult>0</difficult><bndbox><xmin>186</xmin><ymin>520</ymin><xmax>228</xmax><ymax>735</ymax></bndbox></object><object><name>pole</name><pose>Unspecified</pose><truncated>0</truncated><difficult>0</difficult><bndbox><xmin>0</xmin><ymin>543</ymin><xmax>26</xmax><ymax>825</ymax></bndbox></object><object><name>static</name><pose>Unspecified</pose><truncated>0</truncated><difficult>0</difficult><bndbox><xmin>1720</xmin><ymin>80</ymin><xmax>1857</xmax><ymax>255</ymax></bndbox></object><object><name>static</name><pose>Unspecified</pose><truncated>0</truncated><difficult>0</difficult><bndbox><xmin>742</xmin><ymin>178</ymin><xmax>758</xmax><ymax>226</ymax></bndbox></object><object><name>static</name><pose>Unspecified</pose><truncated>0</truncated><difficult>0</difficult><bndbox><xmin>1329</xmin><ymin>240</ymin><xmax>1368</xmax><ymax>252</ymax></bndbox></object><object><name>ego vehicle</name><pose>Unspecified</pose><truncated>0</truncated><difficult>0</difficult><bndbox><xmin>271</xmin><ymin>844</ymin><xmax>2028</xmax><ymax>1023</ymax></bndbox></object><object><name>out of roi</name><pose>Unspecified</pose><truncated>0</truncated><difficult>0</difficult><bndbox><xmin>0</xmin><ymin>0</ymin><xmax>2048</xmax><ymax>1024</ymax></bndbox></object></annotation>