{"imgHeight": 1024, "imgWidth": 2048, "objects": [{"label": "road", "bounding_box": [0, 377, 2047, 1023]}, {"label": "sidewalk", "bounding_box": [0, 447, 685, 605]}, {"label": "ground", "bounding_box": [856, 442, 1041, 517]}, {"label": "terrain", "bounding_box": [895, 447, 1034, 503]}, {"label": "sidewalk", "bounding_box": [1531, 422, 2047, 549]}, {"label": "building", "bounding_box": [983, 290, 1168, 422]}, {"label": "building", "bounding_box": [0, 0, 1072, 521]}, {"label": "traffic light", "bounding_box": [1003, 357, 1019, 387]}, {"label": "building", "bounding_box": [1276, 0, 2047, 480]}, {"label": "traffic sign", "bounding_box": [1608, 282, 1666, 363]}, {"label": "vegetation", "bounding_box": [437, 0, 2047, 481]}, {"label": "static", "bounding_box": [756, 318, 777, 352]}, {"label": "car", "bounding_box": [1106, 282, 1564, 731]}, {"label": "static", "bounding_box": [540, 336, 571, 353]}, {"label": "pole", "bounding_box": [766, 325, 772, 414]}, {"label": "sidewalk", "bounding_box": [1757, 551, 2047, 729]}, {"label": "pole", "bounding_box": [653, 358, 660, 419]}, {"label": "pole", "bounding_box": [1005, 276, 1113, 417]}, {"label": "traffic light", "bounding_box": [644, 358, 657, 385]}, {"label": "parking", "bounding_box": [600, 463, 693, 479]}, {"label": "pole", "bounding_box": [436, 437, 450, 493]}, {"label": "pole", "bounding_box": [486, 438, 495, 484]}, {"label": "pole", "bounding_box": [551, 317, 561, 489]}, {"label": "traffic light", "bounding_box": [1919, 283, 1987, 361]}, {"label": "person", "bounding_box": [2006, 404, 2047, 573]}, {"label": "pole", "bounding_box": [843, 318, 849, 394]}, {"label": "car", "bounding_box": [676, 402, 742, 436]}, {"label": "traffic light", "bounding_box": [1846, 210, 1907, 298]}, {"label": "person", "bounding_box": [0, 370, 66, 577]}, {"label": "car", "bounding_box": [902, 412, 926, 461]}, {"label": "static", "bounding_box": [681, 365, 706, 405]}, {"label": "pole", "bounding_box": [687, 194, 696, 410]}, {"label": "car", "bounding_box": [826, 392, 909, 472]}, {"label": "car", "bounding_box": [791, 394, 880, 484]}, {"label": "car", "bounding_box": [612, 406, 714, 480]}, {"label": "car", "bounding_box": [694, 401, 833, 503]}, {"label": "static", "bounding_box": [106, 102, 159, 208]}, {"label": "pole", "bounding_box": [395, 97, 670, 187]}, {"label": "static", "bounding_box": [388, 230, 411, 257]}, {"label": "terrain", "bounding_box": [1678, 454, 1799, 481]}, {"label": "static", "bounding_box": [390, 190, 413, 234]}, {"label": "traffic light", "bounding_box": [391, 292, 418, 362]}, {"label": "traffic light", "bounding_box": [661, 71, 686, 143]}, {"label": "sidewalk", "bounding_box": [848, 490, 1017, 522]}, {"label": "static", "bounding_box": [235, 158, 416, 520]}, {"label": "building", "bounding_box": [1758, 324, 1828, 383]}, {"label": "building", "bounding_box": [1594, 366, 1691, 462]}, {"label": "person", "bounding_box": [1622, 393, 1658, 479]}, {"label": "person", "bounding_box": [1657, 382, 1689, 472]}, {"label": "pole", "bounding_box": [922, 252, 936, 505]}, {"label": "traffic sign", "bounding_box": [902, 289, 952, 339]}, {"label": "pole", "bounding_box": [1818, 277, 1830, 511]}, {"label": "traffic light", "bounding_box": [1785, 309, 1821, 362]}, {"label": "static", "bounding_box": [1814, 296, 1838, 312]}, {"label": "traffic light", "bounding_box": [1111, 258, 1125, 289]}, {"label": "person", "bounding_box": [1681, 379, 1708, 483]}, {"label": "bicycle", "bounding_box": [540, 430, 573, 483]}, {"label": "bicycle", "bounding_box": [0, 497, 12, 535]}, {"label": "person", "bounding_box": [1660, 386, 1695, 486]}, {"label": "person", "bounding_box": [1696, 379, 1739, 487]}, {"label": "traffic light", "bounding_box": [658, 367, 669, 383]}, {"label": "traffic light", "bounding_box": [848, 356, 858, 378]}, {"label": "license plate", "bounding_box": [1269, 582, 1404, 617]}, {"label": "license plate", "bounding_box": [734, 477, 769, 488]}, {"label": "license plate", "bounding_box": [636, 464, 663, 471]}, {"label": "person", "bounding_box": [1815, 363, 1877, 590]}, {"label": "person", "bounding_box": [1831, 354, 1907, 599]}, {"label": "person", "bounding_box": [1926, 358, 1960, 575]}, {"label": "person", "bounding_box": [1934, 348, 1980, 592]}, {"label": "pole", "bounding_box": [1894, 0, 1941, 611]}, {"label": "person", "bounding_box": [1924, 322, 2022, 599]}, {"label": "traffic light", "bounding_box": [1890, 147, 1943, 296]}, {"label": "pole", "bounding_box": [1961, 476, 1991, 632]}, {"label": "traffic light", "bounding_box": [885, 285, 897, 307]}, {"label": "traffic sign", "bounding_box": [1861, 22, 1958, 115]}, {"label": "traffic sign", "bounding_box": [1912, 108, 1948, 145]}, {"label": "vegetation", "bounding_box": [1743, 454, 1767, 481]}, {"label": "ground", "bounding_box": [848, 505, 1013, 522]}, {"label": "ego vehicle", "bounding_box": [271, 844, 2028, 1023]}, {"label": "out of roi", "bounding_box": [0, 0, 2048, 1024]}]}