{"imgHeight": 1024, "imgWidth": 2048, "objects": [{"label": "sky", "bounding_box": [422, 0, 1296, 270]}, {"label": "vegetation", "bounding_box": [936, 208, 992, 234]}, {"label": "road", "bounding_box": [0, 383, 2047, 1023]}, {"label": "parking", "bounding_box": [611, 420, 929, 473]}, {"label": "sidewalk", "bounding_box": [958, 397, 991, 416]}, {"label": "building", "bounding_box": [0, 0, 1004, 461]}, {"label": "sidewalk", "bounding_box": [916, 419, 949, 430]}, {"label": "static", "bounding_box": [631, 338, 674, 390]}, {"label": "building", "bounding_box": [1034, 0, 2047, 524]}, {"label": "pole", "bounding_box": [1645, 240, 1657, 353]}, {"label": "parking", "bounding_box": [947, 427, 1153, 491]}, {"label": "pole", "bounding_box": [633, 338, 637, 422]}, {"label": "vegetation", "bounding_box": [874, 329, 891, 373]}, {"label": "vegetation", "bounding_box": [900, 159, 1133, 414]}, {"label": "pole", "bounding_box": [1104, 0, 1117, 427]}, {"label": "person", "bounding_box": [1076, 415, 1086, 426]}, {"label": "vegetation", "bounding_box": [1607, 0, 2047, 496]}, {"label": "sidewalk", "bounding_box": [1062, 470, 2047, 601]}, {"label": "car", "bounding_box": [653, 423, 691, 461]}, {"label": "car", "bounding_box": [633, 422, 672, 467]}, {"label": "static", "bounding_box": [915, 402, 936, 424]}, {"label": "sidewalk", "bounding_box": [0, 448, 649, 512]}, {"label": "vegetation", "bounding_box": [528, 146, 791, 443]}, {"label": "car", "bounding_box": [586, 417, 653, 470]}, {"label": "car", "bounding_box": [685, 358, 791, 480]}, {"label": "pole", "bounding_box": [1088, 391, 1093, 419]}, {"label": "car", "bounding_box": [1040, 420, 1090, 434]}, {"label": "car", "bounding_box": [943, 409, 965, 425]}, {"label": "cargroup", "bounding_box": [894, 414, 926, 435]}, {"label": "car", "bounding_box": [878, 415, 906, 436]}, {"label": "terrain", "bounding_box": [205, 422, 280, 472]}, {"label": "car", "bounding_box": [855, 419, 882, 440]}, {"label": "vegetation", "bounding_box": [0, 0, 391, 483]}, {"label": "person", "bounding_box": [1086, 409, 1107, 429]}, {"label": "car", "bounding_box": [844, 422, 858, 444]}, {"label": "bicycle", "bounding_box": [272, 410, 352, 461]}, {"label": "static", "bounding_box": [269, 427, 316, 466]}, {"label": "bicycle", "bounding_box": [272, 420, 361, 472]}, {"label": "bicycle", "bounding_box": [577, 431, 619, 472]}, {"label": "person", "bounding_box": [747, 340, 894, 679]}, {"label": "person", "bounding_box": [1260, 404, 1301, 512]}, {"label": "person", "bounding_box": [1208, 404, 1238, 481]}, {"label": "person", "bounding_box": [1227, 404, 1261, 498]}, {"label": "car", "bounding_box": [1047, 426, 1134, 495]}, {"label": "person", "bounding_box": [938, 402, 944, 423]}, {"label": "wall", "bounding_box": [0, 419, 153, 497]}, {"label": "static", "bounding_box": [123, 375, 180, 479]}, {"label": "pole", "bounding_box": [118, 234, 133, 497]}, {"label": "traffic light", "bounding_box": [126, 275, 153, 325]}, {"label": "traffic light", "bounding_box": [87, 256, 124, 324]}, {"label": "traffic sign", "bounding_box": [117, 185, 132, 234]}, {"label": "static", "bounding_box": [205, 340, 248, 356]}, {"label": "pole", "bounding_box": [223, 340, 230, 479]}, {"label": "static", "bounding_box": [232, 229, 289, 285]}, {"label": "static", "bounding_box": [240, 288, 285, 332]}, {"label": "pole", "bounding_box": [257, 223, 266, 495]}, {"label": "static", "bounding_box": [302, 308, 345, 350]}, {"label": "static", "bounding_box": [315, 352, 345, 367]}, {"label": "pole", "bounding_box": [325, 304, 341, 468]}, {"label": "pole", "bounding_box": [351, 249, 361, 484]}, {"label": "static", "bounding_box": [306, 468, 339, 495]}, {"label": "traffic sign", "bounding_box": [373, 294, 400, 300]}, {"label": "traffic sign", "bounding_box": [362, 340, 397, 375]}, {"label": "traffic light", "bounding_box": [354, 305, 370, 355]}, {"label": "traffic light", "bounding_box": [346, 322, 373, 357]}, {"label": "pole", "bounding_box": [389, 167, 501, 188]}, {"label": "pole", "bounding_box": [378, 149, 623, 179]}, {"label": "traffic light", "bounding_box": [617, 127, 633, 179]}, {"label": "dynamic", "bounding_box": [520, 415, 560, 455]}, {"label": "pole", "bounding_box": [619, 129, 622, 175]}, {"label": "motorcycle", "bounding_box": [504, 417, 529, 456]}, {"label": "static", "bounding_box": [492, 432, 519, 460]}, {"label": "static", "bounding_box": [535, 357, 577, 366]}, {"label": "pole", "bounding_box": [568, 334, 573, 437]}, {"label": "bicycle", "bounding_box": [537, 427, 608, 471]}, {"label": "pole", "bounding_box": [659, 362, 662, 423]}, {"label": "static", "bounding_box": [562, 437, 581, 473]}, {"label": "pole", "bounding_box": [787, 92, 791, 164]}, {"label": "terrain", "bounding_box": [1560, 448, 1691, 545]}, {"label": "fence", "bounding_box": [1670, 412, 2047, 566]}, {"label": "pole", "bounding_box": [1699, 169, 1738, 583]}, {"label": "traffic sign", "bounding_box": [1735, 174, 1812, 195]}, {"label": "traffic light", "bounding_box": [1683, 242, 1724, 318]}, {"label": "pole", "bounding_box": [1693, 361, 1708, 496]}, {"label": "traffic sign", "bounding_box": [1595, 244, 1650, 255]}, {"label": "traffic sign", "bounding_box": [1622, 255, 1686, 278]}, {"label": "traffic sign", "bounding_box": [1434, 407, 1489, 527]}, {"label": "pole", "bounding_box": [1395, 340, 1406, 536]}, {"label": "pole", "bounding_box": [1370, 0, 1404, 531]}, {"label": "traffic sign", "bounding_box": [1370, 248, 1442, 342]}, {"label": "pole", "bounding_box": [1186, 356, 1195, 489]}, {"label": "traffic sign", "bounding_box": [1183, 314, 1203, 361]}, {"label": "pole", "bounding_box": [1137, 380, 1150, 500]}, {"label": "traffic light", "bounding_box": [1130, 327, 1153, 381]}, {"label": "traffic sign", "bounding_box": [1081, 359, 1100, 392]}, {"label": "pole", "bounding_box": [976, 72, 1044, 244]}, {"label": "pole", "bounding_box": [954, 176, 1003, 239]}, {"label": "car", "bounding_box": [943, 409, 1010, 468]}, {"label": "car", "bounding_box": [959, 409, 1021, 463]}, {"label": "car", "bounding_box": [965, 421, 1009, 468]}, {"label": "traffic sign", "bounding_box": [1004, 391, 1012, 401]}, {"label": "static", "bounding_box": [371, 398, 389, 462]}, {"label": "car", "bounding_box": [975, 427, 1009, 468]}, {"label": "pole", "bounding_box": [373, 375, 379, 462]}, {"label": "license plate", "bounding_box": [720, 455, 743, 462]}, {"label": "license plate", "bounding_box": [1081, 468, 1109, 475]}, {"label": "person", "bounding_box": [941, 363, 1102, 665]}, {"label": "static", "bounding_box": [1302, 81, 1370, 261]}, {"label": "static", "bounding_box": [976, 89, 991, 101]}, {"label": "static", "bounding_box": [954, 186, 966, 198]}, {"label": "static", "bounding_box": [254, 429, 303, 468]}, {"label": "static", "bounding_box": [928, 399, 935, 405]}, {"label": "ego vehicle", "bounding_box": [271, 844, 2028, 1023]}, {"label": "out of roi", "bounding_box": [0, 0, 2048, 1024]}]}