{"imgHeight": 1024, "imgWidth": 2048, "objects": [{"label": "sky", "bounding_box": [772, 0, 1635, 307]}, {"label": "road", "bounding_box": [0, 393, 2047, 1023]}, {"label": "vegetation", "bounding_box": [0, 0, 1240, 589]}, {"label": "building", "bounding_box": [1165, 0, 2047, 587]}, {"label": "static", "bounding_box": [1062, 409, 1082, 419]}, {"label": "static", "bounding_box": [1073, 395, 1085, 417]}, {"label": "static", "bounding_box": [1124, 411, 1138, 435]}, {"label": "car", "bounding_box": [1106, 419, 1130, 435]}, {"label": "pole", "bounding_box": [1123, 388, 1127, 432]}, {"label": "traffic sign", "bounding_box": [1119, 390, 1131, 403]}, {"label": "car", "bounding_box": [1101, 430, 1130, 450]}, {"label": "vegetation", "bounding_box": [1126, 427, 1146, 437]}, {"label": "pole", "bounding_box": [1289, 287, 1319, 430]}, {"label": "pole", "bounding_box": [1130, 386, 1142, 437]}, {"label": "car", "bounding_box": [1117, 434, 1154, 474]}, {"label": "pole", "bounding_box": [1156, 373, 1170, 442]}, {"label": "cargroup", "bounding_box": [1118, 438, 1169, 479]}, {"label": "car", "bounding_box": [1130, 439, 1173, 485]}, {"label": "static", "bounding_box": [1144, 308, 1173, 351]}, {"label": "car", "bounding_box": [1157, 437, 1218, 505]}, {"label": "static", "bounding_box": [1280, 353, 1308, 382]}, {"label": "car", "bounding_box": [1278, 423, 1425, 559]}, {"label": "car", "bounding_box": [1356, 413, 1590, 600]}, {"label": "car", "bounding_box": [1500, 414, 1843, 657]}, {"label": "car", "bounding_box": [1651, 357, 2047, 797]}, {"label": "rider", "bounding_box": [1090, 437, 1104, 472]}, {"label": "bicycle", "bounding_box": [1094, 456, 1101, 477]}, {"label": "rider", "bounding_box": [1106, 434, 1123, 470]}, {"label": "terrain", "bounding_box": [1015, 416, 1109, 435]}, {"label": "parking", "bounding_box": [0, 426, 1078, 1023]}, {"label": "bicycle", "bounding_box": [1109, 462, 1117, 487]}, {"label": "static", "bounding_box": [1008, 428, 1032, 442]}, {"label": "static", "bounding_box": [995, 392, 1009, 402]}, {"label": "static", "bounding_box": [996, 402, 1010, 412]}, {"label": "cargroup", "bounding_box": [999, 429, 1021, 456]}, {"label": "car", "bounding_box": [967, 430, 1013, 474]}, {"label": "car", "bounding_box": [953, 440, 1005, 486]}, {"label": "car", "bounding_box": [883, 422, 964, 503]}, {"label": "car", "bounding_box": [901, 438, 946, 510]}, {"label": "car", "bounding_box": [856, 436, 927, 517]}, {"label": "car", "bounding_box": [788, 435, 891, 527]}, {"label": "license plate", "bounding_box": [815, 497, 836, 504]}, {"label": "car", "bounding_box": [691, 417, 825, 573]}, {"label": "car", "bounding_box": [599, 402, 754, 621]}, {"label": "car", "bounding_box": [191, 379, 666, 731]}, {"label": "license plate", "bounding_box": [257, 623, 344, 658]}, {"label": "car", "bounding_box": [0, 359, 283, 854]}, {"label": "terrain", "bounding_box": [997, 418, 1012, 426]}, {"label": "car", "bounding_box": [1162, 437, 1195, 493]}, {"label": "car", "bounding_box": [1170, 438, 1215, 505]}, {"label": "car", "bounding_box": [1182, 440, 1222, 505]}, {"label": "car", "bounding_box": [1194, 434, 1277, 512]}, {"label": "license plate", "bounding_box": [1236, 466, 1266, 474]}, {"label": "car", "bounding_box": [1245, 428, 1296, 541]}, {"label": "person", "bounding_box": [1267, 382, 1307, 558]}, {"label": "ego vehicle", "bounding_box": [271, 844, 2028, 1023]}, {"label": "out of roi", "bounding_box": [0, 0, 2048, 1024]}]}