{"imgHeight": 1024, "imgWidth": 2048, "objects": [{"label": "sky", "bounding_box": [0, 0, 2047, 199]}, {"label": "building", "bounding_box": [0, 0, 2047, 509]}, {"label": "road", "bounding_box": [0, 391, 2047, 1023]}, {"label": "static", "bounding_box": [1733, 358, 1760, 379]}, {"label": "ground", "bounding_box": [760, 400, 1085, 452]}, {"label": "sidewalk", "bounding_box": [0, 448, 378, 511]}, {"label": "car", "bounding_box": [803, 394, 883, 438]}, {"label": "cargroup", "bounding_box": [980, 382, 1082, 428]}, {"label": "car", "bounding_box": [989, 397, 1038, 431]}, {"label": "pole", "bounding_box": [1137, 242, 1154, 365]}, {"label": "static", "bounding_box": [1732, 358, 1760, 398]}, {"label": "person", "bounding_box": [2014, 291, 2037, 351]}, {"label": "traffic light", "bounding_box": [1148, 307, 1172, 337]}, {"label": "car", "bounding_box": [1444, 368, 1492, 392]}, {"label": "pole", "bounding_box": [1817, 170, 1856, 404]}, {"label": "car", "bounding_box": [1427, 366, 1486, 393]}, {"label": "car", "bounding_box": [964, 397, 1015, 434]}, {"label": "sidewalk", "bounding_box": [1427, 349, 2047, 431]}, {"label": "terrain", "bounding_box": [1919, 348, 2006, 415]}, {"label": "car", "bounding_box": [930, 395, 997, 431]}, {"label": "static", "bounding_box": [1470, 369, 1491, 390]}, {"label": "cargroup", "bounding_box": [742, 390, 838, 441]}, {"label": "static", "bounding_box": [1460, 320, 1467, 349]}, {"label": "pole", "bounding_box": [1850, 168, 1856, 404]}, {"label": "person", "bounding_box": [1780, 352, 1792, 407]}, {"label": "pole", "bounding_box": [1464, 271, 1472, 394]}, {"label": "person", "bounding_box": [1757, 357, 1776, 409]}, {"label": "car", "bounding_box": [864, 395, 943, 439]}, {"label": "vegetation", "bounding_box": [198, 0, 2047, 442]}, {"label": "pole", "bounding_box": [1442, 377, 1446, 394]}, {"label": "pole", "bounding_box": [1449, 351, 1452, 393]}, {"label": "traffic sign", "bounding_box": [1442, 344, 1458, 358]}, {"label": "bicycle", "bounding_box": [1623, 374, 1661, 400]}, {"label": "pole", "bounding_box": [1580, 345, 1590, 401]}, {"label": "pole", "bounding_box": [1643, 351, 1649, 402]}, {"label": "static", "bounding_box": [1637, 351, 1647, 379]}, {"label": "static", "bounding_box": [1674, 313, 1709, 348]}, {"label": "pole", "bounding_box": [1707, 314, 1712, 410]}, {"label": "static", "bounding_box": [1691, 365, 1702, 394]}, {"label": "static", "bounding_box": [1704, 362, 1715, 374]}, {"label": "pole", "bounding_box": [1732, 379, 1744, 424]}, {"label": "sidewalk", "bounding_box": [1693, 525, 2047, 793]}, {"label": "pole", "bounding_box": [1815, 289, 1820, 420]}, {"label": "traffic sign", "bounding_box": [1797, 247, 1852, 296]}, {"label": "static", "bounding_box": [1843, 357, 1860, 377]}, {"label": "pole", "bounding_box": [1978, 359, 1987, 414]}, {"label": "pole", "bounding_box": [1951, 318, 2023, 374]}, {"label": "traffic sign", "bounding_box": [1808, 296, 1824, 310]}, {"label": "person", "bounding_box": [1864, 324, 1906, 419]}, {"label": "pole", "bounding_box": [1916, 0, 1933, 416]}, {"label": "static", "bounding_box": [1903, 337, 1925, 375]}, {"label": "pole", "bounding_box": [1893, 0, 1919, 546]}, {"label": "traffic light", "bounding_box": [1839, 99, 1939, 243]}, {"label": "pole", "bounding_box": [1975, 447, 2013, 659]}, {"label": "pole", "bounding_box": [1824, 435, 1861, 608]}, {"label": "pole", "bounding_box": [2038, 38, 2047, 405]}, {"label": "pole", "bounding_box": [1796, 424, 1823, 565]}, {"label": "traffic sign", "bounding_box": [1989, 229, 2010, 247]}, {"label": "static", "bounding_box": [2001, 215, 2043, 248]}, {"label": "sidewalk", "bounding_box": [0, 595, 156, 705]}, {"label": "pole", "bounding_box": [0, 148, 39, 613]}, {"label": "pole", "bounding_box": [0, 483, 32, 633]}, {"label": "vegetation", "bounding_box": [1043, 393, 1097, 454]}, {"label": "traffic light", "bounding_box": [0, 199, 69, 307]}, {"label": "license plate", "bounding_box": [1181, 534, 1340, 575]}, {"label": "static", "bounding_box": [190, 260, 300, 481]}, {"label": "bicycle", "bounding_box": [758, 411, 797, 449]}, {"label": "person", "bounding_box": [294, 395, 325, 477]}, {"label": "pole", "bounding_box": [419, 172, 626, 351]}, {"label": "traffic light", "bounding_box": [415, 321, 455, 359]}, {"label": "traffic sign", "bounding_box": [1288, 344, 1297, 359]}, {"label": "car", "bounding_box": [296, 319, 781, 512]}, {"label": "pole", "bounding_box": [1065, 353, 1069, 387]}, {"label": "static", "bounding_box": [1050, 333, 1089, 363]}, {"label": "static", "bounding_box": [1039, 273, 1057, 320]}, {"label": "pole", "bounding_box": [1084, 302, 1093, 403]}, {"label": "car", "bounding_box": [1025, 349, 1500, 730]}, {"label": "static", "bounding_box": [1048, 382, 1084, 392]}, {"label": "person", "bounding_box": [1029, 390, 1047, 430]}, {"label": "static", "bounding_box": [1052, 378, 1061, 389]}, {"label": "static", "bounding_box": [1361, 277, 1372, 324]}, {"label": "license plate", "bounding_box": [1183, 533, 1341, 576]}, {"label": "license plate", "bounding_box": [877, 424, 892, 428]}, {"label": "static", "bounding_box": [971, 348, 987, 364]}, {"label": "static", "bounding_box": [970, 318, 986, 346]}, {"label": "pole", "bounding_box": [976, 326, 982, 429]}, {"label": "traffic light", "bounding_box": [0, 167, 14, 293]}, {"label": "traffic light", "bounding_box": [613, 162, 630, 208]}, {"label": "license plate", "bounding_box": [792, 419, 799, 424]}, {"label": "license plate", "bounding_box": [829, 425, 837, 429]}, {"label": "traffic sign", "bounding_box": [1899, 23, 1936, 63]}, {"label": "traffic sign", "bounding_box": [1910, 52, 1931, 85]}, {"label": "static", "bounding_box": [2001, 77, 2047, 241]}, {"label": "ego vehicle", "bounding_box": [271, 844, 2028, 1023]}, {"label": "out of roi", "bounding_box": [0, 0, 2048, 1024]}]}