<annotation><filename>aachen_000139_000019_gtFine_boxes.jpg</filename><folder>CityScapes</folder><size><width>2048</width><height>1024</height><depth>3</depth></size><segmented>0</segmented><object><name>road</name><pose>Unspecified</pose><truncated>0</truncated><difficult>0</difficult><bndbox><xmin>0</xmin><ymin>385</ymin><xmax>2047</xmax><ymax>1023</ymax></bndbox></object><object><name>building</name><pose>Unspecified</pose><truncated>0</truncated><difficult>0</difficult><bndbox><xmin>0</xmin><ymin>0</ymin><xmax>2047</xmax><ymax>489</ymax></bndbox></object><object><name>sidewalk</name><pose>Unspecified</pose><truncated>0</truncated><difficult>0</difficult><bndbox><xmin>345</xmin><ymin>406</ymin><xmax>479</xmax><ymax>434</ymax></bndbox></object><object><name>pole</name><pose>Unspecified</pose><truncated>0</truncated><difficult>0</difficult><bndbox><xmin>1088</xmin><ymin>332</ymin><xmax>1100</xmax><ymax>450</ymax></bndbox></object><object><name>static</name><pose>Unspecified</pose><truncated>0</truncated><difficult>0</difficult><bndbox><xmin>324</xmin><ymin>278</ymin><xmax>349</xmax><ymax>302</ymax></bndbox></object><object><name>pole</name><pose>Unspecified</pose><truncated>0</truncated><difficult>0</difficult><bndbox><xmin>604</xmin><ymin>342</ymin><xmax>607</xmax><ymax>383</ymax></bndbox></object><object><name>traffic sign</name><pose>Unspecified</pose><truncated>0</truncated><difficult>0</difficult><bndbox><xmin>597</xmin><ymin>329</ymin><xmax>612</xmax><ymax>344</ymax></bndbox></object><object><name>dynamic</name><pose>Unspecified</pose><truncated>0</truncated><difficult>0</difficult><bndbox><xmin>403</xmin><ymin>401</ymin><xmax>448</xmax><ymax>454</ymax></bndbox></object><object><name>car</name><pose>Unspecified</pose><truncated>0</truncated><difficult>0</difficult><bndbox><xmin>221</xmin><ymin>382</ymin><xmax>264</xmax><ymax>434</ymax></bndbox></object><object><name>car</name><pose>Unspecified</pose><truncated>0</truncated><difficult>0</difficult><bndbox><xmin>472</xmin><ymin>381</ymin><xmax>568</xmax><ymax>426</ymax></bndbox></object><object><name>vegetation</name><pose>Unspecified</pose><truncated>0</truncated><difficult>0</difficult><bndbox><xmin>33</xmin><ymin>0</ymin><xmax>1069</xmax><ymax>458</ymax></bndbox></object><object><name>traffic sign</name><pose>Unspecified</pose><truncated>0</truncated><difficult>0</difficult><bndbox><xmin>1074</xmin><ymin>233</ymin><xmax>1100</xmax><ymax>264</ymax></bndbox></object><object><name>traffic sign</name><pose>Unspecified</pose><truncated>0</truncated><difficult>0</difficult><bndbox><xmin>1076</xmin><ymin>266</ymin><xmax>1101</xmax><ymax>295</ymax></bndbox></object><object><name>traffic sign</name><pose>Unspecified</pose><truncated>0</truncated><difficult>0</difficult><bndbox><xmin>1078</xmin><ymin>297</ymin><xmax>1104</xmax><ymax>313</ymax></bndbox></object><object><name>traffic sign</name><pose>Unspecified</pose><truncated>0</truncated><difficult>0</difficult><bndbox><xmin>1078</xmin><ymin>313</ymin><xmax>1101</xmax><ymax>334</ymax></bndbox></object><object><name>car</name><pose>Unspecified</pose><truncated>0</truncated><difficult>0</difficult><bndbox><xmin>313</xmin><ymin>383</ymin><xmax>394</xmax><ymax>434</ymax></bndbox></object><object><name>vegetation</name><pose>Unspecified</pose><truncated>0</truncated><difficult>0</difficult><bndbox><xmin>0</xmin><ymin>254</ymin><xmax>208</xmax><ymax>435</ymax></bndbox></object><object><name>sidewalk</name><pose>Unspecified</pose><truncated>0</truncated><difficult>0</difficult><bndbox><xmin>0</xmin><ymin>451</ymin><xmax>470</xmax><ymax>500</ymax></bndbox></object><object><name>fence</name><pose>Unspecified</pose><truncated>0</truncated><difficult>0</difficult><bndbox><xmin>0</xmin><ymin>413</ymin><xmax>352</xmax><ymax>466</ymax></bndbox></object><object><name>bicycle</name><pose>Unspecified</pose><truncated>0</truncated><difficult>0</difficult><bndbox><xmin>129</xmin><ymin>397</ymin><xmax>283</xmax><ymax>495</ymax></bndbox></object><object><name>terrain</name><pose>Unspecified</pose><truncated>0</truncated><difficult>0</difficult><bndbox><xmin>0</xmin><ymin>476</ymin><xmax>464</xmax><ymax>524</ymax></bndbox></object><object><name>person</name><pose>Unspecified</pose><truncated>0</truncated><difficult>0</difficult><bndbox><xmin>285</xmin><ymin>333</ymin><xmax>362</xmax><ymax>486</ymax></bndbox></object><object><name>pole</name><pose>Unspecified</pose><truncated>0</truncated><difficult>0</difficult><bndbox><xmin>98</xmin><ymin>0</ymin><xmax>137</xmax><ymax>491</ymax></bndbox></object><object><name>pole</name><pose>Unspecified</pose><truncated>0</truncated><difficult>0</difficult><bndbox><xmin>200</xmin><ymin>237</ymin><xmax>233</xmax><ymax>500</ymax></bndbox></object><object><name>traffic sign</name><pose>Unspecified</pose><truncated>0</truncated><difficult>0</difficult><bndbox><xmin>148</xmin><ymin>0</ymin><xmax>273</xmax><ymax>258</ymax></bndbox></object><object><name>static</name><pose>Unspecified</pose><truncated>0</truncated><difficult>0</difficult><bndbox><xmin>624</xmin><ymin>199</ymin><xmax>727</xmax><ymax>387</ymax></bndbox></object><object><name>static</name><pose>Unspecified</pose><truncated>0</truncated><difficult>0</difficult><bndbox><xmin>619</xmin><ymin>130</ymin><xmax>638</xmax><ymax>153</ymax></bndbox></object><object><name>static</name><pose>Unspecified</pose><truncated>0</truncated><difficult>0</difficult><bndbox><xmin>601</xmin><ymin>155</ymin><xmax>659</xmax><ymax>214</ymax></bndbox></object><object><name>pole</name><pose>Unspecified</pose><truncated>0</truncated><difficult>0</difficult><bndbox><xmin>620</xmin><ymin>0</ymin><xmax>893</xmax><ymax>380</ymax></bndbox></object><object><name>traffic light</name><pose>Unspecified</pose><truncated>0</truncated><difficult>0</difficult><bndbox><xmin>631</xmin><ymin>220</ymin><xmax>667</xmax><ymax>298</ymax></bndbox></object><object><name>traffic light</name><pose>Unspecified</pose><truncated>0</truncated><difficult>0</difficult><bndbox><xmin>618</xmin><ymin>240</ymin><xmax>654</xmax><ymax>293</ymax></bndbox></object><object><name>sidewalk</name><pose>Unspecified</pose><truncated>0</truncated><difficult>0</difficult><bndbox><xmin>773</xmin><ymin>473</ymin><xmax>867</xmax><ymax>501</ymax></bndbox></object><object><name>sidewalk</name><pose>Unspecified</pose><truncated>0</truncated><difficult>0</difficult><bndbox><xmin>787</xmin><ymin>431</ymin><xmax>1995</xmax><ymax>503</ymax></bndbox></object><object><name>fence</name><pose>Unspecified</pose><truncated>0</truncated><difficult>0</difficult><bndbox><xmin>791</xmin><ymin>407</ymin><xmax>825</xmax><ymax>487</ymax></bndbox></object><object><name>car</name><pose>Unspecified</pose><truncated>0</truncated><difficult>0</difficult><bndbox><xmin>446</xmin><ymin>371</ymin><xmax>805</xmax><ymax>523</ymax></bndbox></object><object><name>static</name><pose>Unspecified</pose><truncated>0</truncated><difficult>0</difficult><bndbox><xmin>1312</xmin><ymin>124</ymin><xmax>1376</xmax><ymax>186</ymax></bndbox></object><object><name>traffic light</name><pose>Unspecified</pose><truncated>0</truncated><difficult>0</difficult><bndbox><xmin>1328</xmin><ymin>215</ymin><xmax>1354</xmax><ymax>284</ymax></bndbox></object><object><name>pole</name><pose>Unspecified</pose><truncated>0</truncated><difficult>0</difficult><bndbox><xmin>1342</xmin><ymin>131</ymin><xmax>1360</xmax><ymax>339</ymax></bndbox></object><object><name>traffic light</name><pose>Unspecified</pose><truncated>0</truncated><difficult>0</difficult><bndbox><xmin>1327</xmin><ymin>231</ymin><xmax>1361</xmax><ymax>282</ymax></bndbox></object><object><name>traffic light</name><pose>Unspecified</pose><truncated>0</truncated><difficult>0</difficult><bndbox><xmin>1364</xmin><ymin>232</ymin><xmax>1401</xmax><ymax>288</ymax></bndbox></object><object><name>car</name><pose>Unspecified</pose><truncated>0</truncated><difficult>0</difficult><bndbox><xmin>1090</xmin><ymin>326</ymin><xmax>1523</xmax><ymax>578</ymax></bndbox></object><object><name>license plate</name><pose>Unspecified</pose><truncated>0</truncated><difficult>0</difficult><bndbox><xmin>1380</xmin><ymin>497</ymin><xmax>1466</xmax><ymax>517</ymax></bndbox></object><object><name>static</name><pose>Unspecified</pose><truncated>0</truncated><difficult>0</difficult><bndbox><xmin>1555</xmin><ymin>439</ymin><xmax>1596</xmax><ymax>468</ymax></bndbox></object><object><name>pole</name><pose>Unspecified</pose><truncated>0</truncated><difficult>0</difficult><bndbox><xmin>1610</xmin><ymin>0</ymin><xmax>1629</xmax><ymax>476</ymax></bndbox></object><object><name>bicycle</name><pose>Unspecified</pose><truncated>0</truncated><difficult>0</difficult><bndbox><xmin>1617</xmin><ymin>419</ymin><xmax>1704</xmax><ymax>495</ymax></bndbox></object><object><name>rider</name><pose>Unspecified</pose><truncated>0</truncated><difficult>0</difficult><bndbox><xmin>1623</xmin><ymin>365</ymin><xmax>1689</xmax><ymax>463</ymax></bndbox></object><object><name>bicycle</name><pose>Unspecified</pose><truncated>0</truncated><difficult>0</difficult><bndbox><xmin>1732</xmin><ymin>428</ymin><xmax>1826</xmax><ymax>501</ymax></bndbox></object><object><name>rider</name><pose>Unspecified</pose><truncated>0</truncated><difficult>0</difficult><bndbox><xmin>1741</xmin><ymin>367</ymin><xmax>1805</xmax><ymax>495</ymax></bndbox></object><object><name>car</name><pose>Unspecified</pose><truncated>0</truncated><difficult>0</difficult><bndbox><xmin>1884</xmin><ymin>333</ymin><xmax>2047</xmax><ymax>598</ymax></bndbox></object><object><name>traffic light</name><pose>Unspecified</pose><truncated>0</truncated><difficult>0</difficult><bndbox><xmin>929</xmin><ymin>0</ymin><xmax>954</xmax><ymax>39</ymax></bndbox></object><object><name>ego vehicle</name><pose>Unspecified</pose><truncated>0</truncated><difficult>0</difficult><bndbox><xmin>271</xmin><ymin>844</ymin><xmax>2028</xmax><ymax>1023</ymax></bndbox></object><object><name>out of roi</name><pose>Unspecified</pose><truncated>0</truncated><difficult>0</difficult><bndbox><xmin>0</xmin><ymin>0</ymin><xmax>2048</xmax><ymax>1024</ymax></bndbox></object></annotation>