{"imgHeight": 1024, "imgWidth": 2048, "objects": [{"label": "sidewalk", "bounding_box": [1479, 458, 2047, 942]}, {"label": "sidewalk", "bounding_box": [0, 471, 1559, 1023]}, {"label": "road", "bounding_box": [279, 492, 2047, 1023]}, {"label": "sky", "bounding_box": [1409, 0, 1679, 261]}, {"label": "building", "bounding_box": [0, 0, 2047, 556]}, {"label": "vegetation", "bounding_box": [1543, 0, 2047, 194]}, {"label": "person", "bounding_box": [1485, 452, 1500, 489]}, {"label": "person", "bounding_box": [1503, 462, 1521, 492]}, {"label": "person", "bounding_box": [1521, 465, 1529, 490]}, {"label": "person", "bounding_box": [1531, 465, 1544, 490]}, {"label": "vegetation", "bounding_box": [1527, 436, 1573, 477]}, {"label": "person", "bounding_box": [1545, 461, 1556, 488]}, {"label": "pole", "bounding_box": [1543, 341, 1550, 504]}, {"label": "pole", "bounding_box": [1461, 481, 1465, 501]}, {"label": "pole", "bounding_box": [1475, 480, 1477, 502]}, {"label": "pole", "bounding_box": [1485, 480, 1489, 499]}, {"label": "pole", "bounding_box": [1496, 479, 1503, 499]}, {"label": "pole", "bounding_box": [1514, 481, 1517, 498]}, {"label": "static", "bounding_box": [1526, 456, 1533, 490]}, {"label": "static", "bounding_box": [1526, 489, 1528, 499]}, {"label": "pole", "bounding_box": [1526, 490, 1529, 499]}, {"label": "pole", "bounding_box": [1532, 420, 1535, 489]}, {"label": "traffic sign", "bounding_box": [1524, 399, 1543, 426]}, {"label": "pole", "bounding_box": [1510, 470, 1516, 493]}, {"label": "static", "bounding_box": [1450, 376, 1476, 404]}, {"label": "static", "bounding_box": [1484, 380, 1503, 401]}, {"label": "pole", "bounding_box": [1498, 358, 1512, 571]}, {"label": "pole", "bounding_box": [1576, 352, 1586, 388]}, {"label": "pole", "bounding_box": [1511, 512, 1526, 587]}, {"label": "pole", "bounding_box": [1533, 507, 1549, 600]}, {"label": "traffic sign", "bounding_box": [1562, 326, 1600, 362]}, {"label": "static", "bounding_box": [1690, 385, 1711, 444]}, {"label": "person", "bounding_box": [1661, 429, 1695, 573]}, {"label": "person", "bounding_box": [1723, 432, 1759, 559]}, {"label": "person", "bounding_box": [1635, 406, 1679, 618]}, {"label": "pole", "bounding_box": [1629, 608, 1651, 656]}, {"label": "person", "bounding_box": [1675, 399, 1759, 615]}, {"label": "pole", "bounding_box": [1684, 525, 1704, 680]}, {"label": "person", "bounding_box": [1503, 354, 1709, 712]}, {"label": "person", "bounding_box": [1468, 363, 1655, 742]}, {"label": "person", "bounding_box": [1723, 357, 1872, 744]}, {"label": "motorcycle", "bounding_box": [1870, 477, 1967, 585]}, {"label": "person", "bounding_box": [1867, 422, 1961, 622]}, {"label": "pole", "bounding_box": [1875, 552, 1927, 805]}, {"label": "person", "bounding_box": [1962, 394, 2047, 631]}, {"label": "pole", "bounding_box": [1441, 302, 1453, 504]}, {"label": "pole", "bounding_box": [1435, 471, 1440, 503]}, {"label": "terrain", "bounding_box": [145, 537, 405, 558]}, {"label": "pole", "bounding_box": [1422, 470, 1425, 507]}, {"label": "pole", "bounding_box": [1276, 246, 1293, 507]}, {"label": "pole", "bounding_box": [1277, 376, 1283, 504]}, {"label": "traffic sign", "bounding_box": [1271, 359, 1292, 383]}, {"label": "car", "bounding_box": [1257, 453, 1423, 571]}, {"label": "license plate", "bounding_box": [1306, 502, 1353, 515]}, {"label": "pole", "bounding_box": [1138, 356, 1153, 562]}, {"label": "static", "bounding_box": [1094, 308, 1142, 353]}, {"label": "traffic sign", "bounding_box": [1131, 348, 1149, 366]}, {"label": "pole", "bounding_box": [1105, 49, 1185, 561]}, {"label": "bicycle", "bounding_box": [1063, 480, 1117, 570]}, {"label": "pole", "bounding_box": [1127, 496, 1142, 571]}, {"label": "pole", "bounding_box": [1108, 496, 1125, 580]}, {"label": "pole", "bounding_box": [1087, 500, 1107, 589]}, {"label": "pole", "bounding_box": [1062, 501, 1082, 602]}, {"label": "pole", "bounding_box": [1029, 504, 1051, 620]}, {"label": "pole", "bounding_box": [987, 510, 1012, 641]}, {"label": "person", "bounding_box": [944, 425, 990, 550]}, {"label": "pole", "bounding_box": [932, 516, 963, 671]}, {"label": "pole", "bounding_box": [852, 526, 886, 712]}, {"label": "pole", "bounding_box": [719, 544, 768, 779]}, {"label": "pole", "bounding_box": [514, 572, 578, 891]}, {"label": "pole", "bounding_box": [111, 629, 187, 1023]}, {"label": "vegetation", "bounding_box": [0, 0, 1099, 554]}, {"label": "person", "bounding_box": [630, 412, 678, 570]}, {"label": "terrain", "bounding_box": [331, 550, 617, 570]}, {"label": "person", "bounding_box": [650, 416, 710, 573]}, {"label": "static", "bounding_box": [303, 521, 638, 566]}, {"label": "static", "bounding_box": [125, 510, 285, 556]}, {"label": "static", "bounding_box": [191, 486, 271, 598]}, {"label": "person", "bounding_box": [578, 395, 637, 574]}, {"label": "static", "bounding_box": [0, 540, 87, 577]}, {"label": "static", "bounding_box": [0, 137, 294, 284]}, {"label": "bicycle", "bounding_box": [0, 463, 28, 516]}, {"label": "ego vehicle", "bounding_box": [271, 844, 2028, 1023]}, {"label": "out of roi", "bounding_box": [0, 0, 2048, 1024]}]}