{"imgHeight": 1024, "imgWidth": 2048, "objects": [{"label": "sky", "bounding_box": [0, 0, 2047, 416]}, {"label": "building", "bounding_box": [0, 0, 2047, 539]}, {"label": "road", "bounding_box": [0, 435, 2047, 1023]}, {"label": "parking", "bounding_box": [537, 439, 924, 501]}, {"label": "car", "bounding_box": [914, 426, 940, 448]}, {"label": "terrain", "bounding_box": [688, 476, 744, 490]}, {"label": "car", "bounding_box": [852, 420, 921, 453]}, {"label": "car", "bounding_box": [732, 426, 795, 467]}, {"label": "sidewalk", "bounding_box": [0, 478, 670, 527]}, {"label": "static", "bounding_box": [790, 369, 820, 398]}, {"label": "car", "bounding_box": [869, 428, 898, 455]}, {"label": "car", "bounding_box": [856, 426, 889, 461]}, {"label": "static", "bounding_box": [476, 424, 552, 483]}, {"label": "car", "bounding_box": [831, 425, 870, 465]}, {"label": "car", "bounding_box": [802, 423, 845, 464]}, {"label": "static", "bounding_box": [879, 394, 913, 455]}, {"label": "car", "bounding_box": [719, 406, 817, 473]}, {"label": "car", "bounding_box": [726, 426, 795, 467]}, {"label": "vegetation", "bounding_box": [393, 0, 1083, 476]}, {"label": "pole", "bounding_box": [662, 209, 804, 235]}, {"label": "car", "bounding_box": [956, 430, 993, 453]}, {"label": "car", "bounding_box": [921, 427, 978, 461]}, {"label": "terrain", "bounding_box": [906, 451, 927, 459]}, {"label": "pole", "bounding_box": [919, 378, 923, 453]}, {"label": "terrain", "bounding_box": [868, 455, 890, 464]}, {"label": "terrain", "bounding_box": [807, 461, 839, 471]}, {"label": "car", "bounding_box": [659, 425, 758, 479]}, {"label": "car", "bounding_box": [663, 427, 740, 481]}, {"label": "car", "bounding_box": [533, 427, 720, 493]}, {"label": "static", "bounding_box": [1587, 114, 1684, 303]}, {"label": "terrain", "bounding_box": [553, 483, 669, 502]}, {"label": "pole", "bounding_box": [1622, 109, 1631, 444]}, {"label": "traffic sign", "bounding_box": [1288, 350, 1312, 378]}, {"label": "vegetation", "bounding_box": [597, 303, 641, 491]}, {"label": "bicycle", "bounding_box": [474, 435, 551, 493]}, {"label": "static", "bounding_box": [1350, 419, 1382, 451]}, {"label": "static", "bounding_box": [659, 441, 675, 497]}, {"label": "pole", "bounding_box": [1582, 206, 1592, 429]}, {"label": "car", "bounding_box": [1267, 417, 1314, 435]}, {"label": "vegetation", "bounding_box": [632, 454, 659, 496]}, {"label": "vegetation", "bounding_box": [1094, 0, 1646, 477]}, {"label": "sidewalk", "bounding_box": [1228, 449, 1874, 508]}, {"label": "pole", "bounding_box": [1541, 252, 1570, 427]}, {"label": "bicycle", "bounding_box": [493, 458, 543, 543]}, {"label": "rider", "bounding_box": [489, 395, 543, 532]}, {"label": "pole", "bounding_box": [429, 449, 438, 509]}, {"label": "pole", "bounding_box": [319, 320, 333, 512]}, {"label": "traffic sign", "bounding_box": [319, 295, 333, 324]}, {"label": "pole", "bounding_box": [1601, 215, 1612, 464]}, {"label": "car", "bounding_box": [1452, 414, 1590, 460]}, {"label": "person", "bounding_box": [1567, 397, 1611, 474]}, {"label": "traffic light", "bounding_box": [289, 326, 348, 382]}, {"label": "bridge", "bounding_box": [1071, 394, 1097, 410]}, {"label": "pole", "bounding_box": [1413, 437, 1418, 464]}, {"label": "traffic sign", "bounding_box": [283, 310, 319, 329]}, {"label": "static", "bounding_box": [1383, 430, 1417, 496]}, {"label": "pole", "bounding_box": [1357, 273, 1367, 461]}, {"label": "car", "bounding_box": [1188, 417, 1392, 511]}, {"label": "traffic light", "bounding_box": [1349, 343, 1370, 377]}, {"label": "traffic sign", "bounding_box": [1353, 377, 1374, 400]}, {"label": "pole", "bounding_box": [1958, 307, 2047, 317]}, {"label": "car", "bounding_box": [954, 397, 1278, 656]}, {"label": "person", "bounding_box": [1535, 399, 1574, 493]}, {"label": "static", "bounding_box": [1471, 351, 1550, 493]}, {"label": "person", "bounding_box": [1438, 401, 1467, 476]}, {"label": "pole", "bounding_box": [1697, 252, 1712, 404]}, {"label": "traffic sign", "bounding_box": [1690, 257, 1697, 267]}, {"label": "traffic sign", "bounding_box": [1696, 267, 1740, 282]}, {"label": "traffic light", "bounding_box": [1683, 302, 1740, 359]}, {"label": "pole", "bounding_box": [1750, 185, 1797, 401]}, {"label": "pole", "bounding_box": [1799, 174, 1830, 397]}, {"label": "static", "bounding_box": [1783, 276, 1807, 395]}, {"label": "static", "bounding_box": [1849, 256, 1866, 289]}, {"label": "license plate", "bounding_box": [1072, 516, 1172, 540]}, {"label": "pole", "bounding_box": [1856, 272, 1867, 400]}, {"label": "traffic light", "bounding_box": [1827, 289, 1904, 358]}, {"label": "pole", "bounding_box": [1599, 0, 1963, 404]}, {"label": "traffic light", "bounding_box": [1582, 0, 1610, 47]}, {"label": "traffic sign", "bounding_box": [1924, 174, 1980, 222]}, {"label": "traffic light", "bounding_box": [1914, 228, 1986, 338]}, {"label": "pole", "bounding_box": [2002, 219, 2032, 391]}, {"label": "traffic light", "bounding_box": [1977, 232, 2014, 315]}, {"label": "traffic light", "bounding_box": [2004, 220, 2047, 314]}, {"label": "person", "bounding_box": [1570, 397, 1611, 466]}, {"label": "car", "bounding_box": [1502, 378, 2047, 737]}, {"label": "license plate", "bounding_box": [1895, 552, 2044, 598]}, {"label": "pole", "bounding_box": [571, 450, 577, 500]}, {"label": "license plate", "bounding_box": [1367, 478, 1389, 487]}, {"label": "traffic light", "bounding_box": [797, 187, 813, 236]}, {"label": "pole", "bounding_box": [1182, 204, 1246, 218]}, {"label": "traffic light", "bounding_box": [1169, 184, 1182, 230]}, {"label": "pole", "bounding_box": [1130, 12, 1236, 21]}, {"label": "static", "bounding_box": [1130, 12, 1162, 21]}, {"label": "static", "bounding_box": [1750, 185, 1797, 234]}, {"label": "static", "bounding_box": [1541, 252, 1570, 291]}, {"label": "static", "bounding_box": [1819, 174, 1830, 183]}, {"label": "ego vehicle", "bounding_box": [271, 844, 2028, 1023]}, {"label": "out of roi", "bounding_box": [0, 0, 2048, 1024]}]}