{"imgHeight": 1024, "imgWidth": 2048, "objects": [{"label": "road", "bounding_box": [0, 448, 2047, 1023]}, {"label": "sky", "bounding_box": [1101, 0, 1852, 65]}, {"label": "building", "bounding_box": [0, 0, 2047, 695]}, {"label": "vegetation", "bounding_box": [1204, 432, 1326, 463]}, {"label": "pole", "bounding_box": [1311, 340, 1315, 464]}, {"label": "ground", "bounding_box": [1107, 442, 1345, 490]}, {"label": "sidewalk", "bounding_box": [0, 425, 1671, 790]}, {"label": "vegetation", "bounding_box": [1232, 0, 2047, 571]}, {"label": "bicycle", "bounding_box": [1531, 438, 1595, 471]}, {"label": "pole", "bounding_box": [1564, 436, 1594, 449]}, {"label": "pole", "bounding_box": [1590, 442, 1596, 472]}, {"label": "pole", "bounding_box": [1618, 440, 1622, 468]}, {"label": "pole", "bounding_box": [1520, 437, 1582, 471]}, {"label": "pole", "bounding_box": [1546, 441, 1570, 472]}, {"label": "pole", "bounding_box": [1514, 315, 1523, 471]}, {"label": "traffic sign", "bounding_box": [1507, 317, 1527, 343]}, {"label": "pole", "bounding_box": [1613, 338, 1619, 486]}, {"label": "traffic sign", "bounding_box": [1600, 324, 1645, 356]}, {"label": "building", "bounding_box": [1629, 322, 1727, 524]}, {"label": "pole", "bounding_box": [1541, 275, 1572, 488]}, {"label": "pole", "bounding_box": [1479, 447, 1487, 471]}, {"label": "pole", "bounding_box": [1406, 214, 1439, 472]}, {"label": "terrain", "bounding_box": [1630, 310, 1726, 344]}, {"label": "pole", "bounding_box": [1401, 442, 1406, 474]}, {"label": "traffic sign", "bounding_box": [1313, 341, 1332, 351]}, {"label": "traffic sign", "bounding_box": [1304, 352, 1324, 383]}, {"label": "sidewalk", "bounding_box": [1355, 479, 2047, 934]}, {"label": "pole", "bounding_box": [1169, 438, 1177, 474]}, {"label": "vegetation", "bounding_box": [1864, 536, 1964, 571]}, {"label": "pole", "bounding_box": [1867, 64, 1890, 606]}, {"label": "terrain", "bounding_box": [1282, 473, 1398, 488]}, {"label": "static", "bounding_box": [1505, 446, 1532, 466]}, {"label": "vegetation", "bounding_box": [1357, 458, 1575, 532]}, {"label": "pole", "bounding_box": [1418, 89, 1471, 553]}, {"label": "traffic sign", "bounding_box": [1421, 257, 1460, 307]}, {"label": "terrain", "bounding_box": [1794, 558, 2047, 660]}, {"label": "vegetation", "bounding_box": [1617, 307, 1861, 569]}, {"label": "person", "bounding_box": [1791, 266, 1930, 641]}, {"label": "terrain", "bounding_box": [1608, 525, 1789, 581]}, {"label": "person", "bounding_box": [1646, 325, 1826, 653]}, {"label": "traffic sign", "bounding_box": [962, 251, 1043, 300]}, {"label": "traffic sign", "bounding_box": [1887, 68, 2016, 111]}, {"label": "static", "bounding_box": [999, 271, 1046, 325]}, {"label": "static", "bounding_box": [1011, 325, 1033, 352]}, {"label": "static", "bounding_box": [998, 415, 1025, 477]}, {"label": "static", "bounding_box": [889, 423, 928, 483]}, {"label": "pole", "bounding_box": [1243, 454, 1251, 480]}, {"label": "pole", "bounding_box": [1320, 444, 1325, 480]}, {"label": "static", "bounding_box": [840, 427, 877, 481]}, {"label": "road", "bounding_box": [891, 472, 1288, 505]}, {"label": "ground", "bounding_box": [891, 472, 1288, 505]}, {"label": "person", "bounding_box": [1053, 394, 1098, 503]}, {"label": "pole", "bounding_box": [1015, 284, 1029, 503]}, {"label": "pole", "bounding_box": [955, 453, 966, 511]}, {"label": "pole", "bounding_box": [931, 444, 940, 497]}, {"label": "person", "bounding_box": [852, 385, 910, 519]}, {"label": "pole", "bounding_box": [891, 455, 901, 516]}, {"label": "person", "bounding_box": [824, 435, 863, 514]}, {"label": "person", "bounding_box": [772, 436, 801, 512]}, {"label": "person", "bounding_box": [787, 403, 829, 514]}, {"label": "pole", "bounding_box": [821, 460, 832, 529]}, {"label": "pole", "bounding_box": [702, 460, 715, 528]}, {"label": "pole", "bounding_box": [685, 466, 700, 553]}, {"label": "pole", "bounding_box": [602, 462, 621, 563]}, {"label": "pole", "bounding_box": [490, 468, 519, 592]}, {"label": "pole", "bounding_box": [291, 477, 321, 632]}, {"label": "pole", "bounding_box": [39, 492, 78, 694]}, {"label": "traffic sign", "bounding_box": [1110, 256, 1166, 305]}, {"label": "static", "bounding_box": [1418, 89, 1471, 201]}, {"label": "static", "bounding_box": [1406, 214, 1439, 296]}, {"label": "ego vehicle", "bounding_box": [271, 844, 2028, 1023]}, {"label": "out of roi", "bounding_box": [0, 0, 2048, 1024]}]}