{"imgHeight": 1024, "imgWidth": 2048, "objects": [{"label": "road", "bounding_box": [0, 471, 2047, 1023]}, {"label": "building", "bounding_box": [0, 0, 2047, 586]}, {"label": "sidewalk", "bounding_box": [78, 467, 2047, 635]}, {"label": "person", "bounding_box": [235, 430, 258, 474]}, {"label": "person", "bounding_box": [251, 405, 281, 479]}, {"label": "vegetation", "bounding_box": [0, 54, 204, 471]}, {"label": "vegetation", "bounding_box": [355, 0, 892, 434]}, {"label": "sidewalk", "bounding_box": [0, 612, 99, 975]}, {"label": "vegetation", "bounding_box": [0, 428, 156, 631]}, {"label": "person", "bounding_box": [200, 407, 231, 479]}, {"label": "person", "bounding_box": [600, 405, 614, 423]}, {"label": "person", "bounding_box": [270, 410, 298, 462]}, {"label": "person", "bounding_box": [624, 402, 659, 428]}, {"label": "person", "bounding_box": [657, 401, 679, 439]}, {"label": "person", "bounding_box": [973, 381, 1008, 435]}, {"label": "static", "bounding_box": [1629, 405, 1681, 486]}, {"label": "person", "bounding_box": [1007, 385, 1044, 434]}, {"label": "person", "bounding_box": [145, 406, 164, 479]}, {"label": "person", "bounding_box": [1529, 340, 1610, 557]}, {"label": "static", "bounding_box": [474, 397, 509, 423]}, {"label": "car", "bounding_box": [268, 424, 404, 499]}, {"label": "car", "bounding_box": [367, 414, 536, 503]}, {"label": "car", "bounding_box": [491, 418, 680, 512]}, {"label": "car", "bounding_box": [611, 424, 824, 526]}, {"label": "pole", "bounding_box": [1269, 0, 1295, 412]}, {"label": "car", "bounding_box": [782, 411, 1019, 549]}, {"label": "car", "bounding_box": [956, 375, 1344, 583]}, {"label": "pole", "bounding_box": [1633, 181, 1650, 577]}, {"label": "static", "bounding_box": [1620, 271, 1648, 300]}, {"label": "traffic sign", "bounding_box": [1624, 241, 1673, 273]}, {"label": "traffic sign", "bounding_box": [1626, 185, 1677, 241]}, {"label": "traffic sign", "bounding_box": [535, 371, 551, 387]}, {"label": "traffic sign", "bounding_box": [528, 358, 551, 371]}, {"label": "traffic sign", "bounding_box": [527, 334, 552, 359]}, {"label": "traffic sign", "bounding_box": [526, 315, 558, 336]}, {"label": "traffic sign", "bounding_box": [525, 280, 558, 315]}, {"label": "static", "bounding_box": [475, 359, 508, 401]}, {"label": "static", "bounding_box": [473, 330, 508, 365]}, {"label": "person", "bounding_box": [2011, 365, 2047, 565]}, {"label": "license plate", "bounding_box": [1239, 467, 1294, 487]}, {"label": "ego vehicle", "bounding_box": [271, 844, 2028, 1023]}, {"label": "out of roi", "bounding_box": [0, 0, 2048, 1024]}]}