{"imgHeight": 1024, "imgWidth": 2048, "objects": [{"label": "sky", "bounding_box": [816, 0, 1331, 411]}, {"label": "vegetation", "bounding_box": [991, 258, 1038, 389]}, {"label": "building", "bounding_box": [0, 0, 1000, 778]}, {"label": "static", "bounding_box": [739, 444, 755, 559]}, {"label": "building", "bounding_box": [983, 0, 2047, 607]}, {"label": "road", "bounding_box": [42, 440, 2047, 1023]}, {"label": "sidewalk", "bounding_box": [0, 435, 951, 1023]}, {"label": "sidewalk", "bounding_box": [1478, 627, 2047, 1023]}, {"label": "pole", "bounding_box": [1869, 225, 1889, 576]}, {"label": "static", "bounding_box": [1077, 374, 1097, 383]}, {"label": "static", "bounding_box": [1081, 369, 1098, 382]}, {"label": "person", "bounding_box": [913, 394, 943, 477]}, {"label": "pole", "bounding_box": [911, 371, 919, 416]}, {"label": "pole", "bounding_box": [1712, 0, 1759, 572]}, {"label": "person", "bounding_box": [895, 401, 923, 474]}, {"label": "pole", "bounding_box": [882, 344, 915, 476]}, {"label": "static", "bounding_box": [880, 355, 892, 389]}, {"label": "vegetation", "bounding_box": [1162, 431, 1194, 475]}, {"label": "static", "bounding_box": [893, 276, 913, 303]}, {"label": "car", "bounding_box": [1001, 398, 1025, 412]}, {"label": "vegetation", "bounding_box": [1206, 432, 1235, 490]}, {"label": "vegetation", "bounding_box": [1254, 440, 1296, 497]}, {"label": "static", "bounding_box": [1769, 464, 1845, 581]}, {"label": "static", "bounding_box": [1121, 313, 1149, 366]}, {"label": "vegetation", "bounding_box": [1135, 412, 1165, 481]}, {"label": "vegetation", "bounding_box": [1249, 446, 1271, 495]}, {"label": "sidewalk", "bounding_box": [1040, 428, 2047, 589]}, {"label": "car", "bounding_box": [928, 427, 1026, 509]}, {"label": "car", "bounding_box": [940, 403, 1116, 543]}, {"label": "static", "bounding_box": [876, 161, 947, 261]}, {"label": "static", "bounding_box": [869, 306, 892, 327]}, {"label": "vegetation", "bounding_box": [895, 284, 1011, 403]}, {"label": "pole", "bounding_box": [931, 150, 989, 550]}, {"label": "person", "bounding_box": [1421, 367, 1478, 545]}, {"label": "person", "bounding_box": [1472, 425, 1515, 543]}, {"label": "person", "bounding_box": [1547, 379, 1607, 544]}, {"label": "traffic sign", "bounding_box": [1555, 153, 1614, 211]}, {"label": "pole", "bounding_box": [1573, 229, 1585, 552]}, {"label": "traffic sign", "bounding_box": [1550, 255, 1611, 321]}, {"label": "traffic sign", "bounding_box": [1783, 263, 1829, 308]}, {"label": "traffic sign", "bounding_box": [1850, 261, 1939, 294]}, {"label": "traffic sign", "bounding_box": [1868, 294, 1891, 328]}, {"label": "traffic sign", "bounding_box": [1550, 214, 1613, 276]}, {"label": "pole", "bounding_box": [1658, 120, 1678, 537]}, {"label": "traffic sign", "bounding_box": [1621, 77, 1726, 171]}, {"label": "traffic sign", "bounding_box": [1620, 171, 1727, 255]}, {"label": "person", "bounding_box": [1849, 391, 1924, 581]}, {"label": "person", "bounding_box": [1886, 390, 1959, 588]}, {"label": "dynamic", "bounding_box": [1934, 466, 2047, 590]}, {"label": "static", "bounding_box": [1648, 523, 1730, 651]}, {"label": "pole", "bounding_box": [1638, 522, 1659, 687]}, {"label": "pole", "bounding_box": [1564, 500, 1605, 667]}, {"label": "static", "bounding_box": [687, 56, 780, 109]}, {"label": "pole", "bounding_box": [1730, 527, 1780, 768]}, {"label": "static", "bounding_box": [702, 109, 773, 163]}, {"label": "license plate", "bounding_box": [1008, 495, 1061, 509]}, {"label": "pole", "bounding_box": [724, 33, 746, 615]}, {"label": "traffic sign", "bounding_box": [676, 5, 784, 78]}, {"label": "static", "bounding_box": [931, 150, 976, 246]}, {"label": "static", "bounding_box": [934, 309, 989, 345]}, {"label": "static", "bounding_box": [1837, 120, 1882, 260]}, {"label": "ego vehicle", "bounding_box": [271, 844, 2028, 1023]}, {"label": "out of roi", "bounding_box": [0, 0, 2048, 1024]}]}