<annotation><filename>aachen_000072_000019_gtFine_boxes.jpg</filename><folder>CityScapes</folder><size><width>2048</width><height>1024</height><depth>3</depth></size><segmented>0</segmented><object><name>sidewalk</name><pose>Unspecified</pose><truncated>0</truncated><difficult>0</difficult><bndbox><xmin>1165</xmin><ymin>453</ymin><xmax>1248</xmax><ymax>463</ymax></bndbox></object><object><name>sky</name><pose>Unspecified</pose><truncated>0</truncated><difficult>0</difficult><bndbox><xmin>362</xmin><ymin>0</ymin><xmax>1565</xmax><ymax>431</ymax></bndbox></object><object><name>building</name><pose>Unspecified</pose><truncated>0</truncated><difficult>0</difficult><bndbox><xmin>851</xmin><ymin>236</ymin><xmax>1277</xmax><ymax>488</ymax></bndbox></object><object><name>sidewalk</name><pose>Unspecified</pose><truncated>0</truncated><difficult>0</difficult><bndbox><xmin>0</xmin><ymin>458</ymin><xmax>974</xmax><ymax>617</ymax></bndbox></object><object><name>sidewalk</name><pose>Unspecified</pose><truncated>0</truncated><difficult>0</difficult><bndbox><xmin>1153</xmin><ymin>458</ymin><xmax>2047</xmax><ymax>937</ymax></bndbox></object><object><name>road</name><pose>Unspecified</pose><truncated>0</truncated><difficult>0</difficult><bndbox><xmin>0</xmin><ymin>450</ymin><xmax>2047</xmax><ymax>1023</ymax></bndbox></object><object><name>vegetation</name><pose>Unspecified</pose><truncated>0</truncated><difficult>0</difficult><bndbox><xmin>866</xmin><ymin>236</ymin><xmax>1159</xmax><ymax>466</ymax></bndbox></object><object><name>wall</name><pose>Unspecified</pose><truncated>0</truncated><difficult>0</difficult><bndbox><xmin>1220</xmin><ymin>419</ymin><xmax>1249</xmax><ymax>453</ymax></bndbox></object><object><name>traffic sign</name><pose>Unspecified</pose><truncated>0</truncated><difficult>0</difficult><bndbox><xmin>1181</xmin><ymin>300</ymin><xmax>1247</xmax><ymax>369</ymax></bndbox></object><object><name>vegetation</name><pose>Unspecified</pose><truncated>0</truncated><difficult>0</difficult><bndbox><xmin>1109</xmin><ymin>40</ymin><xmax>1276</xmax><ymax>342</ymax></bndbox></object><object><name>building</name><pose>Unspecified</pose><truncated>0</truncated><difficult>0</difficult><bndbox><xmin>0</xmin><ymin>0</ymin><xmax>888</xmax><ymax>541</ymax></bndbox></object><object><name>bicycle</name><pose>Unspecified</pose><truncated>0</truncated><difficult>0</difficult><bndbox><xmin>257</xmin><ymin>471</ymin><xmax>318</xmax><ymax>535</ymax></bndbox></object><object><name>pole</name><pose>Unspecified</pose><truncated>0</truncated><difficult>0</difficult><bndbox><xmin>259</xmin><ymin>0</ymin><xmax>304</xmax><ymax>534</ymax></bndbox></object><object><name>sidewalk</name><pose>Unspecified</pose><truncated>0</truncated><difficult>0</difficult><bndbox><xmin>1165</xmin><ymin>453</ymin><xmax>1248</xmax><ymax>463</ymax></bndbox></object><object><name>person</name><pose>Unspecified</pose><truncated>0</truncated><difficult>0</difficult><bndbox><xmin>512</xmin><ymin>435</ymin><xmax>545</xmax><ymax>503</ymax></bndbox></object><object><name>static</name><pose>Unspecified</pose><truncated>0</truncated><difficult>0</difficult><bndbox><xmin>885</xmin><ymin>340</ymin><xmax>895</xmax><ymax>418</ymax></bndbox></object><object><name>traffic sign</name><pose>Unspecified</pose><truncated>0</truncated><difficult>0</difficult><bndbox><xmin>1084</xmin><ymin>391</ymin><xmax>1107</xmax><ymax>430</ymax></bndbox></object><object><name>traffic sign</name><pose>Unspecified</pose><truncated>0</truncated><difficult>0</difficult><bndbox><xmin>1215</xmin><ymin>354</ymin><xmax>1230</xmax><ymax>368</ymax></bndbox></object><object><name>vegetation</name><pose>Unspecified</pose><truncated>0</truncated><difficult>0</difficult><bndbox><xmin>1130</xmin><ymin>353</ymin><xmax>1183</xmax><ymax>440</ymax></bndbox></object><object><name>vegetation</name><pose>Unspecified</pose><truncated>0</truncated><difficult>0</difficult><bndbox><xmin>1221</xmin><ymin>397</ymin><xmax>1240</xmax><ymax>416</ymax></bndbox></object><object><name>car</name><pose>Unspecified</pose><truncated>0</truncated><difficult>0</difficult><bndbox><xmin>1167</xmin><ymin>434</ymin><xmax>1193</xmax><ymax>451</ymax></bndbox></object><object><name>car</name><pose>Unspecified</pose><truncated>0</truncated><difficult>0</difficult><bndbox><xmin>1147</xmin><ymin>432</ymin><xmax>1173</xmax><ymax>455</ymax></bndbox></object><object><name>pole</name><pose>Unspecified</pose><truncated>0</truncated><difficult>0</difficult><bndbox><xmin>1134</xmin><ymin>403</ymin><xmax>1174</xmax><ymax>437</ymax></bndbox></object><object><name>car</name><pose>Unspecified</pose><truncated>0</truncated><difficult>0</difficult><bndbox><xmin>1119</xmin><ymin>431</ymin><xmax>1157</xmax><ymax>459</ymax></bndbox></object><object><name>car</name><pose>Unspecified</pose><truncated>0</truncated><difficult>0</difficult><bndbox><xmin>955</xmin><ymin>432</ymin><xmax>1004</xmax><ymax>478</ymax></bndbox></object><object><name>pole</name><pose>Unspecified</pose><truncated>0</truncated><difficult>0</difficult><bndbox><xmin>1233</xmin><ymin>356</ymin><xmax>1243</xmax><ymax>453</ymax></bndbox></object><object><name>person</name><pose>Unspecified</pose><truncated>0</truncated><difficult>0</difficult><bndbox><xmin>1214</xmin><ymin>407</ymin><xmax>1230</xmax><ymax>455</ymax></bndbox></object><object><name>traffic light</name><pose>Unspecified</pose><truncated>0</truncated><difficult>0</difficult><bndbox><xmin>1169</xmin><ymin>399</ymin><xmax>1177</xmax><ymax>405</ymax></bndbox></object><object><name>building</name><pose>Unspecified</pose><truncated>0</truncated><difficult>0</difficult><bndbox><xmin>1232</xmin><ymin>0</ymin><xmax>2047</xmax><ymax>601</ymax></bndbox></object><object><name>traffic sign</name><pose>Unspecified</pose><truncated>0</truncated><difficult>0</difficult><bndbox><xmin>1127</xmin><ymin>422</ymin><xmax>1141</xmax><ymax>431</ymax></bndbox></object><object><name>traffic sign</name><pose>Unspecified</pose><truncated>0</truncated><difficult>0</difficult><bndbox><xmin>1185</xmin><ymin>378</ymin><xmax>1216</xmax><ymax>406</ymax></bndbox></object><object><name>static</name><pose>Unspecified</pose><truncated>0</truncated><difficult>0</difficult><bndbox><xmin>866</xmin><ymin>410</ymin><xmax>877</xmax><ymax>424</ymax></bndbox></object><object><name>pole</name><pose>Unspecified</pose><truncated>0</truncated><difficult>0</difficult><bndbox><xmin>1163</xmin><ymin>0</ymin><xmax>1188</xmax><ymax>480</ymax></bndbox></object><object><name>pole</name><pose>Unspecified</pose><truncated>0</truncated><difficult>0</difficult><bndbox><xmin>1036</xmin><ymin>257</ymin><xmax>1203</xmax><ymax>485</ymax></bndbox></object><object><name>traffic sign</name><pose>Unspecified</pose><truncated>0</truncated><difficult>0</difficult><bndbox><xmin>1178</xmin><ymin>301</ymin><xmax>1205</xmax><ymax>326</ymax></bndbox></object><object><name>traffic sign</name><pose>Unspecified</pose><truncated>0</truncated><difficult>0</difficult><bndbox><xmin>1180</xmin><ymin>329</ymin><xmax>1206</xmax><ymax>354</ymax></bndbox></object><object><name>traffic light</name><pose>Unspecified</pose><truncated>0</truncated><difficult>0</difficult><bndbox><xmin>1172</xmin><ymin>351</ymin><xmax>1206</xmax><ymax>394</ymax></bndbox></object><object><name>pole</name><pose>Unspecified</pose><truncated>0</truncated><difficult>0</difficult><bndbox><xmin>709</xmin><ymin>314</ymin><xmax>817</xmax><ymax>464</ymax></bndbox></object><object><name>pole</name><pose>Unspecified</pose><truncated>0</truncated><difficult>0</difficult><bndbox><xmin>562</xmin><ymin>405</ymin><xmax>572</xmax><ymax>504</ymax></bndbox></object><object><name>traffic light</name><pose>Unspecified</pose><truncated>0</truncated><difficult>0</difficult><bndbox><xmin>557</xmin><ymin>366</ymin><xmax>584</xmax><ymax>404</ymax></bndbox></object><object><name>traffic sign</name><pose>Unspecified</pose><truncated>0</truncated><difficult>0</difficult><bndbox><xmin>552</xmin><ymin>336</ymin><xmax>580</xmax><ymax>362</ymax></bndbox></object><object><name>static</name><pose>Unspecified</pose><truncated>0</truncated><difficult>0</difficult><bndbox><xmin>642</xmin><ymin>373</ymin><xmax>662</xmax><ymax>392</ymax></bndbox></object><object><name>sidewalk</name><pose>Unspecified</pose><truncated>0</truncated><difficult>0</difficult><bndbox><xmin>598</xmin><ymin>491</ymin><xmax>617</xmax><ymax>495</ymax></bndbox></object><object><name>pole</name><pose>Unspecified</pose><truncated>0</truncated><difficult>0</difficult><bndbox><xmin>1624</xmin><ymin>0</ymin><xmax>1680</xmax><ymax>615</ymax></bndbox></object><object><name>static</name><pose>Unspecified</pose><truncated>0</truncated><difficult>0</difficult><bndbox><xmin>736</xmin><ymin>376</ymin><xmax>756</xmax><ymax>398</ymax></bndbox></object><object><name>static</name><pose>Unspecified</pose><truncated>0</truncated><difficult>0</difficult><bndbox><xmin>684</xmin><ymin>368</ymin><xmax>715</xmax><ymax>380</ymax></bndbox></object><object><name>static</name><pose>Unspecified</pose><truncated>0</truncated><difficult>0</difficult><bndbox><xmin>876</xmin><ymin>426</ymin><xmax>906</xmax><ymax>470</ymax></bndbox></object><object><name>person</name><pose>Unspecified</pose><truncated>0</truncated><difficult>0</difficult><bndbox><xmin>1263</xmin><ymin>391</ymin><xmax>1324</xmax><ymax>505</ymax></bndbox></object><object><name>traffic light</name><pose>Unspecified</pose><truncated>0</truncated><difficult>0</difficult><bndbox><xmin>814</xmin><ymin>303</ymin><xmax>824</xmax><ymax>332</ymax></bndbox></object><object><name>person</name><pose>Unspecified</pose><truncated>0</truncated><difficult>0</difficult><bndbox><xmin>906</xmin><ymin>440</ymin><xmax>918</xmax><ymax>468</ymax></bndbox></object><object><name>car</name><pose>Unspecified</pose><truncated>0</truncated><difficult>0</difficult><bndbox><xmin>752</xmin><ymin>441</ymin><xmax>819</xmax><ymax>492</ymax></bndbox></object><object><name>car</name><pose>Unspecified</pose><truncated>0</truncated><difficult>0</difficult><bndbox><xmin>609</xmin><ymin>439</ymin><xmax>727</xmax><ymax>512</ymax></bndbox></object><object><name>car</name><pose>Unspecified</pose><truncated>0</truncated><difficult>0</difficult><bndbox><xmin>949</xmin><ymin>432</ymin><xmax>1004</xmax><ymax>479</ymax></bndbox></object><object><name>car</name><pose>Unspecified</pose><truncated>0</truncated><difficult>0</difficult><bndbox><xmin>983</xmin><ymin>402</ymin><xmax>1118</xmax><ymax>529</ymax></bndbox></object><object><name>license plate</name><pose>Unspecified</pose><truncated>0</truncated><difficult>0</difficult><bndbox><xmin>1130</xmin><ymin>443</ymin><xmax>1137</xmax><ymax>447</ymax></bndbox></object><object><name>building</name><pose>Unspecified</pose><truncated>0</truncated><difficult>0</difficult><bndbox><xmin>876</xmin><ymin>426</ymin><xmax>906</xmax><ymax>470</ymax></bndbox></object><object><name>traffic sign</name><pose>Unspecified</pose><truncated>0</truncated><difficult>0</difficult><bndbox><xmin>891</xmin><ymin>418</ymin><xmax>901</xmax><ymax>431</ymax></bndbox></object><object><name>static</name><pose>Unspecified</pose><truncated>0</truncated><difficult>0</difficult><bndbox><xmin>535</xmin><ymin>451</ymin><xmax>558</xmax><ymax>498</ymax></bndbox></object><object><name>license plate</name><pose>Unspecified</pose><truncated>0</truncated><difficult>0</difficult><bndbox><xmin>643</xmin><ymin>486</ymin><xmax>667</xmax><ymax>492</ymax></bndbox></object><object><name>license plate</name><pose>Unspecified</pose><truncated>0</truncated><difficult>0</difficult><bndbox><xmin>1032</xmin><ymin>485</ymin><xmax>1074</xmax><ymax>493</ymax></bndbox></object><object><name>license plate</name><pose>Unspecified</pose><truncated>0</truncated><difficult>0</difficult><bndbox><xmin>771</xmin><ymin>476</ymin><xmax>789</xmax><ymax>480</ymax></bndbox></object><object><name>license plate</name><pose>Unspecified</pose><truncated>0</truncated><difficult>0</difficult><bndbox><xmin>968</xmin><ymin>463</ymin><xmax>987</xmax><ymax>467</ymax></bndbox></object><object><name>traffic light</name><pose>Unspecified</pose><truncated>0</truncated><difficult>0</difficult><bndbox><xmin>1019</xmin><ymin>239</ymin><xmax>1041</xmax><ymax>279</ymax></bndbox></object><object><name>ego vehicle</name><pose>Unspecified</pose><truncated>0</truncated><difficult>0</difficult><bndbox><xmin>271</xmin><ymin>844</ymin><xmax>2028</xmax><ymax>1023</ymax></bndbox></object><object><name>out of roi</name><pose>Unspecified</pose><truncated>0</truncated><difficult>0</difficult><bndbox><xmin>0</xmin><ymin>0</ymin><xmax>2048</xmax><ymax>1024</ymax></bndbox></object></annotation>