{"imgHeight": 1024, "imgWidth": 2048, "objects": [{"label": "building", "bounding_box": [0, 0, 2047, 694]}, {"label": "road", "bounding_box": [0, 471, 2047, 1023]}, {"label": "sidewalk", "bounding_box": [854, 462, 2047, 984]}, {"label": "sidewalk", "bounding_box": [81, 556, 199, 647]}, {"label": "parking", "bounding_box": [0, 451, 865, 765]}, {"label": "static", "bounding_box": [477, 138, 512, 184]}, {"label": "static", "bounding_box": [553, 272, 587, 309]}, {"label": "static", "bounding_box": [543, 84, 593, 282]}, {"label": "sky", "bounding_box": [843, 0, 1145, 94]}, {"label": "person", "bounding_box": [877, 429, 890, 464]}, {"label": "person", "bounding_box": [893, 429, 906, 470]}, {"label": "person", "bounding_box": [913, 430, 927, 476]}, {"label": "person", "bounding_box": [927, 426, 942, 472]}, {"label": "pole", "bounding_box": [743, 293, 771, 450]}, {"label": "vegetation", "bounding_box": [0, 0, 1188, 503]}, {"label": "vegetation", "bounding_box": [863, 461, 895, 478]}, {"label": "pole", "bounding_box": [877, 456, 880, 477]}, {"label": "pole", "bounding_box": [900, 460, 903, 477]}, {"label": "pole", "bounding_box": [923, 458, 926, 478]}, {"label": "pole", "bounding_box": [931, 454, 938, 477]}, {"label": "pole", "bounding_box": [947, 453, 951, 478]}, {"label": "pole", "bounding_box": [956, 455, 961, 478]}, {"label": "pole", "bounding_box": [968, 454, 972, 478]}, {"label": "static", "bounding_box": [1126, 362, 1151, 374]}, {"label": "vegetation", "bounding_box": [963, 444, 1111, 484]}, {"label": "pole", "bounding_box": [1016, 295, 1046, 481]}, {"label": "traffic sign", "bounding_box": [1033, 380, 1046, 394]}, {"label": "static", "bounding_box": [1063, 397, 1108, 479]}, {"label": "pole", "bounding_box": [1120, 451, 1125, 487]}, {"label": "pole", "bounding_box": [1139, 375, 1145, 463]}, {"label": "traffic sign", "bounding_box": [1129, 370, 1148, 390]}, {"label": "pole", "bounding_box": [1153, 373, 1158, 448]}, {"label": "traffic sign", "bounding_box": [1149, 368, 1156, 389]}, {"label": "pole", "bounding_box": [1122, 239, 1162, 465]}, {"label": "motorcycle", "bounding_box": [1143, 442, 1179, 490]}, {"label": "static", "bounding_box": [1127, 428, 1139, 451]}, {"label": "pole", "bounding_box": [1129, 459, 1135, 489]}, {"label": "pole", "bounding_box": [1141, 463, 1147, 491]}, {"label": "traffic sign", "bounding_box": [1146, 339, 1172, 363]}, {"label": "pole", "bounding_box": [1159, 456, 1168, 495]}, {"label": "pole", "bounding_box": [1192, 454, 1200, 502]}, {"label": "pole", "bounding_box": [1202, 454, 1209, 507]}, {"label": "pole", "bounding_box": [1214, 334, 1222, 481]}, {"label": "traffic sign", "bounding_box": [1217, 339, 1236, 346]}, {"label": "traffic sign", "bounding_box": [1209, 357, 1220, 379]}, {"label": "traffic sign", "bounding_box": [1209, 379, 1221, 399]}, {"label": "pole", "bounding_box": [1211, 455, 1220, 510]}, {"label": "pole", "bounding_box": [1222, 455, 1231, 513]}, {"label": "pole", "bounding_box": [1235, 455, 1243, 519]}, {"label": "pole", "bounding_box": [1248, 455, 1260, 525]}, {"label": "pole", "bounding_box": [1209, 71, 1287, 468]}, {"label": "bicycle", "bounding_box": [1270, 430, 1321, 532]}, {"label": "pole", "bounding_box": [1278, 459, 1294, 537]}, {"label": "pole", "bounding_box": [1302, 462, 1317, 545]}, {"label": "static", "bounding_box": [667, 414, 675, 427]}, {"label": "pole", "bounding_box": [1325, 464, 1344, 554]}, {"label": "pole", "bounding_box": [1354, 465, 1374, 568]}, {"label": "pole", "bounding_box": [1390, 476, 1423, 583]}, {"label": "pole", "bounding_box": [1451, 471, 1479, 600]}, {"label": "pole", "bounding_box": [1513, 476, 1553, 629]}, {"label": "static", "bounding_box": [1475, 86, 1547, 214]}, {"label": "static", "bounding_box": [1643, 0, 1736, 70]}, {"label": "bicycle", "bounding_box": [1616, 450, 1795, 681]}, {"label": "pole", "bounding_box": [1599, 0, 1639, 665]}, {"label": "traffic sign", "bounding_box": [1563, 59, 1651, 148]}, {"label": "pole", "bounding_box": [1744, 497, 1797, 721]}, {"label": "pole", "bounding_box": [1987, 511, 2045, 808]}, {"label": "car", "bounding_box": [837, 443, 870, 501]}, {"label": "car", "bounding_box": [776, 432, 857, 513]}, {"label": "terrain", "bounding_box": [799, 502, 840, 521]}, {"label": "traffic sign", "bounding_box": [681, 400, 699, 409]}, {"label": "traffic sign", "bounding_box": [665, 407, 694, 418]}, {"label": "vegetation", "bounding_box": [801, 465, 840, 510]}, {"label": "car", "bounding_box": [724, 438, 813, 529]}, {"label": "static", "bounding_box": [694, 380, 707, 395]}, {"label": "pole", "bounding_box": [700, 378, 708, 450]}, {"label": "pole", "bounding_box": [694, 401, 697, 443]}, {"label": "static", "bounding_box": [654, 413, 659, 429]}, {"label": "static", "bounding_box": [690, 400, 718, 411]}, {"label": "pole", "bounding_box": [678, 413, 683, 444]}, {"label": "static", "bounding_box": [549, 368, 573, 391]}, {"label": "vegetation", "bounding_box": [552, 313, 610, 420]}, {"label": "static", "bounding_box": [602, 383, 621, 402]}, {"label": "pole", "bounding_box": [610, 413, 615, 443]}, {"label": "traffic sign", "bounding_box": [602, 406, 621, 426]}, {"label": "pole", "bounding_box": [630, 337, 647, 442]}, {"label": "traffic sign", "bounding_box": [635, 424, 644, 439]}, {"label": "traffic sign", "bounding_box": [659, 420, 667, 443]}, {"label": "traffic sign", "bounding_box": [595, 426, 605, 434]}, {"label": "car", "bounding_box": [645, 438, 770, 547]}, {"label": "static", "bounding_box": [478, 191, 512, 220]}, {"label": "static", "bounding_box": [478, 233, 513, 271]}, {"label": "pole", "bounding_box": [626, 180, 676, 443]}, {"label": "car", "bounding_box": [466, 435, 694, 572]}, {"label": "terrain", "bounding_box": [434, 556, 594, 600]}, {"label": "license plate", "bounding_box": [531, 510, 557, 521]}, {"label": "vegetation", "bounding_box": [478, 511, 592, 583]}, {"label": "car", "bounding_box": [163, 436, 498, 641]}, {"label": "license plate", "bounding_box": [229, 574, 305, 592]}, {"label": "car", "bounding_box": [0, 431, 133, 710]}, {"label": "static", "bounding_box": [653, 221, 676, 252]}, {"label": "static", "bounding_box": [1016, 317, 1028, 338]}, {"label": "static", "bounding_box": [1122, 271, 1141, 294]}, {"label": "static", "bounding_box": [1209, 132, 1243, 171]}, {"label": "ego vehicle", "bounding_box": [271, 844, 2028, 1023]}, {"label": "out of roi", "bounding_box": [0, 0, 2048, 1024]}]}