<annotation><filename>aachen_000160_000019_gtFine_boxes.jpg</filename><folder>CityScapes</folder><size><width>2048</width><height>1024</height><depth>3</depth></size><segmented>0</segmented><object><name>sky</name><pose>Unspecified</pose><truncated>0</truncated><difficult>0</difficult><bndbox><xmin>492</xmin><ymin>0</ymin><xmax>897</xmax><ymax>176</ymax></bndbox></object><object><name>road</name><pose>Unspecified</pose><truncated>0</truncated><difficult>0</difficult><bndbox><xmin>0</xmin><ymin>382</ymin><xmax>2047</xmax><ymax>1023</ymax></bndbox></object><object><name>ground</name><pose>Unspecified</pose><truncated>0</truncated><difficult>0</difficult><bndbox><xmin>898</xmin><ymin>430</ymin><xmax>2047</xmax><ymax>929</ymax></bndbox></object><object><name>vegetation</name><pose>Unspecified</pose><truncated>0</truncated><difficult>0</difficult><bndbox><xmin>700</xmin><ymin>0</ymin><xmax>2047</xmax><ymax>885</ymax></bndbox></object><object><name>sidewalk</name><pose>Unspecified</pose><truncated>0</truncated><difficult>0</difficult><bndbox><xmin>0</xmin><ymin>386</ymin><xmax>867</xmax><ymax>763</ymax></bndbox></object><object><name>pole</name><pose>Unspecified</pose><truncated>0</truncated><difficult>0</difficult><bndbox><xmin>757</xmin><ymin>397</ymin><xmax>761</xmax><ymax>426</ymax></bndbox></object><object><name>building</name><pose>Unspecified</pose><truncated>0</truncated><difficult>0</difficult><bndbox><xmin>0</xmin><ymin>0</ymin><xmax>752</xmax><ymax>532</ymax></bndbox></object><object><name>fence</name><pose>Unspecified</pose><truncated>0</truncated><difficult>0</difficult><bndbox><xmin>442</xmin><ymin>420</ymin><xmax>694</xmax><ymax>489</ymax></bndbox></object><object><name>fence</name><pose>Unspecified</pose><truncated>0</truncated><difficult>0</difficult><bndbox><xmin>0</xmin><ymin>379</ymin><xmax>206</xmax><ymax>529</ymax></bndbox></object><object><name>vegetation</name><pose>Unspecified</pose><truncated>0</truncated><difficult>0</difficult><bndbox><xmin>0</xmin><ymin>318</ymin><xmax>739</xmax><ymax>613</ymax></bndbox></object><object><name>vegetation</name><pose>Unspecified</pose><truncated>0</truncated><difficult>0</difficult><bndbox><xmin>0</xmin><ymin>0</ymin><xmax>794</xmax><ymax>574</ymax></bndbox></object><object><name>car</name><pose>Unspecified</pose><truncated>0</truncated><difficult>0</difficult><bndbox><xmin>849</xmin><ymin>423</ymin><xmax>876</xmax><ymax>444</ymax></bndbox></object><object><name>person</name><pose>Unspecified</pose><truncated>0</truncated><difficult>0</difficult><bndbox><xmin>748</xmin><ymin>410</ymin><xmax>767</xmax><ymax>452</ymax></bndbox></object><object><name>car</name><pose>Unspecified</pose><truncated>0</truncated><difficult>0</difficult><bndbox><xmin>865</xmin><ymin>425</ymin><xmax>901</xmax><ymax>452</ymax></bndbox></object><object><name>car</name><pose>Unspecified</pose><truncated>0</truncated><difficult>0</difficult><bndbox><xmin>880</xmin><ymin>434</ymin><xmax>923</xmax><ymax>461</ymax></bndbox></object><object><name>car</name><pose>Unspecified</pose><truncated>0</truncated><difficult>0</difficult><bndbox><xmin>891</xmin><ymin>438</ymin><xmax>936</xmax><ymax>468</ymax></bndbox></object><object><name>car</name><pose>Unspecified</pose><truncated>0</truncated><difficult>0</difficult><bndbox><xmin>959</xmin><ymin>473</ymin><xmax>1020</xmax><ymax>516</ymax></bndbox></object><object><name>car</name><pose>Unspecified</pose><truncated>0</truncated><difficult>0</difficult><bndbox><xmin>967</xmin><ymin>476</ymin><xmax>1036</xmax><ymax>528</ymax></bndbox></object><object><name>car</name><pose>Unspecified</pose><truncated>0</truncated><difficult>0</difficult><bndbox><xmin>984</xmin><ymin>478</ymin><xmax>1033</xmax><ymax>543</ymax></bndbox></object><object><name>car</name><pose>Unspecified</pose><truncated>0</truncated><difficult>0</difficult><bndbox><xmin>1005</xmin><ymin>470</ymin><xmax>1062</xmax><ymax>560</ymax></bndbox></object><object><name>pole</name><pose>Unspecified</pose><truncated>0</truncated><difficult>0</difficult><bndbox><xmin>777</xmin><ymin>303</ymin><xmax>783</xmax><ymax>484</ymax></bndbox></object><object><name>car</name><pose>Unspecified</pose><truncated>0</truncated><difficult>0</difficult><bndbox><xmin>1020</xmin><ymin>449</ymin><xmax>1133</xmax><ymax>586</ymax></bndbox></object><object><name>car</name><pose>Unspecified</pose><truncated>0</truncated><difficult>0</difficult><bndbox><xmin>1069</xmin><ymin>441</ymin><xmax>1276</xmax><ymax>612</ymax></bndbox></object><object><name>pole</name><pose>Unspecified</pose><truncated>0</truncated><difficult>0</difficult><bndbox><xmin>735</xmin><ymin>287</ymin><xmax>743</xmax><ymax>532</ymax></bndbox></object><object><name>rider</name><pose>Unspecified</pose><truncated>0</truncated><difficult>0</difficult><bndbox><xmin>737</xmin><ymin>434</ymin><xmax>785</xmax><ymax>549</ymax></bndbox></object><object><name>bicycle</name><pose>Unspecified</pose><truncated>0</truncated><difficult>0</difficult><bndbox><xmin>740</xmin><ymin>484</ymin><xmax>779</xmax><ymax>573</ymax></bndbox></object><object><name>license plate</name><pose>Unspecified</pose><truncated>0</truncated><difficult>0</difficult><bndbox><xmin>1149</xmin><ymin>546</ymin><xmax>1218</xmax><ymax>560</ymax></bndbox></object><object><name>pole</name><pose>Unspecified</pose><truncated>0</truncated><difficult>0</difficult><bndbox><xmin>1406</xmin><ymin>231</ymin><xmax>1428</xmax><ymax>557</ymax></bndbox></object><object><name>traffic sign</name><pose>Unspecified</pose><truncated>0</truncated><difficult>0</difficult><bndbox><xmin>1393</xmin><ymin>202</ymin><xmax>1446</xmax><ymax>258</ymax></bndbox></object><object><name>pole</name><pose>Unspecified</pose><truncated>0</truncated><difficult>0</difficult><bndbox><xmin>958</xmin><ymin>415</ymin><xmax>963</xmax><ymax>462</ymax></bndbox></object><object><name>traffic sign</name><pose>Unspecified</pose><truncated>0</truncated><difficult>0</difficult><bndbox><xmin>955</xmin><ymin>410</ymin><xmax>964</xmax><ymax>418</ymax></bndbox></object><object><name>terrain</name><pose>Unspecified</pose><truncated>0</truncated><difficult>0</difficult><bndbox><xmin>623</xmin><ymin>503</ymin><xmax>742</xmax><ymax>547</ymax></bndbox></object><object><name>pole</name><pose>Unspecified</pose><truncated>0</truncated><difficult>0</difficult><bndbox><xmin>769</xmin><ymin>353</ymin><xmax>773</xmax><ymax>443</ymax></bndbox></object><object><name>vegetation</name><pose>Unspecified</pose><truncated>0</truncated><difficult>0</difficult><bndbox><xmin>444</xmin><ymin>302</ymin><xmax>687</xmax><ymax>432</ymax></bndbox></object><object><name>vegetation</name><pose>Unspecified</pose><truncated>0</truncated><difficult>0</difficult><bndbox><xmin>256</xmin><ymin>297</ymin><xmax>447</xmax><ymax>467</ymax></bndbox></object><object><name>ego vehicle</name><pose>Unspecified</pose><truncated>0</truncated><difficult>0</difficult><bndbox><xmin>271</xmin><ymin>844</ymin><xmax>2028</xmax><ymax>1023</ymax></bndbox></object><object><name>out of roi</name><pose>Unspecified</pose><truncated>0</truncated><difficult>0</difficult><bndbox><xmin>0</xmin><ymin>0</ymin><xmax>2048</xmax><ymax>1024</ymax></bndbox></object></annotation>