{"imgHeight": 1024, "imgWidth": 2048, "objects": [{"label": "sky", "bounding_box": [0, 0, 2047, 351]}, {"label": "road", "bounding_box": [0, 438, 2047, 1023]}, {"label": "building", "bounding_box": [0, 331, 420, 479]}, {"label": "building", "bounding_box": [680, 0, 2047, 510]}, {"label": "person", "bounding_box": [1641, 420, 1663, 449]}, {"label": "wall", "bounding_box": [0, 464, 237, 485]}, {"label": "vegetation", "bounding_box": [0, 0, 1903, 495]}, {"label": "sidewalk", "bounding_box": [711, 467, 2047, 532]}, {"label": "wall", "bounding_box": [904, 429, 1159, 474]}, {"label": "sidewalk", "bounding_box": [1549, 552, 2047, 827]}, {"label": "pole", "bounding_box": [1044, 256, 1052, 476]}, {"label": "bicyclegroup", "bounding_box": [1029, 455, 1086, 485]}, {"label": "fence", "bounding_box": [1062, 444, 1458, 477]}, {"label": "terrain", "bounding_box": [1161, 442, 2047, 471]}, {"label": "wall", "bounding_box": [1161, 450, 1873, 501]}, {"label": "sidewalk", "bounding_box": [0, 463, 568, 533]}, {"label": "person", "bounding_box": [1765, 407, 1801, 472]}, {"label": "person", "bounding_box": [1788, 410, 1878, 463]}, {"label": "dynamic", "bounding_box": [983, 466, 998, 490]}, {"label": "person", "bounding_box": [993, 422, 1029, 490]}, {"label": "bus", "bounding_box": [407, 417, 549, 476]}, {"label": "person", "bounding_box": [754, 448, 764, 473]}, {"label": "persongroup", "bounding_box": [843, 437, 865, 477]}, {"label": "person", "bounding_box": [924, 406, 986, 511]}, {"label": "wall", "bounding_box": [1063, 474, 1162, 489]}, {"label": "person", "bounding_box": [924, 406, 986, 511]}, {"label": "person", "bounding_box": [948, 401, 992, 513]}, {"label": "bicycle", "bounding_box": [708, 415, 946, 589]}, {"label": "rider", "bounding_box": [751, 316, 867, 573]}, {"label": "person", "bounding_box": [599, 229, 856, 809]}, {"label": "pole", "bounding_box": [1909, 0, 1980, 453]}, {"label": "pole", "bounding_box": [1095, 251, 1104, 513]}, {"label": "pole", "bounding_box": [1024, 264, 1034, 468]}, {"label": "pole", "bounding_box": [1034, 261, 1043, 454]}, {"label": "pole", "bounding_box": [423, 267, 435, 471]}, {"label": "pole", "bounding_box": [541, 115, 559, 425]}, {"label": "pole", "bounding_box": [576, 245, 587, 350]}, {"label": "terrain", "bounding_box": [0, 475, 414, 521]}, {"label": "pole", "bounding_box": [589, 297, 599, 339]}, {"label": "traffic light", "bounding_box": [1892, 265, 1925, 318]}, {"label": "traffic light", "bounding_box": [1931, 240, 1973, 328]}, {"label": "traffic light", "bounding_box": [429, 292, 467, 358]}, {"label": "traffic sign", "bounding_box": [1854, 225, 1916, 239]}, {"label": "traffic light", "bounding_box": [1063, 302, 1097, 342]}, {"label": "traffic sign", "bounding_box": [1084, 316, 1120, 358]}, {"label": "pole", "bounding_box": [404, 449, 413, 479]}, {"label": "static", "bounding_box": [533, 340, 547, 364]}, {"label": "static", "bounding_box": [1089, 424, 1118, 467]}, {"label": "static", "bounding_box": [1327, 306, 1429, 523]}, {"label": "person", "bounding_box": [1016, 426, 1038, 491]}, {"label": "pole", "bounding_box": [368, 429, 375, 472]}, {"label": "static", "bounding_box": [368, 428, 386, 437]}, {"label": "static", "bounding_box": [1662, 438, 1685, 493]}, {"label": "static", "bounding_box": [374, 461, 405, 475]}, {"label": "static", "bounding_box": [330, 470, 387, 478]}, {"label": "bicycle", "bounding_box": [387, 416, 580, 573]}, {"label": "persongroup", "bounding_box": [520, 444, 546, 476]}, {"label": "person", "bounding_box": [491, 256, 806, 852]}, {"label": "rider", "bounding_box": [418, 331, 546, 569]}, {"label": "terrain", "bounding_box": [1693, 613, 2047, 789]}, {"label": "vegetation", "bounding_box": [1714, 432, 2047, 722]}, {"label": "person", "bounding_box": [1744, 410, 1780, 473]}, {"label": "person", "bounding_box": [1812, 410, 1841, 463]}, {"label": "person", "bounding_box": [1788, 411, 1821, 459]}, {"label": "pole", "bounding_box": [260, 448, 268, 486]}, {"label": "pole", "bounding_box": [295, 446, 305, 499]}, {"label": "pole", "bounding_box": [305, 455, 316, 499]}, {"label": "pole", "bounding_box": [156, 470, 166, 504]}, {"label": "pole", "bounding_box": [162, 447, 169, 502]}, {"label": "pole", "bounding_box": [48, 451, 56, 495]}, {"label": "pole", "bounding_box": [39, 454, 47, 491]}, {"label": "pole", "bounding_box": [8, 451, 21, 487]}, {"label": "pole", "bounding_box": [95, 452, 103, 487]}, {"label": "pole", "bounding_box": [376, 451, 380, 481]}, {"label": "ego vehicle", "bounding_box": [271, 844, 2028, 1023]}, {"label": "out of roi", "bounding_box": [0, 0, 2048, 1024]}]}