<annotation><filename>aachen_000136_000019_gtFine_boxes.jpg</filename><folder>CityScapes</folder><size><width>2048</width><height>1024</height><depth>3</depth></size><segmented>0</segmented><object><name>sky</name><pose>Unspecified</pose><truncated>0</truncated><difficult>0</difficult><bndbox><xmin>772</xmin><ymin>0</ymin><xmax>1635</xmax><ymax>307</ymax></bndbox></object><object><name>road</name><pose>Unspecified</pose><truncated>0</truncated><difficult>0</difficult><bndbox><xmin>0</xmin><ymin>393</ymin><xmax>2047</xmax><ymax>1023</ymax></bndbox></object><object><name>vegetation</name><pose>Unspecified</pose><truncated>0</truncated><difficult>0</difficult><bndbox><xmin>0</xmin><ymin>0</ymin><xmax>1240</xmax><ymax>589</ymax></bndbox></object><object><name>building</name><pose>Unspecified</pose><truncated>0</truncated><difficult>0</difficult><bndbox><xmin>1165</xmin><ymin>0</ymin><xmax>2047</xmax><ymax>587</ymax></bndbox></object><object><name>static</name><pose>Unspecified</pose><truncated>0</truncated><difficult>0</difficult><bndbox><xmin>1062</xmin><ymin>409</ymin><xmax>1082</xmax><ymax>419</ymax></bndbox></object><object><name>static</name><pose>Unspecified</pose><truncated>0</truncated><difficult>0</difficult><bndbox><xmin>1073</xmin><ymin>395</ymin><xmax>1085</xmax><ymax>417</ymax></bndbox></object><object><name>static</name><pose>Unspecified</pose><truncated>0</truncated><difficult>0</difficult><bndbox><xmin>1124</xmin><ymin>411</ymin><xmax>1138</xmax><ymax>435</ymax></bndbox></object><object><name>car</name><pose>Unspecified</pose><truncated>0</truncated><difficult>0</difficult><bndbox><xmin>1106</xmin><ymin>419</ymin><xmax>1130</xmax><ymax>435</ymax></bndbox></object><object><name>pole</name><pose>Unspecified</pose><truncated>0</truncated><difficult>0</difficult><bndbox><xmin>1123</xmin><ymin>388</ymin><xmax>1127</xmax><ymax>432</ymax></bndbox></object><object><name>traffic sign</name><pose>Unspecified</pose><truncated>0</truncated><difficult>0</difficult><bndbox><xmin>1119</xmin><ymin>390</ymin><xmax>1131</xmax><ymax>403</ymax></bndbox></object><object><name>car</name><pose>Unspecified</pose><truncated>0</truncated><difficult>0</difficult><bndbox><xmin>1101</xmin><ymin>430</ymin><xmax>1130</xmax><ymax>450</ymax></bndbox></object><object><name>vegetation</name><pose>Unspecified</pose><truncated>0</truncated><difficult>0</difficult><bndbox><xmin>1126</xmin><ymin>427</ymin><xmax>1146</xmax><ymax>437</ymax></bndbox></object><object><name>pole</name><pose>Unspecified</pose><truncated>0</truncated><difficult>0</difficult><bndbox><xmin>1289</xmin><ymin>287</ymin><xmax>1319</xmax><ymax>430</ymax></bndbox></object><object><name>pole</name><pose>Unspecified</pose><truncated>0</truncated><difficult>0</difficult><bndbox><xmin>1130</xmin><ymin>386</ymin><xmax>1142</xmax><ymax>437</ymax></bndbox></object><object><name>car</name><pose>Unspecified</pose><truncated>0</truncated><difficult>0</difficult><bndbox><xmin>1117</xmin><ymin>434</ymin><xmax>1154</xmax><ymax>474</ymax></bndbox></object><object><name>pole</name><pose>Unspecified</pose><truncated>0</truncated><difficult>0</difficult><bndbox><xmin>1156</xmin><ymin>373</ymin><xmax>1170</xmax><ymax>442</ymax></bndbox></object><object><name>cargroup</name><pose>Unspecified</pose><truncated>0</truncated><difficult>0</difficult><bndbox><xmin>1118</xmin><ymin>438</ymin><xmax>1169</xmax><ymax>479</ymax></bndbox></object><object><name>car</name><pose>Unspecified</pose><truncated>0</truncated><difficult>0</difficult><bndbox><xmin>1130</xmin><ymin>439</ymin><xmax>1173</xmax><ymax>485</ymax></bndbox></object><object><name>static</name><pose>Unspecified</pose><truncated>0</truncated><difficult>0</difficult><bndbox><xmin>1144</xmin><ymin>308</ymin><xmax>1173</xmax><ymax>351</ymax></bndbox></object><object><name>car</name><pose>Unspecified</pose><truncated>0</truncated><difficult>0</difficult><bndbox><xmin>1157</xmin><ymin>437</ymin><xmax>1218</xmax><ymax>505</ymax></bndbox></object><object><name>static</name><pose>Unspecified</pose><truncated>0</truncated><difficult>0</difficult><bndbox><xmin>1280</xmin><ymin>353</ymin><xmax>1308</xmax><ymax>382</ymax></bndbox></object><object><name>car</name><pose>Unspecified</pose><truncated>0</truncated><difficult>0</difficult><bndbox><xmin>1278</xmin><ymin>423</ymin><xmax>1425</xmax><ymax>559</ymax></bndbox></object><object><name>car</name><pose>Unspecified</pose><truncated>0</truncated><difficult>0</difficult><bndbox><xmin>1356</xmin><ymin>413</ymin><xmax>1590</xmax><ymax>600</ymax></bndbox></object><object><name>car</name><pose>Unspecified</pose><truncated>0</truncated><difficult>0</difficult><bndbox><xmin>1500</xmin><ymin>414</ymin><xmax>1843</xmax><ymax>657</ymax></bndbox></object><object><name>car</name><pose>Unspecified</pose><truncated>0</truncated><difficult>0</difficult><bndbox><xmin>1651</xmin><ymin>357</ymin><xmax>2047</xmax><ymax>797</ymax></bndbox></object><object><name>rider</name><pose>Unspecified</pose><truncated>0</truncated><difficult>0</difficult><bndbox><xmin>1090</xmin><ymin>437</ymin><xmax>1104</xmax><ymax>472</ymax></bndbox></object><object><name>bicycle</name><pose>Unspecified</pose><truncated>0</truncated><difficult>0</difficult><bndbox><xmin>1094</xmin><ymin>456</ymin><xmax>1101</xmax><ymax>477</ymax></bndbox></object><object><name>rider</name><pose>Unspecified</pose><truncated>0</truncated><difficult>0</difficult><bndbox><xmin>1106</xmin><ymin>434</ymin><xmax>1123</xmax><ymax>470</ymax></bndbox></object><object><name>terrain</name><pose>Unspecified</pose><truncated>0</truncated><difficult>0</difficult><bndbox><xmin>1015</xmin><ymin>416</ymin><xmax>1109</xmax><ymax>435</ymax></bndbox></object><object><name>parking</name><pose>Unspecified</pose><truncated>0</truncated><difficult>0</difficult><bndbox><xmin>0</xmin><ymin>426</ymin><xmax>1078</xmax><ymax>1023</ymax></bndbox></object><object><name>bicycle</name><pose>Unspecified</pose><truncated>0</truncated><difficult>0</difficult><bndbox><xmin>1109</xmin><ymin>462</ymin><xmax>1117</xmax><ymax>487</ymax></bndbox></object><object><name>static</name><pose>Unspecified</pose><truncated>0</truncated><difficult>0</difficult><bndbox><xmin>1008</xmin><ymin>428</ymin><xmax>1032</xmax><ymax>442</ymax></bndbox></object><object><name>static</name><pose>Unspecified</pose><truncated>0</truncated><difficult>0</difficult><bndbox><xmin>995</xmin><ymin>392</ymin><xmax>1009</xmax><ymax>402</ymax></bndbox></object><object><name>static</name><pose>Unspecified</pose><truncated>0</truncated><difficult>0</difficult><bndbox><xmin>996</xmin><ymin>402</ymin><xmax>1010</xmax><ymax>412</ymax></bndbox></object><object><name>cargroup</name><pose>Unspecified</pose><truncated>0</truncated><difficult>0</difficult><bndbox><xmin>999</xmin><ymin>429</ymin><xmax>1021</xmax><ymax>456</ymax></bndbox></object><object><name>car</name><pose>Unspecified</pose><truncated>0</truncated><difficult>0</difficult><bndbox><xmin>967</xmin><ymin>430</ymin><xmax>1013</xmax><ymax>474</ymax></bndbox></object><object><name>car</name><pose>Unspecified</pose><truncated>0</truncated><difficult>0</difficult><bndbox><xmin>953</xmin><ymin>440</ymin><xmax>1005</xmax><ymax>486</ymax></bndbox></object><object><name>car</name><pose>Unspecified</pose><truncated>0</truncated><difficult>0</difficult><bndbox><xmin>883</xmin><ymin>422</ymin><xmax>964</xmax><ymax>503</ymax></bndbox></object><object><name>car</name><pose>Unspecified</pose><truncated>0</truncated><difficult>0</difficult><bndbox><xmin>901</xmin><ymin>438</ymin><xmax>946</xmax><ymax>510</ymax></bndbox></object><object><name>car</name><pose>Unspecified</pose><truncated>0</truncated><difficult>0</difficult><bndbox><xmin>856</xmin><ymin>436</ymin><xmax>927</xmax><ymax>517</ymax></bndbox></object><object><name>car</name><pose>Unspecified</pose><truncated>0</truncated><difficult>0</difficult><bndbox><xmin>788</xmin><ymin>435</ymin><xmax>891</xmax><ymax>527</ymax></bndbox></object><object><name>license plate</name><pose>Unspecified</pose><truncated>0</truncated><difficult>0</difficult><bndbox><xmin>815</xmin><ymin>497</ymin><xmax>836</xmax><ymax>504</ymax></bndbox></object><object><name>car</name><pose>Unspecified</pose><truncated>0</truncated><difficult>0</difficult><bndbox><xmin>691</xmin><ymin>417</ymin><xmax>825</xmax><ymax>573</ymax></bndbox></object><object><name>car</name><pose>Unspecified</pose><truncated>0</truncated><difficult>0</difficult><bndbox><xmin>599</xmin><ymin>402</ymin><xmax>754</xmax><ymax>621</ymax></bndbox></object><object><name>car</name><pose>Unspecified</pose><truncated>0</truncated><difficult>0</difficult><bndbox><xmin>191</xmin><ymin>379</ymin><xmax>666</xmax><ymax>731</ymax></bndbox></object><object><name>license plate</name><pose>Unspecified</pose><truncated>0</truncated><difficult>0</difficult><bndbox><xmin>257</xmin><ymin>623</ymin><xmax>344</xmax><ymax>658</ymax></bndbox></object><object><name>car</name><pose>Unspecified</pose><truncated>0</truncated><difficult>0</difficult><bndbox><xmin>0</xmin><ymin>359</ymin><xmax>283</xmax><ymax>854</ymax></bndbox></object><object><name>terrain</name><pose>Unspecified</pose><truncated>0</truncated><difficult>0</difficult><bndbox><xmin>997</xmin><ymin>418</ymin><xmax>1012</xmax><ymax>426</ymax></bndbox></object><object><name>car</name><pose>Unspecified</pose><truncated>0</truncated><difficult>0</difficult><bndbox><xmin>1162</xmin><ymin>437</ymin><xmax>1195</xmax><ymax>493</ymax></bndbox></object><object><name>car</name><pose>Unspecified</pose><truncated>0</truncated><difficult>0</difficult><bndbox><xmin>1170</xmin><ymin>438</ymin><xmax>1215</xmax><ymax>505</ymax></bndbox></object><object><name>car</name><pose>Unspecified</pose><truncated>0</truncated><difficult>0</difficult><bndbox><xmin>1182</xmin><ymin>440</ymin><xmax>1222</xmax><ymax>505</ymax></bndbox></object><object><name>car</name><pose>Unspecified</pose><truncated>0</truncated><difficult>0</difficult><bndbox><xmin>1194</xmin><ymin>434</ymin><xmax>1277</xmax><ymax>512</ymax></bndbox></object><object><name>license plate</name><pose>Unspecified</pose><truncated>0</truncated><difficult>0</difficult><bndbox><xmin>1236</xmin><ymin>466</ymin><xmax>1266</xmax><ymax>474</ymax></bndbox></object><object><name>car</name><pose>Unspecified</pose><truncated>0</truncated><difficult>0</difficult><bndbox><xmin>1245</xmin><ymin>428</ymin><xmax>1296</xmax><ymax>541</ymax></bndbox></object><object><name>person</name><pose>Unspecified</pose><truncated>0</truncated><difficult>0</difficult><bndbox><xmin>1267</xmin><ymin>382</ymin><xmax>1307</xmax><ymax>558</ymax></bndbox></object><object><name>ego vehicle</name><pose>Unspecified</pose><truncated>0</truncated><difficult>0</difficult><bndbox><xmin>271</xmin><ymin>844</ymin><xmax>2028</xmax><ymax>1023</ymax></bndbox></object><object><name>out of roi</name><pose>Unspecified</pose><truncated>0</truncated><difficult>0</difficult><bndbox><xmin>0</xmin><ymin>0</ymin><xmax>2048</xmax><ymax>1024</ymax></bndbox></object></annotation>