<annotation><filename>bochum_000000_033714_gtFine_boxes.jpg</filename><folder>CityScapes</folder><size><width>2048</width><height>1024</height><depth>3</depth></size><segmented>0</segmented><object><name>road</name><pose>Unspecified</pose><truncated>0</truncated><difficult>0</difficult><bndbox><xmin>0</xmin><ymin>387</ymin><xmax>2047</xmax><ymax>1023</ymax></bndbox></object><object><name>sidewalk</name><pose>Unspecified</pose><truncated>0</truncated><difficult>0</difficult><bndbox><xmin>1228</xmin><ymin>430</ymin><xmax>2047</xmax><ymax>631</ymax></bndbox></object><object><name>terrain</name><pose>Unspecified</pose><truncated>0</truncated><difficult>0</difficult><bndbox><xmin>844</xmin><ymin>412</ymin><xmax>880</xmax><ymax>424</ymax></bndbox></object><object><name>parking</name><pose>Unspecified</pose><truncated>0</truncated><difficult>0</difficult><bndbox><xmin>1052</xmin><ymin>420</ymin><xmax>2047</xmax><ymax>711</ymax></bndbox></object><object><name>building</name><pose>Unspecified</pose><truncated>0</truncated><difficult>0</difficult><bndbox><xmin>447</xmin><ymin>229</ymin><xmax>1277</xmax><ymax>449</ymax></bndbox></object><object><name>ground</name><pose>Unspecified</pose><truncated>0</truncated><difficult>0</difficult><bndbox><xmin>1302</xmin><ymin>419</ymin><xmax>1602</xmax><ymax>463</ymax></bndbox></object><object><name>static</name><pose>Unspecified</pose><truncated>0</truncated><difficult>0</difficult><bndbox><xmin>913</xmin><ymin>395</ymin><xmax>928</xmax><ymax>408</ymax></bndbox></object><object><name>car</name><pose>Unspecified</pose><truncated>0</truncated><difficult>0</difficult><bndbox><xmin>918</xmin><ymin>401</ymin><xmax>936</xmax><ymax>412</ymax></bndbox></object><object><name>sky</name><pose>Unspecified</pose><truncated>0</truncated><difficult>0</difficult><bndbox><xmin>412</xmin><ymin>0</ymin><xmax>1188</xmax><ymax>288</ymax></bndbox></object><object><name>vegetation</name><pose>Unspecified</pose><truncated>0</truncated><difficult>0</difficult><bndbox><xmin>686</xmin><ymin>324</ymin><xmax>1199</xmax><ymax>442</ymax></bndbox></object><object><name>pole</name><pose>Unspecified</pose><truncated>0</truncated><difficult>0</difficult><bndbox><xmin>711</xmin><ymin>363</ymin><xmax>717</xmax><ymax>433</ymax></bndbox></object><object><name>static</name><pose>Unspecified</pose><truncated>0</truncated><difficult>0</difficult><bndbox><xmin>733</xmin><ymin>362</ymin><xmax>806</xmax><ymax>393</ymax></bndbox></object><object><name>static</name><pose>Unspecified</pose><truncated>0</truncated><difficult>0</difficult><bndbox><xmin>1062</xmin><ymin>346</ymin><xmax>1101</xmax><ymax>427</ymax></bndbox></object><object><name>wall</name><pose>Unspecified</pose><truncated>0</truncated><difficult>0</difficult><bndbox><xmin>1120</xmin><ymin>333</ymin><xmax>1215</xmax><ymax>433</ymax></bndbox></object><object><name>bridge</name><pose>Unspecified</pose><truncated>0</truncated><difficult>0</difficult><bndbox><xmin>491</xmin><ymin>289</ymin><xmax>1247</xmax><ymax>373</ymax></bndbox></object><object><name>bridge</name><pose>Unspecified</pose><truncated>0</truncated><difficult>0</difficult><bndbox><xmin>550</xmin><ymin>210</ymin><xmax>1365</xmax><ymax>307</ymax></bndbox></object><object><name>wall</name><pose>Unspecified</pose><truncated>0</truncated><difficult>0</difficult><bndbox><xmin>577</xmin><ymin>357</ymin><xmax>711</xmax><ymax>449</ymax></bndbox></object><object><name>car</name><pose>Unspecified</pose><truncated>0</truncated><difficult>0</difficult><bndbox><xmin>890</xmin><ymin>401</ymin><xmax>909</xmax><ymax>414</ymax></bndbox></object><object><name>car</name><pose>Unspecified</pose><truncated>0</truncated><difficult>0</difficult><bndbox><xmin>915</xmin><ymin>403</ymin><xmax>928</xmax><ymax>419</ymax></bndbox></object><object><name>car</name><pose>Unspecified</pose><truncated>0</truncated><difficult>0</difficult><bndbox><xmin>899</xmin><ymin>405</ymin><xmax>923</xmax><ymax>422</ymax></bndbox></object><object><name>static</name><pose>Unspecified</pose><truncated>0</truncated><difficult>0</difficult><bndbox><xmin>958</xmin><ymin>397</ymin><xmax>966</xmax><ymax>401</ymax></bndbox></object><object><name>car</name><pose>Unspecified</pose><truncated>0</truncated><difficult>0</difficult><bndbox><xmin>966</xmin><ymin>398</ymin><xmax>984</xmax><ymax>417</ymax></bndbox></object><object><name>pole</name><pose>Unspecified</pose><truncated>0</truncated><difficult>0</difficult><bndbox><xmin>989</xmin><ymin>371</ymin><xmax>1003</xmax><ymax>417</ymax></bndbox></object><object><name>static</name><pose>Unspecified</pose><truncated>0</truncated><difficult>0</difficult><bndbox><xmin>992</xmin><ymin>381</ymin><xmax>1010</xmax><ymax>395</ymax></bndbox></object><object><name>traffic light</name><pose>Unspecified</pose><truncated>0</truncated><difficult>0</difficult><bndbox><xmin>996</xmin><ymin>386</ymin><xmax>1005</xmax><ymax>395</ymax></bndbox></object><object><name>pole</name><pose>Unspecified</pose><truncated>0</truncated><difficult>0</difficult><bndbox><xmin>1010</xmin><ymin>386</ymin><xmax>1011</xmax><ymax>425</ymax></bndbox></object><object><name>pole</name><pose>Unspecified</pose><truncated>0</truncated><difficult>0</difficult><bndbox><xmin>1048</xmin><ymin>389</ymin><xmax>1049</xmax><ymax>412</ymax></bndbox></object><object><name>car</name><pose>Unspecified</pose><truncated>0</truncated><difficult>0</difficult><bndbox><xmin>1043</xmin><ymin>412</ymin><xmax>1068</xmax><ymax>435</ymax></bndbox></object><object><name>car</name><pose>Unspecified</pose><truncated>0</truncated><difficult>0</difficult><bndbox><xmin>1048</xmin><ymin>412</ymin><xmax>1073</xmax><ymax>438</ymax></bndbox></object><object><name>cargroup</name><pose>Unspecified</pose><truncated>0</truncated><difficult>0</difficult><bndbox><xmin>1384</xmin><ymin>381</ymin><xmax>1479</xmax><ymax>430</ymax></bndbox></object><object><name>static</name><pose>Unspecified</pose><truncated>0</truncated><difficult>0</difficult><bndbox><xmin>1372</xmin><ymin>337</ymin><xmax>1485</xmax><ymax>450</ymax></bndbox></object><object><name>static</name><pose>Unspecified</pose><truncated>0</truncated><difficult>0</difficult><bndbox><xmin>725</xmin><ymin>381</ymin><xmax>798</xmax><ymax>447</ymax></bndbox></object><object><name>car</name><pose>Unspecified</pose><truncated>0</truncated><difficult>0</difficult><bndbox><xmin>1473</xmin><ymin>367</ymin><xmax>1563</xmax><ymax>431</ymax></bndbox></object><object><name>car</name><pose>Unspecified</pose><truncated>0</truncated><difficult>0</difficult><bndbox><xmin>1057</xmin><ymin>411</ymin><xmax>1089</xmax><ymax>439</ymax></bndbox></object><object><name>car</name><pose>Unspecified</pose><truncated>0</truncated><difficult>0</difficult><bndbox><xmin>1068</xmin><ymin>412</ymin><xmax>1108</xmax><ymax>442</ymax></bndbox></object><object><name>license plate</name><pose>Unspecified</pose><truncated>0</truncated><difficult>0</difficult><bndbox><xmin>1086</xmin><ymin>424</ymin><xmax>1098</xmax><ymax>427</ymax></bndbox></object><object><name>vegetation</name><pose>Unspecified</pose><truncated>0</truncated><difficult>0</difficult><bndbox><xmin>1108</xmin><ymin>368</ymin><xmax>1163</xmax><ymax>427</ymax></bndbox></object><object><name>car</name><pose>Unspecified</pose><truncated>0</truncated><difficult>0</difficult><bndbox><xmin>1120</xmin><ymin>408</ymin><xmax>1192</xmax><ymax>457</ymax></bndbox></object><object><name>license plate</name><pose>Unspecified</pose><truncated>0</truncated><difficult>0</difficult><bndbox><xmin>1150</xmin><ymin>436</ymin><xmax>1180</xmax><ymax>442</ymax></bndbox></object><object><name>car</name><pose>Unspecified</pose><truncated>0</truncated><difficult>0</difficult><bndbox><xmin>1163</xmin><ymin>398</ymin><xmax>1261</xmax><ymax>472</ymax></bndbox></object><object><name>car</name><pose>Unspecified</pose><truncated>0</truncated><difficult>0</difficult><bndbox><xmin>687</xmin><ymin>420</ymin><xmax>754</xmax><ymax>463</ymax></bndbox></object><object><name>static</name><pose>Unspecified</pose><truncated>0</truncated><difficult>0</difficult><bndbox><xmin>1155</xmin><ymin>303</ymin><xmax>1212</xmax><ymax>348</ymax></bndbox></object><object><name>sidewalk</name><pose>Unspecified</pose><truncated>0</truncated><difficult>0</difficult><bndbox><xmin>0</xmin><ymin>450</ymin><xmax>643</xmax><ymax>544</ymax></bndbox></object><object><name>pole</name><pose>Unspecified</pose><truncated>0</truncated><difficult>0</difficult><bndbox><xmin>1242</xmin><ymin>365</ymin><xmax>1248</xmax><ymax>417</ymax></bndbox></object><object><name>car</name><pose>Unspecified</pose><truncated>0</truncated><difficult>0</difficult><bndbox><xmin>1201</xmin><ymin>393</ymin><xmax>1326</xmax><ymax>482</ymax></bndbox></object><object><name>vegetation</name><pose>Unspecified</pose><truncated>0</truncated><difficult>0</difficult><bndbox><xmin>1045</xmin><ymin>0</ymin><xmax>2047</xmax><ymax>480</ymax></bndbox></object><object><name>pole</name><pose>Unspecified</pose><truncated>0</truncated><difficult>0</difficult><bndbox><xmin>1244</xmin><ymin>367</ymin><xmax>1247</xmax><ymax>400</ymax></bndbox></object><object><name>pole</name><pose>Unspecified</pose><truncated>0</truncated><difficult>0</difficult><bndbox><xmin>1364</xmin><ymin>272</ymin><xmax>1380</xmax><ymax>427</ymax></bndbox></object><object><name>static</name><pose>Unspecified</pose><truncated>0</truncated><difficult>0</difficult><bndbox><xmin>1310</xmin><ymin>277</ymin><xmax>1361</xmax><ymax>424</ymax></bndbox></object><object><name>license plate</name><pose>Unspecified</pose><truncated>0</truncated><difficult>0</difficult><bndbox><xmin>1255</xmin><ymin>435</ymin><xmax>1288</xmax><ymax>442</ymax></bndbox></object><object><name>static</name><pose>Unspecified</pose><truncated>0</truncated><difficult>0</difficult><bndbox><xmin>1490</xmin><ymin>405</ymin><xmax>1528</xmax><ymax>439</ymax></bndbox></object><object><name>terrain</name><pose>Unspecified</pose><truncated>0</truncated><difficult>0</difficult><bndbox><xmin>0</xmin><ymin>504</ymin><xmax>831</xmax><ymax>1023</ymax></bndbox></object><object><name>car</name><pose>Unspecified</pose><truncated>0</truncated><difficult>0</difficult><bndbox><xmin>1577</xmin><ymin>378</ymin><xmax>1615</xmax><ymax>431</ymax></bndbox></object><object><name>static</name><pose>Unspecified</pose><truncated>0</truncated><difficult>0</difficult><bndbox><xmin>638</xmin><ymin>409</ymin><xmax>703</xmax><ymax>469</ymax></bndbox></object><object><name>static</name><pose>Unspecified</pose><truncated>0</truncated><difficult>0</difficult><bndbox><xmin>1598</xmin><ymin>254</ymin><xmax>1615</xmax><ymax>346</ymax></bndbox></object><object><name>car</name><pose>Unspecified</pose><truncated>0</truncated><difficult>0</difficult><bndbox><xmin>574</xmin><ymin>416</ymin><xmax>637</xmax><ymax>465</ymax></bndbox></object><object><name>building</name><pose>Unspecified</pose><truncated>0</truncated><difficult>0</difficult><bndbox><xmin>0</xmin><ymin>0</ymin><xmax>321</xmax><ymax>509</ymax></bndbox></object><object><name>pole</name><pose>Unspecified</pose><truncated>0</truncated><difficult>0</difficult><bndbox><xmin>1606</xmin><ymin>237</ymin><xmax>1628</xmax><ymax>438</ymax></bndbox></object><object><name>static</name><pose>Unspecified</pose><truncated>0</truncated><difficult>0</difficult><bndbox><xmin>1647</xmin><ymin>115</ymin><xmax>1759</xmax><ymax>412</ymax></bndbox></object><object><name>terrain</name><pose>Unspecified</pose><truncated>0</truncated><difficult>0</difficult><bndbox><xmin>849</xmin><ymin>427</ymin><xmax>959</xmax><ymax>460</ymax></bndbox></object><object><name>static</name><pose>Unspecified</pose><truncated>0</truncated><difficult>0</difficult><bndbox><xmin>1746</xmin><ymin>242</ymin><xmax>1779</xmax><ymax>390</ymax></bndbox></object><object><name>car</name><pose>Unspecified</pose><truncated>0</truncated><difficult>0</difficult><bndbox><xmin>1888</xmin><ymin>370</ymin><xmax>1936</xmax><ymax>390</ymax></bndbox></object><object><name>car</name><pose>Unspecified</pose><truncated>0</truncated><difficult>0</difficult><bndbox><xmin>1958</xmin><ymin>357</ymin><xmax>2047</xmax><ymax>422</ymax></bndbox></object><object><name>static</name><pose>Unspecified</pose><truncated>0</truncated><difficult>0</difficult><bndbox><xmin>2016</xmin><ymin>128</ymin><xmax>2042</xmax><ymax>330</ymax></bndbox></object><object><name>pole</name><pose>Unspecified</pose><truncated>0</truncated><difficult>0</difficult><bndbox><xmin>2039</xmin><ymin>125</ymin><xmax>2047</xmax><ymax>359</ymax></bndbox></object><object><name>static</name><pose>Unspecified</pose><truncated>0</truncated><difficult>0</difficult><bndbox><xmin>1925</xmin><ymin>393</ymin><xmax>2047</xmax><ymax>495</ymax></bndbox></object><object><name>terrain</name><pose>Unspecified</pose><truncated>0</truncated><difficult>0</difficult><bndbox><xmin>1435</xmin><ymin>507</ymin><xmax>1569</xmax><ymax>548</ymax></bndbox></object><object><name>vegetation</name><pose>Unspecified</pose><truncated>0</truncated><difficult>0</difficult><bndbox><xmin>239</xmin><ymin>0</ymin><xmax>716</xmax><ymax>518</ymax></bndbox></object><object><name>pole</name><pose>Unspecified</pose><truncated>0</truncated><difficult>0</difficult><bndbox><xmin>1697</xmin><ymin>310</ymin><xmax>1715</xmax><ymax>401</ymax></bndbox></object><object><name>traffic sign</name><pose>Unspecified</pose><truncated>0</truncated><difficult>0</difficult><bndbox><xmin>1673</xmin><ymin>258</ymin><xmax>1724</xmax><ymax>327</ymax></bndbox></object><object><name>car</name><pose>Unspecified</pose><truncated>0</truncated><difficult>0</difficult><bndbox><xmin>1542</xmin><ymin>348</ymin><xmax>1950</xmax><ymax>583</ymax></bndbox></object><object><name>license plate</name><pose>Unspecified</pose><truncated>0</truncated><difficult>0</difficult><bndbox><xmin>1779</xmin><ymin>447</ymin><xmax>1869</xmax><ymax>469</ymax></bndbox></object><object><name>pole</name><pose>Unspecified</pose><truncated>0</truncated><difficult>0</difficult><bndbox><xmin>1244</xmin><ymin>367</ymin><xmax>1247</xmax><ymax>400</ymax></bndbox></object><object><name>static</name><pose>Unspecified</pose><truncated>0</truncated><difficult>0</difficult><bndbox><xmin>1234</xmin><ymin>351</ymin><xmax>1252</xmax><ymax>381</ymax></bndbox></object><object><name>car</name><pose>Unspecified</pose><truncated>0</truncated><difficult>0</difficult><bndbox><xmin>943</xmin><ymin>403</ymin><xmax>1049</xmax><ymax>477</ymax></bndbox></object><object><name>license plate</name><pose>Unspecified</pose><truncated>0</truncated><difficult>0</difficult><bndbox><xmin>986</xmin><ymin>449</ymin><xmax>1013</xmax><ymax>457</ymax></bndbox></object><object><name>vegetation</name><pose>Unspecified</pose><truncated>0</truncated><difficult>0</difficult><bndbox><xmin>697</xmin><ymin>21</ymin><xmax>1007</xmax><ymax>450</ymax></bndbox></object><object><name>pole</name><pose>Unspecified</pose><truncated>0</truncated><difficult>0</difficult><bndbox><xmin>871</xmin><ymin>378</ymin><xmax>877</xmax><ymax>412</ymax></bndbox></object><object><name>car</name><pose>Unspecified</pose><truncated>0</truncated><difficult>0</difficult><bndbox><xmin>872</xmin><ymin>417</ymin><xmax>902</xmax><ymax>438</ymax></bndbox></object><object><name>pole</name><pose>Unspecified</pose><truncated>0</truncated><difficult>0</difficult><bndbox><xmin>887</xmin><ymin>428</ymin><xmax>890</xmax><ymax>454</ymax></bndbox></object><object><name>traffic sign</name><pose>Unspecified</pose><truncated>0</truncated><difficult>0</difficult><bndbox><xmin>877</xmin><ymin>416</ymin><xmax>898</xmax><ymax>438</ymax></bndbox></object><object><name>truck</name><pose>Unspecified</pose><truncated>0</truncated><difficult>0</difficult><bndbox><xmin>792</xmin><ymin>386</ymin><xmax>830</xmax><ymax>438</ymax></bndbox></object><object><name>truck</name><pose>Unspecified</pose><truncated>0</truncated><difficult>0</difficult><bndbox><xmin>817</xmin><ymin>393</ymin><xmax>855</xmax><ymax>439</ymax></bndbox></object><object><name>car</name><pose>Unspecified</pose><truncated>0</truncated><difficult>0</difficult><bndbox><xmin>770</xmin><ymin>422</ymin><xmax>819</xmax><ymax>450</ymax></bndbox></object><object><name>pole</name><pose>Unspecified</pose><truncated>0</truncated><difficult>0</difficult><bndbox><xmin>667</xmin><ymin>401</ymin><xmax>678</xmax><ymax>512</ymax></bndbox></object><object><name>car</name><pose>Unspecified</pose><truncated>0</truncated><difficult>0</difficult><bndbox><xmin>529</xmin><ymin>425</ymin><xmax>596</xmax><ymax>469</ymax></bndbox></object><object><name>license plate</name><pose>Unspecified</pose><truncated>0</truncated><difficult>0</difficult><bndbox><xmin>536</xmin><ymin>452</ymin><xmax>561</xmax><ymax>460</ymax></bndbox></object><object><name>car</name><pose>Unspecified</pose><truncated>0</truncated><difficult>0</difficult><bndbox><xmin>465</xmin><ymin>427</ymin><xmax>548</xmax><ymax>476</ymax></bndbox></object><object><name>license plate</name><pose>Unspecified</pose><truncated>0</truncated><difficult>0</difficult><bndbox><xmin>482</xmin><ymin>458</ymin><xmax>501</xmax><ymax>463</ymax></bndbox></object><object><name>static</name><pose>Unspecified</pose><truncated>0</truncated><difficult>0</difficult><bndbox><xmin>299</xmin><ymin>237</ymin><xmax>356</xmax><ymax>370</ymax></bndbox></object><object><name>pole</name><pose>Unspecified</pose><truncated>0</truncated><difficult>0</difficult><bndbox><xmin>344</xmin><ymin>160</ymin><xmax>368</xmax><ymax>376</ymax></bndbox></object><object><name>static</name><pose>Unspecified</pose><truncated>0</truncated><difficult>0</difficult><bndbox><xmin>1025</xmin><ymin>20</ymin><xmax>1064</xmax><ymax>39</ymax></bndbox></object><object><name>static</name><pose>Unspecified</pose><truncated>0</truncated><difficult>0</difficult><bndbox><xmin>1007</xmin><ymin>170</ymin><xmax>1033</xmax><ymax>182</ymax></bndbox></object><object><name>static</name><pose>Unspecified</pose><truncated>0</truncated><difficult>0</difficult><bndbox><xmin>477</xmin><ymin>29</ymin><xmax>520</xmax><ymax>51</ymax></bndbox></object><object><name>static</name><pose>Unspecified</pose><truncated>0</truncated><difficult>0</difficult><bndbox><xmin>667</xmin><ymin>178</ymin><xmax>693</xmax><ymax>192</ymax></bndbox></object><object><name>ego vehicle</name><pose>Unspecified</pose><truncated>0</truncated><difficult>0</difficult><bndbox><xmin>24</xmin><ymin>796</ymin><xmax>2047</xmax><ymax>1023</ymax></bndbox></object><object><name>rectification border</name><pose>Unspecified</pose><truncated>0</truncated><difficult>0</difficult><bndbox><xmin>416</xmin><ymin>0</ymin><xmax>2047</xmax><ymax>28</ymax></bndbox></object><object><name>rectification border</name><pose>Unspecified</pose><truncated>0</truncated><difficult>0</difficult><bndbox><xmin>2037</xmin><ymin>509</ymin><xmax>2047</xmax><ymax>1023</ymax></bndbox></object><object><name>rectification border</name><pose>Unspecified</pose><truncated>0</truncated><difficult>0</difficult><bndbox><xmin>0</xmin><ymin>0</ymin><xmax>17</xmax><ymax>474</ymax></bndbox></object><object><name>rectification border</name><pose>Unspecified</pose><truncated>0</truncated><difficult>0</difficult><bndbox><xmin>0</xmin><ymin>977</ymin><xmax>1937</xmax><ymax>1023</ymax></bndbox></object><object><name>out of roi</name><pose>Unspecified</pose><truncated>0</truncated><difficult>0</difficult><bndbox><xmin>0</xmin><ymin>0</ymin><xmax>2048</xmax><ymax>1024</ymax></bndbox></object></annotation>