{"imgHeight": 1024, "imgWidth": 2048, "objects": [{"label": "sky", "bounding_box": [827, 0, 1641, 344]}, {"label": "road", "bounding_box": [0, 288, 2047, 1023]}, {"label": "sidewalk", "bounding_box": [0, 377, 982, 562]}, {"label": "sidewalk", "bounding_box": [1248, 316, 2047, 482]}, {"label": "sidewalk", "bounding_box": [1960, 484, 2047, 511]}, {"label": "building", "bounding_box": [0, 0, 2047, 523]}, {"label": "vegetation", "bounding_box": [958, 198, 1025, 307]}, {"label": "terrain", "bounding_box": [1084, 400, 1195, 410]}, {"label": "fence", "bounding_box": [1105, 394, 1189, 406]}, {"label": "vegetation", "bounding_box": [970, 263, 1301, 406]}, {"label": "car", "bounding_box": [1033, 389, 1071, 408]}, {"label": "car", "bounding_box": [1058, 389, 1108, 408]}, {"label": "license plate", "bounding_box": [1092, 398, 1103, 402]}, {"label": "pole", "bounding_box": [1052, 362, 1057, 408]}, {"label": "traffic light", "bounding_box": [1049, 368, 1056, 381]}, {"label": "static", "bounding_box": [961, 330, 1011, 377]}, {"label": "pole", "bounding_box": [990, 328, 999, 393]}, {"label": "pole", "bounding_box": [982, 345, 986, 391]}, {"label": "car", "bounding_box": [1019, 389, 1048, 423]}, {"label": "car", "bounding_box": [995, 387, 1035, 425]}, {"label": "car", "bounding_box": [995, 395, 1023, 427]}, {"label": "car", "bounding_box": [965, 389, 1010, 429]}, {"label": "car", "bounding_box": [949, 393, 998, 431]}, {"label": "car", "bounding_box": [924, 395, 979, 433]}, {"label": "license plate", "bounding_box": [939, 421, 953, 425]}, {"label": "static", "bounding_box": [884, 299, 945, 365]}, {"label": "pole", "bounding_box": [931, 299, 943, 433]}, {"label": "static", "bounding_box": [874, 349, 907, 362]}, {"label": "pole", "bounding_box": [898, 348, 905, 436]}, {"label": "fence", "bounding_box": [872, 410, 937, 441]}, {"label": "car", "bounding_box": [680, 391, 852, 511]}, {"label": "license plate", "bounding_box": [715, 470, 760, 480]}, {"label": "vegetation", "bounding_box": [1024, 34, 1310, 398]}, {"label": "sidewalk", "bounding_box": [1104, 491, 1334, 538]}, {"label": "terrain", "bounding_box": [1115, 416, 1308, 507]}, {"label": "ground", "bounding_box": [1123, 515, 1334, 538]}, {"label": "traffic light", "bounding_box": [1172, 188, 1212, 282]}, {"label": "pole", "bounding_box": [1147, 0, 1214, 508]}, {"label": "traffic light", "bounding_box": [1136, 188, 1185, 280]}, {"label": "traffic light", "bounding_box": [1203, 186, 1247, 281]}, {"label": "pole", "bounding_box": [1224, 189, 1237, 520]}, {"label": "traffic sign", "bounding_box": [1191, 373, 1268, 448]}, {"label": "pole", "bounding_box": [1331, 242, 1342, 404]}, {"label": "pole", "bounding_box": [1420, 299, 1434, 407]}, {"label": "vegetation", "bounding_box": [1357, 29, 1571, 339]}, {"label": "pole", "bounding_box": [1376, 297, 1380, 318]}, {"label": "traffic sign", "bounding_box": [1339, 315, 1384, 365]}, {"label": "traffic sign", "bounding_box": [1357, 356, 1369, 372]}, {"label": "traffic sign", "bounding_box": [1385, 341, 1401, 354]}, {"label": "pole", "bounding_box": [1399, 357, 1403, 374]}, {"label": "traffic sign", "bounding_box": [1394, 351, 1423, 361]}, {"label": "traffic sign", "bounding_box": [1414, 335, 1457, 357]}, {"label": "static", "bounding_box": [1452, 362, 1515, 412]}, {"label": "pole", "bounding_box": [1508, 106, 1522, 379]}, {"label": "pole", "bounding_box": [1519, 351, 1533, 377]}, {"label": "vegetation", "bounding_box": [1909, 348, 2047, 442]}, {"label": "traffic sign", "bounding_box": [1451, 214, 1539, 339]}, {"label": "traffic sign", "bounding_box": [1518, 324, 1540, 356]}, {"label": "car", "bounding_box": [1277, 381, 1322, 417]}, {"label": "license plate", "bounding_box": [1293, 398, 1309, 402]}, {"label": "car", "bounding_box": [1355, 370, 1422, 431]}, {"label": "license plate", "bounding_box": [1378, 399, 1396, 404]}, {"label": "car", "bounding_box": [1468, 374, 1603, 467]}, {"label": "license plate", "bounding_box": [1535, 435, 1569, 444]}, {"label": "car", "bounding_box": [1662, 364, 1960, 520]}, {"label": "license plate", "bounding_box": [1834, 429, 1898, 444]}, {"label": "static", "bounding_box": [0, 177, 24, 239]}, {"label": "pole", "bounding_box": [14, 0, 98, 544]}, {"label": "traffic light", "bounding_box": [43, 232, 81, 309]}, {"label": "traffic light", "bounding_box": [16, 218, 67, 316]}, {"label": "vegetation", "bounding_box": [1917, 0, 2047, 109]}, {"label": "vegetation", "bounding_box": [1927, 143, 2047, 344]}, {"label": "static", "bounding_box": [995, 190, 1016, 198]}, {"label": "static", "bounding_box": [1321, 169, 1343, 177]}, {"label": "static", "bounding_box": [1359, 83, 1390, 96]}, {"label": "ego vehicle", "bounding_box": [24, 796, 2047, 1023]}, {"label": "rectification border", "bounding_box": [416, 0, 2047, 28]}, {"label": "rectification border", "bounding_box": [2037, 509, 2047, 1023]}, {"label": "rectification border", "bounding_box": [0, 0, 17, 474]}, {"label": "rectification border", "bounding_box": [0, 977, 1937, 1023]}, {"label": "out of roi", "bounding_box": [0, 0, 2048, 1024]}]}