{"imgHeight": 1024, "imgWidth": 2048, "objects": [{"label": "sky", "bounding_box": [64, 0, 1677, 254]}, {"label": "building", "bounding_box": [0, 0, 1322, 515]}, {"label": "road", "bounding_box": [131, 404, 2047, 1023]}, {"label": "static", "bounding_box": [174, 327, 187, 355]}, {"label": "road", "bounding_box": [0, 410, 1073, 609]}, {"label": "sidewalk", "bounding_box": [0, 415, 916, 505]}, {"label": "parking", "bounding_box": [834, 422, 916, 428]}, {"label": "parking", "bounding_box": [0, 436, 593, 505]}, {"label": "sidewalk", "bounding_box": [1221, 388, 2047, 639]}, {"label": "building", "bounding_box": [1863, 234, 2047, 380]}, {"label": "terrain", "bounding_box": [0, 410, 1122, 1023]}, {"label": "pole", "bounding_box": [179, 330, 182, 409]}, {"label": "pole", "bounding_box": [1111, 366, 1114, 411]}, {"label": "vegetation", "bounding_box": [1105, 395, 1151, 410]}, {"label": "car", "bounding_box": [1041, 399, 1073, 413]}, {"label": "car", "bounding_box": [1023, 401, 1039, 417]}, {"label": "vegetation", "bounding_box": [1035, 401, 1061, 415]}, {"label": "car", "bounding_box": [953, 395, 983, 420]}, {"label": "car", "bounding_box": [873, 400, 906, 425]}, {"label": "traffic light", "bounding_box": [900, 359, 916, 381]}, {"label": "car", "bounding_box": [529, 394, 592, 443]}, {"label": "terrain", "bounding_box": [256, 451, 383, 470]}, {"label": "car", "bounding_box": [126, 402, 269, 481]}, {"label": "license plate", "bounding_box": [149, 454, 178, 462]}, {"label": "terrain", "bounding_box": [0, 455, 180, 492]}, {"label": "vegetation", "bounding_box": [16, 412, 151, 476]}, {"label": "terrain", "bounding_box": [647, 434, 708, 442]}, {"label": "terrain", "bounding_box": [740, 426, 781, 432]}, {"label": "wall", "bounding_box": [751, 397, 773, 419]}, {"label": "static", "bounding_box": [281, 415, 317, 435]}, {"label": "vegetation", "bounding_box": [500, 405, 562, 447]}, {"label": "terrain", "bounding_box": [803, 423, 845, 430]}, {"label": "static", "bounding_box": [1014, 369, 1031, 401]}, {"label": "vegetation", "bounding_box": [803, 413, 844, 428]}, {"label": "vegetation", "bounding_box": [266, 416, 378, 463]}, {"label": "vegetation", "bounding_box": [148, 0, 1330, 481]}, {"label": "car", "bounding_box": [427, 402, 526, 456]}, {"label": "license plate", "bounding_box": [448, 439, 467, 444]}, {"label": "vegetation", "bounding_box": [647, 406, 702, 441]}, {"label": "pole", "bounding_box": [780, 414, 783, 430]}, {"label": "vegetation", "bounding_box": [734, 415, 782, 431]}, {"label": "pole", "bounding_box": [804, 414, 808, 430]}, {"label": "vegetation", "bounding_box": [846, 411, 874, 425]}, {"label": "vegetation", "bounding_box": [997, 399, 1035, 418]}, {"label": "car", "bounding_box": [1095, 400, 1120, 413]}, {"label": "pole", "bounding_box": [1101, 364, 1108, 412]}, {"label": "static", "bounding_box": [1090, 371, 1101, 390]}, {"label": "static", "bounding_box": [1072, 387, 1110, 418]}, {"label": "pole", "bounding_box": [1123, 343, 1127, 415]}, {"label": "static", "bounding_box": [1002, 383, 1041, 424]}, {"label": "pole", "bounding_box": [1044, 364, 1049, 428]}, {"label": "traffic light", "bounding_box": [1041, 352, 1061, 375]}, {"label": "car", "bounding_box": [1156, 395, 1173, 414]}, {"label": "pole", "bounding_box": [1210, 358, 1215, 410]}, {"label": "car", "bounding_box": [1169, 400, 1190, 414]}, {"label": "car", "bounding_box": [1186, 403, 1227, 415]}, {"label": "traffic light", "bounding_box": [1214, 353, 1222, 368]}, {"label": "pole", "bounding_box": [1161, 348, 1165, 412]}, {"label": "pole", "bounding_box": [1154, 351, 1182, 413]}, {"label": "traffic light", "bounding_box": [1177, 349, 1186, 366]}, {"label": "pole", "bounding_box": [1235, 376, 1240, 418]}, {"label": "static", "bounding_box": [1229, 374, 1245, 383]}, {"label": "pole", "bounding_box": [1243, 376, 1246, 416]}, {"label": "traffic sign", "bounding_box": [1239, 369, 1247, 390]}, {"label": "vegetation", "bounding_box": [1235, 407, 1279, 439]}, {"label": "traffic light", "bounding_box": [1063, 361, 1073, 380]}, {"label": "traffic sign", "bounding_box": [1208, 381, 1217, 390]}, {"label": "pole", "bounding_box": [1133, 297, 1264, 357]}, {"label": "traffic light", "bounding_box": [1149, 287, 1166, 320]}, {"label": "traffic sign", "bounding_box": [1239, 374, 1256, 382]}, {"label": "traffic light", "bounding_box": [1249, 356, 1260, 381]}, {"label": "traffic light", "bounding_box": [996, 313, 1007, 340]}, {"label": "pole", "bounding_box": [973, 315, 1075, 422]}, {"label": "static", "bounding_box": [976, 342, 1010, 425]}, {"label": "wall", "bounding_box": [793, 410, 813, 423]}, {"label": "building", "bounding_box": [673, 167, 740, 222]}, {"label": "pole", "bounding_box": [988, 309, 993, 427]}, {"label": "pole", "bounding_box": [940, 209, 976, 437]}, {"label": "traffic light", "bounding_box": [889, 313, 904, 341]}, {"label": "pole", "bounding_box": [812, 321, 911, 349]}, {"label": "traffic light", "bounding_box": [815, 370, 825, 387]}, {"label": "pole", "bounding_box": [865, 258, 881, 466]}, {"label": "static", "bounding_box": [785, 337, 893, 485]}, {"label": "vegetation", "bounding_box": [561, 0, 696, 520]}, {"label": "fence", "bounding_box": [1846, 322, 2047, 470]}, {"label": "vegetation", "bounding_box": [1777, 0, 2047, 391]}, {"label": "truck", "bounding_box": [1260, 0, 1900, 573]}, {"label": "license plate", "bounding_box": [1632, 456, 1714, 477]}, {"label": "vegetation", "bounding_box": [1319, 0, 1422, 38]}, {"label": "sky", "bounding_box": [1254, 0, 1461, 112]}, {"label": "pole", "bounding_box": [705, 357, 708, 435]}, {"label": "traffic light", "bounding_box": [707, 359, 716, 380]}, {"label": "terrain", "bounding_box": [1118, 410, 1169, 416]}, {"label": "traffic sign", "bounding_box": [1153, 375, 1160, 381]}, {"label": "traffic light", "bounding_box": [1155, 383, 1159, 391]}, {"label": "car", "bounding_box": [1046, 399, 1064, 411]}, {"label": "sky", "bounding_box": [1202, 115, 1290, 184]}, {"label": "ego vehicle", "bounding_box": [24, 796, 2047, 1023]}, {"label": "rectification border", "bounding_box": [416, 0, 2047, 28]}, {"label": "rectification border", "bounding_box": [2037, 509, 2047, 1023]}, {"label": "rectification border", "bounding_box": [0, 0, 17, 474]}, {"label": "rectification border", "bounding_box": [0, 977, 1937, 1023]}, {"label": "out of roi", "bounding_box": [0, 0, 2048, 1024]}]}