{"imgHeight": 1024, "imgWidth": 2048, "objects": [{"label": "sky", "bounding_box": [0, 0, 2047, 359]}, {"label": "building", "bounding_box": [0, 0, 2047, 1023]}, {"label": "road", "bounding_box": [0, 410, 2047, 1023]}, {"label": "vegetation", "bounding_box": [1353, 0, 1951, 406]}, {"label": "sidewalk", "bounding_box": [1291, 414, 2047, 575]}, {"label": "parking", "bounding_box": [0, 447, 580, 562]}, {"label": "vegetation", "bounding_box": [378, 169, 533, 354]}, {"label": "vegetation", "bounding_box": [787, 211, 1082, 420]}, {"label": "static", "bounding_box": [423, 355, 446, 377]}, {"label": "pole", "bounding_box": [922, 401, 924, 418]}, {"label": "static", "bounding_box": [820, 394, 828, 404]}, {"label": "static", "bounding_box": [924, 400, 928, 409]}, {"label": "static", "bounding_box": [926, 386, 930, 400]}, {"label": "car", "bounding_box": [914, 415, 943, 425]}, {"label": "static", "bounding_box": [940, 406, 949, 413]}, {"label": "pole", "bounding_box": [952, 411, 953, 431]}, {"label": "static", "bounding_box": [944, 405, 965, 422]}, {"label": "ground", "bounding_box": [943, 435, 961, 441]}, {"label": "traffic light", "bounding_box": [952, 363, 977, 386]}, {"label": "pole", "bounding_box": [963, 361, 968, 424]}, {"label": "pole", "bounding_box": [901, 395, 904, 425]}, {"label": "cargroup", "bounding_box": [889, 415, 921, 429]}, {"label": "static", "bounding_box": [899, 397, 906, 403]}, {"label": "static", "bounding_box": [900, 404, 906, 409]}, {"label": "cargroup", "bounding_box": [851, 411, 895, 434]}, {"label": "pole", "bounding_box": [846, 391, 857, 411]}, {"label": "pole", "bounding_box": [844, 363, 849, 420]}, {"label": "traffic sign", "bounding_box": [830, 364, 843, 376]}, {"label": "traffic sign", "bounding_box": [830, 379, 843, 393]}, {"label": "pole", "bounding_box": [821, 387, 829, 423]}, {"label": "pole", "bounding_box": [827, 379, 833, 423]}, {"label": "person", "bounding_box": [833, 400, 845, 413]}, {"label": "pole", "bounding_box": [821, 401, 824, 412]}, {"label": "pole", "bounding_box": [814, 400, 817, 426]}, {"label": "traffic light", "bounding_box": [805, 392, 819, 406]}, {"label": "pole", "bounding_box": [801, 313, 906, 428]}, {"label": "car", "bounding_box": [793, 409, 879, 455]}, {"label": "pole", "bounding_box": [787, 350, 790, 380]}, {"label": "pole", "bounding_box": [778, 394, 783, 423]}, {"label": "static", "bounding_box": [778, 350, 796, 364]}, {"label": "traffic sign", "bounding_box": [598, 367, 624, 376]}, {"label": "static", "bounding_box": [766, 367, 804, 399]}, {"label": "static", "bounding_box": [781, 366, 795, 383]}, {"label": "car", "bounding_box": [695, 404, 797, 472]}, {"label": "traffic light", "bounding_box": [796, 375, 813, 394]}, {"label": "car", "bounding_box": [614, 419, 663, 452]}, {"label": "pole", "bounding_box": [638, 346, 648, 461]}, {"label": "traffic light", "bounding_box": [638, 354, 656, 381]}, {"label": "static", "bounding_box": [517, 354, 532, 383]}, {"label": "pole", "bounding_box": [593, 362, 602, 431]}, {"label": "pole", "bounding_box": [602, 381, 607, 419]}, {"label": "pole", "bounding_box": [547, 376, 552, 417]}, {"label": "traffic light", "bounding_box": [545, 380, 552, 400]}, {"label": "pole", "bounding_box": [514, 236, 538, 446]}, {"label": "traffic light", "bounding_box": [498, 377, 524, 405]}, {"label": "static", "bounding_box": [502, 341, 529, 370]}, {"label": "pole", "bounding_box": [487, 282, 521, 456]}, {"label": "traffic light", "bounding_box": [461, 278, 477, 321]}, {"label": "pole", "bounding_box": [446, 293, 480, 428]}, {"label": "traffic light", "bounding_box": [478, 282, 495, 322]}, {"label": "car", "bounding_box": [412, 398, 511, 488]}, {"label": "pole", "bounding_box": [432, 344, 449, 377]}, {"label": "traffic light", "bounding_box": [427, 371, 456, 398]}, {"label": "static", "bounding_box": [363, 371, 395, 400]}, {"label": "pole", "bounding_box": [376, 371, 385, 424]}, {"label": "car", "bounding_box": [328, 412, 389, 443]}, {"label": "ground", "bounding_box": [639, 454, 688, 470]}, {"label": "car", "bounding_box": [333, 413, 468, 499]}, {"label": "person", "bounding_box": [340, 420, 371, 505]}, {"label": "person", "bounding_box": [230, 405, 247, 424]}, {"label": "car", "bounding_box": [211, 412, 365, 515]}, {"label": "person", "bounding_box": [136, 387, 174, 444]}, {"label": "person", "bounding_box": [41, 383, 78, 411]}, {"label": "traffic light", "bounding_box": [357, 255, 387, 307]}, {"label": "car", "bounding_box": [485, 404, 651, 509]}, {"label": "pole", "bounding_box": [305, 278, 390, 287]}, {"label": "pole", "bounding_box": [1026, 395, 1028, 419]}, {"label": "traffic light", "bounding_box": [1024, 395, 1029, 403]}, {"label": "static", "bounding_box": [1020, 395, 1025, 404]}, {"label": "traffic sign", "bounding_box": [1027, 393, 1035, 404]}, {"label": "pole", "bounding_box": [1031, 400, 1033, 413]}, {"label": "pole", "bounding_box": [1037, 394, 1040, 415]}, {"label": "traffic sign", "bounding_box": [1036, 389, 1043, 399]}, {"label": "static", "bounding_box": [1044, 394, 1061, 416]}, {"label": "pole", "bounding_box": [1059, 395, 1062, 417]}, {"label": "traffic sign", "bounding_box": [1057, 389, 1066, 398]}, {"label": "car", "bounding_box": [1015, 406, 1058, 428]}, {"label": "car", "bounding_box": [1033, 407, 1062, 428]}, {"label": "car", "bounding_box": [951, 398, 1029, 458]}, {"label": "pole", "bounding_box": [1071, 391, 1073, 422]}, {"label": "pole", "bounding_box": [1132, 356, 1135, 391]}, {"label": "static", "bounding_box": [1072, 388, 1083, 397]}, {"label": "cargroup", "bounding_box": [1056, 401, 1089, 434]}, {"label": "car", "bounding_box": [1064, 401, 1092, 450]}, {"label": "pole", "bounding_box": [1095, 363, 1101, 398]}, {"label": "static", "bounding_box": [1084, 368, 1105, 382]}, {"label": "static", "bounding_box": [1094, 379, 1106, 392]}, {"label": "car", "bounding_box": [1073, 389, 1139, 456]}, {"label": "static", "bounding_box": [1073, 356, 1081, 369]}, {"label": "static", "bounding_box": [1086, 319, 1099, 378]}, {"label": "traffic light", "bounding_box": [1123, 359, 1133, 380]}, {"label": "static", "bounding_box": [1131, 319, 1143, 359]}, {"label": "static", "bounding_box": [1130, 350, 1145, 366]}, {"label": "static", "bounding_box": [1138, 310, 1158, 329]}, {"label": "static", "bounding_box": [1143, 342, 1157, 361]}, {"label": "pole", "bounding_box": [1143, 378, 1144, 394]}, {"label": "static", "bounding_box": [1138, 368, 1150, 382]}, {"label": "pole", "bounding_box": [1186, 330, 1191, 407]}, {"label": "car", "bounding_box": [1150, 395, 1245, 432]}, {"label": "traffic sign", "bounding_box": [1169, 329, 1186, 346]}, {"label": "traffic sign", "bounding_box": [1190, 329, 1207, 345]}, {"label": "pole", "bounding_box": [1180, 358, 1186, 432]}, {"label": "traffic sign", "bounding_box": [1182, 358, 1194, 363]}, {"label": "static", "bounding_box": [1186, 367, 1193, 377]}, {"label": "license plate", "bounding_box": [236, 480, 255, 489]}, {"label": "car", "bounding_box": [1094, 390, 1181, 460]}, {"label": "pole", "bounding_box": [1049, 265, 1230, 438]}, {"label": "traffic light", "bounding_box": [1035, 247, 1056, 292]}, {"label": "traffic light", "bounding_box": [1062, 243, 1084, 292]}, {"label": "traffic light", "bounding_box": [1223, 355, 1253, 379]}, {"label": "traffic light", "bounding_box": [1208, 343, 1233, 371]}, {"label": "terrain", "bounding_box": [1348, 412, 1446, 429]}, {"label": "traffic sign", "bounding_box": [1220, 405, 1236, 430]}, {"label": "pole", "bounding_box": [1234, 285, 1252, 414]}, {"label": "dynamic", "bounding_box": [1247, 405, 1266, 428]}, {"label": "pole", "bounding_box": [1267, 326, 1275, 440]}, {"label": "static", "bounding_box": [120, 428, 243, 532]}, {"label": "traffic light", "bounding_box": [1266, 334, 1282, 365]}, {"label": "traffic light", "bounding_box": [1247, 269, 1266, 308]}, {"label": "pole", "bounding_box": [1607, 326, 1625, 399]}, {"label": "pole", "bounding_box": [1284, 276, 1302, 411]}, {"label": "traffic light", "bounding_box": [1287, 343, 1314, 369]}, {"label": "traffic light", "bounding_box": [1288, 258, 1307, 310]}, {"label": "car", "bounding_box": [1270, 389, 1362, 452]}, {"label": "static", "bounding_box": [1658, 326, 1672, 403]}, {"label": "pole", "bounding_box": [1381, 244, 1529, 426]}, {"label": "traffic light", "bounding_box": [1369, 222, 1391, 269]}, {"label": "pole", "bounding_box": [1628, 329, 1642, 397]}, {"label": "traffic sign", "bounding_box": [1511, 302, 1532, 325]}, {"label": "traffic sign", "bounding_box": [1580, 186, 1672, 301]}, {"label": "traffic light", "bounding_box": [1511, 332, 1528, 355]}, {"label": "pole", "bounding_box": [1479, 327, 1497, 418]}, {"label": "static", "bounding_box": [1492, 317, 1649, 337]}, {"label": "vegetation", "bounding_box": [1440, 395, 1465, 436]}, {"label": "wall", "bounding_box": [1460, 391, 1855, 438]}, {"label": "static", "bounding_box": [1606, 393, 1680, 438]}, {"label": "fence", "bounding_box": [1474, 366, 1848, 410]}, {"label": "static", "bounding_box": [1606, 385, 1625, 416]}, {"label": "person", "bounding_box": [1446, 375, 1474, 444]}, {"label": "static", "bounding_box": [1556, 216, 1601, 255]}, {"label": "static", "bounding_box": [106, 375, 129, 440]}, {"label": "traffic sign", "bounding_box": [1558, 249, 1600, 288]}, {"label": "pole", "bounding_box": [1596, 215, 1610, 439]}, {"label": "vegetation", "bounding_box": [1795, 92, 2047, 485]}, {"label": "static", "bounding_box": [1595, 329, 1616, 353]}, {"label": "traffic sign", "bounding_box": [1605, 212, 1641, 249]}, {"label": "pole", "bounding_box": [1879, 271, 1890, 471]}, {"label": "traffic sign", "bounding_box": [1823, 246, 1910, 281]}, {"label": "static", "bounding_box": [1960, 362, 2047, 406]}, {"label": "car", "bounding_box": [0, 395, 144, 560]}, {"label": "pole", "bounding_box": [1945, 117, 1991, 409]}, {"label": "static", "bounding_box": [937, 430, 958, 432]}, {"label": "ground", "bounding_box": [937, 430, 958, 432]}, {"label": "terrain", "bounding_box": [1184, 434, 1268, 441]}, {"label": "static", "bounding_box": [205, 0, 260, 225]}, {"label": "license plate", "bounding_box": [521, 473, 560, 483]}, {"label": "license plate", "bounding_box": [726, 446, 747, 453]}, {"label": "license plate", "bounding_box": [982, 436, 1004, 442]}, {"label": "license plate", "bounding_box": [1131, 422, 1157, 428]}, {"label": "license plate", "bounding_box": [1318, 417, 1340, 424]}, {"label": "license plate", "bounding_box": [807, 439, 822, 443]}, {"label": "static", "bounding_box": [1046, 236, 1061, 242]}, {"label": "traffic light", "bounding_box": [895, 300, 912, 333]}, {"label": "traffic sign", "bounding_box": [1209, 319, 1234, 342]}, {"label": "static", "bounding_box": [1087, 142, 1111, 149]}, {"label": "static", "bounding_box": [192, 379, 207, 428]}, {"label": "traffic sign", "bounding_box": [1240, 344, 1248, 358]}, {"label": "static", "bounding_box": [420, 245, 441, 259]}, {"label": "static", "bounding_box": [348, 210, 370, 228]}, {"label": "static", "bounding_box": [490, 251, 504, 259]}, {"label": "ego vehicle", "bounding_box": [24, 796, 2047, 1023]}, {"label": "rectification border", "bounding_box": [416, 0, 2047, 28]}, {"label": "rectification border", "bounding_box": [2037, 509, 2047, 1023]}, {"label": "rectification border", "bounding_box": [0, 0, 17, 474]}, {"label": "rectification border", "bounding_box": [0, 977, 1937, 1023]}, {"label": "out of roi", "bounding_box": [0, 0, 2048, 1024]}]}