{"imgHeight": 1024, "imgWidth": 2048, "objects": [{"label": "road", "bounding_box": [0, 348, 2047, 1023]}, {"label": "terrain", "bounding_box": [508, 378, 1086, 484]}, {"label": "building", "bounding_box": [0, 0, 2047, 424]}, {"label": "car", "bounding_box": [1185, 393, 1228, 432]}, {"label": "sky", "bounding_box": [0, 0, 141, 20]}, {"label": "sidewalk", "bounding_box": [563, 419, 1198, 523]}, {"label": "sidewalk", "bounding_box": [0, 519, 838, 829]}, {"label": "bicycle", "bounding_box": [545, 465, 576, 515]}, {"label": "car", "bounding_box": [606, 325, 740, 382]}, {"label": "static", "bounding_box": [1086, 414, 1146, 431]}, {"label": "fence", "bounding_box": [529, 420, 1092, 512]}, {"label": "vegetation", "bounding_box": [0, 0, 1611, 553]}, {"label": "bicycle", "bounding_box": [544, 467, 576, 513]}, {"label": "pole", "bounding_box": [289, 302, 294, 345]}, {"label": "dynamic", "bounding_box": [0, 288, 401, 409]}, {"label": "dynamic", "bounding_box": [0, 280, 255, 348]}, {"label": "cargroup", "bounding_box": [1113, 397, 1144, 415]}, {"label": "static", "bounding_box": [273, 270, 305, 306]}, {"label": "pole", "bounding_box": [293, 398, 298, 417]}, {"label": "traffic sign", "bounding_box": [287, 390, 308, 401]}, {"label": "static", "bounding_box": [424, 334, 465, 393]}, {"label": "pole", "bounding_box": [440, 338, 450, 404]}, {"label": "pole", "bounding_box": [458, 0, 484, 547]}, {"label": "traffic sign", "bounding_box": [475, 334, 599, 371]}, {"label": "pole", "bounding_box": [528, 333, 540, 434]}, {"label": "static", "bounding_box": [350, 409, 427, 563]}, {"label": "static", "bounding_box": [346, 531, 386, 574]}, {"label": "static", "bounding_box": [536, 504, 577, 538]}, {"label": "static", "bounding_box": [483, 513, 537, 545]}, {"label": "static", "bounding_box": [426, 520, 442, 552]}, {"label": "static", "bounding_box": [442, 515, 479, 548]}, {"label": "pole", "bounding_box": [167, 312, 179, 418]}, {"label": "traffic sign", "bounding_box": [157, 241, 186, 291]}, {"label": "pole", "bounding_box": [703, 458, 708, 503]}, {"label": "traffic sign", "bounding_box": [157, 285, 190, 313]}, {"label": "car", "bounding_box": [0, 387, 375, 777]}, {"label": "static", "bounding_box": [669, 497, 712, 525]}, {"label": "static", "bounding_box": [775, 278, 827, 321]}, {"label": "static", "bounding_box": [752, 304, 796, 348]}, {"label": "static", "bounding_box": [760, 348, 793, 371]}, {"label": "pole", "bounding_box": [771, 277, 783, 526]}, {"label": "static", "bounding_box": [765, 272, 778, 288]}, {"label": "pole", "bounding_box": [814, 327, 824, 495]}, {"label": "traffic sign", "bounding_box": [800, 339, 815, 358]}, {"label": "pole", "bounding_box": [792, 451, 800, 507]}, {"label": "pole", "bounding_box": [765, 454, 775, 513]}, {"label": "pole", "bounding_box": [724, 453, 733, 509]}, {"label": "pole", "bounding_box": [601, 476, 607, 512]}, {"label": "pole", "bounding_box": [657, 472, 661, 508]}, {"label": "pole", "bounding_box": [711, 468, 717, 505]}, {"label": "pole", "bounding_box": [785, 456, 795, 521]}, {"label": "pole", "bounding_box": [753, 460, 763, 532]}, {"label": "pole", "bounding_box": [735, 462, 746, 537]}, {"label": "pole", "bounding_box": [715, 462, 728, 544]}, {"label": "pole", "bounding_box": [692, 466, 706, 550]}, {"label": "pole", "bounding_box": [665, 467, 682, 560]}, {"label": "pole", "bounding_box": [635, 472, 653, 569]}, {"label": "pole", "bounding_box": [606, 474, 624, 580]}, {"label": "person", "bounding_box": [831, 416, 875, 515]}, {"label": "person", "bounding_box": [833, 425, 882, 516]}, {"label": "pole", "bounding_box": [1033, 310, 1040, 490]}, {"label": "pole", "bounding_box": [1033, 310, 1040, 490]}, {"label": "traffic sign", "bounding_box": [1002, 316, 1033, 325]}, {"label": "traffic sign", "bounding_box": [1014, 328, 1058, 344]}, {"label": "traffic sign", "bounding_box": [1026, 342, 1047, 357]}, {"label": "static", "bounding_box": [1095, 186, 1116, 223]}, {"label": "static", "bounding_box": [1088, 318, 1133, 357]}, {"label": "pole", "bounding_box": [1104, 221, 1117, 475]}, {"label": "fence", "bounding_box": [1126, 423, 1185, 473]}, {"label": "car", "bounding_box": [1232, 399, 1284, 432]}, {"label": "car", "bounding_box": [1278, 399, 1319, 436]}, {"label": "sidewalk", "bounding_box": [1453, 499, 2047, 962]}, {"label": "car", "bounding_box": [1302, 397, 1331, 437]}, {"label": "pole", "bounding_box": [1288, 430, 1296, 466]}, {"label": "pole", "bounding_box": [1296, 430, 1307, 466]}, {"label": "vegetation", "bounding_box": [1360, 266, 1412, 401]}, {"label": "static", "bounding_box": [1324, 248, 1366, 292]}, {"label": "vegetation", "bounding_box": [1472, 197, 1614, 369]}, {"label": "static", "bounding_box": [1331, 293, 1361, 316]}, {"label": "pole", "bounding_box": [1342, 245, 1352, 398]}, {"label": "pole", "bounding_box": [1355, 336, 1361, 387]}, {"label": "static", "bounding_box": [1350, 287, 1361, 350]}, {"label": "person", "bounding_box": [1308, 369, 1369, 450]}, {"label": "person", "bounding_box": [1405, 346, 1450, 390]}, {"label": "traffic light", "bounding_box": [1453, 330, 1463, 377]}, {"label": "car", "bounding_box": [1010, 346, 2047, 810]}, {"label": "pole", "bounding_box": [1129, 376, 1133, 435]}, {"label": "static", "bounding_box": [1129, 355, 1134, 377]}, {"label": "pole", "bounding_box": [1149, 380, 1151, 406]}, {"label": "static", "bounding_box": [1144, 368, 1156, 380]}, {"label": "pole", "bounding_box": [1143, 382, 1145, 400]}, {"label": "traffic sign", "bounding_box": [1138, 376, 1146, 385]}, {"label": "car", "bounding_box": [1131, 400, 1170, 430]}, {"label": "static", "bounding_box": [1125, 407, 1134, 413]}, {"label": "ego vehicle", "bounding_box": [24, 796, 2047, 1023]}, {"label": "rectification border", "bounding_box": [416, 0, 2047, 28]}, {"label": "rectification border", "bounding_box": [2037, 509, 2047, 1023]}, {"label": "rectification border", "bounding_box": [0, 0, 17, 474]}, {"label": "rectification border", "bounding_box": [0, 977, 1937, 1023]}, {"label": "out of roi", "bounding_box": [0, 0, 2048, 1024]}]}