{"imgHeight": 1024, "imgWidth": 2048, "objects": [{"label": "sky", "bounding_box": [825, 0, 1218, 234]}, {"label": "road", "bounding_box": [0, 340, 2047, 1023]}, {"label": "sidewalk", "bounding_box": [1214, 424, 2047, 975]}, {"label": "building", "bounding_box": [1078, 0, 2047, 475]}, {"label": "building", "bounding_box": [0, 0, 1022, 660]}, {"label": "sidewalk", "bounding_box": [918, 357, 951, 383]}, {"label": "vegetation", "bounding_box": [926, 129, 1117, 391]}, {"label": "pole", "bounding_box": [961, 268, 985, 345]}, {"label": "static", "bounding_box": [1056, 298, 1074, 320]}, {"label": "static", "bounding_box": [983, 266, 990, 271]}, {"label": "static", "bounding_box": [949, 296, 961, 304]}, {"label": "traffic sign", "bounding_box": [959, 297, 967, 307]}, {"label": "static", "bounding_box": [928, 265, 946, 277]}, {"label": "static", "bounding_box": [923, 280, 944, 288]}, {"label": "static", "bounding_box": [921, 290, 947, 304]}, {"label": "static", "bounding_box": [926, 302, 941, 316]}, {"label": "person", "bounding_box": [924, 356, 934, 389]}, {"label": "pole", "bounding_box": [923, 376, 925, 397]}, {"label": "pole", "bounding_box": [1055, 298, 1057, 356]}, {"label": "static", "bounding_box": [1053, 291, 1057, 298]}, {"label": "car", "bounding_box": [937, 366, 971, 401]}, {"label": "pole", "bounding_box": [1038, 327, 1040, 358]}, {"label": "traffic sign", "bounding_box": [1034, 321, 1045, 328]}, {"label": "static", "bounding_box": [1037, 327, 1043, 331]}, {"label": "pole", "bounding_box": [1000, 320, 1001, 343]}, {"label": "static", "bounding_box": [998, 327, 1004, 337]}, {"label": "pole", "bounding_box": [992, 325, 993, 342]}, {"label": "static", "bounding_box": [988, 326, 992, 330]}, {"label": "static", "bounding_box": [964, 331, 974, 336]}, {"label": "static", "bounding_box": [951, 279, 962, 296]}, {"label": "static", "bounding_box": [1050, 321, 1061, 329]}, {"label": "static", "bounding_box": [1080, 320, 1094, 329]}, {"label": "vegetation", "bounding_box": [1072, 301, 1085, 359]}, {"label": "person", "bounding_box": [1057, 337, 1061, 356]}, {"label": "static", "bounding_box": [1233, 231, 1277, 296]}, {"label": "car", "bounding_box": [979, 340, 1010, 358]}, {"label": "car", "bounding_box": [984, 345, 1009, 366]}, {"label": "car", "bounding_box": [972, 345, 999, 371]}, {"label": "car", "bounding_box": [963, 351, 989, 375]}, {"label": "car", "bounding_box": [952, 354, 986, 379]}, {"label": "static", "bounding_box": [1180, 322, 1205, 344]}, {"label": "sidewalk", "bounding_box": [0, 394, 982, 882]}, {"label": "bicycle", "bounding_box": [928, 399, 958, 455]}, {"label": "static", "bounding_box": [935, 364, 971, 405]}, {"label": "rider", "bounding_box": [928, 366, 961, 448]}, {"label": "pole", "bounding_box": [461, 94, 483, 537]}, {"label": "static", "bounding_box": [1226, 139, 1261, 175]}, {"label": "traffic sign", "bounding_box": [392, 99, 462, 119]}, {"label": "traffic sign", "bounding_box": [412, 117, 514, 154]}, {"label": "traffic sign", "bounding_box": [437, 153, 490, 192]}, {"label": "traffic sign", "bounding_box": [450, 195, 493, 246]}, {"label": "static", "bounding_box": [179, 422, 244, 522]}, {"label": "person", "bounding_box": [651, 332, 722, 499]}, {"label": "person", "bounding_box": [487, 277, 675, 605]}, {"label": "person", "bounding_box": [544, 277, 744, 623]}, {"label": "pole", "bounding_box": [1930, 0, 1966, 558]}, {"label": "car", "bounding_box": [1899, 430, 2047, 832]}, {"label": "pole", "bounding_box": [1245, 159, 1254, 371]}, {"label": "static", "bounding_box": [1234, 125, 1272, 161]}, {"label": "car", "bounding_box": [1122, 376, 1193, 431]}, {"label": "car", "bounding_box": [1127, 382, 1210, 442]}, {"label": "static", "bounding_box": [1125, 324, 1166, 376]}, {"label": "pole", "bounding_box": [1154, 402, 1204, 471]}, {"label": "static", "bounding_box": [1154, 320, 1247, 411]}, {"label": "car", "bounding_box": [1202, 365, 1381, 505]}, {"label": "static", "bounding_box": [1101, 368, 1124, 413]}, {"label": "license plate", "bounding_box": [1277, 442, 1331, 460]}, {"label": "person", "bounding_box": [1353, 330, 1447, 517]}, {"label": "static", "bounding_box": [1101, 148, 1117, 266]}, {"label": "static", "bounding_box": [1107, 133, 1138, 163]}, {"label": "static", "bounding_box": [1136, 0, 1163, 252]}, {"label": "traffic sign", "bounding_box": [1141, 212, 1158, 232]}, {"label": "pole", "bounding_box": [1101, 272, 1105, 395]}, {"label": "static", "bounding_box": [1101, 272, 1112, 284]}, {"label": "static", "bounding_box": [1111, 256, 1126, 289]}, {"label": "static", "bounding_box": [1132, 237, 1154, 279]}, {"label": "pole", "bounding_box": [1160, 223, 1182, 247]}, {"label": "pole", "bounding_box": [1174, 228, 1179, 289]}, {"label": "pole", "bounding_box": [1170, 193, 1174, 222]}, {"label": "pole", "bounding_box": [1174, 190, 1180, 225]}, {"label": "pole", "bounding_box": [1166, 216, 1190, 241]}, {"label": "static", "bounding_box": [1118, 288, 1168, 314]}, {"label": "static", "bounding_box": [1167, 280, 1197, 304]}, {"label": "pole", "bounding_box": [1170, 293, 1177, 344]}, {"label": "traffic sign", "bounding_box": [1165, 288, 1179, 306]}, {"label": "static", "bounding_box": [1165, 306, 1180, 316]}, {"label": "pole", "bounding_box": [1141, 270, 1145, 367]}, {"label": "traffic sign", "bounding_box": [1136, 331, 1150, 344]}, {"label": "static", "bounding_box": [1136, 343, 1150, 353]}, {"label": "person", "bounding_box": [1118, 340, 1126, 365]}, {"label": "static", "bounding_box": [1118, 349, 1148, 386]}, {"label": "static", "bounding_box": [1218, 211, 1246, 273]}, {"label": "static", "bounding_box": [1302, 261, 1332, 296]}, {"label": "static", "bounding_box": [1329, 178, 1394, 268]}, {"label": "car", "bounding_box": [1116, 373, 1158, 418]}, {"label": "static", "bounding_box": [1422, 75, 1498, 185]}, {"label": "static", "bounding_box": [1513, 106, 1550, 163]}, {"label": "static", "bounding_box": [1872, 72, 1904, 138]}, {"label": "polegroup", "bounding_box": [976, 369, 984, 388]}, {"label": "static", "bounding_box": [1904, 951, 2047, 1023]}, {"label": "ego vehicle", "bounding_box": [24, 796, 2047, 1023]}, {"label": "rectification border", "bounding_box": [416, 0, 2047, 28]}, {"label": "rectification border", "bounding_box": [2037, 509, 2047, 1023]}, {"label": "rectification border", "bounding_box": [0, 0, 17, 474]}, {"label": "rectification border", "bounding_box": [0, 977, 1937, 1023]}, {"label": "out of roi", "bounding_box": [0, 0, 2048, 1024]}]}