<annotation><filename>bochum_000000_014658_gtFine_boxes.jpg</filename><folder>CityScapes</folder><size><width>2048</width><height>1024</height><depth>3</depth></size><segmented>0</segmented><object><name>sky</name><pose>Unspecified</pose><truncated>0</truncated><difficult>0</difficult><bndbox><xmin>540</xmin><ymin>0</ymin><xmax>1565</xmax><ymax>392</ymax></bndbox></object><object><name>building</name><pose>Unspecified</pose><truncated>0</truncated><difficult>0</difficult><bndbox><xmin>0</xmin><ymin>0</ymin><xmax>2022</xmax><ymax>566</ymax></bndbox></object><object><name>static</name><pose>Unspecified</pose><truncated>0</truncated><difficult>0</difficult><bndbox><xmin>679</xmin><ymin>429</ymin><xmax>932</xmax><ymax>464</ymax></bndbox></object><object><name>static</name><pose>Unspecified</pose><truncated>0</truncated><difficult>0</difficult><bndbox><xmin>728</xmin><ymin>279</ymin><xmax>777</xmax><ymax>339</ymax></bndbox></object><object><name>road</name><pose>Unspecified</pose><truncated>0</truncated><difficult>0</difficult><bndbox><xmin>0</xmin><ymin>434</ymin><xmax>2047</xmax><ymax>1023</ymax></bndbox></object><object><name>sidewalk</name><pose>Unspecified</pose><truncated>0</truncated><difficult>0</difficult><bndbox><xmin>1357</xmin><ymin>438</ymin><xmax>2047</xmax><ymax>854</ymax></bndbox></object><object><name>sidewalk</name><pose>Unspecified</pose><truncated>0</truncated><difficult>0</difficult><bndbox><xmin>0</xmin><ymin>436</ymin><xmax>1249</xmax><ymax>755</ymax></bndbox></object><object><name>vegetation</name><pose>Unspecified</pose><truncated>0</truncated><difficult>0</difficult><bndbox><xmin>0</xmin><ymin>0</ymin><xmax>744</xmax><ymax>468</ymax></bndbox></object><object><name>vegetation</name><pose>Unspecified</pose><truncated>0</truncated><difficult>0</difficult><bndbox><xmin>705</xmin><ymin>0</ymin><xmax>1193</xmax><ymax>475</ymax></bndbox></object><object><name>vegetation</name><pose>Unspecified</pose><truncated>0</truncated><difficult>0</difficult><bndbox><xmin>1169</xmin><ymin>343</ymin><xmax>1355</xmax><ymax>430</ymax></bndbox></object><object><name>static</name><pose>Unspecified</pose><truncated>0</truncated><difficult>0</difficult><bndbox><xmin>1127</xmin><ymin>359</ymin><xmax>1146</xmax><ymax>453</ymax></bndbox></object><object><name>vegetation</name><pose>Unspecified</pose><truncated>0</truncated><difficult>0</difficult><bndbox><xmin>1340</xmin><ymin>358</ymin><xmax>1427</xmax><ymax>430</ymax></bndbox></object><object><name>vegetation</name><pose>Unspecified</pose><truncated>0</truncated><difficult>0</difficult><bndbox><xmin>1415</xmin><ymin>0</ymin><xmax>2047</xmax><ymax>411</ymax></bndbox></object><object><name>static</name><pose>Unspecified</pose><truncated>0</truncated><difficult>0</difficult><bndbox><xmin>1171</xmin><ymin>391</ymin><xmax>1184</xmax><ymax>432</ymax></bndbox></object><object><name>motorcycle</name><pose>Unspecified</pose><truncated>0</truncated><difficult>0</difficult><bndbox><xmin>1085</xmin><ymin>425</ymin><xmax>1151</xmax><ymax>459</ymax></bndbox></object><object><name>car</name><pose>Unspecified</pose><truncated>0</truncated><difficult>0</difficult><bndbox><xmin>1357</xmin><ymin>425</ymin><xmax>1393</xmax><ymax>447</ymax></bndbox></object><object><name>car</name><pose>Unspecified</pose><truncated>0</truncated><difficult>0</difficult><bndbox><xmin>1366</xmin><ymin>385</ymin><xmax>1458</xmax><ymax>491</ymax></bndbox></object><object><name>traffic sign</name><pose>Unspecified</pose><truncated>0</truncated><difficult>0</difficult><bndbox><xmin>1470</xmin><ymin>365</ymin><xmax>1485</xmax><ymax>393</ymax></bndbox></object><object><name>traffic sign</name><pose>Unspecified</pose><truncated>0</truncated><difficult>0</difficult><bndbox><xmin>1488</xmin><ymin>338</ymin><xmax>1497</xmax><ymax>357</ymax></bndbox></object><object><name>pole</name><pose>Unspecified</pose><truncated>0</truncated><difficult>0</difficult><bndbox><xmin>1486</xmin><ymin>237</ymin><xmax>1495</xmax><ymax>391</ymax></bndbox></object><object><name>pole</name><pose>Unspecified</pose><truncated>0</truncated><difficult>0</difficult><bndbox><xmin>1550</xmin><ymin>290</ymin><xmax>1558</xmax><ymax>368</ymax></bndbox></object><object><name>traffic sign</name><pose>Unspecified</pose><truncated>0</truncated><difficult>0</difficult><bndbox><xmin>1541</xmin><ymin>280</ymin><xmax>1562</xmax><ymax>320</ymax></bndbox></object><object><name>car</name><pose>Unspecified</pose><truncated>0</truncated><difficult>0</difficult><bndbox><xmin>1404</xmin><ymin>378</ymin><xmax>1495</xmax><ymax>514</ymax></bndbox></object><object><name>car</name><pose>Unspecified</pose><truncated>0</truncated><difficult>0</difficult><bndbox><xmin>1439</xmin><ymin>366</ymin><xmax>1545</xmax><ymax>527</ymax></bndbox></object><object><name>car</name><pose>Unspecified</pose><truncated>0</truncated><difficult>0</difficult><bndbox><xmin>1473</xmin><ymin>355</ymin><xmax>1621</xmax><ymax>566</ymax></bndbox></object><object><name>pole</name><pose>Unspecified</pose><truncated>0</truncated><difficult>0</difficult><bndbox><xmin>1974</xmin><ymin>110</ymin><xmax>1994</xmax><ymax>293</ymax></bndbox></object><object><name>traffic sign</name><pose>Unspecified</pose><truncated>0</truncated><difficult>0</difficult><bndbox><xmin>1959</xmin><ymin>19</ymin><xmax>2047</xmax><ymax>159</ymax></bndbox></object><object><name>car</name><pose>Unspecified</pose><truncated>0</truncated><difficult>0</difficult><bndbox><xmin>1516</xmin><ymin>240</ymin><xmax>2047</xmax><ymax>704</ymax></bndbox></object><object><name>license plate</name><pose>Unspecified</pose><truncated>0</truncated><difficult>0</difficult><bndbox><xmin>1851</xmin><ymin>431</ymin><xmax>2009</xmax><ymax>473</ymax></bndbox></object><object><name>car</name><pose>Unspecified</pose><truncated>0</truncated><difficult>0</difficult><bndbox><xmin>1321</xmin><ymin>426</ymin><xmax>1343</xmax><ymax>446</ymax></bndbox></object><object><name>car</name><pose>Unspecified</pose><truncated>0</truncated><difficult>0</difficult><bndbox><xmin>1309</xmin><ymin>423</ymin><xmax>1337</xmax><ymax>446</ymax></bndbox></object><object><name>car</name><pose>Unspecified</pose><truncated>0</truncated><difficult>0</difficult><bndbox><xmin>1272</xmin><ymin>423</ymin><xmax>1308</xmax><ymax>449</ymax></bndbox></object><object><name>static</name><pose>Unspecified</pose><truncated>0</truncated><difficult>0</difficult><bndbox><xmin>1182</xmin><ymin>423</ymin><xmax>1265</xmax><ymax>430</ymax></bndbox></object><object><name>person</name><pose>Unspecified</pose><truncated>0</truncated><difficult>0</difficult><bndbox><xmin>1009</xmin><ymin>413</ymin><xmax>1025</xmax><ymax>435</ymax></bndbox></object><object><name>static</name><pose>Unspecified</pose><truncated>0</truncated><difficult>0</difficult><bndbox><xmin>1005</xmin><ymin>426</ymin><xmax>1021</xmax><ymax>461</ymax></bndbox></object><object><name>person</name><pose>Unspecified</pose><truncated>0</truncated><difficult>0</difficult><bndbox><xmin>992</xmin><ymin>412</ymin><xmax>1002</xmax><ymax>451</ymax></bndbox></object><object><name>person</name><pose>Unspecified</pose><truncated>0</truncated><difficult>0</difficult><bndbox><xmin>1031</xmin><ymin>418</ymin><xmax>1046</xmax><ymax>447</ymax></bndbox></object><object><name>person</name><pose>Unspecified</pose><truncated>0</truncated><difficult>0</difficult><bndbox><xmin>977</xmin><ymin>418</ymin><xmax>986</xmax><ymax>450</ymax></bndbox></object><object><name>terrain</name><pose>Unspecified</pose><truncated>0</truncated><difficult>0</difficult><bndbox><xmin>763</xmin><ymin>474</ymin><xmax>910</xmax><ymax>480</ymax></bndbox></object><object><name>static</name><pose>Unspecified</pose><truncated>0</truncated><difficult>0</difficult><bndbox><xmin>914</xmin><ymin>397</ymin><xmax>965</xmax><ymax>448</ymax></bndbox></object><object><name>terrain</name><pose>Unspecified</pose><truncated>0</truncated><difficult>0</difficult><bndbox><xmin>885</xmin><ymin>459</ymin><xmax>1013</xmax><ymax>472</ymax></bndbox></object><object><name>vegetation</name><pose>Unspecified</pose><truncated>0</truncated><difficult>0</difficult><bndbox><xmin>924</xmin><ymin>422</ymin><xmax>975</xmax><ymax>458</ymax></bndbox></object><object><name>static</name><pose>Unspecified</pose><truncated>0</truncated><difficult>0</difficult><bndbox><xmin>923</xmin><ymin>449</ymin><xmax>968</xmax><ymax>467</ymax></bndbox></object><object><name>static</name><pose>Unspecified</pose><truncated>0</truncated><difficult>0</difficult><bndbox><xmin>841</xmin><ymin>395</ymin><xmax>898</xmax><ymax>472</ymax></bndbox></object><object><name>static</name><pose>Unspecified</pose><truncated>0</truncated><difficult>0</difficult><bndbox><xmin>732</xmin><ymin>428</ymin><xmax>757</xmax><ymax>485</ymax></bndbox></object><object><name>vegetation</name><pose>Unspecified</pose><truncated>0</truncated><difficult>0</difficult><bndbox><xmin>631</xmin><ymin>402</ymin><xmax>662</xmax><ymax>462</ymax></bndbox></object><object><name>static</name><pose>Unspecified</pose><truncated>0</truncated><difficult>0</difficult><bndbox><xmin>636</xmin><ymin>453</ymin><xmax>660</xmax><ymax>472</ymax></bndbox></object><object><name>traffic sign</name><pose>Unspecified</pose><truncated>0</truncated><difficult>0</difficult><bndbox><xmin>621</xmin><ymin>290</ymin><xmax>674</xmax><ymax>303</ymax></bndbox></object><object><name>pole</name><pose>Unspecified</pose><truncated>0</truncated><difficult>0</difficult><bndbox><xmin>669</xmin><ymin>283</ymin><xmax>678</xmax><ymax>487</ymax></bndbox></object><object><name>pole</name><pose>Unspecified</pose><truncated>0</truncated><difficult>0</difficult><bndbox><xmin>753</xmin><ymin>75</ymin><xmax>853</xmax><ymax>487</ymax></bndbox></object><object><name>terrain</name><pose>Unspecified</pose><truncated>0</truncated><difficult>0</difficult><bndbox><xmin>223</xmin><ymin>450</ymin><xmax>367</xmax><ymax>476</ymax></bndbox></object><object><name>pole</name><pose>Unspecified</pose><truncated>0</truncated><difficult>0</difficult><bndbox><xmin>240</xmin><ymin>306</ymin><xmax>260</xmax><ymax>488</ymax></bndbox></object><object><name>static</name><pose>Unspecified</pose><truncated>0</truncated><difficult>0</difficult><bndbox><xmin>227</xmin><ymin>291</ymin><xmax>244</xmax><ymax>325</ymax></bndbox></object><object><name>traffic sign</name><pose>Unspecified</pose><truncated>0</truncated><difficult>0</difficult><bndbox><xmin>233</xmin><ymin>290</ymin><xmax>253</xmax><ymax>322</ymax></bndbox></object><object><name>traffic sign</name><pose>Unspecified</pose><truncated>0</truncated><difficult>0</difficult><bndbox><xmin>237</xmin><ymin>325</ymin><xmax>253</xmax><ymax>342</ymax></bndbox></object><object><name>car</name><pose>Unspecified</pose><truncated>0</truncated><difficult>0</difficult><bndbox><xmin>0</xmin><ymin>521</ymin><xmax>25</xmax><ymax>734</ymax></bndbox></object><object><name>static</name><pose>Unspecified</pose><truncated>0</truncated><difficult>0</difficult><bndbox><xmin>807</xmin><ymin>82</ymin><xmax>853</xmax><ymax>150</ymax></bndbox></object><object><name>static</name><pose>Unspecified</pose><truncated>0</truncated><difficult>0</difficult><bndbox><xmin>754</xmin><ymin>195</ymin><xmax>813</xmax><ymax>230</ymax></bndbox></object><object><name>static</name><pose>Unspecified</pose><truncated>0</truncated><difficult>0</difficult><bndbox><xmin>1487</xmin><ymin>264</ymin><xmax>1516</xmax><ymax>288</ymax></bndbox></object><object><name>ego vehicle</name><pose>Unspecified</pose><truncated>0</truncated><difficult>0</difficult><bndbox><xmin>24</xmin><ymin>796</ymin><xmax>2047</xmax><ymax>1023</ymax></bndbox></object><object><name>rectification border</name><pose>Unspecified</pose><truncated>0</truncated><difficult>0</difficult><bndbox><xmin>416</xmin><ymin>0</ymin><xmax>2047</xmax><ymax>28</ymax></bndbox></object><object><name>rectification border</name><pose>Unspecified</pose><truncated>0</truncated><difficult>0</difficult><bndbox><xmin>2037</xmin><ymin>509</ymin><xmax>2047</xmax><ymax>1023</ymax></bndbox></object><object><name>rectification border</name><pose>Unspecified</pose><truncated>0</truncated><difficult>0</difficult><bndbox><xmin>0</xmin><ymin>0</ymin><xmax>17</xmax><ymax>474</ymax></bndbox></object><object><name>rectification border</name><pose>Unspecified</pose><truncated>0</truncated><difficult>0</difficult><bndbox><xmin>0</xmin><ymin>977</ymin><xmax>1937</xmax><ymax>1023</ymax></bndbox></object><object><name>out of roi</name><pose>Unspecified</pose><truncated>0</truncated><difficult>0</difficult><bndbox><xmin>0</xmin><ymin>0</ymin><xmax>2048</xmax><ymax>1024</ymax></bndbox></object></annotation>