<annotation><filename>bochum_000000_021070_gtFine_boxes.jpg</filename><folder>CityScapes</folder><size><width>2048</width><height>1024</height><depth>3</depth></size><segmented>0</segmented><object><name>sky</name><pose>Unspecified</pose><truncated>0</truncated><difficult>0</difficult><bndbox><xmin>681</xmin><ymin>0</ymin><xmax>2047</xmax><ymax>161</ymax></bndbox></object><object><name>road</name><pose>Unspecified</pose><truncated>0</truncated><difficult>0</difficult><bndbox><xmin>0</xmin><ymin>289</ymin><xmax>2047</xmax><ymax>1023</ymax></bndbox></object><object><name>sidewalk</name><pose>Unspecified</pose><truncated>0</truncated><difficult>0</difficult><bndbox><xmin>1683</xmin><ymin>461</ymin><xmax>2047</xmax><ymax>613</ymax></bndbox></object><object><name>sidewalk</name><pose>Unspecified</pose><truncated>0</truncated><difficult>0</difficult><bndbox><xmin>0</xmin><ymin>358</ymin><xmax>1592</xmax><ymax>448</ymax></bndbox></object><object><name>sidewalk</name><pose>Unspecified</pose><truncated>0</truncated><difficult>0</difficult><bndbox><xmin>91</xmin><ymin>513</ymin><xmax>691</xmax><ymax>593</ymax></bndbox></object><object><name>vegetation</name><pose>Unspecified</pose><truncated>0</truncated><difficult>0</difficult><bndbox><xmin>1440</xmin><ymin>26</ymin><xmax>1594</xmax><ymax>98</ymax></bndbox></object><object><name>ground</name><pose>Unspecified</pose><truncated>0</truncated><difficult>0</difficult><bndbox><xmin>91</xmin><ymin>513</ymin><xmax>684</xmax><ymax>575</ymax></bndbox></object><object><name>terrain</name><pose>Unspecified</pose><truncated>0</truncated><difficult>0</difficult><bndbox><xmin>0</xmin><ymin>457</ymin><xmax>689</xmax><ymax>1023</ymax></bndbox></object><object><name>sidewalk</name><pose>Unspecified</pose><truncated>0</truncated><difficult>0</difficult><bndbox><xmin>0</xmin><ymin>429</ymin><xmax>344</xmax><ymax>466</ymax></bndbox></object><object><name>pole</name><pose>Unspecified</pose><truncated>0</truncated><difficult>0</difficult><bndbox><xmin>863</xmin><ymin>0</ymin><xmax>866</xmax><ymax>57</ymax></bndbox></object><object><name>ground</name><pose>Unspecified</pose><truncated>0</truncated><difficult>0</difficult><bndbox><xmin>104</xmin><ymin>444</ymin><xmax>344</xmax><ymax>466</ymax></bndbox></object><object><name>terrain</name><pose>Unspecified</pose><truncated>0</truncated><difficult>0</difficult><bndbox><xmin>0</xmin><ymin>420</ymin><xmax>215</xmax><ymax>446</ymax></bndbox></object><object><name>terrain</name><pose>Unspecified</pose><truncated>0</truncated><difficult>0</difficult><bndbox><xmin>1558</xmin><ymin>340</ymin><xmax>2047</xmax><ymax>423</ymax></bndbox></object><object><name>building</name><pose>Unspecified</pose><truncated>0</truncated><difficult>0</difficult><bndbox><xmin>1531</xmin><ymin>169</ymin><xmax>2047</xmax><ymax>382</ymax></bndbox></object><object><name>building</name><pose>Unspecified</pose><truncated>0</truncated><difficult>0</difficult><bndbox><xmin>0</xmin><ymin>42</ymin><xmax>2047</xmax><ymax>432</ymax></bndbox></object><object><name>bridge</name><pose>Unspecified</pose><truncated>0</truncated><difficult>0</difficult><bndbox><xmin>1434</xmin><ymin>54</ymin><xmax>2047</xmax><ymax>279</ymax></bndbox></object><object><name>static</name><pose>Unspecified</pose><truncated>0</truncated><difficult>0</difficult><bndbox><xmin>1541</xmin><ymin>0</ymin><xmax>1998</xmax><ymax>113</ymax></bndbox></object><object><name>vegetation</name><pose>Unspecified</pose><truncated>0</truncated><difficult>0</difficult><bndbox><xmin>373</xmin><ymin>0</ymin><xmax>775</xmax><ymax>142</ymax></bndbox></object><object><name>vegetation</name><pose>Unspecified</pose><truncated>0</truncated><difficult>0</difficult><bndbox><xmin>966</xmin><ymin>0</ymin><xmax>1358</xmax><ymax>135</ymax></bndbox></object><object><name>pole</name><pose>Unspecified</pose><truncated>0</truncated><difficult>0</difficult><bndbox><xmin>870</xmin><ymin>0</ymin><xmax>874</xmax><ymax>59</ymax></bndbox></object><object><name>static</name><pose>Unspecified</pose><truncated>0</truncated><difficult>0</difficult><bndbox><xmin>55</xmin><ymin>25</ymin><xmax>1049</xmax><ymax>253</ymax></bndbox></object><object><name>vegetation</name><pose>Unspecified</pose><truncated>0</truncated><difficult>0</difficult><bndbox><xmin>0</xmin><ymin>32</ymin><xmax>1407</xmax><ymax>361</ymax></bndbox></object><object><name>static</name><pose>Unspecified</pose><truncated>0</truncated><difficult>0</difficult><bndbox><xmin>248</xmin><ymin>349</ymin><xmax>263</xmax><ymax>391</ymax></bndbox></object><object><name>pole</name><pose>Unspecified</pose><truncated>0</truncated><difficult>0</difficult><bndbox><xmin>248</xmin><ymin>267</ymin><xmax>263</xmax><ymax>398</ymax></bndbox></object><object><name>traffic sign</name><pose>Unspecified</pose><truncated>0</truncated><difficult>0</difficult><bndbox><xmin>201</xmin><ymin>179</ymin><xmax>306</xmax><ymax>282</ymax></bndbox></object><object><name>car</name><pose>Unspecified</pose><truncated>0</truncated><difficult>0</difficult><bndbox><xmin>0</xmin><ymin>331</ymin><xmax>54</xmax><ymax>387</ymax></bndbox></object><object><name>building</name><pose>Unspecified</pose><truncated>0</truncated><difficult>0</difficult><bndbox><xmin>328</xmin><ymin>213</ymin><xmax>1029</xmax><ymax>406</ymax></bndbox></object><object><name>vegetation</name><pose>Unspecified</pose><truncated>0</truncated><difficult>0</difficult><bndbox><xmin>0</xmin><ymin>0</ymin><xmax>534</xmax><ymax>425</ymax></bndbox></object><object><name>static</name><pose>Unspecified</pose><truncated>0</truncated><difficult>0</difficult><bndbox><xmin>121</xmin><ymin>352</ymin><xmax>139</xmax><ymax>389</ymax></bndbox></object><object><name>static</name><pose>Unspecified</pose><truncated>0</truncated><difficult>0</difficult><bndbox><xmin>188</xmin><ymin>349</ymin><xmax>203</xmax><ymax>389</ymax></bndbox></object><object><name>static</name><pose>Unspecified</pose><truncated>0</truncated><difficult>0</difficult><bndbox><xmin>218</xmin><ymin>349</ymin><xmax>236</xmax><ymax>390</ymax></bndbox></object><object><name>pole</name><pose>Unspecified</pose><truncated>0</truncated><difficult>0</difficult><bndbox><xmin>270</xmin><ymin>213</ymin><xmax>281</xmax><ymax>450</ymax></bndbox></object><object><name>traffic sign</name><pose>Unspecified</pose><truncated>0</truncated><difficult>0</difficult><bndbox><xmin>252</xmin><ymin>362</ymin><xmax>301</xmax><ymax>411</ymax></bndbox></object><object><name>vegetation</name><pose>Unspecified</pose><truncated>0</truncated><difficult>0</difficult><bndbox><xmin>146</xmin><ymin>0</ymin><xmax>189</xmax><ymax>554</ymax></bndbox></object><object><name>pole</name><pose>Unspecified</pose><truncated>0</truncated><difficult>0</difficult><bndbox><xmin>420</xmin><ymin>294</ymin><xmax>431</xmax><ymax>352</ymax></bndbox></object><object><name>traffic sign</name><pose>Unspecified</pose><truncated>0</truncated><difficult>0</difficult><bndbox><xmin>391</xmin><ymin>203</ymin><xmax>453</xmax><ymax>301</ymax></bndbox></object><object><name>car</name><pose>Unspecified</pose><truncated>0</truncated><difficult>0</difficult><bndbox><xmin>351</xmin><ymin>345</ymin><xmax>570</xmax><ymax>428</ymax></bndbox></object><object><name>license plate</name><pose>Unspecified</pose><truncated>0</truncated><difficult>0</difficult><bndbox><xmin>517</xmin><ymin>379</ymin><xmax>547</xmax><ymax>387</ymax></bndbox></object><object><name>static</name><pose>Unspecified</pose><truncated>0</truncated><difficult>0</difficult><bndbox><xmin>378</xmin><ymin>341</ymin><xmax>423</xmax><ymax>427</ymax></bndbox></object><object><name>pole</name><pose>Unspecified</pose><truncated>0</truncated><difficult>0</difficult><bndbox><xmin>400</xmin><ymin>336</ymin><xmax>410</xmax><ymax>521</ymax></bndbox></object><object><name>terrain</name><pose>Unspecified</pose><truncated>0</truncated><difficult>0</difficult><bndbox><xmin>1061</xmin><ymin>402</ymin><xmax>1130</xmax><ymax>420</ymax></bndbox></object><object><name>pole</name><pose>Unspecified</pose><truncated>0</truncated><difficult>0</difficult><bndbox><xmin>878</xmin><ymin>0</ymin><xmax>931</xmax><ymax>383</ymax></bndbox></object><object><name>car</name><pose>Unspecified</pose><truncated>0</truncated><difficult>0</difficult><bndbox><xmin>851</xmin><ymin>349</ymin><xmax>1071</xmax><ymax>482</ymax></bndbox></object><object><name>license plate</name><pose>Unspecified</pose><truncated>0</truncated><difficult>0</difficult><bndbox><xmin>991</xmin><ymin>411</ymin><xmax>1037</xmax><ymax>423</ymax></bndbox></object><object><name>static</name><pose>Unspecified</pose><truncated>0</truncated><difficult>0</difficult><bndbox><xmin>1179</xmin><ymin>173</ymin><xmax>1296</xmax><ymax>369</ymax></bndbox></object><object><name>static</name><pose>Unspecified</pose><truncated>0</truncated><difficult>0</difficult><bndbox><xmin>1204</xmin><ymin>280</ymin><xmax>1255</xmax><ymax>360</ymax></bndbox></object><object><name>static</name><pose>Unspecified</pose><truncated>0</truncated><difficult>0</difficult><bndbox><xmin>1298</xmin><ymin>226</ymin><xmax>1344</xmax><ymax>274</ymax></bndbox></object><object><name>static</name><pose>Unspecified</pose><truncated>0</truncated><difficult>0</difficult><bndbox><xmin>1658</xmin><ymin>321</ymin><xmax>1682</xmax><ymax>357</ymax></bndbox></object><object><name>pole</name><pose>Unspecified</pose><truncated>0</truncated><difficult>0</difficult><bndbox><xmin>1312</xmin><ymin>0</ymin><xmax>1325</xmax><ymax>343</ymax></bndbox></object><object><name>car</name><pose>Unspecified</pose><truncated>0</truncated><difficult>0</difficult><bndbox><xmin>1120</xmin><ymin>336</ymin><xmax>1407</xmax><ymax>449</ymax></bndbox></object><object><name>vegetation</name><pose>Unspecified</pose><truncated>0</truncated><difficult>0</difficult><bndbox><xmin>1531</xmin><ymin>274</ymin><xmax>1648</xmax><ymax>391</ymax></bndbox></object><object><name>static</name><pose>Unspecified</pose><truncated>0</truncated><difficult>0</difficult><bndbox><xmin>1608</xmin><ymin>344</ymin><xmax>1619</xmax><ymax>368</ymax></bndbox></object><object><name>pole</name><pose>Unspecified</pose><truncated>0</truncated><difficult>0</difficult><bndbox><xmin>1730</xmin><ymin>354</ymin><xmax>1736</xmax><ymax>366</ymax></bndbox></object><object><name>car</name><pose>Unspecified</pose><truncated>0</truncated><difficult>0</difficult><bndbox><xmin>1619</xmin><ymin>344</ymin><xmax>1657</xmax><ymax>373</ymax></bndbox></object><object><name>license plate</name><pose>Unspecified</pose><truncated>0</truncated><difficult>0</difficult><bndbox><xmin>1632</xmin><ymin>358</ymin><xmax>1644</xmax><ymax>362</ymax></bndbox></object><object><name>car</name><pose>Unspecified</pose><truncated>0</truncated><difficult>0</difficult><bndbox><xmin>1665</xmin><ymin>349</ymin><xmax>1739</xmax><ymax>381</ymax></bndbox></object><object><name>pole</name><pose>Unspecified</pose><truncated>0</truncated><difficult>0</difficult><bndbox><xmin>1758</xmin><ymin>268</ymin><xmax>1767</xmax><ymax>369</ymax></bndbox></object><object><name>pole</name><pose>Unspecified</pose><truncated>0</truncated><difficult>0</difficult><bndbox><xmin>1788</xmin><ymin>352</ymin><xmax>1793</xmax><ymax>373</ymax></bndbox></object><object><name>pole</name><pose>Unspecified</pose><truncated>0</truncated><difficult>0</difficult><bndbox><xmin>1817</xmin><ymin>352</ymin><xmax>1822</xmax><ymax>369</ymax></bndbox></object><object><name>pole</name><pose>Unspecified</pose><truncated>0</truncated><difficult>0</difficult><bndbox><xmin>1850</xmin><ymin>335</ymin><xmax>1854</xmax><ymax>386</ymax></bndbox></object><object><name>pole</name><pose>Unspecified</pose><truncated>0</truncated><difficult>0</difficult><bndbox><xmin>1847</xmin><ymin>352</ymin><xmax>1852</xmax><ymax>386</ymax></bndbox></object><object><name>traffic sign</name><pose>Unspecified</pose><truncated>0</truncated><difficult>0</difficult><bndbox><xmin>1839</xmin><ymin>324</ymin><xmax>1864</xmax><ymax>340</ymax></bndbox></object><object><name>car</name><pose>Unspecified</pose><truncated>0</truncated><difficult>0</difficult><bndbox><xmin>1627</xmin><ymin>357</ymin><xmax>1715</xmax><ymax>390</ymax></bndbox></object><object><name>pole</name><pose>Unspecified</pose><truncated>0</truncated><difficult>0</difficult><bndbox><xmin>1742</xmin><ymin>270</ymin><xmax>1749</xmax><ymax>390</ymax></bndbox></object><object><name>static</name><pose>Unspecified</pose><truncated>0</truncated><difficult>0</difficult><bndbox><xmin>1837</xmin><ymin>336</ymin><xmax>1894</xmax><ymax>396</ymax></bndbox></object><object><name>static</name><pose>Unspecified</pose><truncated>0</truncated><difficult>0</difficult><bndbox><xmin>1578</xmin><ymin>336</ymin><xmax>1589</xmax><ymax>353</ymax></bndbox></object><object><name>pole</name><pose>Unspecified</pose><truncated>0</truncated><difficult>0</difficult><bndbox><xmin>1581</xmin><ymin>338</ymin><xmax>1584</xmax><ymax>389</ymax></bndbox></object><object><name>static</name><pose>Unspecified</pose><truncated>0</truncated><difficult>0</difficult><bndbox><xmin>1825</xmin><ymin>379</ymin><xmax>1835</xmax><ymax>399</ymax></bndbox></object><object><name>pole</name><pose>Unspecified</pose><truncated>0</truncated><difficult>0</difficult><bndbox><xmin>1827</xmin><ymin>382</ymin><xmax>1831</xmax><ymax>403</ymax></bndbox></object><object><name>pole</name><pose>Unspecified</pose><truncated>0</truncated><difficult>0</difficult><bndbox><xmin>1897</xmin><ymin>333</ymin><xmax>1902</xmax><ymax>407</ymax></bndbox></object><object><name>pole</name><pose>Unspecified</pose><truncated>0</truncated><difficult>0</difficult><bndbox><xmin>1905</xmin><ymin>343</ymin><xmax>1913</xmax><ymax>406</ymax></bndbox></object><object><name>pole</name><pose>Unspecified</pose><truncated>0</truncated><difficult>0</difficult><bndbox><xmin>1914</xmin><ymin>335</ymin><xmax>1922</xmax><ymax>396</ymax></bndbox></object><object><name>traffic sign</name><pose>Unspecified</pose><truncated>0</truncated><difficult>0</difficult><bndbox><xmin>1896</xmin><ymin>339</ymin><xmax>1923</xmax><ymax>347</ymax></bndbox></object><object><name>pole</name><pose>Unspecified</pose><truncated>0</truncated><difficult>0</difficult><bndbox><xmin>1935</xmin><ymin>351</ymin><xmax>1940</xmax><ymax>370</ymax></bndbox></object><object><name>pole</name><pose>Unspecified</pose><truncated>0</truncated><difficult>0</difficult><bndbox><xmin>2005</xmin><ymin>257</ymin><xmax>2018</xmax><ymax>375</ymax></bndbox></object><object><name>traffic sign</name><pose>Unspecified</pose><truncated>0</truncated><difficult>0</difficult><bndbox><xmin>2001</xmin><ymin>337</ymin><xmax>2016</xmax><ymax>361</ymax></bndbox></object><object><name>car</name><pose>Unspecified</pose><truncated>0</truncated><difficult>0</difficult><bndbox><xmin>1628</xmin><ymin>378</ymin><xmax>1667</xmax><ymax>441</ymax></bndbox></object><object><name>car</name><pose>Unspecified</pose><truncated>0</truncated><difficult>0</difficult><bndbox><xmin>1545</xmin><ymin>370</ymin><xmax>1648</xmax><ymax>442</ymax></bndbox></object><object><name>license plate</name><pose>Unspecified</pose><truncated>0</truncated><difficult>0</difficult><bndbox><xmin>1574</xmin><ymin>416</ymin><xmax>1603</xmax><ymax>427</ymax></bndbox></object><object><name>car</name><pose>Unspecified</pose><truncated>0</truncated><difficult>0</difficult><bndbox><xmin>1892</xmin><ymin>390</ymin><xmax>1950</xmax><ymax>446</ymax></bndbox></object><object><name>license plate</name><pose>Unspecified</pose><truncated>0</truncated><difficult>0</difficult><bndbox><xmin>1922</xmin><ymin>424</ymin><xmax>1940</xmax><ymax>431</ymax></bndbox></object><object><name>car</name><pose>Unspecified</pose><truncated>0</truncated><difficult>0</difficult><bndbox><xmin>1932</xmin><ymin>369</ymin><xmax>1998</xmax><ymax>450</ymax></bndbox></object><object><name>car</name><pose>Unspecified</pose><truncated>0</truncated><difficult>0</difficult><bndbox><xmin>1957</xmin><ymin>364</ymin><xmax>2047</xmax><ymax>454</ymax></bndbox></object><object><name>license plate</name><pose>Unspecified</pose><truncated>0</truncated><difficult>0</difficult><bndbox><xmin>2027</xmin><ymin>406</ymin><xmax>2047</xmax><ymax>414</ymax></bndbox></object><object><name>pole</name><pose>Unspecified</pose><truncated>0</truncated><difficult>0</difficult><bndbox><xmin>1935</xmin><ymin>0</ymin><xmax>2007</xmax><ymax>545</ymax></bndbox></object><object><name>traffic sign</name><pose>Unspecified</pose><truncated>0</truncated><difficult>0</difficult><bndbox><xmin>1963</xmin><ymin>30</ymin><xmax>2036</xmax><ymax>74</ymax></bndbox></object><object><name>traffic sign</name><pose>Unspecified</pose><truncated>0</truncated><difficult>0</difficult><bndbox><xmin>1936</xmin><ymin>186</ymin><xmax>2016</xmax><ymax>255</ymax></bndbox></object><object><name>traffic sign</name><pose>Unspecified</pose><truncated>0</truncated><difficult>0</difficult><bndbox><xmin>1919</xmin><ymin>67</ymin><xmax>2047</xmax><ymax>192</ymax></bndbox></object><object><name>traffic sign</name><pose>Unspecified</pose><truncated>0</truncated><difficult>0</difficult><bndbox><xmin>1765</xmin><ymin>196</ymin><xmax>1802</xmax><ymax>225</ymax></bndbox></object><object><name>pole</name><pose>Unspecified</pose><truncated>0</truncated><difficult>0</difficult><bndbox><xmin>1343</xmin><ymin>0</ymin><xmax>1350</xmax><ymax>80</ymax></bndbox></object><object><name>pole</name><pose>Unspecified</pose><truncated>0</truncated><difficult>0</difficult><bndbox><xmin>612</xmin><ymin>0</ymin><xmax>622</xmax><ymax>93</ymax></bndbox></object><object><name>license plate</name><pose>Unspecified</pose><truncated>0</truncated><difficult>0</difficult><bndbox><xmin>1124</xmin><ymin>407</ymin><xmax>1138</xmax><ymax>417</ymax></bndbox></object><object><name>ego vehicle</name><pose>Unspecified</pose><truncated>0</truncated><difficult>0</difficult><bndbox><xmin>24</xmin><ymin>796</ymin><xmax>2047</xmax><ymax>1023</ymax></bndbox></object><object><name>rectification border</name><pose>Unspecified</pose><truncated>0</truncated><difficult>0</difficult><bndbox><xmin>416</xmin><ymin>0</ymin><xmax>2047</xmax><ymax>28</ymax></bndbox></object><object><name>rectification border</name><pose>Unspecified</pose><truncated>0</truncated><difficult>0</difficult><bndbox><xmin>2037</xmin><ymin>509</ymin><xmax>2047</xmax><ymax>1023</ymax></bndbox></object><object><name>rectification border</name><pose>Unspecified</pose><truncated>0</truncated><difficult>0</difficult><bndbox><xmin>0</xmin><ymin>0</ymin><xmax>17</xmax><ymax>474</ymax></bndbox></object><object><name>rectification border</name><pose>Unspecified</pose><truncated>0</truncated><difficult>0</difficult><bndbox><xmin>0</xmin><ymin>977</ymin><xmax>1937</xmax><ymax>1023</ymax></bndbox></object><object><name>out of roi</name><pose>Unspecified</pose><truncated>0</truncated><difficult>0</difficult><bndbox><xmin>0</xmin><ymin>0</ymin><xmax>2048</xmax><ymax>1024</ymax></bndbox></object></annotation>