{"imgHeight": 1024, "imgWidth": 2048, "objects": [{"label": "road", "bounding_box": [0, 331, 2047, 1023]}, {"label": "sky", "bounding_box": [89, 0, 653, 326]}, {"label": "sidewalk", "bounding_box": [1053, 409, 2047, 517]}, {"label": "building", "bounding_box": [0, 0, 2047, 500]}, {"label": "static", "bounding_box": [614, 405, 623, 410]}, {"label": "pole", "bounding_box": [618, 382, 651, 442]}, {"label": "traffic light", "bounding_box": [648, 382, 657, 399]}, {"label": "vegetation", "bounding_box": [1149, 430, 1192, 471]}, {"label": "terrain", "bounding_box": [1141, 455, 1223, 471]}, {"label": "vegetation", "bounding_box": [289, 0, 1376, 475]}, {"label": "terrain", "bounding_box": [931, 453, 961, 468]}, {"label": "pole", "bounding_box": [841, 412, 844, 459]}, {"label": "traffic light", "bounding_box": [838, 423, 845, 431]}, {"label": "pole", "bounding_box": [946, 374, 955, 459]}, {"label": "pole", "bounding_box": [892, 388, 955, 454]}, {"label": "traffic light", "bounding_box": [888, 386, 897, 403]}, {"label": "parking", "bounding_box": [946, 462, 1321, 493]}, {"label": "pole", "bounding_box": [962, 416, 965, 450]}, {"label": "traffic sign", "bounding_box": [958, 423, 970, 435]}, {"label": "traffic sign", "bounding_box": [978, 410, 986, 419]}, {"label": "static", "bounding_box": [978, 419, 986, 425]}, {"label": "cargroup", "bounding_box": [952, 442, 980, 467]}, {"label": "car", "bounding_box": [963, 443, 989, 468]}, {"label": "pole", "bounding_box": [985, 428, 987, 451]}, {"label": "traffic light", "bounding_box": [982, 431, 986, 438]}, {"label": "car", "bounding_box": [965, 444, 998, 471]}, {"label": "vegetation", "bounding_box": [987, 427, 1040, 475]}, {"label": "car", "bounding_box": [1000, 444, 1033, 476]}, {"label": "car", "bounding_box": [1013, 443, 1059, 476]}, {"label": "pole", "bounding_box": [1092, 402, 1095, 455]}, {"label": "pole", "bounding_box": [1081, 385, 1088, 464]}, {"label": "static", "bounding_box": [1078, 376, 1095, 390]}, {"label": "traffic sign", "bounding_box": [1085, 391, 1099, 412]}, {"label": "pole", "bounding_box": [1112, 276, 1119, 455]}, {"label": "pole", "bounding_box": [1119, 359, 1125, 461]}, {"label": "car", "bounding_box": [1075, 435, 1148, 480]}, {"label": "static", "bounding_box": [1138, 438, 1174, 477]}, {"label": "terrain", "bounding_box": [1132, 471, 1207, 483]}, {"label": "sidewalk", "bounding_box": [1196, 452, 1244, 472]}, {"label": "terrain", "bounding_box": [1205, 458, 1549, 476]}, {"label": "static", "bounding_box": [1229, 439, 1284, 485]}, {"label": "pole", "bounding_box": [1301, 345, 1306, 473]}, {"label": "traffic sign", "bounding_box": [1290, 324, 1317, 353]}, {"label": "traffic sign", "bounding_box": [1290, 351, 1316, 366]}, {"label": "terrain", "bounding_box": [1214, 465, 1338, 490]}, {"label": "pole", "bounding_box": [1355, 339, 1361, 487]}, {"label": "traffic sign", "bounding_box": [1348, 326, 1367, 350]}, {"label": "traffic sign", "bounding_box": [1351, 344, 1365, 369]}, {"label": "pole", "bounding_box": [1516, 244, 1531, 500]}, {"label": "traffic sign", "bounding_box": [1508, 221, 1543, 257]}, {"label": "traffic sign", "bounding_box": [1513, 251, 1539, 271]}, {"label": "traffic light", "bounding_box": [1492, 278, 1523, 324]}, {"label": "traffic sign", "bounding_box": [1512, 270, 1538, 292]}, {"label": "pole", "bounding_box": [1584, 428, 1590, 501]}, {"label": "pole", "bounding_box": [1717, 429, 1728, 505]}, {"label": "pole", "bounding_box": [1898, 423, 1907, 505]}, {"label": "car", "bounding_box": [864, 443, 894, 468]}, {"label": "car", "bounding_box": [909, 446, 941, 471]}, {"label": "car", "bounding_box": [881, 439, 927, 476]}, {"label": "pole", "bounding_box": [697, 413, 699, 453]}, {"label": "traffic light", "bounding_box": [693, 416, 700, 424]}, {"label": "pole", "bounding_box": [658, 415, 663, 454]}, {"label": "car", "bounding_box": [668, 441, 687, 460]}, {"label": "pole", "bounding_box": [659, 411, 662, 447]}, {"label": "car", "bounding_box": [682, 443, 709, 464]}, {"label": "car", "bounding_box": [654, 440, 681, 466]}, {"label": "car", "bounding_box": [638, 443, 670, 465]}, {"label": "car", "bounding_box": [626, 447, 651, 467]}, {"label": "car", "bounding_box": [535, 442, 581, 480]}, {"label": "car", "bounding_box": [479, 437, 529, 478]}, {"label": "car", "bounding_box": [449, 443, 510, 479]}, {"label": "car", "bounding_box": [429, 440, 468, 481]}, {"label": "car", "bounding_box": [329, 437, 381, 486]}, {"label": "car", "bounding_box": [351, 427, 449, 493]}, {"label": "car", "bounding_box": [150, 424, 215, 493]}, {"label": "car", "bounding_box": [25, 403, 159, 502]}, {"label": "car", "bounding_box": [0, 418, 100, 533]}, {"label": "traffic light", "bounding_box": [660, 416, 666, 426]}, {"label": "traffic light", "bounding_box": [615, 415, 623, 425]}, {"label": "car", "bounding_box": [583, 438, 642, 480]}, {"label": "traffic light", "bounding_box": [667, 261, 760, 333]}, {"label": "vegetation", "bounding_box": [586, 435, 893, 520]}, {"label": "traffic light", "bounding_box": [417, 20, 473, 136]}, {"label": "pole", "bounding_box": [390, 27, 721, 509]}, {"label": "traffic sign", "bounding_box": [714, 368, 769, 423]}, {"label": "traffic sign", "bounding_box": [719, 422, 766, 489]}, {"label": "sidewalk", "bounding_box": [795, 509, 853, 519]}, {"label": "ground", "bounding_box": [600, 503, 834, 526]}, {"label": "sidewalk", "bounding_box": [0, 794, 324, 1023]}, {"label": "terrain", "bounding_box": [0, 787, 403, 939]}, {"label": "car", "bounding_box": [164, 402, 325, 508]}, {"label": "vegetation", "bounding_box": [0, 570, 516, 867]}, {"label": "traffic light", "bounding_box": [25, 38, 83, 154]}, {"label": "pole", "bounding_box": [0, 40, 49, 56]}, {"label": "ego vehicle", "bounding_box": [24, 796, 2047, 1023]}, {"label": "rectification border", "bounding_box": [416, 0, 2047, 28]}, {"label": "rectification border", "bounding_box": [2037, 509, 2047, 1023]}, {"label": "rectification border", "bounding_box": [0, 0, 17, 474]}, {"label": "rectification border", "bounding_box": [0, 977, 1937, 1023]}, {"label": "out of roi", "bounding_box": [0, 0, 2048, 1024]}]}