{"imgHeight": 1024, "imgWidth": 2048, "objects": [{"label": "sky", "bounding_box": [70, 0, 1016, 315]}, {"label": "road", "bounding_box": [0, 345, 2047, 1023]}, {"label": "sidewalk", "bounding_box": [67, 425, 519, 482]}, {"label": "parking", "bounding_box": [255, 443, 389, 470]}, {"label": "sidewalk", "bounding_box": [701, 424, 2047, 923]}, {"label": "ground", "bounding_box": [785, 458, 1271, 546]}, {"label": "parking", "bounding_box": [701, 424, 966, 521]}, {"label": "sidewalk", "bounding_box": [642, 420, 742, 458]}, {"label": "parking", "bounding_box": [642, 429, 705, 454]}, {"label": "sidewalk", "bounding_box": [417, 457, 495, 466]}, {"label": "building", "bounding_box": [0, 0, 2047, 595]}, {"label": "car", "bounding_box": [624, 414, 645, 424]}, {"label": "vegetation", "bounding_box": [0, 0, 735, 462]}, {"label": "sidewalk", "bounding_box": [524, 436, 562, 440]}, {"label": "car", "bounding_box": [449, 416, 479, 440]}, {"label": "pole", "bounding_box": [421, 387, 427, 445]}, {"label": "static", "bounding_box": [424, 421, 433, 442]}, {"label": "static", "bounding_box": [379, 393, 394, 406]}, {"label": "pole", "bounding_box": [385, 393, 389, 448]}, {"label": "car", "bounding_box": [341, 419, 378, 454]}, {"label": "car", "bounding_box": [324, 421, 360, 458]}, {"label": "car", "bounding_box": [284, 412, 341, 459]}, {"label": "car", "bounding_box": [259, 421, 322, 463]}, {"label": "license plate", "bounding_box": [272, 449, 290, 453]}, {"label": "terrain", "bounding_box": [202, 453, 276, 470]}, {"label": "pole", "bounding_box": [207, 336, 219, 471]}, {"label": "pole", "bounding_box": [173, 444, 181, 475]}, {"label": "pole", "bounding_box": [113, 445, 121, 478]}, {"label": "static", "bounding_box": [42, 353, 76, 382]}, {"label": "pole", "bounding_box": [54, 354, 64, 427]}, {"label": "car", "bounding_box": [35, 421, 96, 492]}, {"label": "terrain", "bounding_box": [63, 474, 110, 508]}, {"label": "car", "bounding_box": [0, 408, 74, 519]}, {"label": "car", "bounding_box": [0, 427, 28, 528]}, {"label": "vegetation", "bounding_box": [444, 364, 453, 458]}, {"label": "pole", "bounding_box": [461, 425, 466, 459]}, {"label": "traffic sign", "bounding_box": [440, 416, 462, 440]}, {"label": "terrain", "bounding_box": [529, 424, 592, 433]}, {"label": "pole", "bounding_box": [537, 404, 542, 438]}, {"label": "traffic sign", "bounding_box": [534, 403, 544, 411]}, {"label": "traffic sign", "bounding_box": [533, 416, 546, 427]}, {"label": "car", "bounding_box": [586, 411, 622, 433]}, {"label": "license plate", "bounding_box": [591, 420, 600, 424]}, {"label": "traffic light", "bounding_box": [617, 389, 628, 402]}, {"label": "pole", "bounding_box": [649, 396, 655, 416]}, {"label": "traffic sign", "bounding_box": [643, 389, 656, 399]}, {"label": "car", "bounding_box": [641, 414, 656, 438]}, {"label": "traffic sign", "bounding_box": [672, 389, 683, 396]}, {"label": "pole", "bounding_box": [685, 391, 689, 410]}, {"label": "car", "bounding_box": [642, 414, 666, 448]}, {"label": "traffic sign", "bounding_box": [681, 382, 694, 395]}, {"label": "car", "bounding_box": [651, 407, 708, 450]}, {"label": "license plate", "bounding_box": [677, 429, 692, 433]}, {"label": "pole", "bounding_box": [667, 374, 675, 456]}, {"label": "fence", "bounding_box": [1503, 242, 1921, 332]}, {"label": "traffic sign", "bounding_box": [658, 361, 680, 382]}, {"label": "pole", "bounding_box": [677, 427, 681, 453]}, {"label": "pole", "bounding_box": [726, 366, 733, 437]}, {"label": "car", "bounding_box": [723, 402, 772, 482]}, {"label": "car", "bounding_box": [735, 396, 823, 500]}, {"label": "car", "bounding_box": [773, 387, 936, 515]}, {"label": "traffic sign", "bounding_box": [710, 348, 747, 377]}, {"label": "license plate", "bounding_box": [847, 435, 890, 448]}, {"label": "static", "bounding_box": [1507, 309, 1922, 549]}, {"label": "dynamic", "bounding_box": [1764, 311, 2047, 610]}, {"label": "static", "bounding_box": [396, 129, 429, 139]}, {"label": "static", "bounding_box": [448, 227, 473, 235]}, {"label": "static", "bounding_box": [150, 374, 183, 393]}, {"label": "static", "bounding_box": [126, 371, 155, 388]}, {"label": "static", "bounding_box": [806, 261, 856, 300]}, {"label": "static", "bounding_box": [810, 151, 843, 261]}, {"label": "pole", "bounding_box": [1808, 159, 1933, 195]}, {"label": "static", "bounding_box": [1826, 162, 1913, 263]}, {"label": "wall", "bounding_box": [1088, 252, 1150, 488]}, {"label": "fence", "bounding_box": [1123, 294, 1235, 477]}, {"label": "wall", "bounding_box": [1207, 318, 1276, 508]}, {"label": "wall", "bounding_box": [1261, 463, 1475, 539]}, {"label": "fence", "bounding_box": [1263, 252, 1443, 459]}, {"label": "dynamic", "bounding_box": [1418, 362, 1587, 554]}, {"label": "pole", "bounding_box": [1327, 122, 1380, 507]}, {"label": "static", "bounding_box": [1336, 501, 1419, 538]}, {"label": "static", "bounding_box": [1289, 9, 1404, 110]}, {"label": "traffic sign", "bounding_box": [1317, 112, 1374, 124]}, {"label": "pole", "bounding_box": [1348, 261, 1447, 290]}, {"label": "static", "bounding_box": [1352, 264, 1404, 314]}, {"label": "static", "bounding_box": [1348, 135, 1441, 239]}, {"label": "ego vehicle", "bounding_box": [24, 796, 2047, 1023]}, {"label": "rectification border", "bounding_box": [416, 0, 2047, 28]}, {"label": "rectification border", "bounding_box": [2037, 509, 2047, 1023]}, {"label": "rectification border", "bounding_box": [0, 0, 17, 474]}, {"label": "rectification border", "bounding_box": [0, 977, 1937, 1023]}, {"label": "out of roi", "bounding_box": [0, 0, 2048, 1024]}]}