{"imgHeight": 1024, "imgWidth": 2048, "objects": [{"label": "road", "bounding_box": [0, 466, 2047, 1023]}, {"label": "vegetation", "bounding_box": [0, 115, 297, 413]}, {"label": "sky", "bounding_box": [862, 0, 1433, 282]}, {"label": "sidewalk", "bounding_box": [0, 481, 2047, 707]}, {"label": "building", "bounding_box": [110, 0, 2047, 521]}, {"label": "vegetation", "bounding_box": [269, 269, 399, 438]}, {"label": "vegetation", "bounding_box": [446, 379, 516, 439]}, {"label": "vegetation", "bounding_box": [740, 369, 941, 430]}, {"label": "pole", "bounding_box": [902, 374, 913, 423]}, {"label": "vegetation", "bounding_box": [950, 356, 1036, 428]}, {"label": "car", "bounding_box": [1020, 395, 1038, 415]}, {"label": "static", "bounding_box": [988, 348, 1000, 414]}, {"label": "car", "bounding_box": [986, 403, 1013, 418]}, {"label": "vegetation", "bounding_box": [990, 194, 1148, 397]}, {"label": "car", "bounding_box": [959, 399, 996, 424]}, {"label": "vegetation", "bounding_box": [1041, 367, 1090, 419]}, {"label": "vegetation", "bounding_box": [1025, 382, 1068, 424]}, {"label": "sidewalk", "bounding_box": [590, 414, 1107, 569]}, {"label": "vegetation", "bounding_box": [663, 0, 1008, 430]}, {"label": "car", "bounding_box": [358, 410, 448, 454]}, {"label": "terrain", "bounding_box": [0, 413, 892, 588]}, {"label": "vegetation", "bounding_box": [538, 357, 659, 446]}, {"label": "vegetation", "bounding_box": [656, 370, 723, 432]}, {"label": "vegetation", "bounding_box": [107, 364, 298, 455]}, {"label": "vegetation", "bounding_box": [0, 0, 867, 523]}, {"label": "static", "bounding_box": [783, 366, 796, 418]}, {"label": "pole", "bounding_box": [316, 223, 328, 568]}, {"label": "traffic sign", "bounding_box": [281, 229, 359, 285]}, {"label": "static", "bounding_box": [0, 649, 107, 921]}, {"label": "car", "bounding_box": [0, 348, 247, 612]}, {"label": "vegetation", "bounding_box": [0, 483, 176, 684]}, {"label": "pole", "bounding_box": [693, 444, 709, 557]}, {"label": "pole", "bounding_box": [900, 443, 915, 556]}, {"label": "vegetation", "bounding_box": [1357, 0, 1704, 466]}, {"label": "terrain", "bounding_box": [892, 391, 2047, 565]}, {"label": "car", "bounding_box": [1136, 315, 1693, 590]}, {"label": "pole", "bounding_box": [1104, 440, 1114, 549]}, {"label": "sidewalk", "bounding_box": [1938, 680, 2047, 909]}, {"label": "license plate", "bounding_box": [195, 510, 233, 531]}, {"label": "static", "bounding_box": [1890, 475, 2002, 532]}, {"label": "static", "bounding_box": [902, 374, 913, 390]}, {"label": "pole", "bounding_box": [890, 394, 892, 416]}, {"label": "traffic sign", "bounding_box": [888, 385, 894, 394]}, {"label": "ego vehicle", "bounding_box": [24, 796, 2047, 1023]}, {"label": "rectification border", "bounding_box": [416, 0, 2047, 28]}, {"label": "rectification border", "bounding_box": [2037, 509, 2047, 1023]}, {"label": "rectification border", "bounding_box": [0, 0, 17, 474]}, {"label": "rectification border", "bounding_box": [0, 977, 1937, 1023]}, {"label": "out of roi", "bounding_box": [0, 0, 2048, 1024]}]}