{"imgHeight": 1024, "imgWidth": 2048, "objects": [{"label": "road", "bounding_box": [0, 205, 2047, 1023]}, {"label": "sidewalk", "bounding_box": [1583, 383, 1809, 460]}, {"label": "sidewalk", "bounding_box": [0, 293, 1800, 462]}, {"label": "building", "bounding_box": [0, 0, 1988, 440]}, {"label": "car", "bounding_box": [1681, 332, 1738, 379]}, {"label": "car", "bounding_box": [1843, 309, 1893, 387]}, {"label": "building", "bounding_box": [1660, 0, 2047, 425]}, {"label": "pole", "bounding_box": [44, 353, 53, 447]}, {"label": "terrain", "bounding_box": [0, 437, 296, 484]}, {"label": "traffic sign", "bounding_box": [29, 341, 63, 370]}, {"label": "traffic sign", "bounding_box": [37, 368, 53, 377]}, {"label": "vegetation", "bounding_box": [0, 0, 279, 459]}, {"label": "pole", "bounding_box": [109, 0, 157, 466]}, {"label": "static", "bounding_box": [162, 436, 179, 465]}, {"label": "pole", "bounding_box": [204, 258, 229, 463]}, {"label": "traffic light", "bounding_box": [211, 279, 240, 333]}, {"label": "pole", "bounding_box": [693, 277, 709, 435]}, {"label": "traffic light", "bounding_box": [683, 288, 706, 332]}, {"label": "pole", "bounding_box": [873, 175, 898, 442]}, {"label": "traffic sign", "bounding_box": [815, 186, 938, 219]}, {"label": "traffic sign", "bounding_box": [817, 220, 940, 254]}, {"label": "traffic sign", "bounding_box": [819, 254, 940, 287]}, {"label": "traffic light", "bounding_box": [1130, 271, 1155, 319]}, {"label": "static", "bounding_box": [1132, 381, 1156, 423]}, {"label": "traffic sign", "bounding_box": [832, 290, 942, 322]}, {"label": "pole", "bounding_box": [1123, 251, 1142, 446]}, {"label": "traffic sign", "bounding_box": [1104, 265, 1134, 272]}, {"label": "traffic sign", "bounding_box": [1088, 276, 1124, 294]}, {"label": "pole", "bounding_box": [1251, 298, 1263, 393]}, {"label": "traffic sign", "bounding_box": [1233, 269, 1265, 301]}, {"label": "static", "bounding_box": [1236, 298, 1265, 316]}, {"label": "static", "bounding_box": [1238, 373, 1282, 428]}, {"label": "pole", "bounding_box": [1453, 277, 1459, 357]}, {"label": "traffic sign", "bounding_box": [1443, 279, 1467, 303]}, {"label": "car", "bounding_box": [1300, 354, 1410, 422]}, {"label": "car", "bounding_box": [1480, 342, 1581, 429]}, {"label": "car", "bounding_box": [1355, 339, 1540, 473]}, {"label": "terrain", "bounding_box": [1559, 437, 1734, 477]}, {"label": "car", "bounding_box": [1621, 326, 1714, 383]}, {"label": "pole", "bounding_box": [1669, 196, 1682, 397]}, {"label": "traffic light", "bounding_box": [1647, 242, 1669, 279]}, {"label": "traffic light", "bounding_box": [1657, 221, 1674, 248]}, {"label": "pole", "bounding_box": [1655, 224, 1669, 392]}, {"label": "traffic sign", "bounding_box": [1647, 212, 1661, 239]}, {"label": "static", "bounding_box": [1606, 356, 1700, 437]}, {"label": "parking", "bounding_box": [1715, 423, 2047, 524]}, {"label": "vegetation", "bounding_box": [1659, 0, 1899, 441]}, {"label": "terrain", "bounding_box": [692, 427, 1073, 453]}, {"label": "terrain", "bounding_box": [229, 471, 564, 520]}, {"label": "terrain", "bounding_box": [1571, 411, 1889, 464]}, {"label": "car", "bounding_box": [1860, 329, 2047, 493]}, {"label": "pole", "bounding_box": [472, 411, 486, 488]}, {"label": "traffic sign", "bounding_box": [444, 373, 510, 436]}, {"label": "license plate", "bounding_box": [1441, 405, 1490, 418]}, {"label": "license plate", "bounding_box": [1319, 382, 1342, 390]}, {"label": "building", "bounding_box": [57, 36, 107, 139]}, {"label": "ego vehicle", "bounding_box": [24, 796, 2047, 1023]}, {"label": "rectification border", "bounding_box": [416, 0, 2047, 28]}, {"label": "rectification border", "bounding_box": [2037, 509, 2047, 1023]}, {"label": "rectification border", "bounding_box": [0, 0, 17, 474]}, {"label": "rectification border", "bounding_box": [0, 977, 1937, 1023]}, {"label": "out of roi", "bounding_box": [0, 0, 2048, 1024]}]}