{"imgHeight": 1024, "imgWidth": 2048, "objects": [{"label": "sky", "bounding_box": [0, 0, 797, 211]}, {"label": "vegetation", "bounding_box": [336, 0, 2047, 493]}, {"label": "road", "bounding_box": [0, 403, 2047, 1023]}, {"label": "sidewalk", "bounding_box": [878, 409, 1005, 419]}, {"label": "car", "bounding_box": [1137, 397, 1183, 438]}, {"label": "traffic light", "bounding_box": [1108, 313, 1114, 332]}, {"label": "building", "bounding_box": [0, 0, 691, 535]}, {"label": "static", "bounding_box": [1028, 359, 1043, 363]}, {"label": "building", "bounding_box": [710, 298, 1007, 419]}, {"label": "pole", "bounding_box": [1033, 288, 1043, 409]}, {"label": "pole", "bounding_box": [1055, 308, 1112, 321]}, {"label": "pole", "bounding_box": [1110, 309, 1121, 414]}, {"label": "pole", "bounding_box": [1104, 313, 1127, 394]}, {"label": "vegetation", "bounding_box": [686, 312, 938, 426]}, {"label": "static", "bounding_box": [1035, 310, 1080, 342]}, {"label": "traffic light", "bounding_box": [1045, 306, 1058, 332]}, {"label": "traffic sign", "bounding_box": [1110, 348, 1123, 358]}, {"label": "traffic light", "bounding_box": [1070, 312, 1077, 333]}, {"label": "traffic light", "bounding_box": [1112, 357, 1121, 375]}, {"label": "vegetation", "bounding_box": [931, 293, 1014, 412]}, {"label": "pole", "bounding_box": [1098, 354, 1109, 395]}, {"label": "static", "bounding_box": [1080, 356, 1106, 381]}, {"label": "static", "bounding_box": [1077, 380, 1105, 403]}, {"label": "pole", "bounding_box": [773, 353, 781, 415]}, {"label": "terrain", "bounding_box": [953, 416, 1000, 426]}, {"label": "pole", "bounding_box": [766, 379, 769, 404]}, {"label": "static", "bounding_box": [755, 376, 775, 391]}, {"label": "pole", "bounding_box": [783, 349, 787, 412]}, {"label": "pole", "bounding_box": [804, 369, 807, 410]}, {"label": "person", "bounding_box": [806, 397, 814, 406]}, {"label": "pole", "bounding_box": [873, 352, 878, 417]}, {"label": "static", "bounding_box": [870, 349, 882, 365]}, {"label": "pole", "bounding_box": [978, 349, 983, 419]}, {"label": "traffic sign", "bounding_box": [971, 351, 987, 365]}, {"label": "traffic light", "bounding_box": [971, 365, 989, 382]}, {"label": "static", "bounding_box": [977, 394, 988, 405]}, {"label": "pole", "bounding_box": [966, 401, 970, 418]}, {"label": "traffic sign", "bounding_box": [961, 398, 974, 411]}, {"label": "static", "bounding_box": [795, 365, 816, 385]}, {"label": "car", "bounding_box": [850, 406, 890, 443]}, {"label": "car", "bounding_box": [809, 404, 863, 451]}, {"label": "car", "bounding_box": [777, 407, 836, 455]}, {"label": "car", "bounding_box": [776, 418, 818, 461]}, {"label": "car", "bounding_box": [694, 399, 796, 480]}, {"label": "car", "bounding_box": [656, 395, 766, 500]}, {"label": "car", "bounding_box": [121, 402, 240, 448]}, {"label": "pole", "bounding_box": [1123, 268, 1134, 406]}, {"label": "traffic sign", "bounding_box": [1124, 359, 1141, 374]}, {"label": "static", "bounding_box": [1127, 375, 1135, 385]}, {"label": "pole", "bounding_box": [1145, 277, 1151, 400]}, {"label": "static", "bounding_box": [1142, 354, 1154, 363]}, {"label": "traffic sign", "bounding_box": [1142, 365, 1151, 376]}, {"label": "pole", "bounding_box": [1158, 271, 1166, 399]}, {"label": "pole", "bounding_box": [1169, 339, 1173, 395]}, {"label": "traffic sign", "bounding_box": [1144, 318, 1191, 361]}, {"label": "pole", "bounding_box": [1174, 84, 1210, 393]}, {"label": "traffic sign", "bounding_box": [1193, 340, 1211, 362]}, {"label": "parking", "bounding_box": [1179, 431, 2047, 964]}, {"label": "pole", "bounding_box": [1263, 363, 1271, 392]}, {"label": "traffic sign", "bounding_box": [1255, 331, 1280, 376]}, {"label": "car", "bounding_box": [661, 404, 766, 500]}, {"label": "pole", "bounding_box": [1364, 139, 1410, 369]}, {"label": "pole", "bounding_box": [1849, 57, 1873, 275]}, {"label": "pole", "bounding_box": [1797, 242, 1803, 359]}, {"label": "traffic sign", "bounding_box": [1771, 247, 1809, 297]}, {"label": "static", "bounding_box": [1771, 339, 1796, 358]}, {"label": "pole", "bounding_box": [1780, 337, 1787, 362]}, {"label": "car", "bounding_box": [1289, 365, 1490, 454]}, {"label": "car", "bounding_box": [1284, 425, 1329, 461]}, {"label": "car", "bounding_box": [1297, 378, 1486, 471]}, {"label": "car", "bounding_box": [1317, 375, 1535, 523]}, {"label": "car", "bounding_box": [1400, 374, 1635, 535]}, {"label": "car", "bounding_box": [1480, 374, 1663, 547]}, {"label": "license plate", "bounding_box": [1492, 453, 1508, 473]}, {"label": "car", "bounding_box": [1593, 346, 2047, 559]}, {"label": "license plate", "bounding_box": [1597, 484, 1619, 501]}, {"label": "car", "bounding_box": [1630, 334, 2047, 631]}, {"label": "license plate", "bounding_box": [1634, 527, 1665, 553]}, {"label": "static", "bounding_box": [1153, 464, 1175, 483]}, {"label": "car", "bounding_box": [0, 364, 210, 638]}, {"label": "car", "bounding_box": [109, 301, 699, 714]}, {"label": "license plate", "bounding_box": [216, 592, 357, 627]}, {"label": "ego vehicle", "bounding_box": [24, 796, 2047, 1023]}, {"label": "rectification border", "bounding_box": [416, 0, 2047, 28]}, {"label": "rectification border", "bounding_box": [2037, 509, 2047, 1023]}, {"label": "rectification border", "bounding_box": [0, 0, 17, 474]}, {"label": "rectification border", "bounding_box": [0, 977, 1937, 1023]}, {"label": "out of roi", "bounding_box": [0, 0, 2048, 1024]}]}