{"imgHeight": 1024, "imgWidth": 2048, "objects": [{"label": "road", "bounding_box": [0, 326, 2048, 1024]}, {"label": "sky", "bounding_box": [0, 0, 2048, 222]}, {"label": "ground", "bounding_box": [0, 485, 888, 802]}, {"label": "vegetation", "bounding_box": [111, 72, 231, 141]}, {"label": "building", "bounding_box": [0, 0, 2048, 480]}, {"label": "static", "bounding_box": [1095, 4, 1240, 117]}, {"label": "sidewalk", "bounding_box": [1368, 459, 2048, 667]}, {"label": "pole", "bounding_box": [1932, 315, 1944, 374]}, {"label": "traffic sign", "bounding_box": [1913, 215, 1971, 330]}, {"label": "car", "bounding_box": [1923, 362, 2048, 426]}, {"label": "static", "bounding_box": [1769, 282, 1827, 343]}, {"label": "static", "bounding_box": [1967, 388, 2048, 469]}, {"label": "vegetation", "bounding_box": [1730, 321, 1982, 479]}, {"label": "static", "bounding_box": [1851, 298, 1860, 344]}, {"label": "pole", "bounding_box": [1850, 297, 1855, 458]}, {"label": "traffic sign", "bounding_box": [1831, 342, 1873, 385]}, {"label": "pole", "bounding_box": [1869, 399, 1879, 479]}, {"label": "pole", "bounding_box": [1639, 367, 1645, 424]}, {"label": "fence", "bounding_box": [1615, 413, 1754, 454]}, {"label": "fence", "bounding_box": [1768, 430, 1866, 458]}, {"label": "wall", "bounding_box": [1614, 438, 1876, 492]}, {"label": "pole", "bounding_box": [1645, 382, 1650, 428]}, {"label": "static", "bounding_box": [1632, 333, 1645, 364]}, {"label": "traffic light", "bounding_box": [1647, 336, 1666, 373]}, {"label": "traffic light", "bounding_box": [1641, 335, 1651, 361]}, {"label": "traffic light", "bounding_box": [1632, 354, 1649, 370]}, {"label": "pole", "bounding_box": [1597, 0, 1618, 473]}, {"label": "static", "bounding_box": [1935, 403, 1954, 466]}, {"label": "fence", "bounding_box": [1913, 436, 2048, 485]}, {"label": "wall", "bounding_box": [1905, 459, 2048, 521]}, {"label": "static", "bounding_box": [1942, 397, 1998, 518]}, {"label": "pole", "bounding_box": [1468, 0, 1484, 453]}, {"label": "traffic light", "bounding_box": [1551, 356, 1574, 390]}, {"label": "pole", "bounding_box": [1547, 308, 1554, 401]}, {"label": "traffic light", "bounding_box": [1550, 356, 1561, 376]}, {"label": "bicycle", "bounding_box": [1409, 424, 1466, 453]}, {"label": "bicycle", "bounding_box": [1425, 409, 1454, 449]}, {"label": "terrain", "bounding_box": [1391, 444, 1526, 462]}, {"label": "pole", "bounding_box": [1464, 314, 1470, 471]}, {"label": "traffic light", "bounding_box": [1464, 375, 1471, 397]}, {"label": "traffic light", "bounding_box": [1469, 312, 1493, 348]}, {"label": "pole", "bounding_box": [1491, 252, 1500, 473]}, {"label": "traffic sign", "bounding_box": [1479, 227, 1510, 258]}, {"label": "traffic sign", "bounding_box": [1481, 256, 1510, 285]}, {"label": "traffic sign", "bounding_box": [1483, 284, 1506, 306]}, {"label": "static", "bounding_box": [1493, 296, 1509, 319]}, {"label": "traffic light", "bounding_box": [1485, 314, 1504, 361]}, {"label": "bicycle", "bounding_box": [1523, 431, 1555, 506]}, {"label": "rider", "bounding_box": [1522, 365, 1570, 496]}, {"label": "vegetation", "bounding_box": [1044, 237, 1304, 464]}, {"label": "pole", "bounding_box": [1150, 348, 1156, 462]}, {"label": "traffic sign", "bounding_box": [1104, 279, 1203, 356]}, {"label": "static", "bounding_box": [1189, 420, 1199, 461]}, {"label": "pole", "bounding_box": [1092, 439, 1098, 466]}, {"label": "vegetation", "bounding_box": [244, 14, 1073, 479]}, {"label": "pole", "bounding_box": [938, 302, 944, 469]}, {"label": "sidewalk", "bounding_box": [0, 482, 1052, 1024]}, {"label": "sidewalk", "bounding_box": [0, 495, 489, 563]}, {"label": "sidewalk", "bounding_box": [0, 468, 713, 511]}, {"label": "terrain", "bounding_box": [44, 433, 269, 480]}, {"label": "car", "bounding_box": [0, 431, 57, 452]}, {"label": "car", "bounding_box": [0, 437, 100, 496]}, {"label": "dynamic", "bounding_box": [286, 452, 306, 480]}, {"label": "pole", "bounding_box": [175, 410, 180, 482]}, {"label": "traffic light", "bounding_box": [192, 372, 214, 406]}, {"label": "rider", "bounding_box": [1425, 409, 1454, 449]}, {"label": "static", "bounding_box": [176, 336, 187, 373]}, {"label": "traffic light", "bounding_box": [164, 387, 188, 416]}, {"label": "traffic light", "bounding_box": [158, 374, 177, 390]}, {"label": "traffic light", "bounding_box": [170, 374, 187, 399]}, {"label": "static", "bounding_box": [146, 0, 216, 20]}, {"label": "pole", "bounding_box": [179, 4, 199, 485]}, {"label": "static", "bounding_box": [166, 48, 201, 76]}, {"label": "static", "bounding_box": [273, 387, 297, 413]}, {"label": "static", "bounding_box": [212, 387, 235, 417]}, {"label": "traffic light", "bounding_box": [392, 381, 403, 405]}, {"label": "dynamic", "bounding_box": [374, 460, 391, 480]}, {"label": "pole", "bounding_box": [390, 378, 395, 481]}, {"label": "ground", "bounding_box": [0, 495, 489, 563]}, {"label": "traffic light", "bounding_box": [378, 384, 391, 403]}, {"label": "pole", "bounding_box": [449, 449, 452, 479]}, {"label": "traffic sign", "bounding_box": [445, 435, 459, 456]}, {"label": "pole", "bounding_box": [575, 383, 582, 480]}, {"label": "static", "bounding_box": [468, 325, 482, 334]}, {"label": "pole", "bounding_box": [472, 318, 477, 361]}, {"label": "traffic light", "bounding_box": [445, 333, 473, 373]}, {"label": "traffic sign", "bounding_box": [458, 310, 478, 321]}, {"label": "bicycle", "bounding_box": [479, 423, 579, 629]}, {"label": "rider", "bounding_box": [453, 305, 587, 621]}, {"label": "building", "bounding_box": [752, 294, 940, 543]}, {"label": "traffic sign", "bounding_box": [574, 153, 730, 231]}, {"label": "traffic sign", "bounding_box": [736, 150, 825, 304]}, {"label": "pole", "bounding_box": [724, 125, 742, 574]}, {"label": "static", "bounding_box": [707, 401, 765, 485]}, {"label": "fence", "bounding_box": [985, 439, 998, 503]}, {"label": "static", "bounding_box": [951, 306, 970, 330]}, {"label": "traffic light", "bounding_box": [947, 327, 968, 339]}, {"label": "traffic light", "bounding_box": [977, 325, 1003, 376]}, {"label": "pole", "bounding_box": [972, 314, 983, 488]}, {"label": "traffic light", "bounding_box": [965, 325, 979, 369]}, {"label": "traffic sign", "bounding_box": [965, 234, 997, 317]}, {"label": "traffic light", "bounding_box": [17, 208, 42, 257]}, {"label": "pole", "bounding_box": [0, 228, 50, 234]}, {"label": "ego vehicle", "bounding_box": [271, 844, 2028, 1023]}, {"label": "out of roi", "bounding_box": [0, 0, 2048, 1024]}]}