{"imgHeight": 1024, "imgWidth": 2048, "objects": [{"label": "road", "bounding_box": [0, 343, 2048, 1024]}, {"label": "sidewalk", "bounding_box": [852, 415, 1260, 468]}, {"label": "sidewalk", "bounding_box": [1097, 472, 2048, 1024]}, {"label": "building", "bounding_box": [1514, 0, 2048, 502]}, {"label": "building", "bounding_box": [971, 377, 1229, 451]}, {"label": "terrain", "bounding_box": [1000, 438, 1250, 453]}, {"label": "static", "bounding_box": [1030, 408, 1093, 444]}, {"label": "car", "bounding_box": [1023, 426, 1088, 452]}, {"label": "sidewalk", "bounding_box": [0, 507, 461, 595]}, {"label": "sidewalk", "bounding_box": [225, 459, 724, 505]}, {"label": "sky", "bounding_box": [0, 0, 1547, 395]}, {"label": "building", "bounding_box": [242, 244, 695, 449]}, {"label": "vegetation", "bounding_box": [0, 0, 1945, 525]}, {"label": "static", "bounding_box": [70, 363, 130, 470]}, {"label": "car", "bounding_box": [70, 459, 230, 505]}, {"label": "static", "bounding_box": [162, 377, 175, 406]}, {"label": "pole", "bounding_box": [157, 0, 197, 515]}, {"label": "traffic sign", "bounding_box": [189, 396, 200, 424]}, {"label": "static", "bounding_box": [127, 433, 180, 490]}, {"label": "static", "bounding_box": [226, 457, 293, 499]}, {"label": "car", "bounding_box": [0, 463, 136, 520]}, {"label": "pole", "bounding_box": [246, 444, 254, 506]}, {"label": "terrain", "bounding_box": [0, 498, 268, 535]}, {"label": "persongroup", "bounding_box": [146, 438, 220, 538]}, {"label": "pole", "bounding_box": [54, 483, 60, 518]}, {"label": "static", "bounding_box": [0, 494, 27, 523]}, {"label": "dynamic", "bounding_box": [115, 470, 162, 537]}, {"label": "pole", "bounding_box": [422, 16, 443, 492]}, {"label": "static", "bounding_box": [421, 11, 447, 23]}, {"label": "static", "bounding_box": [407, 364, 418, 395]}, {"label": "traffic light", "bounding_box": [430, 218, 457, 267]}, {"label": "pole", "bounding_box": [388, 151, 462, 509]}, {"label": "traffic light", "bounding_box": [394, 369, 415, 394]}, {"label": "pole", "bounding_box": [388, 370, 401, 511]}, {"label": "static", "bounding_box": [380, 339, 396, 369]}, {"label": "traffic light", "bounding_box": [380, 365, 402, 412]}, {"label": "terrain", "bounding_box": [636, 463, 788, 490]}, {"label": "traffic light", "bounding_box": [527, 387, 550, 425]}, {"label": "pole", "bounding_box": [545, 383, 554, 453]}, {"label": "traffic light", "bounding_box": [542, 388, 552, 407]}, {"label": "pole", "bounding_box": [565, 199, 580, 447]}, {"label": "pole", "bounding_box": [624, 361, 638, 465]}, {"label": "pole", "bounding_box": [616, 242, 621, 265]}, {"label": "bicycle", "bounding_box": [618, 448, 667, 491]}, {"label": "rider", "bounding_box": [633, 440, 654, 486]}, {"label": "car", "bounding_box": [476, 444, 618, 498]}, {"label": "traffic light", "bounding_box": [823, 269, 837, 306]}, {"label": "static", "bounding_box": [643, 344, 671, 373]}, {"label": "static", "bounding_box": [658, 408, 666, 421]}, {"label": "traffic light", "bounding_box": [657, 388, 678, 410]}, {"label": "pole", "bounding_box": [647, 245, 848, 489]}, {"label": "traffic light", "bounding_box": [650, 390, 663, 414]}, {"label": "static", "bounding_box": [817, 430, 854, 455]}, {"label": "cargroup", "bounding_box": [783, 442, 868, 476]}, {"label": "traffic sign", "bounding_box": [954, 414, 965, 425]}, {"label": "static", "bounding_box": [909, 425, 926, 452]}, {"label": "car", "bounding_box": [921, 429, 977, 473]}, {"label": "pole", "bounding_box": [1057, 405, 1062, 454]}, {"label": "traffic sign", "bounding_box": [1051, 379, 1065, 407]}, {"label": "static", "bounding_box": [1055, 427, 1065, 441]}, {"label": "static", "bounding_box": [1102, 393, 1115, 410]}, {"label": "pole", "bounding_box": [1107, 395, 1111, 441]}, {"label": "static", "bounding_box": [1114, 395, 1170, 451]}, {"label": "traffic light", "bounding_box": [1149, 362, 1167, 396]}, {"label": "pole", "bounding_box": [1163, 359, 1173, 464]}, {"label": "traffic light", "bounding_box": [1118, 339, 1142, 370]}, {"label": "pole", "bounding_box": [857, 125, 1155, 486]}, {"label": "traffic light", "bounding_box": [886, 177, 907, 234]}, {"label": "traffic sign", "bounding_box": [1122, 274, 1160, 313]}, {"label": "traffic light", "bounding_box": [1137, 357, 1151, 385]}, {"label": "traffic light", "bounding_box": [1132, 339, 1153, 359]}, {"label": "pole", "bounding_box": [1197, 166, 1214, 450]}, {"label": "pole", "bounding_box": [1208, 327, 1224, 493]}, {"label": "traffic sign", "bounding_box": [1187, 303, 1237, 331]}, {"label": "pole", "bounding_box": [1245, 348, 1268, 497]}, {"label": "traffic sign", "bounding_box": [1228, 312, 1263, 359]}, {"label": "static", "bounding_box": [1251, 490, 1280, 509]}, {"label": "static", "bounding_box": [1274, 350, 1286, 365]}, {"label": "traffic light", "bounding_box": [1290, 343, 1309, 370]}, {"label": "traffic light", "bounding_box": [1309, 216, 1337, 263]}, {"label": "pole", "bounding_box": [1281, 200, 1315, 369]}, {"label": "traffic light", "bounding_box": [1289, 356, 1297, 371]}, {"label": "fence", "bounding_box": [1436, 439, 1526, 520]}, {"label": "fence", "bounding_box": [1271, 430, 1429, 509]}, {"label": "pole", "bounding_box": [1336, 409, 1345, 500]}, {"label": "dynamic", "bounding_box": [1678, 430, 1721, 442]}, {"label": "dynamic", "bounding_box": [1905, 414, 1950, 456]}, {"label": "fence", "bounding_box": [1573, 426, 2048, 608]}, {"label": "pole", "bounding_box": [1506, 0, 1555, 539]}, {"label": "traffic sign", "bounding_box": [1460, 234, 1601, 275]}, {"label": "ego vehicle", "bounding_box": [271, 844, 2028, 1023]}, {"label": "out of roi", "bounding_box": [0, 0, 2048, 1024]}]}