{"imgHeight": 1024, "imgWidth": 2048, "objects": [{"label": "sky", "bounding_box": [0, 0, 1454, 383]}, {"label": "road", "bounding_box": [0, 364, 2048, 1024]}, {"label": "building", "bounding_box": [835, 270, 1057, 364]}, {"label": "building", "bounding_box": [1196, 284, 1270, 394]}, {"label": "building", "bounding_box": [0, 5, 646, 261]}, {"label": "pole", "bounding_box": [670, 0, 696, 104]}, {"label": "pole", "bounding_box": [876, 121, 886, 256]}, {"label": "static", "bounding_box": [860, 112, 897, 132]}, {"label": "pole", "bounding_box": [368, 25, 381, 104]}, {"label": "static", "bounding_box": [348, 6, 405, 36]}, {"label": "vegetation", "bounding_box": [0, 0, 1517, 505]}, {"label": "terrain", "bounding_box": [0, 469, 505, 521]}, {"label": "static", "bounding_box": [242, 276, 347, 347]}, {"label": "pole", "bounding_box": [243, 308, 263, 488]}, {"label": "static", "bounding_box": [582, 449, 683, 466]}, {"label": "pole", "bounding_box": [682, 368, 693, 461]}, {"label": "pole", "bounding_box": [586, 344, 814, 462]}, {"label": "static", "bounding_box": [692, 418, 714, 438]}, {"label": "static", "bounding_box": [715, 415, 728, 427]}, {"label": "pole", "bounding_box": [721, 412, 726, 476]}, {"label": "pole", "bounding_box": [702, 414, 705, 461]}, {"label": "terrain", "bounding_box": [590, 451, 841, 479]}, {"label": "pole", "bounding_box": [1339, 68, 1357, 253]}, {"label": "bridge", "bounding_box": [838, 242, 1389, 436]}, {"label": "static", "bounding_box": [813, 357, 1392, 483]}, {"label": "bridge", "bounding_box": [796, 335, 1520, 472]}, {"label": "terrain", "bounding_box": [1037, 394, 1197, 500]}, {"label": "vegetation", "bounding_box": [1035, 418, 1078, 470]}, {"label": "static", "bounding_box": [1045, 436, 1067, 474]}, {"label": "car", "bounding_box": [1100, 422, 1162, 449]}, {"label": "static", "bounding_box": [1098, 363, 1163, 459]}, {"label": "static", "bounding_box": [1135, 451, 1147, 466]}, {"label": "static", "bounding_box": [1115, 453, 1128, 472]}, {"label": "static", "bounding_box": [1098, 454, 1114, 475]}, {"label": "car", "bounding_box": [1207, 422, 1232, 444]}, {"label": "car", "bounding_box": [1201, 431, 1235, 466]}, {"label": "car", "bounding_box": [1142, 431, 1220, 491]}, {"label": "pole", "bounding_box": [1069, 143, 1178, 468]}, {"label": "static", "bounding_box": [1072, 446, 1084, 478]}, {"label": "static", "bounding_box": [1174, 131, 1223, 150]}, {"label": "car", "bounding_box": [1240, 397, 1311, 505]}, {"label": "vegetation", "bounding_box": [1318, 187, 1547, 427]}, {"label": "pole", "bounding_box": [963, 0, 1075, 414]}, {"label": "terrain", "bounding_box": [440, 475, 830, 518]}, {"label": "sidewalk", "bounding_box": [0, 500, 730, 613]}, {"label": "ground", "bounding_box": [0, 484, 836, 724]}, {"label": "rail track", "bounding_box": [676, 484, 830, 502]}, {"label": "sidewalk", "bounding_box": [0, 506, 841, 837]}, {"label": "pole", "bounding_box": [794, 333, 805, 528]}, {"label": "pole", "bounding_box": [647, 161, 758, 484]}, {"label": "static", "bounding_box": [584, 146, 642, 161]}, {"label": "pole", "bounding_box": [738, 286, 754, 485]}, {"label": "static", "bounding_box": [745, 416, 783, 470]}, {"label": "pole", "bounding_box": [748, 214, 771, 546]}, {"label": "traffic sign", "bounding_box": [658, 244, 751, 297]}, {"label": "traffic sign", "bounding_box": [766, 230, 820, 339]}, {"label": "pole", "bounding_box": [326, 22, 500, 512]}, {"label": "static", "bounding_box": [261, 13, 331, 33]}, {"label": "pole", "bounding_box": [630, 0, 675, 570]}, {"label": "building", "bounding_box": [1499, 247, 2048, 438]}, {"label": "terrain", "bounding_box": [1550, 390, 2048, 576]}, {"label": "vegetation", "bounding_box": [1236, 0, 2048, 463]}, {"label": "fence", "bounding_box": [1678, 385, 1834, 481]}, {"label": "vegetation", "bounding_box": [1764, 299, 1835, 464]}, {"label": "pole", "bounding_box": [1903, 315, 1911, 471]}, {"label": "traffic sign", "bounding_box": [1890, 293, 1920, 324]}, {"label": "sidewalk", "bounding_box": [1572, 476, 2048, 774]}, {"label": "fence", "bounding_box": [1690, 456, 2048, 646]}, {"label": "terrain", "bounding_box": [1666, 552, 2048, 734]}, {"label": "car", "bounding_box": [810, 403, 1079, 600]}, {"label": "license plate", "bounding_box": [879, 524, 951, 542]}, {"label": "car", "bounding_box": [1246, 359, 1600, 661]}, {"label": "license plate", "bounding_box": [1393, 581, 1500, 607]}, {"label": "ego vehicle", "bounding_box": [271, 844, 2028, 1023]}, {"label": "out of roi", "bounding_box": [0, 0, 2048, 1024]}]}