{"imgHeight": 1024, "imgWidth": 2048, "objects": [{"label": "road", "bounding_box": [0, 362, 2048, 1024]}, {"label": "sidewalk", "bounding_box": [1185, 436, 2048, 1024]}, {"label": "sidewalk", "bounding_box": [0, 430, 808, 539]}, {"label": "sky", "bounding_box": [121, 0, 1319, 424]}, {"label": "static", "bounding_box": [801, 0, 896, 300]}, {"label": "building", "bounding_box": [0, 0, 954, 492]}, {"label": "vegetation", "bounding_box": [0, 384, 52, 496]}, {"label": "static", "bounding_box": [0, 430, 38, 495]}, {"label": "wall", "bounding_box": [0, 488, 59, 509]}, {"label": "vegetation", "bounding_box": [156, 285, 416, 477]}, {"label": "dynamic", "bounding_box": [200, 428, 249, 477]}, {"label": "dynamic", "bounding_box": [128, 436, 153, 479]}, {"label": "bicycle", "bounding_box": [91, 424, 183, 486]}, {"label": "traffic sign", "bounding_box": [190, 341, 246, 351]}, {"label": "traffic sign", "bounding_box": [253, 334, 271, 344]}, {"label": "pole", "bounding_box": [232, 0, 264, 488]}, {"label": "vegetation", "bounding_box": [414, 381, 509, 459]}, {"label": "fence", "bounding_box": [363, 416, 493, 469]}, {"label": "wall", "bounding_box": [347, 444, 515, 477]}, {"label": "pole", "bounding_box": [545, 229, 553, 375]}, {"label": "traffic light", "bounding_box": [610, 325, 624, 351]}, {"label": "pole", "bounding_box": [598, 311, 625, 379]}, {"label": "building", "bounding_box": [992, 372, 1012, 409]}, {"label": "building", "bounding_box": [954, 406, 990, 437]}, {"label": "vegetation", "bounding_box": [931, 356, 990, 434]}, {"label": "building", "bounding_box": [1059, 0, 2048, 465]}, {"label": "static", "bounding_box": [499, 79, 548, 99]}, {"label": "pole", "bounding_box": [659, 162, 672, 455]}, {"label": "pole", "bounding_box": [673, 275, 682, 451]}, {"label": "sidewalk", "bounding_box": [712, 450, 888, 470]}, {"label": "vegetation", "bounding_box": [610, 422, 639, 459]}, {"label": "truck", "bounding_box": [509, 370, 621, 472]}, {"label": "cargroup", "bounding_box": [816, 426, 924, 451]}, {"label": "cargroup", "bounding_box": [934, 427, 969, 441]}, {"label": "static", "bounding_box": [1010, 248, 1035, 252]}, {"label": "static", "bounding_box": [1011, 192, 1044, 199]}, {"label": "pole", "bounding_box": [1026, 191, 1031, 357]}, {"label": "pole", "bounding_box": [1022, 248, 1026, 376]}, {"label": "vegetation", "bounding_box": [1010, 313, 1151, 411]}, {"label": "pole", "bounding_box": [1038, 229, 1211, 447]}, {"label": "traffic light", "bounding_box": [1091, 304, 1101, 328]}, {"label": "traffic light", "bounding_box": [1036, 303, 1045, 330]}, {"label": "traffic sign", "bounding_box": [1199, 351, 1216, 369]}, {"label": "traffic sign", "bounding_box": [1201, 334, 1211, 350]}, {"label": "traffic light", "bounding_box": [1209, 332, 1225, 353]}, {"label": "vegetation", "bounding_box": [835, 0, 1777, 556]}, {"label": "fence", "bounding_box": [1515, 401, 1706, 471]}, {"label": "fence", "bounding_box": [1725, 403, 1814, 473]}, {"label": "wall", "bounding_box": [1502, 396, 1733, 494]}, {"label": "wall", "bounding_box": [1778, 470, 1817, 500]}, {"label": "static", "bounding_box": [1715, 415, 1790, 498]}, {"label": "static", "bounding_box": [1688, 274, 1705, 319]}, {"label": "pole", "bounding_box": [1680, 313, 1690, 501]}, {"label": "traffic sign", "bounding_box": [1678, 273, 1700, 319]}, {"label": "traffic sign", "bounding_box": [1679, 321, 1696, 348]}, {"label": "static", "bounding_box": [1362, 279, 1400, 326]}, {"label": "wall", "bounding_box": [1407, 403, 1450, 479]}, {"label": "pole", "bounding_box": [1260, 298, 1266, 415]}, {"label": "fence", "bounding_box": [1269, 410, 1323, 446]}, {"label": "fence", "bounding_box": [1338, 406, 1373, 457]}, {"label": "wall", "bounding_box": [1260, 393, 1400, 471]}, {"label": "pole", "bounding_box": [1377, 362, 1382, 395]}, {"label": "traffic sign", "bounding_box": [1368, 340, 1388, 369]}, {"label": "pole", "bounding_box": [1395, 45, 1416, 475]}, {"label": "traffic sign", "bounding_box": [1414, 245, 1439, 263]}, {"label": "pole", "bounding_box": [1410, 222, 1419, 536]}, {"label": "static", "bounding_box": [1273, 347, 1299, 383]}, {"label": "person", "bounding_box": [1273, 398, 1295, 460]}, {"label": "persongroup", "bounding_box": [1210, 414, 1242, 447]}, {"label": "static", "bounding_box": [1172, 368, 1204, 451]}, {"label": "traffic light", "bounding_box": [1209, 390, 1215, 405]}, {"label": "traffic light", "bounding_box": [1205, 381, 1211, 398]}, {"label": "car", "bounding_box": [1112, 403, 1197, 484]}, {"label": "car", "bounding_box": [959, 391, 1149, 549]}, {"label": "license plate", "bounding_box": [1021, 465, 1077, 479]}, {"label": "static", "bounding_box": [1244, 383, 1256, 445]}, {"label": "static", "bounding_box": [820, 377, 848, 390]}, {"label": "traffic sign", "bounding_box": [808, 371, 825, 401]}, {"label": "building", "bounding_box": [784, 391, 847, 459]}, {"label": "person", "bounding_box": [843, 411, 853, 456]}, {"label": "ground", "bounding_box": [1316, 586, 1780, 705]}, {"label": "persongroup", "bounding_box": [792, 400, 838, 462]}, {"label": "pole", "bounding_box": [846, 113, 861, 453]}, {"label": "static", "bounding_box": [686, 387, 698, 451]}, {"label": "person", "bounding_box": [674, 416, 692, 465]}, {"label": "pole", "bounding_box": [757, 0, 776, 463]}, {"label": "static", "bounding_box": [753, 416, 768, 464]}, {"label": "traffic light", "bounding_box": [862, 386, 870, 407]}, {"label": "static", "bounding_box": [1060, 80, 1107, 99]}, {"label": "parking", "bounding_box": [1316, 586, 1780, 705]}, {"label": "pole", "bounding_box": [1801, 262, 1849, 527]}, {"label": "vegetation", "bounding_box": [1666, 0, 2048, 708]}, {"label": "pole", "bounding_box": [1900, 0, 1963, 684]}, {"label": "ego vehicle", "bounding_box": [271, 844, 2028, 1023]}, {"label": "out of roi", "bounding_box": [0, 0, 2048, 1024]}]}