<annotation><filename>bremen_000246_000019_gtFine_boxes.jpg</filename><folder>CityScapes</folder><size><width>2048</width><height>1024</height><depth>3</depth></size><segmented>0</segmented><object><name>sky</name><pose>Unspecified</pose><truncated>0</truncated><difficult>0</difficult><bndbox><xmin>538</xmin><ymin>0</ymin><xmax>1373</xmax><ymax>402</ymax></bndbox></object><object><name>road</name><pose>Unspecified</pose><truncated>0</truncated><difficult>0</difficult><bndbox><xmin>0</xmin><ymin>408</ymin><xmax>2048</xmax><ymax>1024</ymax></bndbox></object><object><name>sidewalk</name><pose>Unspecified</pose><truncated>0</truncated><difficult>0</difficult><bndbox><xmin>418</xmin><ymin>441</ymin><xmax>865</xmax><ymax>490</ymax></bndbox></object><object><name>building</name><pose>Unspecified</pose><truncated>0</truncated><difficult>0</difficult><bndbox><xmin>753</xmin><ymin>245</ymin><xmax>965</xmax><ymax>440</ymax></bndbox></object><object><name>car</name><pose>Unspecified</pose><truncated>0</truncated><difficult>0</difficult><bndbox><xmin>831</xmin><ymin>425</ymin><xmax>850</xmax><ymax>446</ymax></bndbox></object><object><name>vegetation</name><pose>Unspecified</pose><truncated>0</truncated><difficult>0</difficult><bndbox><xmin>825</xmin><ymin>417</ymin><xmax>836</xmax><ymax>449</ymax></bndbox></object><object><name>car</name><pose>Unspecified</pose><truncated>0</truncated><difficult>0</difficult><bndbox><xmin>841</xmin><ymin>424</ymin><xmax>866</xmax><ymax>447</ymax></bndbox></object><object><name>vegetation</name><pose>Unspecified</pose><truncated>0</truncated><difficult>0</difficult><bndbox><xmin>998</xmin><ymin>235</ymin><xmax>1027</xmax><ymax>326</ymax></bndbox></object><object><name>vegetation</name><pose>Unspecified</pose><truncated>0</truncated><difficult>0</difficult><bndbox><xmin>976</xmin><ymin>244</ymin><xmax>997</xmax><ymax>325</ymax></bndbox></object><object><name>building</name><pose>Unspecified</pose><truncated>0</truncated><difficult>0</difficult><bndbox><xmin>877</xmin><ymin>300</ymin><xmax>1064</xmax><ymax>438</ymax></bndbox></object><object><name>pole</name><pose>Unspecified</pose><truncated>0</truncated><difficult>0</difficult><bndbox><xmin>870</xmin><ymin>329</ymin><xmax>876</xmax><ymax>431</ymax></bndbox></object><object><name>car</name><pose>Unspecified</pose><truncated>0</truncated><difficult>0</difficult><bndbox><xmin>879</xmin><ymin>419</ymin><xmax>914</xmax><ymax>442</ymax></bndbox></object><object><name>car</name><pose>Unspecified</pose><truncated>0</truncated><difficult>0</difficult><bndbox><xmin>897</xmin><ymin>422</ymin><xmax>926</xmax><ymax>443</ymax></bndbox></object><object><name>car</name><pose>Unspecified</pose><truncated>0</truncated><difficult>0</difficult><bndbox><xmin>914</xmin><ymin>424</ymin><xmax>946</xmax><ymax>450</ymax></bndbox></object><object><name>pole</name><pose>Unspecified</pose><truncated>0</truncated><difficult>0</difficult><bndbox><xmin>1023</xmin><ymin>316</ymin><xmax>1030</xmax><ymax>414</ymax></bndbox></object><object><name>traffic light</name><pose>Unspecified</pose><truncated>0</truncated><difficult>0</difficult><bndbox><xmin>1026</xmin><ymin>318</ymin><xmax>1034</xmax><ymax>341</ymax></bndbox></object><object><name>traffic light</name><pose>Unspecified</pose><truncated>0</truncated><difficult>0</difficult><bndbox><xmin>1017</xmin><ymin>317</ymin><xmax>1024</xmax><ymax>341</ymax></bndbox></object><object><name>building</name><pose>Unspecified</pose><truncated>0</truncated><difficult>0</difficult><bndbox><xmin>983</xmin><ymin>220</ymin><xmax>1228</xmax><ymax>445</ymax></bndbox></object><object><name>vegetation</name><pose>Unspecified</pose><truncated>0</truncated><difficult>0</difficult><bndbox><xmin>1045</xmin><ymin>360</ymin><xmax>1070</xmax><ymax>420</ymax></bndbox></object><object><name>pole</name><pose>Unspecified</pose><truncated>0</truncated><difficult>0</difficult><bndbox><xmin>1061</xmin><ymin>334</ymin><xmax>1066</xmax><ymax>416</ymax></bndbox></object><object><name>traffic sign</name><pose>Unspecified</pose><truncated>0</truncated><difficult>0</difficult><bndbox><xmin>1042</xmin><ymin>371</ymin><xmax>1064</xmax><ymax>388</ymax></bndbox></object><object><name>pole</name><pose>Unspecified</pose><truncated>0</truncated><difficult>0</difficult><bndbox><xmin>1070</xmin><ymin>361</ymin><xmax>1077</xmax><ymax>432</ymax></bndbox></object><object><name>traffic sign</name><pose>Unspecified</pose><truncated>0</truncated><difficult>0</difficult><bndbox><xmin>1064</xmin><ymin>339</ymin><xmax>1088</xmax><ymax>366</ymax></bndbox></object><object><name>traffic sign</name><pose>Unspecified</pose><truncated>0</truncated><difficult>0</difficult><bndbox><xmin>1064</xmin><ymin>362</ymin><xmax>1085</xmax><ymax>390</ymax></bndbox></object><object><name>person</name><pose>Unspecified</pose><truncated>0</truncated><difficult>0</difficult><bndbox><xmin>1070</xmin><ymin>409</ymin><xmax>1081</xmax><ymax>436</ymax></bndbox></object><object><name>vegetation</name><pose>Unspecified</pose><truncated>0</truncated><difficult>0</difficult><bndbox><xmin>1056</xmin><ymin>111</ymin><xmax>1219</xmax><ymax>417</ymax></bndbox></object><object><name>ground</name><pose>Unspecified</pose><truncated>0</truncated><difficult>0</difficult><bndbox><xmin>1080</xmin><ymin>451</ymin><xmax>2047</xmax><ymax>1023</ymax></bndbox></object><object><name>parking</name><pose>Unspecified</pose><truncated>0</truncated><difficult>0</difficult><bndbox><xmin>1083</xmin><ymin>460</ymin><xmax>2047</xmax><ymax>1023</ymax></bndbox></object><object><name>pole</name><pose>Unspecified</pose><truncated>0</truncated><difficult>0</difficult><bndbox><xmin>1100</xmin><ymin>375</ymin><xmax>1106</xmax><ymax>459</ymax></bndbox></object><object><name>vegetation</name><pose>Unspecified</pose><truncated>0</truncated><difficult>0</difficult><bndbox><xmin>1069</xmin><ymin>305</ymin><xmax>1114</xmax><ymax>465</ymax></bndbox></object><object><name>traffic sign</name><pose>Unspecified</pose><truncated>0</truncated><difficult>0</difficult><bndbox><xmin>1087</xmin><ymin>338</ymin><xmax>1118</xmax><ymax>371</ymax></bndbox></object><object><name>vegetation</name><pose>Unspecified</pose><truncated>0</truncated><difficult>0</difficult><bndbox><xmin>1158</xmin><ymin>307</ymin><xmax>1166</xmax><ymax>413</ymax></bndbox></object><object><name>traffic sign</name><pose>Unspecified</pose><truncated>0</truncated><difficult>0</difficult><bndbox><xmin>1092</xmin><ymin>369</ymin><xmax>1113</xmax><ymax>387</ymax></bndbox></object><object><name>car</name><pose>Unspecified</pose><truncated>0</truncated><difficult>0</difficult><bndbox><xmin>1099</xmin><ymin>405</ymin><xmax>1180</xmax><ymax>485</ymax></bndbox></object><object><name>building</name><pose>Unspecified</pose><truncated>0</truncated><difficult>0</difficult><bndbox><xmin>1192</xmin><ymin>0</ymin><xmax>2048</xmax><ymax>442</ymax></bndbox></object><object><name>pole</name><pose>Unspecified</pose><truncated>0</truncated><difficult>0</difficult><bndbox><xmin>1278</xmin><ymin>159</ymin><xmax>1296</xmax><ymax>397</ymax></bndbox></object><object><name>vegetation</name><pose>Unspecified</pose><truncated>0</truncated><difficult>0</difficult><bndbox><xmin>1178</xmin><ymin>0</ymin><xmax>1285</xmax><ymax>414</ymax></bndbox></object><object><name>car</name><pose>Unspecified</pose><truncated>0</truncated><difficult>0</difficult><bndbox><xmin>1135</xmin><ymin>410</ymin><xmax>1207</xmax><ymax>498</ymax></bndbox></object><object><name>pole</name><pose>Unspecified</pose><truncated>0</truncated><difficult>0</difficult><bndbox><xmin>1262</xmin><ymin>310</ymin><xmax>1269</xmax><ymax>397</ymax></bndbox></object><object><name>traffic sign</name><pose>Unspecified</pose><truncated>0</truncated><difficult>0</difficult><bndbox><xmin>1253</xmin><ymin>300</ymin><xmax>1274</xmax><ymax>322</ymax></bndbox></object><object><name>car</name><pose>Unspecified</pose><truncated>0</truncated><difficult>0</difficult><bndbox><xmin>1179</xmin><ymin>401</ymin><xmax>1247</xmax><ymax>513</ymax></bndbox></object><object><name>car</name><pose>Unspecified</pose><truncated>0</truncated><difficult>0</difficult><bndbox><xmin>1203</xmin><ymin>386</ymin><xmax>1365</xmax><ymax>533</ymax></bndbox></object><object><name>pole</name><pose>Unspecified</pose><truncated>0</truncated><difficult>0</difficult><bndbox><xmin>1335</xmin><ymin>0</ymin><xmax>1373</xmax><ymax>510</ymax></bndbox></object><object><name>vegetation</name><pose>Unspecified</pose><truncated>0</truncated><difficult>0</difficult><bndbox><xmin>1320</xmin><ymin>0</ymin><xmax>1535</xmax><ymax>440</ymax></bndbox></object><object><name>pole</name><pose>Unspecified</pose><truncated>0</truncated><difficult>0</difficult><bndbox><xmin>1355</xmin><ymin>339</ymin><xmax>1463</xmax><ymax>427</ymax></bndbox></object><object><name>pole</name><pose>Unspecified</pose><truncated>0</truncated><difficult>0</difficult><bndbox><xmin>1448</xmin><ymin>345</ymin><xmax>1458</xmax><ymax>436</ymax></bndbox></object><object><name>pole</name><pose>Unspecified</pose><truncated>0</truncated><difficult>0</difficult><bndbox><xmin>1404</xmin><ymin>222</ymin><xmax>1414</xmax><ymax>430</ymax></bndbox></object><object><name>static</name><pose>Unspecified</pose><truncated>0</truncated><difficult>0</difficult><bndbox><xmin>1420</xmin><ymin>398</ymin><xmax>1520</xmax><ymax>435</ymax></bndbox></object><object><name>traffic sign</name><pose>Unspecified</pose><truncated>0</truncated><difficult>0</difficult><bndbox><xmin>1378</xmin><ymin>193</ymin><xmax>1435</xmax><ymax>249</ymax></bndbox></object><object><name>traffic sign</name><pose>Unspecified</pose><truncated>0</truncated><difficult>0</difficult><bndbox><xmin>1381</xmin><ymin>248</ymin><xmax>1434</xmax><ymax>278</ymax></bndbox></object><object><name>traffic sign</name><pose>Unspecified</pose><truncated>0</truncated><difficult>0</difficult><bndbox><xmin>1380</xmin><ymin>281</ymin><xmax>1434</xmax><ymax>321</ymax></bndbox></object><object><name>dynamic</name><pose>Unspecified</pose><truncated>0</truncated><difficult>0</difficult><bndbox><xmin>1359</xmin><ymin>423</ymin><xmax>1497</xmax><ymax>592</ymax></bndbox></object><object><name>traffic sign</name><pose>Unspecified</pose><truncated>0</truncated><difficult>0</difficult><bndbox><xmin>1313</xmin><ymin>403</ymin><xmax>1387</xmax><ymax>591</ymax></bndbox></object><object><name>car</name><pose>Unspecified</pose><truncated>0</truncated><difficult>0</difficult><bndbox><xmin>1450</xmin><ymin>365</ymin><xmax>1818</xmax><ymax>661</ymax></bndbox></object><object><name>car</name><pose>Unspecified</pose><truncated>0</truncated><difficult>0</difficult><bndbox><xmin>1661</xmin><ymin>324</ymin><xmax>2048</xmax><ymax>842</ymax></bndbox></object><object><name>car</name><pose>Unspecified</pose><truncated>0</truncated><difficult>0</difficult><bndbox><xmin>937</xmin><ymin>403</ymin><xmax>1091</xmax><ymax>530</ymax></bndbox></object><object><name>license plate</name><pose>Unspecified</pose><truncated>0</truncated><difficult>0</difficult><bndbox><xmin>991</xmin><ymin>456</ymin><xmax>1040</xmax><ymax>470</ymax></bndbox></object><object><name>car</name><pose>Unspecified</pose><truncated>0</truncated><difficult>0</difficult><bndbox><xmin>858</xmin><ymin>424</ymin><xmax>886</xmax><ymax>450</ymax></bndbox></object><object><name>static</name><pose>Unspecified</pose><truncated>0</truncated><difficult>0</difficult><bndbox><xmin>860</xmin><ymin>399</ymin><xmax>867</xmax><ymax>415</ymax></bndbox></object><object><name>pole</name><pose>Unspecified</pose><truncated>0</truncated><difficult>0</difficult><bndbox><xmin>858</xmin><ymin>402</ymin><xmax>864</xmax><ymax>451</ymax></bndbox></object><object><name>building</name><pose>Unspecified</pose><truncated>0</truncated><difficult>0</difficult><bndbox><xmin>690</xmin><ymin>352</ymin><xmax>815</xmax><ymax>461</ymax></bndbox></object><object><name>vegetation</name><pose>Unspecified</pose><truncated>0</truncated><difficult>0</difficult><bndbox><xmin>703</xmin><ymin>139</ymin><xmax>888</xmax><ymax>453</ymax></bndbox></object><object><name>static</name><pose>Unspecified</pose><truncated>0</truncated><difficult>0</difficult><bndbox><xmin>729</xmin><ymin>362</ymin><xmax>753</xmax><ymax>386</ymax></bndbox></object><object><name>pole</name><pose>Unspecified</pose><truncated>0</truncated><difficult>0</difficult><bndbox><xmin>740</xmin><ymin>363</ymin><xmax>743</xmax><ymax>472</ymax></bndbox></object><object><name>vegetation</name><pose>Unspecified</pose><truncated>0</truncated><difficult>0</difficult><bndbox><xmin>685</xmin><ymin>81</ymin><xmax>704</xmax><ymax>111</ymax></bndbox></object><object><name>building</name><pose>Unspecified</pose><truncated>0</truncated><difficult>0</difficult><bndbox><xmin>0</xmin><ymin>0</ymin><xmax>713</xmax><ymax>485</ymax></bndbox></object><object><name>vegetation</name><pose>Unspecified</pose><truncated>0</truncated><difficult>0</difficult><bndbox><xmin>432</xmin><ymin>228</ymin><xmax>750</xmax><ymax>501</ymax></bndbox></object><object><name>static</name><pose>Unspecified</pose><truncated>0</truncated><difficult>0</difficult><bndbox><xmin>695</xmin><ymin>355</ymin><xmax>719</xmax><ymax>380</ymax></bndbox></object><object><name>pole</name><pose>Unspecified</pose><truncated>0</truncated><difficult>0</difficult><bndbox><xmin>706</xmin><ymin>343</ymin><xmax>709</xmax><ymax>462</ymax></bndbox></object><object><name>traffic sign</name><pose>Unspecified</pose><truncated>0</truncated><difficult>0</difficult><bndbox><xmin>689</xmin><ymin>349</ymin><xmax>709</xmax><ymax>358</ymax></bndbox></object><object><name>terrain</name><pose>Unspecified</pose><truncated>0</truncated><difficult>0</difficult><bndbox><xmin>481</xmin><ymin>451</ymin><xmax>645</xmax><ymax>476</ymax></bndbox></object><object><name>person</name><pose>Unspecified</pose><truncated>0</truncated><difficult>0</difficult><bndbox><xmin>620</xmin><ymin>403</ymin><xmax>654</xmax><ymax>477</ymax></bndbox></object><object><name>pole</name><pose>Unspecified</pose><truncated>0</truncated><difficult>0</difficult><bndbox><xmin>545</xmin><ymin>343</ymin><xmax>564</xmax><ymax>490</ymax></bndbox></object><object><name>static</name><pose>Unspecified</pose><truncated>0</truncated><difficult>0</difficult><bndbox><xmin>555</xmin><ymin>338</ymin><xmax>560</xmax><ymax>383</ymax></bndbox></object><object><name>vegetation</name><pose>Unspecified</pose><truncated>0</truncated><difficult>0</difficult><bndbox><xmin>300</xmin><ymin>140</ymin><xmax>497</xmax><ymax>444</ymax></bndbox></object><object><name>vegetation</name><pose>Unspecified</pose><truncated>0</truncated><difficult>0</difficult><bndbox><xmin>111</xmin><ymin>137</ymin><xmax>327</xmax><ymax>465</ymax></bndbox></object><object><name>vegetation</name><pose>Unspecified</pose><truncated>0</truncated><difficult>0</difficult><bndbox><xmin>0</xmin><ymin>148</ymin><xmax>132</xmax><ymax>379</ymax></bndbox></object><object><name>wall</name><pose>Unspecified</pose><truncated>0</truncated><difficult>0</difficult><bndbox><xmin>26</xmin><ymin>391</ymin><xmax>438</xmax><ymax>490</ymax></bndbox></object><object><name>static</name><pose>Unspecified</pose><truncated>0</truncated><difficult>0</difficult><bndbox><xmin>243</xmin><ymin>436</ymin><xmax>296</xmax><ymax>475</ymax></bndbox></object><object><name>static</name><pose>Unspecified</pose><truncated>0</truncated><difficult>0</difficult><bndbox><xmin>285</xmin><ymin>394</ymin><xmax>317</xmax><ymax>477</ymax></bndbox></object><object><name>static</name><pose>Unspecified</pose><truncated>0</truncated><difficult>0</difficult><bndbox><xmin>0</xmin><ymin>367</ymin><xmax>59</xmax><ymax>456</ymax></bndbox></object><object><name>sidewalk</name><pose>Unspecified</pose><truncated>0</truncated><difficult>0</difficult><bndbox><xmin>0</xmin><ymin>484</ymin><xmax>778</xmax><ymax>729</ymax></bndbox></object><object><name>terrain</name><pose>Unspecified</pose><truncated>0</truncated><difficult>0</difficult><bndbox><xmin>0</xmin><ymin>484</ymin><xmax>379</xmax><ymax>547</ymax></bndbox></object><object><name>static</name><pose>Unspecified</pose><truncated>0</truncated><difficult>0</difficult><bndbox><xmin>0</xmin><ymin>390</ymin><xmax>118</xmax><ymax>538</ymax></bndbox></object><object><name>pole</name><pose>Unspecified</pose><truncated>0</truncated><difficult>0</difficult><bndbox><xmin>409</xmin><ymin>110</ymin><xmax>424</xmax><ymax>436</ymax></bndbox></object><object><name>car</name><pose>Unspecified</pose><truncated>0</truncated><difficult>0</difficult><bndbox><xmin>372</xmin><ymin>421</ymin><xmax>511</xmax><ymax>486</ymax></bndbox></object><object><name>pole</name><pose>Unspecified</pose><truncated>0</truncated><difficult>0</difficult><bndbox><xmin>517</xmin><ymin>336</ymin><xmax>528</xmax><ymax>516</ymax></bndbox></object><object><name>traffic sign</name><pose>Unspecified</pose><truncated>0</truncated><difficult>0</difficult><bndbox><xmin>495</xmin><ymin>258</ymin><xmax>544</xmax><ymax>347</ymax></bndbox></object><object><name>person</name><pose>Unspecified</pose><truncated>0</truncated><difficult>0</difficult><bndbox><xmin>538</xmin><ymin>393</ymin><xmax>586</xmax><ymax>514</ymax></bndbox></object><object><name>pole</name><pose>Unspecified</pose><truncated>0</truncated><difficult>0</difficult><bndbox><xmin>337</xmin><ymin>0</ymin><xmax>378</xmax><ymax>496</ymax></bndbox></object><object><name>building</name><pose>Unspecified</pose><truncated>0</truncated><difficult>0</difficult><bndbox><xmin>301</xmin><ymin>295</ymin><xmax>540</xmax><ymax>557</ymax></bndbox></object><object><name>static</name><pose>Unspecified</pose><truncated>0</truncated><difficult>0</difficult><bndbox><xmin>372</xmin><ymin>495</ymin><xmax>431</xmax><ymax>544</ymax></bndbox></object><object><name>person</name><pose>Unspecified</pose><truncated>0</truncated><difficult>0</difficult><bndbox><xmin>394</xmin><ymin>415</ymin><xmax>461</xmax><ymax>541</ymax></bndbox></object><object><name>static</name><pose>Unspecified</pose><truncated>0</truncated><difficult>0</difficult><bndbox><xmin>172</xmin><ymin>468</ymin><xmax>309</xmax><ymax>509</ymax></bndbox></object><object><name>bicycle</name><pose>Unspecified</pose><truncated>0</truncated><difficult>0</difficult><bndbox><xmin>247</xmin><ymin>459</ymin><xmax>367</xmax><ymax>566</ymax></bndbox></object><object><name>static</name><pose>Unspecified</pose><truncated>0</truncated><difficult>0</difficult><bndbox><xmin>1557</xmin><ymin>65</ymin><xmax>1691</xmax><ymax>155</ymax></bndbox></object><object><name>static</name><pose>Unspecified</pose><truncated>0</truncated><difficult>0</difficult><bndbox><xmin>913</xmin><ymin>11</ymin><xmax>938</xmax><ymax>29</ymax></bndbox></object><object><name>static</name><pose>Unspecified</pose><truncated>0</truncated><difficult>0</difficult><bndbox><xmin>940</xmin><ymin>125</ymin><xmax>961</xmax><ymax>140</ymax></bndbox></object><object><name>static</name><pose>Unspecified</pose><truncated>0</truncated><difficult>0</difficult><bndbox><xmin>942</xmin><ymin>241</ymin><xmax>960</xmax><ymax>254</ymax></bndbox></object><object><name>static</name><pose>Unspecified</pose><truncated>0</truncated><difficult>0</difficult><bndbox><xmin>950</xmin><ymin>286</ymin><xmax>970</xmax><ymax>294</ymax></bndbox></object><object><name>pole</name><pose>Unspecified</pose><truncated>0</truncated><difficult>0</difficult><bndbox><xmin>268</xmin><ymin>521</ymin><xmax>286</xmax><ymax>563</ymax></bndbox></object><object><name>static</name><pose>Unspecified</pose><truncated>0</truncated><difficult>0</difficult><bndbox><xmin>505</xmin><ymin>422</ymin><xmax>538</xmax><ymax>467</ymax></bndbox></object><object><name>license plate</name><pose>Unspecified</pose><truncated>0</truncated><difficult>0</difficult><bndbox><xmin>1285</xmin><ymin>450</ymin><xmax>1338</xmax><ymax>464</ymax></bndbox></object><object><name>ego vehicle</name><pose>Unspecified</pose><truncated>0</truncated><difficult>0</difficult><bndbox><xmin>271</xmin><ymin>844</ymin><xmax>2028</xmax><ymax>1023</ymax></bndbox></object><object><name>out of roi</name><pose>Unspecified</pose><truncated>0</truncated><difficult>0</difficult><bndbox><xmin>0</xmin><ymin>0</ymin><xmax>2048</xmax><ymax>1024</ymax></bndbox></object></annotation>