{"imgHeight": 1024, "imgWidth": 2048, "objects": [{"label": "sky", "bounding_box": [0, 0, 2048, 314]}, {"label": "static", "bounding_box": [793, 70, 812, 216]}, {"label": "road", "bounding_box": [0, 320, 2048, 1024]}, {"label": "building", "bounding_box": [808, 215, 879, 299]}, {"label": "vegetation", "bounding_box": [371, 84, 1281, 436]}, {"label": "pole", "bounding_box": [1013, 170, 1025, 293]}, {"label": "bridge", "bounding_box": [340, 252, 1314, 512]}, {"label": "sidewalk", "bounding_box": [817, 439, 952, 460]}, {"label": "wall", "bounding_box": [753, 417, 952, 455]}, {"label": "pole", "bounding_box": [828, 335, 834, 455]}, {"label": "static", "bounding_box": [829, 338, 836, 352]}, {"label": "static", "bounding_box": [830, 379, 834, 390]}, {"label": "ground", "bounding_box": [0, 465, 879, 748]}, {"label": "static", "bounding_box": [985, 169, 1015, 177]}, {"label": "pole", "bounding_box": [992, 237, 1000, 283]}, {"label": "static", "bounding_box": [983, 229, 1007, 249]}, {"label": "pole", "bounding_box": [1048, 236, 1058, 287]}, {"label": "static", "bounding_box": [1037, 222, 1064, 243]}, {"label": "pole", "bounding_box": [1117, 230, 1126, 285]}, {"label": "static", "bounding_box": [1106, 212, 1135, 235]}, {"label": "pole", "bounding_box": [988, 360, 992, 380]}, {"label": "traffic sign", "bounding_box": [976, 341, 999, 369]}, {"label": "pole", "bounding_box": [750, 362, 755, 408]}, {"label": "pole", "bounding_box": [742, 312, 751, 367]}, {"label": "traffic light", "bounding_box": [743, 333, 775, 374]}, {"label": "traffic sign", "bounding_box": [730, 290, 759, 320]}, {"label": "traffic sign", "bounding_box": [669, 344, 685, 363]}, {"label": "building", "bounding_box": [640, 355, 689, 432]}, {"label": "building", "bounding_box": [343, 282, 643, 483]}, {"label": "car", "bounding_box": [599, 405, 829, 505]}, {"label": "pole", "bounding_box": [502, 69, 520, 432]}, {"label": "parking", "bounding_box": [0, 508, 743, 751]}, {"label": "ground", "bounding_box": [579, 508, 743, 543]}, {"label": "vegetation", "bounding_box": [0, 0, 860, 466]}, {"label": "terrain", "bounding_box": [575, 526, 719, 546]}, {"label": "pole", "bounding_box": [663, 460, 670, 519]}, {"label": "pole", "bounding_box": [647, 465, 653, 516]}, {"label": "static", "bounding_box": [689, 299, 733, 361]}, {"label": "pole", "bounding_box": [699, 295, 717, 494]}, {"label": "static", "bounding_box": [680, 491, 735, 519]}, {"label": "car", "bounding_box": [430, 421, 625, 562]}, {"label": "static", "bounding_box": [0, 311, 196, 485]}, {"label": "car", "bounding_box": [79, 407, 448, 647]}, {"label": "static", "bounding_box": [1435, 52, 1461, 211]}, {"label": "static", "bounding_box": [1632, 0, 1694, 255]}, {"label": "static", "bounding_box": [1628, 133, 1754, 256]}, {"label": "static", "bounding_box": [1664, 10, 1685, 266]}, {"label": "building", "bounding_box": [1409, 393, 1476, 460]}, {"label": "vegetation", "bounding_box": [1115, 0, 1710, 430]}, {"label": "car", "bounding_box": [0, 388, 154, 709]}, {"label": "pole", "bounding_box": [1231, 292, 1242, 428]}, {"label": "traffic light", "bounding_box": [1222, 299, 1264, 369]}, {"label": "pole", "bounding_box": [1741, 0, 1773, 238]}, {"label": "static", "bounding_box": [1785, 142, 1826, 217]}, {"label": "static", "bounding_box": [1786, 141, 1808, 170]}, {"label": "static", "bounding_box": [1776, 173, 1795, 190]}, {"label": "terrain", "bounding_box": [1333, 419, 1497, 467]}, {"label": "static", "bounding_box": [1471, 330, 1596, 443]}, {"label": "static", "bounding_box": [1270, 333, 1424, 452]}, {"label": "parking", "bounding_box": [1465, 646, 2047, 996]}, {"label": "sidewalk", "bounding_box": [1253, 475, 2048, 682]}, {"label": "car", "bounding_box": [1481, 407, 1599, 466]}, {"label": "pole", "bounding_box": [1567, 436, 1571, 477]}, {"label": "pole", "bounding_box": [1533, 435, 1538, 475]}, {"label": "pole", "bounding_box": [1461, 436, 1466, 477]}, {"label": "pole", "bounding_box": [1390, 435, 1395, 488]}, {"label": "pole", "bounding_box": [1354, 438, 1360, 492]}, {"label": "pole", "bounding_box": [1264, 43, 1416, 477]}, {"label": "traffic sign", "bounding_box": [1218, 268, 1256, 304]}, {"label": "car", "bounding_box": [1167, 415, 1344, 485]}, {"label": "pole", "bounding_box": [1333, 446, 1391, 500]}, {"label": "car", "bounding_box": [920, 371, 1200, 606]}, {"label": "license plate", "bounding_box": [1015, 477, 1096, 499]}, {"label": "vegetation", "bounding_box": [1858, 80, 2048, 216]}, {"label": "car", "bounding_box": [1540, 160, 2048, 817]}, {"label": "license plate", "bounding_box": [456, 515, 512, 527]}, {"label": "ego vehicle", "bounding_box": [271, 844, 2028, 1023]}, {"label": "out of roi", "bounding_box": [0, 0, 2048, 1024]}]}