<annotation><filename>bremen_000058_000019_gtFine_boxes.jpg</filename><folder>CityScapes</folder><size><width>2048</width><height>1024</height><depth>3</depth></size><segmented>0</segmented><object><name>sky</name><pose>Unspecified</pose><truncated>0</truncated><difficult>0</difficult><bndbox><xmin>390</xmin><ymin>0</ymin><xmax>1183</xmax><ymax>299</ymax></bndbox></object><object><name>road</name><pose>Unspecified</pose><truncated>0</truncated><difficult>0</difficult><bndbox><xmin>0</xmin><ymin>419</ymin><xmax>2048</xmax><ymax>1024</ymax></bndbox></object><object><name>building</name><pose>Unspecified</pose><truncated>0</truncated><difficult>0</difficult><bndbox><xmin>602</xmin><ymin>1</ymin><xmax>854</xmax><ymax>427</ymax></bndbox></object><object><name>sidewalk</name><pose>Unspecified</pose><truncated>0</truncated><difficult>0</difficult><bndbox><xmin>657</xmin><ymin>426</ymin><xmax>784</xmax><ymax>437</ymax></bndbox></object><object><name>static</name><pose>Unspecified</pose><truncated>0</truncated><difficult>0</difficult><bndbox><xmin>657</xmin><ymin>408</ymin><xmax>791</xmax><ymax>431</ymax></bndbox></object><object><name>vegetation</name><pose>Unspecified</pose><truncated>0</truncated><difficult>0</difficult><bndbox><xmin>802</xmin><ymin>348</ymin><xmax>850</xmax><ymax>429</ymax></bndbox></object><object><name>vegetation</name><pose>Unspecified</pose><truncated>0</truncated><difficult>0</difficult><bndbox><xmin>652</xmin><ymin>153</ymin><xmax>847</xmax><ymax>441</ymax></bndbox></object><object><name>building</name><pose>Unspecified</pose><truncated>0</truncated><difficult>0</difficult><bndbox><xmin>836</xmin><ymin>109</ymin><xmax>1101</xmax><ymax>438</ymax></bndbox></object><object><name>car</name><pose>Unspecified</pose><truncated>0</truncated><difficult>0</difficult><bndbox><xmin>765</xmin><ymin>406</ymin><xmax>870</xmax><ymax>440</ymax></bndbox></object><object><name>car</name><pose>Unspecified</pose><truncated>0</truncated><difficult>0</difficult><bndbox><xmin>920</xmin><ymin>400</ymin><xmax>982</xmax><ymax>422</ymax></bndbox></object><object><name>car</name><pose>Unspecified</pose><truncated>0</truncated><difficult>0</difficult><bndbox><xmin>906</xmin><ymin>408</ymin><xmax>981</xmax><ymax>444</ymax></bndbox></object><object><name>car</name><pose>Unspecified</pose><truncated>0</truncated><difficult>0</difficult><bndbox><xmin>1039</xmin><ymin>409</ymin><xmax>1095</xmax><ymax>443</ymax></bndbox></object><object><name>sidewalk</name><pose>Unspecified</pose><truncated>0</truncated><difficult>0</difficult><bndbox><xmin>387</xmin><ymin>430</ymin><xmax>742</xmax><ymax>462</ymax></bndbox></object><object><name>sidewalk</name><pose>Unspecified</pose><truncated>0</truncated><difficult>0</difficult><bndbox><xmin>0</xmin><ymin>450</ymin><xmax>613</xmax><ymax>705</ymax></bndbox></object><object><name>building</name><pose>Unspecified</pose><truncated>0</truncated><difficult>0</difficult><bndbox><xmin>0</xmin><ymin>0</ymin><xmax>688</xmax><ymax>533</ymax></bndbox></object><object><name>vegetation</name><pose>Unspecified</pose><truncated>0</truncated><difficult>0</difficult><bndbox><xmin>764</xmin><ymin>0</ymin><xmax>1117</xmax><ymax>455</ymax></bndbox></object><object><name>terrain</name><pose>Unspecified</pose><truncated>0</truncated><difficult>0</difficult><bndbox><xmin>769</xmin><ymin>439</ymin><xmax>1094</xmax><ymax>468</ymax></bndbox></object><object><name>pole</name><pose>Unspecified</pose><truncated>0</truncated><difficult>0</difficult><bndbox><xmin>885</xmin><ymin>421</ymin><xmax>889</xmax><ymax>454</ymax></bndbox></object><object><name>pole</name><pose>Unspecified</pose><truncated>0</truncated><difficult>0</difficult><bndbox><xmin>838</xmin><ymin>424</ymin><xmax>843</xmax><ymax>449</ymax></bndbox></object><object><name>pole</name><pose>Unspecified</pose><truncated>0</truncated><difficult>0</difficult><bndbox><xmin>834</xmin><ymin>421</ymin><xmax>837</xmax><ymax>450</ymax></bndbox></object><object><name>pole</name><pose>Unspecified</pose><truncated>0</truncated><difficult>0</difficult><bndbox><xmin>824</xmin><ymin>418</ymin><xmax>826</xmax><ymax>453</ymax></bndbox></object><object><name>pole</name><pose>Unspecified</pose><truncated>0</truncated><difficult>0</difficult><bndbox><xmin>817</xmin><ymin>420</ymin><xmax>820</xmax><ymax>450</ymax></bndbox></object><object><name>pole</name><pose>Unspecified</pose><truncated>0</truncated><difficult>0</difficult><bndbox><xmin>811</xmin><ymin>422</ymin><xmax>812</xmax><ymax>455</ymax></bndbox></object><object><name>static</name><pose>Unspecified</pose><truncated>0</truncated><difficult>0</difficult><bndbox><xmin>794</xmin><ymin>433</ymin><xmax>807</xmax><ymax>462</ymax></bndbox></object><object><name>polegroup</name><pose>Unspecified</pose><truncated>0</truncated><difficult>0</difficult><bndbox><xmin>726</xmin><ymin>418</ymin><xmax>740</xmax><ymax>450</ymax></bndbox></object><object><name>pole</name><pose>Unspecified</pose><truncated>0</truncated><difficult>0</difficult><bndbox><xmin>713</xmin><ymin>419</ymin><xmax>716</xmax><ymax>450</ymax></bndbox></object><object><name>polegroup</name><pose>Unspecified</pose><truncated>0</truncated><difficult>0</difficult><bndbox><xmin>700</xmin><ymin>415</ymin><xmax>707</xmax><ymax>449</ymax></bndbox></object><object><name>pole</name><pose>Unspecified</pose><truncated>0</truncated><difficult>0</difficult><bndbox><xmin>693</xmin><ymin>417</ymin><xmax>696</xmax><ymax>450</ymax></bndbox></object><object><name>pole</name><pose>Unspecified</pose><truncated>0</truncated><difficult>0</difficult><bndbox><xmin>680</xmin><ymin>417</ymin><xmax>685</xmax><ymax>454</ymax></bndbox></object><object><name>pole</name><pose>Unspecified</pose><truncated>0</truncated><difficult>0</difficult><bndbox><xmin>670</xmin><ymin>414</ymin><xmax>672</xmax><ymax>452</ymax></bndbox></object><object><name>pole</name><pose>Unspecified</pose><truncated>0</truncated><difficult>0</difficult><bndbox><xmin>656</xmin><ymin>417</ymin><xmax>660</xmax><ymax>452</ymax></bndbox></object><object><name>pole</name><pose>Unspecified</pose><truncated>0</truncated><difficult>0</difficult><bndbox><xmin>642</xmin><ymin>423</ymin><xmax>646</xmax><ymax>445</ymax></bndbox></object><object><name>car</name><pose>Unspecified</pose><truncated>0</truncated><difficult>0</difficult><bndbox><xmin>477</xmin><ymin>400</ymin><xmax>640</xmax><ymax>466</ymax></bndbox></object><object><name>static</name><pose>Unspecified</pose><truncated>0</truncated><difficult>0</difficult><bndbox><xmin>638</xmin><ymin>441</ymin><xmax>651</xmax><ymax>463</ymax></bndbox></object><object><name>vegetation</name><pose>Unspecified</pose><truncated>0</truncated><difficult>0</difficult><bndbox><xmin>657</xmin><ymin>182</ymin><xmax>819</xmax><ymax>464</ymax></bndbox></object><object><name>pole</name><pose>Unspecified</pose><truncated>0</truncated><difficult>0</difficult><bndbox><xmin>589</xmin><ymin>349</ymin><xmax>596</xmax><ymax>463</ymax></bndbox></object><object><name>traffic sign</name><pose>Unspecified</pose><truncated>0</truncated><difficult>0</difficult><bndbox><xmin>588</xmin><ymin>331</ymin><xmax>609</xmax><ymax>356</ymax></bndbox></object><object><name>static</name><pose>Unspecified</pose><truncated>0</truncated><difficult>0</difficult><bndbox><xmin>532</xmin><ymin>335</ymin><xmax>564</xmax><ymax>367</ymax></bndbox></object><object><name>pole</name><pose>Unspecified</pose><truncated>0</truncated><difficult>0</difficult><bndbox><xmin>544</xmin><ymin>329</ymin><xmax>548</xmax><ymax>478</ymax></bndbox></object><object><name>pole</name><pose>Unspecified</pose><truncated>0</truncated><difficult>0</difficult><bndbox><xmin>557</xmin><ymin>436</ymin><xmax>564</xmax><ymax>476</ymax></bndbox></object><object><name>pole</name><pose>Unspecified</pose><truncated>0</truncated><difficult>0</difficult><bndbox><xmin>475</xmin><ymin>324</ymin><xmax>481</xmax><ymax>499</ymax></bndbox></object><object><name>pole</name><pose>Unspecified</pose><truncated>0</truncated><difficult>0</difficult><bndbox><xmin>529</xmin><ymin>442</ymin><xmax>536</xmax><ymax>482</ymax></bndbox></object><object><name>pole</name><pose>Unspecified</pose><truncated>0</truncated><difficult>0</difficult><bndbox><xmin>517</xmin><ymin>440</ymin><xmax>522</xmax><ymax>488</ymax></bndbox></object><object><name>pole</name><pose>Unspecified</pose><truncated>0</truncated><difficult>0</difficult><bndbox><xmin>501</xmin><ymin>443</ymin><xmax>506</xmax><ymax>494</ymax></bndbox></object><object><name>pole</name><pose>Unspecified</pose><truncated>0</truncated><difficult>0</difficult><bndbox><xmin>483</xmin><ymin>446</ymin><xmax>488</xmax><ymax>498</ymax></bndbox></object><object><name>pole</name><pose>Unspecified</pose><truncated>0</truncated><difficult>0</difficult><bndbox><xmin>462</xmin><ymin>444</ymin><xmax>470</xmax><ymax>503</ymax></bndbox></object><object><name>pole</name><pose>Unspecified</pose><truncated>0</truncated><difficult>0</difficult><bndbox><xmin>444</xmin><ymin>333</ymin><xmax>454</xmax><ymax>484</ymax></bndbox></object><object><name>traffic sign</name><pose>Unspecified</pose><truncated>0</truncated><difficult>0</difficult><bndbox><xmin>413</xmin><ymin>341</ymin><xmax>451</xmax><ymax>351</ymax></bndbox></object><object><name>traffic sign</name><pose>Unspecified</pose><truncated>0</truncated><difficult>0</difficult><bndbox><xmin>464</xmin><ymin>298</ymin><xmax>493</xmax><ymax>329</ymax></bndbox></object><object><name>bicycle</name><pose>Unspecified</pose><truncated>0</truncated><difficult>0</difficult><bndbox><xmin>385</xmin><ymin>418</ymin><xmax>445</xmax><ymax>523</ymax></bndbox></object><object><name>bicycle</name><pose>Unspecified</pose><truncated>0</truncated><difficult>0</difficult><bndbox><xmin>317</xmin><ymin>428</ymin><xmax>392</xmax><ymax>547</ymax></bndbox></object><object><name>pole</name><pose>Unspecified</pose><truncated>0</truncated><difficult>0</difficult><bndbox><xmin>444</xmin><ymin>448</ymin><xmax>450</xmax><ymax>514</ymax></bndbox></object><object><name>pole</name><pose>Unspecified</pose><truncated>0</truncated><difficult>0</difficult><bndbox><xmin>389</xmin><ymin>454</ymin><xmax>394</xmax><ymax>530</ymax></bndbox></object><object><name>pole</name><pose>Unspecified</pose><truncated>0</truncated><difficult>0</difficult><bndbox><xmin>418</xmin><ymin>453</ymin><xmax>424</xmax><ymax>521</ymax></bndbox></object><object><name>pole</name><pose>Unspecified</pose><truncated>0</truncated><difficult>0</difficult><bndbox><xmin>345</xmin><ymin>455</ymin><xmax>354</xmax><ymax>541</ymax></bndbox></object><object><name>pole</name><pose>Unspecified</pose><truncated>0</truncated><difficult>0</difficult><bndbox><xmin>300</xmin><ymin>451</ymin><xmax>312</xmax><ymax>557</ymax></bndbox></object><object><name>pole</name><pose>Unspecified</pose><truncated>0</truncated><difficult>0</difficult><bndbox><xmin>241</xmin><ymin>459</ymin><xmax>251</xmax><ymax>574</ymax></bndbox></object><object><name>pole</name><pose>Unspecified</pose><truncated>0</truncated><difficult>0</difficult><bndbox><xmin>155</xmin><ymin>471</ymin><xmax>168</xmax><ymax>601</ymax></bndbox></object><object><name>pole</name><pose>Unspecified</pose><truncated>0</truncated><difficult>0</difficult><bndbox><xmin>52</xmin><ymin>488</ymin><xmax>69</xmax><ymax>632</ymax></bndbox></object><object><name>static</name><pose>Unspecified</pose><truncated>0</truncated><difficult>0</difficult><bndbox><xmin>893</xmin><ymin>55</ymin><xmax>928</xmax><ymax>74</ymax></bndbox></object><object><name>static</name><pose>Unspecified</pose><truncated>0</truncated><difficult>0</difficult><bndbox><xmin>622</xmin><ymin>76</ymin><xmax>649</xmax><ymax>90</ymax></bndbox></object><object><name>static</name><pose>Unspecified</pose><truncated>0</truncated><difficult>0</difficult><bndbox><xmin>841</xmin><ymin>345</ymin><xmax>881</xmax><ymax>362</ymax></bndbox></object><object><name>pole</name><pose>Unspecified</pose><truncated>0</truncated><difficult>0</difficult><bndbox><xmin>866</xmin><ymin>345</ymin><xmax>873</xmax><ymax>442</ymax></bndbox></object><object><name>terrain</name><pose>Unspecified</pose><truncated>0</truncated><difficult>0</difficult><bndbox><xmin>841</xmin><ymin>420</ymin><xmax>873</xmax><ymax>462</ymax></bndbox></object><object><name>static</name><pose>Unspecified</pose><truncated>0</truncated><difficult>0</difficult><bndbox><xmin>912</xmin><ymin>431</ymin><xmax>927</xmax><ymax>462</ymax></bndbox></object><object><name>person</name><pose>Unspecified</pose><truncated>0</truncated><difficult>0</difficult><bndbox><xmin>986</xmin><ymin>396</ymin><xmax>1009</xmax><ymax>450</ymax></bndbox></object><object><name>dynamic</name><pose>Unspecified</pose><truncated>0</truncated><difficult>0</difficult><bndbox><xmin>992</xmin><ymin>416</ymin><xmax>1027</xmax><ymax>450</ymax></bndbox></object><object><name>sidewalk</name><pose>Unspecified</pose><truncated>0</truncated><difficult>0</difficult><bndbox><xmin>978</xmin><ymin>473</ymin><xmax>2048</xmax><ymax>810</ymax></bndbox></object><object><name>pole</name><pose>Unspecified</pose><truncated>0</truncated><difficult>0</difficult><bndbox><xmin>1033</xmin><ymin>427</ymin><xmax>1037</xmax><ymax>472</ymax></bndbox></object><object><name>pole</name><pose>Unspecified</pose><truncated>0</truncated><difficult>0</difficult><bndbox><xmin>1006</xmin><ymin>435</ymin><xmax>1010</xmax><ymax>478</ymax></bndbox></object><object><name>pole</name><pose>Unspecified</pose><truncated>0</truncated><difficult>0</difficult><bndbox><xmin>1022</xmin><ymin>436</ymin><xmax>1029</xmax><ymax>480</ymax></bndbox></object><object><name>static</name><pose>Unspecified</pose><truncated>0</truncated><difficult>0</difficult><bndbox><xmin>1035</xmin><ymin>423</ymin><xmax>1058</xmax><ymax>450</ymax></bndbox></object><object><name>building</name><pose>Unspecified</pose><truncated>0</truncated><difficult>0</difficult><bndbox><xmin>1009</xmin><ymin>0</ymin><xmax>2048</xmax><ymax>678</ymax></bndbox></object><object><name>pole</name><pose>Unspecified</pose><truncated>0</truncated><difficult>0</difficult><bndbox><xmin>1044</xmin><ymin>427</ymin><xmax>1051</xmax><ymax>487</ymax></bndbox></object><object><name>pole</name><pose>Unspecified</pose><truncated>0</truncated><difficult>0</difficult><bndbox><xmin>1071</xmin><ymin>437</ymin><xmax>1077</xmax><ymax>493</ymax></bndbox></object><object><name>pole</name><pose>Unspecified</pose><truncated>0</truncated><difficult>0</difficult><bndbox><xmin>1102</xmin><ymin>439</ymin><xmax>1110</xmax><ymax>505</ymax></bndbox></object><object><name>person</name><pose>Unspecified</pose><truncated>0</truncated><difficult>0</difficult><bndbox><xmin>1187</xmin><ymin>365</ymin><xmax>1251</xmax><ymax>534</ymax></bndbox></object><object><name>pole</name><pose>Unspecified</pose><truncated>0</truncated><difficult>0</difficult><bndbox><xmin>1707</xmin><ymin>477</ymin><xmax>1727</xmax><ymax>663</ymax></bndbox></object><object><name>pole</name><pose>Unspecified</pose><truncated>0</truncated><difficult>0</difficult><bndbox><xmin>1939</xmin><ymin>488</ymin><xmax>1964</xmax><ymax>726</ymax></bndbox></object><object><name>pole</name><pose>Unspecified</pose><truncated>0</truncated><difficult>0</difficult><bndbox><xmin>1287</xmin><ymin>452</ymin><xmax>1300</xmax><ymax>561</ymax></bndbox></object><object><name>pole</name><pose>Unspecified</pose><truncated>0</truncated><difficult>0</difficult><bndbox><xmin>1355</xmin><ymin>456</ymin><xmax>1366</xmax><ymax>577</ymax></bndbox></object><object><name>pole</name><pose>Unspecified</pose><truncated>0</truncated><difficult>0</difficult><bndbox><xmin>1440</xmin><ymin>460</ymin><xmax>1454</xmax><ymax>598</ymax></bndbox></object><object><name>pole</name><pose>Unspecified</pose><truncated>0</truncated><difficult>0</difficult><bndbox><xmin>1554</xmin><ymin>469</ymin><xmax>1571</xmax><ymax>629</ymax></bndbox></object><object><name>static</name><pose>Unspecified</pose><truncated>0</truncated><difficult>0</difficult><bndbox><xmin>1067</xmin><ymin>224</ymin><xmax>1089</xmax><ymax>240</ymax></bndbox></object><object><name>ego vehicle</name><pose>Unspecified</pose><truncated>0</truncated><difficult>0</difficult><bndbox><xmin>271</xmin><ymin>844</ymin><xmax>2028</xmax><ymax>1023</ymax></bndbox></object><object><name>out of roi</name><pose>Unspecified</pose><truncated>0</truncated><difficult>0</difficult><bndbox><xmin>0</xmin><ymin>0</ymin><xmax>2048</xmax><ymax>1024</ymax></bndbox></object></annotation>