{"imgHeight": 1024, "imgWidth": 2048, "objects": [{"label": "road", "bounding_box": [0, 296, 2048, 1024]}, {"label": "sky", "bounding_box": [0, 0, 1473, 309]}, {"label": "sidewalk", "bounding_box": [1087, 445, 2048, 653]}, {"label": "building", "bounding_box": [0, 0, 1391, 454]}, {"label": "vegetation", "bounding_box": [341, 329, 562, 417]}, {"label": "vegetation", "bounding_box": [1053, 0, 2048, 574]}, {"label": "pole", "bounding_box": [1635, 131, 1651, 465]}, {"label": "traffic sign", "bounding_box": [1518, 40, 1671, 312]}, {"label": "static", "bounding_box": [1295, 335, 1330, 451]}, {"label": "static", "bounding_box": [1267, 435, 1295, 496]}, {"label": "static", "bounding_box": [1309, 441, 1346, 507]}, {"label": "static", "bounding_box": [1359, 446, 1403, 518]}, {"label": "pole", "bounding_box": [1410, 326, 1415, 482]}, {"label": "traffic sign", "bounding_box": [1369, 269, 1433, 330]}, {"label": "static", "bounding_box": [1420, 449, 1475, 529]}, {"label": "static", "bounding_box": [1496, 455, 1562, 543]}, {"label": "static", "bounding_box": [1591, 460, 1679, 563]}, {"label": "static", "bounding_box": [1722, 467, 1845, 594]}, {"label": "static", "bounding_box": [1915, 482, 2048, 605]}, {"label": "vegetation", "bounding_box": [1013, 246, 1173, 428]}, {"label": "static", "bounding_box": [977, 325, 1026, 358]}, {"label": "static", "bounding_box": [1091, 416, 1196, 446]}, {"label": "static", "bounding_box": [1136, 330, 1149, 353]}, {"label": "traffic light", "bounding_box": [1133, 352, 1156, 384]}, {"label": "pole", "bounding_box": [1106, 73, 1152, 457]}, {"label": "traffic light", "bounding_box": [1199, 326, 1212, 350]}, {"label": "static", "bounding_box": [1212, 305, 1227, 326]}, {"label": "pole", "bounding_box": [1208, 321, 1215, 461]}, {"label": "traffic light", "bounding_box": [1209, 381, 1216, 399]}, {"label": "traffic sign", "bounding_box": [1196, 346, 1230, 372]}, {"label": "rider", "bounding_box": [1166, 407, 1194, 450]}, {"label": "motorcycle", "bounding_box": [1157, 427, 1209, 461]}, {"label": "pole", "bounding_box": [1240, 244, 1306, 468]}, {"label": "traffic sign", "bounding_box": [1231, 283, 1259, 313]}, {"label": "traffic light", "bounding_box": [1221, 314, 1242, 361]}, {"label": "pole", "bounding_box": [974, 155, 1183, 165]}, {"label": "traffic light", "bounding_box": [961, 131, 978, 185]}, {"label": "traffic light", "bounding_box": [840, 365, 853, 383]}, {"label": "pole", "bounding_box": [851, 362, 854, 408]}, {"label": "traffic light", "bounding_box": [853, 365, 858, 383]}, {"label": "person", "bounding_box": [842, 404, 870, 428]}, {"label": "traffic sign", "bounding_box": [772, 361, 794, 394]}, {"label": "car", "bounding_box": [780, 405, 861, 457]}, {"label": "traffic sign", "bounding_box": [715, 378, 725, 389]}, {"label": "static", "bounding_box": [659, 380, 679, 390]}, {"label": "car", "bounding_box": [692, 391, 801, 478]}, {"label": "traffic light", "bounding_box": [580, 393, 587, 408]}, {"label": "pole", "bounding_box": [505, 343, 508, 396]}, {"label": "traffic sign", "bounding_box": [481, 370, 520, 389]}, {"label": "traffic sign", "bounding_box": [458, 156, 543, 219]}, {"label": "pole", "bounding_box": [462, 145, 746, 157]}, {"label": "pole", "bounding_box": [449, 0, 469, 399]}, {"label": "traffic light", "bounding_box": [452, 309, 489, 355]}, {"label": "traffic light", "bounding_box": [427, 276, 460, 353]}, {"label": "traffic sign", "bounding_box": [446, 243, 478, 276]}, {"label": "traffic light", "bounding_box": [545, 122, 565, 178]}, {"label": "traffic light", "bounding_box": [742, 124, 762, 180]}, {"label": "static", "bounding_box": [415, 196, 431, 218]}, {"label": "static", "bounding_box": [329, 118, 387, 130]}, {"label": "traffic light", "bounding_box": [185, 256, 198, 290]}, {"label": "pole", "bounding_box": [184, 271, 360, 389]}, {"label": "static", "bounding_box": [367, 338, 379, 386]}, {"label": "pole", "bounding_box": [33, 123, 429, 398]}, {"label": "traffic sign", "bounding_box": [425, 153, 469, 182]}, {"label": "traffic sign", "bounding_box": [423, 188, 470, 218]}, {"label": "pole", "bounding_box": [336, 341, 339, 392]}, {"label": "traffic light", "bounding_box": [351, 359, 374, 378]}, {"label": "car", "bounding_box": [483, 390, 585, 481]}, {"label": "car", "bounding_box": [376, 394, 531, 507]}, {"label": "car", "bounding_box": [286, 391, 413, 530]}, {"label": "ground", "bounding_box": [0, 501, 64, 555]}, {"label": "sidewalk", "bounding_box": [0, 451, 35, 468]}, {"label": "traffic light", "bounding_box": [28, 357, 43, 377]}, {"label": "static", "bounding_box": [28, 376, 36, 387]}, {"label": "pole", "bounding_box": [25, 355, 30, 447]}, {"label": "static", "bounding_box": [0, 320, 15, 336]}, {"label": "car", "bounding_box": [28, 356, 353, 572]}, {"label": "license plate", "bounding_box": [99, 431, 172, 452]}, {"label": "car", "bounding_box": [570, 396, 724, 517]}, {"label": "car", "bounding_box": [842, 352, 1110, 598]}, {"label": "license plate", "bounding_box": [937, 453, 1021, 477]}, {"label": "license plate", "bounding_box": [613, 453, 662, 466]}, {"label": "ego vehicle", "bounding_box": [271, 844, 2028, 1023]}, {"label": "out of roi", "bounding_box": [0, 0, 2048, 1024]}]}