{"imgHeight": 1024, "imgWidth": 2048, "objects": [{"label": "sky", "bounding_box": [0, 0, 1310, 410]}, {"label": "road", "bounding_box": [0, 405, 2048, 1024]}, {"label": "terrain", "bounding_box": [709, 417, 756, 434]}, {"label": "terrain", "bounding_box": [193, 455, 705, 516]}, {"label": "building", "bounding_box": [864, 330, 994, 412]}, {"label": "sidewalk", "bounding_box": [0, 475, 408, 501]}, {"label": "bridge", "bounding_box": [856, 403, 980, 442]}, {"label": "building", "bounding_box": [586, 343, 709, 413]}, {"label": "vegetation", "bounding_box": [788, 227, 956, 464]}, {"label": "vegetation", "bounding_box": [927, 324, 1152, 471]}, {"label": "terrain", "bounding_box": [0, 418, 704, 515]}, {"label": "building", "bounding_box": [696, 341, 799, 419]}, {"label": "bridge", "bounding_box": [594, 365, 808, 454]}, {"label": "car", "bounding_box": [702, 414, 712, 421]}, {"label": "car", "bounding_box": [774, 411, 785, 419]}, {"label": "car", "bounding_box": [597, 447, 616, 465]}, {"label": "building", "bounding_box": [342, 25, 594, 465]}, {"label": "pole", "bounding_box": [504, 256, 893, 274]}, {"label": "vegetation", "bounding_box": [485, 347, 623, 482]}, {"label": "vegetation", "bounding_box": [450, 354, 569, 479]}, {"label": "bridge", "bounding_box": [259, 283, 1139, 419]}, {"label": "pole", "bounding_box": [485, 89, 508, 338]}, {"label": "vegetation", "bounding_box": [0, 38, 482, 492]}, {"label": "car", "bounding_box": [463, 455, 499, 483]}, {"label": "pole", "bounding_box": [467, 366, 473, 482]}, {"label": "static", "bounding_box": [453, 368, 502, 377]}, {"label": "static", "bounding_box": [453, 379, 502, 393]}, {"label": "vegetation", "bounding_box": [435, 365, 463, 401]}, {"label": "car", "bounding_box": [432, 449, 470, 483]}, {"label": "car", "bounding_box": [405, 451, 450, 484]}, {"label": "pole", "bounding_box": [407, 241, 425, 484]}, {"label": "static", "bounding_box": [464, 66, 515, 102]}, {"label": "vegetation", "bounding_box": [377, 269, 435, 429]}, {"label": "pole", "bounding_box": [392, 466, 396, 485]}, {"label": "pole", "bounding_box": [381, 467, 385, 484]}, {"label": "bridge", "bounding_box": [268, 391, 373, 482]}, {"label": "vegetation", "bounding_box": [247, 397, 343, 481]}, {"label": "pole", "bounding_box": [343, 464, 347, 487]}, {"label": "vegetation", "bounding_box": [309, 334, 334, 487]}, {"label": "pole", "bounding_box": [311, 464, 314, 487]}, {"label": "pole", "bounding_box": [270, 152, 301, 487]}, {"label": "pole", "bounding_box": [269, 462, 275, 487]}, {"label": "vegetation", "bounding_box": [5, 156, 336, 492]}, {"label": "pole", "bounding_box": [357, 464, 359, 484]}, {"label": "pole", "bounding_box": [220, 462, 224, 490]}, {"label": "pole", "bounding_box": [190, 464, 193, 491]}, {"label": "pole", "bounding_box": [123, 464, 127, 492]}, {"label": "person", "bounding_box": [172, 437, 197, 488]}, {"label": "vegetation", "bounding_box": [921, 348, 987, 393]}, {"label": "pole", "bounding_box": [84, 465, 91, 497]}, {"label": "pole", "bounding_box": [966, 374, 969, 411]}, {"label": "pole", "bounding_box": [951, 374, 953, 409]}, {"label": "pole", "bounding_box": [935, 375, 938, 408]}, {"label": "terrain", "bounding_box": [786, 417, 838, 478]}, {"label": "sidewalk", "bounding_box": [929, 450, 2048, 909]}, {"label": "pole", "bounding_box": [887, 171, 908, 428]}, {"label": "vegetation", "bounding_box": [862, 0, 2048, 538]}, {"label": "car", "bounding_box": [810, 452, 829, 472]}, {"label": "car", "bounding_box": [819, 421, 944, 523]}, {"label": "license plate", "bounding_box": [868, 467, 909, 479]}, {"label": "car", "bounding_box": [746, 446, 774, 481]}, {"label": "car", "bounding_box": [695, 433, 760, 485]}, {"label": "terrain", "bounding_box": [1099, 455, 2048, 585]}, {"label": "pole", "bounding_box": [1187, 121, 1218, 473]}, {"label": "vegetation", "bounding_box": [1158, 117, 1246, 236]}, {"label": "ground", "bounding_box": [0, 503, 596, 1023]}, {"label": "ego vehicle", "bounding_box": [271, 844, 2028, 1023]}, {"label": "out of roi", "bounding_box": [0, 0, 2048, 1024]}]}