<annotation><filename>bremen_000112_000019_gtFine_boxes.jpg</filename><folder>CityScapes</folder><size><width>2048</width><height>1024</height><depth>3</depth></size><segmented>0</segmented><object><name>sky</name><pose>Unspecified</pose><truncated>0</truncated><difficult>0</difficult><bndbox><xmin>483</xmin><ymin>0</ymin><xmax>1457</xmax><ymax>205</ymax></bndbox></object><object><name>road</name><pose>Unspecified</pose><truncated>0</truncated><difficult>0</difficult><bndbox><xmin>0</xmin><ymin>441</ymin><xmax>2048</xmax><ymax>1024</ymax></bndbox></object><object><name>ground</name><pose>Unspecified</pose><truncated>0</truncated><difficult>0</difficult><bndbox><xmin>1081</xmin><ymin>439</ymin><xmax>2047</xmax><ymax>1023</ymax></bndbox></object><object><name>parking</name><pose>Unspecified</pose><truncated>0</truncated><difficult>0</difficult><bndbox><xmin>1081</xmin><ymin>439</ymin><xmax>2047</xmax><ymax>1023</ymax></bndbox></object><object><name>building</name><pose>Unspecified</pose><truncated>0</truncated><difficult>0</difficult><bndbox><xmin>0</xmin><ymin>0</ymin><xmax>2010</xmax><ymax>609</ymax></bndbox></object><object><name>vegetation</name><pose>Unspecified</pose><truncated>0</truncated><difficult>0</difficult><bndbox><xmin>122</xmin><ymin>0</ymin><xmax>2047</xmax><ymax>558</ymax></bndbox></object><object><name>fence</name><pose>Unspecified</pose><truncated>0</truncated><difficult>0</difficult><bndbox><xmin>265</xmin><ymin>364</ymin><xmax>444</xmax><ymax>488</ymax></bndbox></object><object><name>fence</name><pose>Unspecified</pose><truncated>0</truncated><difficult>0</difficult><bndbox><xmin>0</xmin><ymin>327</ymin><xmax>234</xmax><ymax>534</ymax></bndbox></object><object><name>wall</name><pose>Unspecified</pose><truncated>0</truncated><difficult>0</difficult><bndbox><xmin>1377</xmin><ymin>482</ymin><xmax>1607</xmax><ymax>534</ymax></bndbox></object><object><name>sidewalk</name><pose>Unspecified</pose><truncated>0</truncated><difficult>0</difficult><bndbox><xmin>1386</xmin><ymin>498</ymin><xmax>1619</xmax><ymax>584</ymax></bndbox></object><object><name>ground</name><pose>Unspecified</pose><truncated>0</truncated><difficult>0</difficult><bndbox><xmin>0</xmin><ymin>443</ymin><xmax>1024</xmax><ymax>1023</ymax></bndbox></object><object><name>parking</name><pose>Unspecified</pose><truncated>0</truncated><difficult>0</difficult><bndbox><xmin>0</xmin><ymin>443</ymin><xmax>1024</xmax><ymax>1023</ymax></bndbox></object><object><name>terrain</name><pose>Unspecified</pose><truncated>0</truncated><difficult>0</difficult><bndbox><xmin>1277</xmin><ymin>510</ymin><xmax>1638</xmax><ymax>667</ymax></bndbox></object><object><name>pole</name><pose>Unspecified</pose><truncated>0</truncated><difficult>0</difficult><bndbox><xmin>1405</xmin><ymin>477</ymin><xmax>1513</xmax><ymax>590</ymax></bndbox></object><object><name>vegetation</name><pose>Unspecified</pose><truncated>0</truncated><difficult>0</difficult><bndbox><xmin>1472</xmin><ymin>233</ymin><xmax>1499</xmax><ymax>584</ymax></bndbox></object><object><name>pole</name><pose>Unspecified</pose><truncated>0</truncated><difficult>0</difficult><bndbox><xmin>1455</xmin><ymin>480</ymin><xmax>1564</xmax><ymax>594</ymax></bndbox></object><object><name>static</name><pose>Unspecified</pose><truncated>0</truncated><difficult>0</difficult><bndbox><xmin>954</xmin><ymin>383</ymin><xmax>984</xmax><ymax>435</ymax></bndbox></object><object><name>cargroup</name><pose>Unspecified</pose><truncated>0</truncated><difficult>0</difficult><bndbox><xmin>981</xmin><ymin>428</ymin><xmax>1037</xmax><ymax>468</ymax></bndbox></object><object><name>cargroup</name><pose>Unspecified</pose><truncated>0</truncated><difficult>0</difficult><bndbox><xmin>1051</xmin><ymin>422</ymin><xmax>1152</xmax><ymax>473</ymax></bndbox></object><object><name>car</name><pose>Unspecified</pose><truncated>0</truncated><difficult>0</difficult><bndbox><xmin>1034</xmin><ymin>432</ymin><xmax>1047</xmax><ymax>456</ymax></bndbox></object><object><name>car</name><pose>Unspecified</pose><truncated>0</truncated><difficult>0</difficult><bndbox><xmin>1038</xmin><ymin>431</ymin><xmax>1069</xmax><ymax>458</ymax></bndbox></object><object><name>car</name><pose>Unspecified</pose><truncated>0</truncated><difficult>0</difficult><bndbox><xmin>1109</xmin><ymin>426</ymin><xmax>1165</xmax><ymax>485</ymax></bndbox></object><object><name>car</name><pose>Unspecified</pose><truncated>0</truncated><difficult>0</difficult><bndbox><xmin>1129</xmin><ymin>430</ymin><xmax>1168</xmax><ymax>507</ymax></bndbox></object><object><name>car</name><pose>Unspecified</pose><truncated>0</truncated><difficult>0</difficult><bndbox><xmin>1139</xmin><ymin>419</ymin><xmax>1235</xmax><ymax>517</ymax></bndbox></object><object><name>car</name><pose>Unspecified</pose><truncated>0</truncated><difficult>0</difficult><bndbox><xmin>949</xmin><ymin>427</ymin><xmax>999</xmax><ymax>482</ymax></bndbox></object><object><name>car</name><pose>Unspecified</pose><truncated>0</truncated><difficult>0</difficult><bndbox><xmin>951</xmin><ymin>431</ymin><xmax>982</xmax><ymax>488</ymax></bndbox></object><object><name>car</name><pose>Unspecified</pose><truncated>0</truncated><difficult>0</difficult><bndbox><xmin>920</xmin><ymin>426</ymin><xmax>975</xmax><ymax>493</ymax></bndbox></object><object><name>car</name><pose>Unspecified</pose><truncated>0</truncated><difficult>0</difficult><bndbox><xmin>928</xmin><ymin>436</ymin><xmax>964</xmax><ymax>502</ymax></bndbox></object><object><name>car</name><pose>Unspecified</pose><truncated>0</truncated><difficult>0</difficult><bndbox><xmin>904</xmin><ymin>426</ymin><xmax>950</xmax><ymax>511</ymax></bndbox></object><object><name>car</name><pose>Unspecified</pose><truncated>0</truncated><difficult>0</difficult><bndbox><xmin>858</xmin><ymin>419</ymin><xmax>937</xmax><ymax>540</ymax></bndbox></object><object><name>car</name><pose>Unspecified</pose><truncated>0</truncated><difficult>0</difficult><bndbox><xmin>1171</xmin><ymin>421</ymin><xmax>1245</xmax><ymax>544</ymax></bndbox></object><object><name>car</name><pose>Unspecified</pose><truncated>0</truncated><difficult>0</difficult><bndbox><xmin>1194</xmin><ymin>417</ymin><xmax>1399</xmax><ymax>573</ymax></bndbox></object><object><name>license plate</name><pose>Unspecified</pose><truncated>0</truncated><difficult>0</difficult><bndbox><xmin>1286</xmin><ymin>511</ymin><xmax>1342</xmax><ymax>526</ymax></bndbox></object><object><name>car</name><pose>Unspecified</pose><truncated>0</truncated><difficult>0</difficult><bndbox><xmin>731</xmin><ymin>403</ymin><xmax>898</xmax><ymax>562</ymax></bndbox></object><object><name>car</name><pose>Unspecified</pose><truncated>0</truncated><difficult>0</difficult><bndbox><xmin>703</xmin><ymin>412</ymin><xmax>839</xmax><ymax>597</ymax></bndbox></object><object><name>car</name><pose>Unspecified</pose><truncated>0</truncated><difficult>0</difficult><bndbox><xmin>504</xmin><ymin>385</ymin><xmax>756</xmax><ymax>646</ymax></bndbox></object><object><name>car</name><pose>Unspecified</pose><truncated>0</truncated><difficult>0</difficult><bndbox><xmin>186</xmin><ymin>394</ymin><xmax>698</xmax><ymax>756</ymax></bndbox></object><object><name>license plate</name><pose>Unspecified</pose><truncated>0</truncated><difficult>0</difficult><bndbox><xmin>277</xmin><ymin>558</ymin><xmax>391</xmax><ymax>590</ymax></bndbox></object><object><name>car</name><pose>Unspecified</pose><truncated>0</truncated><difficult>0</difficult><bndbox><xmin>0</xmin><ymin>358</ymin><xmax>354</xmax><ymax>1006</ymax></bndbox></object><object><name>car</name><pose>Unspecified</pose><truncated>0</truncated><difficult>0</difficult><bndbox><xmin>1542</xmin><ymin>154</ymin><xmax>2048</xmax><ymax>1023</ymax></bndbox></object><object><name>ego vehicle</name><pose>Unspecified</pose><truncated>0</truncated><difficult>0</difficult><bndbox><xmin>271</xmin><ymin>844</ymin><xmax>2028</xmax><ymax>1023</ymax></bndbox></object><object><name>out of roi</name><pose>Unspecified</pose><truncated>0</truncated><difficult>0</difficult><bndbox><xmin>0</xmin><ymin>0</ymin><xmax>2048</xmax><ymax>1024</ymax></bndbox></object></annotation>