{"imgHeight": 1024, "imgWidth": 2048, "objects": [{"label": "sky", "bounding_box": [98, 0, 1744, 424]}, {"label": "vegetation", "bounding_box": [850, 217, 1059, 473]}, {"label": "road", "bounding_box": [0, 477, 2048, 1024]}, {"label": "ground", "bounding_box": [1159, 497, 2047, 1023]}, {"label": "terrain", "bounding_box": [1229, 543, 1312, 584]}, {"label": "sidewalk", "bounding_box": [1193, 490, 2048, 738]}, {"label": "building", "bounding_box": [1255, 0, 2048, 541]}, {"label": "car", "bounding_box": [920, 451, 1001, 480]}, {"label": "cargroup", "bounding_box": [991, 443, 1065, 478]}, {"label": "vegetation", "bounding_box": [882, 293, 1014, 468]}, {"label": "cargroup", "bounding_box": [949, 464, 1005, 494]}, {"label": "vegetation", "bounding_box": [954, 332, 1068, 489]}, {"label": "car", "bounding_box": [909, 458, 972, 496]}, {"label": "building", "bounding_box": [0, 0, 869, 529]}, {"label": "ground", "bounding_box": [0, 497, 937, 784]}, {"label": "terrain", "bounding_box": [403, 564, 620, 619]}, {"label": "vegetation", "bounding_box": [739, 390, 903, 477]}, {"label": "terrain", "bounding_box": [767, 507, 887, 539]}, {"label": "car", "bounding_box": [886, 463, 947, 499]}, {"label": "car", "bounding_box": [859, 462, 908, 511]}, {"label": "car", "bounding_box": [806, 456, 886, 516]}, {"label": "vegetation", "bounding_box": [707, 0, 933, 471]}, {"label": "car", "bounding_box": [773, 455, 865, 524]}, {"label": "vegetation", "bounding_box": [599, 0, 805, 479]}, {"label": "car", "bounding_box": [705, 459, 812, 545]}, {"label": "car", "bounding_box": [659, 460, 760, 549]}, {"label": "vegetation", "bounding_box": [443, 0, 755, 481]}, {"label": "car", "bounding_box": [491, 438, 705, 574]}, {"label": "vegetation", "bounding_box": [0, 0, 583, 479]}, {"label": "car", "bounding_box": [400, 447, 605, 589]}, {"label": "pole", "bounding_box": [399, 195, 461, 455]}, {"label": "vegetation", "bounding_box": [380, 0, 547, 608]}, {"label": "fence", "bounding_box": [0, 431, 132, 501]}, {"label": "car", "bounding_box": [0, 420, 453, 639]}, {"label": "car", "bounding_box": [1008, 462, 1058, 504]}, {"label": "vegetation", "bounding_box": [891, 0, 1555, 466]}, {"label": "car", "bounding_box": [1128, 421, 1199, 491]}, {"label": "vegetation", "bounding_box": [1171, 106, 1242, 452]}, {"label": "car", "bounding_box": [1149, 449, 1213, 496]}, {"label": "car", "bounding_box": [1158, 453, 1218, 517]}, {"label": "vegetation", "bounding_box": [1236, 135, 1369, 454]}, {"label": "trailer", "bounding_box": [1195, 451, 1250, 522]}, {"label": "bicycle", "bounding_box": [1214, 497, 1235, 531]}, {"label": "terrain", "bounding_box": [1453, 625, 1717, 728]}, {"label": "car", "bounding_box": [1218, 446, 1326, 559]}, {"label": "vegetation", "bounding_box": [1253, 0, 1506, 452]}, {"label": "vegetation", "bounding_box": [1383, 366, 1518, 432]}, {"label": "fence", "bounding_box": [1563, 465, 1766, 570]}, {"label": "wall", "bounding_box": [1570, 527, 1739, 570]}, {"label": "vegetation", "bounding_box": [1533, 261, 1849, 495]}, {"label": "bicycle", "bounding_box": [1275, 504, 1301, 560]}, {"label": "car", "bounding_box": [1287, 432, 1356, 592]}, {"label": "car", "bounding_box": [1048, 442, 1167, 543]}, {"label": "car", "bounding_box": [1303, 407, 1596, 648]}, {"label": "license plate", "bounding_box": [1430, 541, 1511, 564]}, {"label": "pole", "bounding_box": [1576, 503, 1654, 644]}, {"label": "vegetation", "bounding_box": [1633, 0, 1708, 650]}, {"label": "pole", "bounding_box": [1639, 521, 1708, 659]}, {"label": "car", "bounding_box": [1672, 242, 2048, 923]}, {"label": "ego vehicle", "bounding_box": [271, 844, 2028, 1023]}, {"label": "out of roi", "bounding_box": [0, 0, 2048, 1024]}]}