<annotation><filename>bremen_000234_000019_gtFine_boxes.jpg</filename><folder>CityScapes</folder><size><width>2048</width><height>1024</height><depth>3</depth></size><segmented>0</segmented><object><name>terrain</name><pose>Unspecified</pose><truncated>0</truncated><difficult>0</difficult><bndbox><xmin>1369</xmin><ymin>450</ymin><xmax>1567</xmax><ymax>530</ymax></bndbox></object><object><name>sky</name><pose>Unspecified</pose><truncated>0</truncated><difficult>0</difficult><bndbox><xmin>560</xmin><ymin>1</ymin><xmax>2048</xmax><ymax>440</ymax></bndbox></object><object><name>road</name><pose>Unspecified</pose><truncated>0</truncated><difficult>0</difficult><bndbox><xmin>0</xmin><ymin>442</ymin><xmax>2048</xmax><ymax>1024</ymax></bndbox></object><object><name>static</name><pose>Unspecified</pose><truncated>0</truncated><difficult>0</difficult><bndbox><xmin>984</xmin><ymin>406</ymin><xmax>1035</xmax><ymax>454</ymax></bndbox></object><object><name>vegetation</name><pose>Unspecified</pose><truncated>0</truncated><difficult>0</difficult><bndbox><xmin>878</xmin><ymin>311</ymin><xmax>1067</xmax><ymax>431</ymax></bndbox></object><object><name>sidewalk</name><pose>Unspecified</pose><truncated>0</truncated><difficult>0</difficult><bndbox><xmin>246</xmin><ymin>479</ymin><xmax>695</xmax><ymax>605</ymax></bndbox></object><object><name>building</name><pose>Unspecified</pose><truncated>0</truncated><difficult>0</difficult><bndbox><xmin>0</xmin><ymin>1</ymin><xmax>944</xmax><ymax>560</ymax></bndbox></object><object><name>vegetation</name><pose>Unspecified</pose><truncated>0</truncated><difficult>0</difficult><bndbox><xmin>888</xmin><ymin>321</ymin><xmax>1025</xmax><ymax>447</ymax></bndbox></object><object><name>pole</name><pose>Unspecified</pose><truncated>0</truncated><difficult>0</difficult><bndbox><xmin>915</xmin><ymin>401</ymin><xmax>919</xmax><ymax>438</ymax></bndbox></object><object><name>static</name><pose>Unspecified</pose><truncated>0</truncated><difficult>0</difficult><bndbox><xmin>916</xmin><ymin>392</ymin><xmax>934</xmax><ymax>421</ymax></bndbox></object><object><name>vegetation</name><pose>Unspecified</pose><truncated>0</truncated><difficult>0</difficult><bndbox><xmin>768</xmin><ymin>256</ymin><xmax>894</xmax><ymax>449</ymax></bndbox></object><object><name>pole</name><pose>Unspecified</pose><truncated>0</truncated><difficult>0</difficult><bndbox><xmin>816</xmin><ymin>382</ymin><xmax>820</xmax><ymax>449</ymax></bndbox></object><object><name>pole</name><pose>Unspecified</pose><truncated>0</truncated><difficult>0</difficult><bndbox><xmin>800</xmin><ymin>382</ymin><xmax>801</xmax><ymax>445</ymax></bndbox></object><object><name>static</name><pose>Unspecified</pose><truncated>0</truncated><difficult>0</difficult><bndbox><xmin>810</xmin><ymin>416</ymin><xmax>846</xmax><ymax>427</ymax></bndbox></object><object><name>pole</name><pose>Unspecified</pose><truncated>0</truncated><difficult>0</difficult><bndbox><xmin>725</xmin><ymin>388</ymin><xmax>729</xmax><ymax>440</ymax></bndbox></object><object><name>traffic sign</name><pose>Unspecified</pose><truncated>0</truncated><difficult>0</difficult><bndbox><xmin>706</xmin><ymin>394</ymin><xmax>726</xmax><ymax>400</ymax></bndbox></object><object><name>cargroup</name><pose>Unspecified</pose><truncated>0</truncated><difficult>0</difficult><bndbox><xmin>954</xmin><ymin>432</ymin><xmax>1006</xmax><ymax>460</ymax></bndbox></object><object><name>cargroup</name><pose>Unspecified</pose><truncated>0</truncated><difficult>0</difficult><bndbox><xmin>846</xmin><ymin>431</ymin><xmax>963</xmax><ymax>485</ymax></bndbox></object><object><name>car</name><pose>Unspecified</pose><truncated>0</truncated><difficult>0</difficult><bndbox><xmin>823</xmin><ymin>438</ymin><xmax>872</xmax><ymax>492</ymax></bndbox></object><object><name>car</name><pose>Unspecified</pose><truncated>0</truncated><difficult>0</difficult><bndbox><xmin>796</xmin><ymin>438</ymin><xmax>847</xmax><ymax>495</ymax></bndbox></object><object><name>car</name><pose>Unspecified</pose><truncated>0</truncated><difficult>0</difficult><bndbox><xmin>778</xmin><ymin>434</ymin><xmax>831</xmax><ymax>501</ymax></bndbox></object><object><name>car</name><pose>Unspecified</pose><truncated>0</truncated><difficult>0</difficult><bndbox><xmin>752</xmin><ymin>435</ymin><xmax>809</xmax><ymax>505</ymax></bndbox></object><object><name>car</name><pose>Unspecified</pose><truncated>0</truncated><difficult>0</difficult><bndbox><xmin>705</xmin><ymin>437</ymin><xmax>790</xmax><ymax>513</ymax></bndbox></object><object><name>car</name><pose>Unspecified</pose><truncated>0</truncated><difficult>0</difficult><bndbox><xmin>643</xmin><ymin>428</ymin><xmax>760</xmax><ymax>524</ymax></bndbox></object><object><name>dynamic</name><pose>Unspecified</pose><truncated>0</truncated><difficult>0</difficult><bndbox><xmin>538</xmin><ymin>468</ymin><xmax>674</xmax><ymax>537</ymax></bndbox></object><object><name>terrain</name><pose>Unspecified</pose><truncated>0</truncated><difficult>0</difficult><bndbox><xmin>463</xmin><ymin>525</ymin><xmax>663</xmax><ymax>557</ymax></bndbox></object><object><name>static</name><pose>Unspecified</pose><truncated>0</truncated><difficult>0</difficult><bndbox><xmin>614</xmin><ymin>465</ymin><xmax>635</xmax><ymax>507</ymax></bndbox></object><object><name>pole</name><pose>Unspecified</pose><truncated>0</truncated><difficult>0</difficult><bndbox><xmin>619</xmin><ymin>464</ymin><xmax>630</xmax><ymax>532</ymax></bndbox></object><object><name>vegetation</name><pose>Unspecified</pose><truncated>0</truncated><difficult>0</difficult><bndbox><xmin>345</xmin><ymin>0</ymin><xmax>693</xmax><ymax>534</ymax></bndbox></object><object><name>vegetation</name><pose>Unspecified</pose><truncated>0</truncated><difficult>0</difficult><bndbox><xmin>261</xmin><ymin>423</ymin><xmax>407</xmax><ymax>490</ymax></bndbox></object><object><name>fence</name><pose>Unspecified</pose><truncated>0</truncated><difficult>0</difficult><bndbox><xmin>349</xmin><ymin>466</ymin><xmax>448</xmax><ymax>523</ymax></bndbox></object><object><name>static</name><pose>Unspecified</pose><truncated>0</truncated><difficult>0</difficult><bndbox><xmin>462</xmin><ymin>450</ymin><xmax>490</xmax><ymax>511</ymax></bndbox></object><object><name>dynamic</name><pose>Unspecified</pose><truncated>0</truncated><difficult>0</difficult><bndbox><xmin>443</xmin><ymin>460</ymin><xmax>479</xmax><ymax>516</ymax></bndbox></object><object><name>pole</name><pose>Unspecified</pose><truncated>0</truncated><difficult>0</difficult><bndbox><xmin>369</xmin><ymin>342</ymin><xmax>384</xmax><ymax>520</ymax></bndbox></object><object><name>traffic sign</name><pose>Unspecified</pose><truncated>0</truncated><difficult>0</difficult><bndbox><xmin>314</xmin><ymin>344</ymin><xmax>376</xmax><ymax>357</ymax></bndbox></object><object><name>car</name><pose>Unspecified</pose><truncated>0</truncated><difficult>0</difficult><bndbox><xmin>13</xmin><ymin>430</ymin><xmax>378</xmax><ymax>643</ymax></bndbox></object><object><name>license plate</name><pose>Unspecified</pose><truncated>0</truncated><difficult>0</difficult><bndbox><xmin>59</xmin><ymin>574</ymin><xmax>120</xmax><ymax>595</ymax></bndbox></object><object><name>car</name><pose>Unspecified</pose><truncated>0</truncated><difficult>0</difficult><bndbox><xmin>0</xmin><ymin>453</ymin><xmax>77</xmax><ymax>689</ymax></bndbox></object><object><name>ground</name><pose>Unspecified</pose><truncated>0</truncated><difficult>0</difficult><bndbox><xmin>1298</xmin><ymin>462</ymin><xmax>2048</xmax><ymax>610</ymax></bndbox></object><object><name>sidewalk</name><pose>Unspecified</pose><truncated>0</truncated><difficult>0</difficult><bndbox><xmin>1135</xmin><ymin>450</ymin><xmax>2048</xmax><ymax>1024</ymax></bndbox></object><object><name>vegetation</name><pose>Unspecified</pose><truncated>0</truncated><difficult>0</difficult><bndbox><xmin>1057</xmin><ymin>256</ymin><xmax>1230</xmax><ymax>458</ymax></bndbox></object><object><name>building</name><pose>Unspecified</pose><truncated>0</truncated><difficult>0</difficult><bndbox><xmin>1170</xmin><ymin>122</ymin><xmax>1531</xmax><ymax>467</ymax></bndbox></object><object><name>vegetation</name><pose>Unspecified</pose><truncated>0</truncated><difficult>0</difficult><bndbox><xmin>1640</xmin><ymin>276</ymin><xmax>1823</xmax><ymax>345</ymax></bndbox></object><object><name>building</name><pose>Unspecified</pose><truncated>0</truncated><difficult>0</difficult><bndbox><xmin>1651</xmin><ymin>307</ymin><xmax>1918</xmax><ymax>366</ymax></bndbox></object><object><name>vegetation</name><pose>Unspecified</pose><truncated>0</truncated><difficult>0</difficult><bndbox><xmin>1730</xmin><ymin>303</ymin><xmax>1772</xmax><ymax>355</ymax></bndbox></object><object><name>pole</name><pose>Unspecified</pose><truncated>0</truncated><difficult>0</difficult><bndbox><xmin>1853</xmin><ymin>301</ymin><xmax>1857</xmax><ymax>348</ymax></bndbox></object><object><name>building</name><pose>Unspecified</pose><truncated>0</truncated><difficult>0</difficult><bndbox><xmin>1284</xmin><ymin>157</ymin><xmax>2048</xmax><ymax>492</ymax></bndbox></object><object><name>dynamic</name><pose>Unspecified</pose><truncated>0</truncated><difficult>0</difficult><bndbox><xmin>1268</xmin><ymin>245</ymin><xmax>1284</xmax><ymax>394</ymax></bndbox></object><object><name>pole</name><pose>Unspecified</pose><truncated>0</truncated><difficult>0</difficult><bndbox><xmin>1358</xmin><ymin>174</ymin><xmax>1372</xmax><ymax>456</ymax></bndbox></object><object><name>dynamic</name><pose>Unspecified</pose><truncated>0</truncated><difficult>0</difficult><bndbox><xmin>1359</xmin><ymin>164</ymin><xmax>1423</xmax><ymax>360</ymax></bndbox></object><object><name>car</name><pose>Unspecified</pose><truncated>0</truncated><difficult>0</difficult><bndbox><xmin>1385</xmin><ymin>434</ymin><xmax>1446</xmax><ymax>459</ymax></bndbox></object><object><name>car</name><pose>Unspecified</pose><truncated>0</truncated><difficult>0</difficult><bndbox><xmin>1441</xmin><ymin>428</ymin><xmax>1543</xmax><ymax>475</ymax></bndbox></object><object><name>car</name><pose>Unspecified</pose><truncated>0</truncated><difficult>0</difficult><bndbox><xmin>1509</xmin><ymin>432</ymin><xmax>1547</xmax><ymax>473</ymax></bndbox></object><object><name>car</name><pose>Unspecified</pose><truncated>0</truncated><difficult>0</difficult><bndbox><xmin>1640</xmin><ymin>422</ymin><xmax>1718</xmax><ymax>464</ymax></bndbox></object><object><name>car</name><pose>Unspecified</pose><truncated>0</truncated><difficult>0</difficult><bndbox><xmin>1644</xmin><ymin>426</ymin><xmax>1813</xmax><ymax>486</ymax></bndbox></object><object><name>car</name><pose>Unspecified</pose><truncated>0</truncated><difficult>0</difficult><bndbox><xmin>1709</xmin><ymin>421</ymin><xmax>1951</xmax><ymax>485</ymax></bndbox></object><object><name>car</name><pose>Unspecified</pose><truncated>0</truncated><difficult>0</difficult><bndbox><xmin>1754</xmin><ymin>423</ymin><xmax>2005</xmax><ymax>487</ymax></bndbox></object><object><name>car</name><pose>Unspecified</pose><truncated>0</truncated><difficult>0</difficult><bndbox><xmin>1844</xmin><ymin>421</ymin><xmax>2048</xmax><ymax>507</ymax></bndbox></object><object><name>car</name><pose>Unspecified</pose><truncated>0</truncated><difficult>0</difficult><bndbox><xmin>1942</xmin><ymin>441</ymin><xmax>2048</xmax><ymax>491</ymax></bndbox></object><object><name>terrain</name><pose>Unspecified</pose><truncated>0</truncated><difficult>0</difficult><bndbox><xmin>1174</xmin><ymin>410</ymin><xmax>1490</xmax><ymax>488</ymax></bndbox></object><object><name>pole</name><pose>Unspecified</pose><truncated>0</truncated><difficult>0</difficult><bndbox><xmin>1257</xmin><ymin>293</ymin><xmax>1263</xmax><ymax>433</ymax></bndbox></object><object><name>vegetation</name><pose>Unspecified</pose><truncated>0</truncated><difficult>0</difficult><bndbox><xmin>1174</xmin><ymin>410</ymin><xmax>1490</xmax><ymax>488</ymax></bndbox></object><object><name>static</name><pose>Unspecified</pose><truncated>0</truncated><difficult>0</difficult><bndbox><xmin>1254</xmin><ymin>404</ymin><xmax>1269</xmax><ymax>449</ymax></bndbox></object><object><name>pole</name><pose>Unspecified</pose><truncated>0</truncated><difficult>0</difficult><bndbox><xmin>1391</xmin><ymin>234</ymin><xmax>1408</xmax><ymax>457</ymax></bndbox></object><object><name>pole</name><pose>Unspecified</pose><truncated>0</truncated><difficult>0</difficult><bndbox><xmin>1374</xmin><ymin>147</ymin><xmax>1388</xmax><ymax>486</ymax></bndbox></object><object><name>dynamic</name><pose>Unspecified</pose><truncated>0</truncated><difficult>0</difficult><bndbox><xmin>1220</xmin><ymin>274</ymin><xmax>1234</xmax><ymax>391</ymax></bndbox></object><object><name>polegroup</name><pose>Unspecified</pose><truncated>0</truncated><difficult>0</difficult><bndbox><xmin>1148</xmin><ymin>442</ymin><xmax>1166</xmax><ymax>471</ymax></bndbox></object><object><name>terrain</name><pose>Unspecified</pose><truncated>0</truncated><difficult>0</difficult><bndbox><xmin>1529</xmin><ymin>454</ymin><xmax>2048</xmax><ymax>541</ymax></bndbox></object><object><name>terrain</name><pose>Unspecified</pose><truncated>0</truncated><difficult>0</difficult><bndbox><xmin>1946</xmin><ymin>497</ymin><xmax>2048</xmax><ymax>612</ymax></bndbox></object><object><name>pole</name><pose>Unspecified</pose><truncated>0</truncated><difficult>0</difficult><bndbox><xmin>1235</xmin><ymin>218</ymin><xmax>1250</xmax><ymax>472</ymax></bndbox></object><object><name>traffic sign</name><pose>Unspecified</pose><truncated>0</truncated><difficult>0</difficult><bndbox><xmin>1225</xmin><ymin>372</ymin><xmax>1246</xmax><ymax>392</ymax></bndbox></object><object><name>pole</name><pose>Unspecified</pose><truncated>0</truncated><difficult>0</difficult><bndbox><xmin>1186</xmin><ymin>445</ymin><xmax>1189</xmax><ymax>477</ymax></bndbox></object><object><name>pole</name><pose>Unspecified</pose><truncated>0</truncated><difficult>0</difficult><bndbox><xmin>1198</xmin><ymin>445</ymin><xmax>1203</xmax><ymax>480</ymax></bndbox></object><object><name>pole</name><pose>Unspecified</pose><truncated>0</truncated><difficult>0</difficult><bndbox><xmin>1234</xmin><ymin>449</ymin><xmax>1238</xmax><ymax>491</ymax></bndbox></object><object><name>pole</name><pose>Unspecified</pose><truncated>0</truncated><difficult>0</difficult><bndbox><xmin>1245</xmin><ymin>450</ymin><xmax>1252</xmax><ymax>491</ymax></bndbox></object><object><name>pole</name><pose>Unspecified</pose><truncated>0</truncated><difficult>0</difficult><bndbox><xmin>1268</xmin><ymin>454</ymin><xmax>1272</xmax><ymax>499</ymax></bndbox></object><object><name>static</name><pose>Unspecified</pose><truncated>0</truncated><difficult>0</difficult><bndbox><xmin>1275</xmin><ymin>426</ymin><xmax>1291</xmax><ymax>480</ymax></bndbox></object><object><name>pole</name><pose>Unspecified</pose><truncated>0</truncated><difficult>0</difficult><bndbox><xmin>1294</xmin><ymin>454</ymin><xmax>1302</xmax><ymax>509</ymax></bndbox></object><object><name>pole</name><pose>Unspecified</pose><truncated>0</truncated><difficult>0</difficult><bndbox><xmin>1329</xmin><ymin>457</ymin><xmax>1336</xmax><ymax>519</ymax></bndbox></object><object><name>pole</name><pose>Unspecified</pose><truncated>0</truncated><difficult>0</difficult><bndbox><xmin>1382</xmin><ymin>459</ymin><xmax>1391</xmax><ymax>533</ymax></bndbox></object><object><name>static</name><pose>Unspecified</pose><truncated>0</truncated><difficult>0</difficult><bndbox><xmin>965</xmin><ymin>279</ymin><xmax>981</xmax><ymax>290</ymax></bndbox></object><object><name>static</name><pose>Unspecified</pose><truncated>0</truncated><difficult>0</difficult><bndbox><xmin>864</xmin><ymin>107</ymin><xmax>898</xmax><ymax>131</ymax></bndbox></object><object><name>car</name><pose>Unspecified</pose><truncated>0</truncated><difficult>0</difficult><bndbox><xmin>1008</xmin><ymin>394</ymin><xmax>1157</xmax><ymax>538</ymax></bndbox></object><object><name>license plate</name><pose>Unspecified</pose><truncated>0</truncated><difficult>0</difficult><bndbox><xmin>1063</xmin><ymin>465</ymin><xmax>1110</xmax><ymax>477</ymax></bndbox></object><object><name>license plate</name><pose>Unspecified</pose><truncated>0</truncated><difficult>0</difficult><bndbox><xmin>678</xmin><ymin>495</ymin><xmax>713</xmax><ymax>503</ymax></bndbox></object><object><name>vegetation</name><pose>Unspecified</pose><truncated>0</truncated><difficult>0</difficult><bndbox><xmin>1369</xmin><ymin>450</ymin><xmax>1567</xmax><ymax>530</ymax></bndbox></object><object><name>pole</name><pose>Unspecified</pose><truncated>0</truncated><difficult>0</difficult><bndbox><xmin>1470</xmin><ymin>0</ymin><xmax>1497</xmax><ymax>519</ymax></bndbox></object><object><name>static</name><pose>Unspecified</pose><truncated>0</truncated><difficult>0</difficult><bndbox><xmin>1516</xmin><ymin>133</ymin><xmax>1652</xmax><ymax>514</ymax></bndbox></object><object><name>pole</name><pose>Unspecified</pose><truncated>0</truncated><difficult>0</difficult><bndbox><xmin>1493</xmin><ymin>450</ymin><xmax>1501</xmax><ymax>536</ymax></bndbox></object><object><name>vegetation</name><pose>Unspecified</pose><truncated>0</truncated><difficult>0</difficult><bndbox><xmin>1529</xmin><ymin>454</ymin><xmax>2048</xmax><ymax>541</ymax></bndbox></object><object><name>pole</name><pose>Unspecified</pose><truncated>0</truncated><difficult>0</difficult><bndbox><xmin>1761</xmin><ymin>475</ymin><xmax>1779</xmax><ymax>642</ymax></bndbox></object><object><name>pole</name><pose>Unspecified</pose><truncated>0</truncated><difficult>0</difficult><bndbox><xmin>1814</xmin><ymin>455</ymin><xmax>1830</xmax><ymax>605</ymax></bndbox></object><object><name>vegetation</name><pose>Unspecified</pose><truncated>0</truncated><difficult>0</difficult><bndbox><xmin>1946</xmin><ymin>497</ymin><xmax>2048</xmax><ymax>612</ymax></bndbox></object><object><name>ego vehicle</name><pose>Unspecified</pose><truncated>0</truncated><difficult>0</difficult><bndbox><xmin>271</xmin><ymin>844</ymin><xmax>2028</xmax><ymax>1023</ymax></bndbox></object><object><name>out of roi</name><pose>Unspecified</pose><truncated>0</truncated><difficult>0</difficult><bndbox><xmin>0</xmin><ymin>0</ymin><xmax>2048</xmax><ymax>1024</ymax></bndbox></object></annotation>