{"imgHeight": 1024, "imgWidth": 2048, "objects": [{"label": "sky", "bounding_box": [699, 0, 1375, 465]}, {"label": "road", "bounding_box": [0, 425, 2048, 1024]}, {"label": "sidewalk", "bounding_box": [1206, 446, 2048, 754]}, {"label": "sidewalk", "bounding_box": [349, 437, 948, 586]}, {"label": "vegetation", "bounding_box": [993, 319, 1161, 436]}, {"label": "building", "bounding_box": [793, 0, 1012, 450]}, {"label": "vegetation", "bounding_box": [818, 131, 992, 385]}, {"label": "building", "bounding_box": [0, 0, 886, 507]}, {"label": "static", "bounding_box": [513, 249, 566, 273]}, {"label": "static", "bounding_box": [436, 227, 488, 265]}, {"label": "traffic light", "bounding_box": [572, 272, 600, 342]}, {"label": "pole", "bounding_box": [553, 273, 569, 528]}, {"label": "traffic light", "bounding_box": [550, 272, 577, 315]}, {"label": "static", "bounding_box": [823, 375, 835, 396]}, {"label": "pole", "bounding_box": [819, 379, 825, 438]}, {"label": "traffic sign", "bounding_box": [798, 376, 827, 385]}, {"label": "traffic sign", "bounding_box": [805, 384, 826, 395]}, {"label": "pole", "bounding_box": [823, 372, 831, 474]}, {"label": "static", "bounding_box": [813, 430, 828, 475]}, {"label": "vegetation", "bounding_box": [764, 432, 805, 466]}, {"label": "static", "bounding_box": [740, 384, 759, 407]}, {"label": "dynamic", "bounding_box": [735, 431, 776, 473]}, {"label": "person", "bounding_box": [636, 397, 665, 492]}, {"label": "dynamic", "bounding_box": [630, 436, 676, 495]}, {"label": "bicycle", "bounding_box": [557, 444, 662, 533]}, {"label": "rider", "bounding_box": [574, 386, 653, 525]}, {"label": "car", "bounding_box": [1026, 419, 1048, 438]}, {"label": "truck", "bounding_box": [1042, 411, 1066, 443]}, {"label": "car", "bounding_box": [1082, 421, 1106, 439]}, {"label": "traffic light", "bounding_box": [1045, 353, 1050, 367]}, {"label": "static", "bounding_box": [981, 378, 989, 395]}, {"label": "pole", "bounding_box": [982, 359, 1051, 433]}, {"label": "pole", "bounding_box": [971, 377, 974, 427]}, {"label": "traffic sign", "bounding_box": [967, 375, 977, 387]}, {"label": "static", "bounding_box": [908, 400, 939, 452]}, {"label": "cargroup", "bounding_box": [949, 417, 1008, 463]}, {"label": "car", "bounding_box": [931, 422, 979, 464]}, {"label": "car", "bounding_box": [23, 335, 523, 733]}, {"label": "static", "bounding_box": [0, 187, 55, 263]}, {"label": "pole", "bounding_box": [7, 186, 22, 428]}, {"label": "car", "bounding_box": [0, 375, 124, 817]}, {"label": "pole", "bounding_box": [1084, 349, 1166, 433]}, {"label": "traffic light", "bounding_box": [1087, 342, 1096, 359]}, {"label": "building", "bounding_box": [1136, 247, 1271, 447]}, {"label": "vegetation", "bounding_box": [1007, 168, 1266, 453]}, {"label": "building", "bounding_box": [1231, 0, 2048, 545]}, {"label": "vegetation", "bounding_box": [1002, 0, 1340, 413]}, {"label": "car", "bounding_box": [1126, 416, 1159, 464]}, {"label": "car", "bounding_box": [1143, 415, 1172, 466]}, {"label": "parking", "bounding_box": [1580, 702, 2047, 983]}, {"label": "car", "bounding_box": [1151, 405, 1232, 476]}, {"label": "car", "bounding_box": [1156, 409, 1234, 480]}, {"label": "car", "bounding_box": [1179, 413, 1252, 489]}, {"label": "car", "bounding_box": [1204, 413, 1288, 496]}, {"label": "vegetation", "bounding_box": [1224, 0, 1599, 464]}, {"label": "traffic light", "bounding_box": [1031, 41, 1063, 106]}, {"label": "pole", "bounding_box": [1080, 63, 1330, 467]}, {"label": "traffic light", "bounding_box": [1060, 38, 1090, 104]}, {"label": "traffic light", "bounding_box": [1273, 257, 1307, 324]}, {"label": "terrain", "bounding_box": [1422, 551, 1974, 760]}, {"label": "traffic light", "bounding_box": [1300, 258, 1328, 302]}, {"label": "static", "bounding_box": [1478, 321, 1572, 464]}, {"label": "person", "bounding_box": [1446, 374, 1483, 481]}, {"label": "terrain", "bounding_box": [1209, 422, 1499, 532]}, {"label": "pole", "bounding_box": [1458, 423, 1471, 511]}, {"label": "static", "bounding_box": [1524, 388, 1577, 472]}, {"label": "static", "bounding_box": [1621, 376, 1654, 454]}, {"label": "pole", "bounding_box": [1646, 122, 1659, 457]}, {"label": "static", "bounding_box": [1794, 298, 1859, 452]}, {"label": "bicycle", "bounding_box": [1976, 388, 2048, 477]}, {"label": "vegetation", "bounding_box": [1955, 124, 1990, 466]}, {"label": "pole", "bounding_box": [2023, 111, 2041, 508]}, {"label": "static", "bounding_box": [2025, 116, 2054, 171]}, {"label": "pole", "bounding_box": [1488, 459, 1507, 588]}, {"label": "vegetation", "bounding_box": [1492, 0, 2048, 664]}, {"label": "pole", "bounding_box": [1690, 504, 1710, 679]}, {"label": "pole", "bounding_box": [1886, 0, 1975, 596]}, {"label": "car", "bounding_box": [1873, 508, 2048, 871]}, {"label": "traffic light", "bounding_box": [968, 399, 975, 409]}, {"label": "ego vehicle", "bounding_box": [271, 844, 2028, 1023]}, {"label": "out of roi", "bounding_box": [0, 0, 2048, 1024]}]}