<annotation><filename>bremen_000290_000019_gtFine_boxes.jpg</filename><folder>CityScapes</folder><size><width>2048</width><height>1024</height><depth>3</depth></size><segmented>0</segmented><object><name>road</name><pose>Unspecified</pose><truncated>0</truncated><difficult>0</difficult><bndbox><xmin>0</xmin><ymin>343</ymin><xmax>2048</xmax><ymax>1024</ymax></bndbox></object><object><name>sidewalk</name><pose>Unspecified</pose><truncated>0</truncated><difficult>0</difficult><bndbox><xmin>852</xmin><ymin>415</ymin><xmax>1260</xmax><ymax>468</ymax></bndbox></object><object><name>sidewalk</name><pose>Unspecified</pose><truncated>0</truncated><difficult>0</difficult><bndbox><xmin>1097</xmin><ymin>472</ymin><xmax>2048</xmax><ymax>1024</ymax></bndbox></object><object><name>building</name><pose>Unspecified</pose><truncated>0</truncated><difficult>0</difficult><bndbox><xmin>1514</xmin><ymin>0</ymin><xmax>2048</xmax><ymax>502</ymax></bndbox></object><object><name>building</name><pose>Unspecified</pose><truncated>0</truncated><difficult>0</difficult><bndbox><xmin>971</xmin><ymin>377</ymin><xmax>1229</xmax><ymax>451</ymax></bndbox></object><object><name>terrain</name><pose>Unspecified</pose><truncated>0</truncated><difficult>0</difficult><bndbox><xmin>1000</xmin><ymin>438</ymin><xmax>1250</xmax><ymax>453</ymax></bndbox></object><object><name>static</name><pose>Unspecified</pose><truncated>0</truncated><difficult>0</difficult><bndbox><xmin>1030</xmin><ymin>408</ymin><xmax>1093</xmax><ymax>444</ymax></bndbox></object><object><name>car</name><pose>Unspecified</pose><truncated>0</truncated><difficult>0</difficult><bndbox><xmin>1023</xmin><ymin>426</ymin><xmax>1088</xmax><ymax>452</ymax></bndbox></object><object><name>sidewalk</name><pose>Unspecified</pose><truncated>0</truncated><difficult>0</difficult><bndbox><xmin>0</xmin><ymin>507</ymin><xmax>461</xmax><ymax>595</ymax></bndbox></object><object><name>sidewalk</name><pose>Unspecified</pose><truncated>0</truncated><difficult>0</difficult><bndbox><xmin>225</xmin><ymin>459</ymin><xmax>724</xmax><ymax>505</ymax></bndbox></object><object><name>sky</name><pose>Unspecified</pose><truncated>0</truncated><difficult>0</difficult><bndbox><xmin>0</xmin><ymin>0</ymin><xmax>1547</xmax><ymax>395</ymax></bndbox></object><object><name>building</name><pose>Unspecified</pose><truncated>0</truncated><difficult>0</difficult><bndbox><xmin>242</xmin><ymin>244</ymin><xmax>695</xmax><ymax>449</ymax></bndbox></object><object><name>vegetation</name><pose>Unspecified</pose><truncated>0</truncated><difficult>0</difficult><bndbox><xmin>0</xmin><ymin>0</ymin><xmax>1945</xmax><ymax>525</ymax></bndbox></object><object><name>static</name><pose>Unspecified</pose><truncated>0</truncated><difficult>0</difficult><bndbox><xmin>70</xmin><ymin>363</ymin><xmax>130</xmax><ymax>470</ymax></bndbox></object><object><name>car</name><pose>Unspecified</pose><truncated>0</truncated><difficult>0</difficult><bndbox><xmin>70</xmin><ymin>459</ymin><xmax>230</xmax><ymax>505</ymax></bndbox></object><object><name>static</name><pose>Unspecified</pose><truncated>0</truncated><difficult>0</difficult><bndbox><xmin>162</xmin><ymin>377</ymin><xmax>175</xmax><ymax>406</ymax></bndbox></object><object><name>pole</name><pose>Unspecified</pose><truncated>0</truncated><difficult>0</difficult><bndbox><xmin>157</xmin><ymin>0</ymin><xmax>197</xmax><ymax>515</ymax></bndbox></object><object><name>traffic sign</name><pose>Unspecified</pose><truncated>0</truncated><difficult>0</difficult><bndbox><xmin>189</xmin><ymin>396</ymin><xmax>200</xmax><ymax>424</ymax></bndbox></object><object><name>static</name><pose>Unspecified</pose><truncated>0</truncated><difficult>0</difficult><bndbox><xmin>127</xmin><ymin>433</ymin><xmax>180</xmax><ymax>490</ymax></bndbox></object><object><name>static</name><pose>Unspecified</pose><truncated>0</truncated><difficult>0</difficult><bndbox><xmin>226</xmin><ymin>457</ymin><xmax>293</xmax><ymax>499</ymax></bndbox></object><object><name>car</name><pose>Unspecified</pose><truncated>0</truncated><difficult>0</difficult><bndbox><xmin>0</xmin><ymin>463</ymin><xmax>136</xmax><ymax>520</ymax></bndbox></object><object><name>pole</name><pose>Unspecified</pose><truncated>0</truncated><difficult>0</difficult><bndbox><xmin>246</xmin><ymin>444</ymin><xmax>254</xmax><ymax>506</ymax></bndbox></object><object><name>terrain</name><pose>Unspecified</pose><truncated>0</truncated><difficult>0</difficult><bndbox><xmin>0</xmin><ymin>498</ymin><xmax>268</xmax><ymax>535</ymax></bndbox></object><object><name>persongroup</name><pose>Unspecified</pose><truncated>0</truncated><difficult>0</difficult><bndbox><xmin>146</xmin><ymin>438</ymin><xmax>220</xmax><ymax>538</ymax></bndbox></object><object><name>pole</name><pose>Unspecified</pose><truncated>0</truncated><difficult>0</difficult><bndbox><xmin>54</xmin><ymin>483</ymin><xmax>60</xmax><ymax>518</ymax></bndbox></object><object><name>static</name><pose>Unspecified</pose><truncated>0</truncated><difficult>0</difficult><bndbox><xmin>0</xmin><ymin>494</ymin><xmax>27</xmax><ymax>523</ymax></bndbox></object><object><name>dynamic</name><pose>Unspecified</pose><truncated>0</truncated><difficult>0</difficult><bndbox><xmin>115</xmin><ymin>470</ymin><xmax>162</xmax><ymax>537</ymax></bndbox></object><object><name>pole</name><pose>Unspecified</pose><truncated>0</truncated><difficult>0</difficult><bndbox><xmin>422</xmin><ymin>16</ymin><xmax>443</xmax><ymax>492</ymax></bndbox></object><object><name>static</name><pose>Unspecified</pose><truncated>0</truncated><difficult>0</difficult><bndbox><xmin>421</xmin><ymin>11</ymin><xmax>447</xmax><ymax>23</ymax></bndbox></object><object><name>static</name><pose>Unspecified</pose><truncated>0</truncated><difficult>0</difficult><bndbox><xmin>407</xmin><ymin>364</ymin><xmax>418</xmax><ymax>395</ymax></bndbox></object><object><name>traffic light</name><pose>Unspecified</pose><truncated>0</truncated><difficult>0</difficult><bndbox><xmin>430</xmin><ymin>218</ymin><xmax>457</xmax><ymax>267</ymax></bndbox></object><object><name>pole</name><pose>Unspecified</pose><truncated>0</truncated><difficult>0</difficult><bndbox><xmin>388</xmin><ymin>151</ymin><xmax>462</xmax><ymax>509</ymax></bndbox></object><object><name>traffic light</name><pose>Unspecified</pose><truncated>0</truncated><difficult>0</difficult><bndbox><xmin>394</xmin><ymin>369</ymin><xmax>415</xmax><ymax>394</ymax></bndbox></object><object><name>pole</name><pose>Unspecified</pose><truncated>0</truncated><difficult>0</difficult><bndbox><xmin>388</xmin><ymin>370</ymin><xmax>401</xmax><ymax>511</ymax></bndbox></object><object><name>static</name><pose>Unspecified</pose><truncated>0</truncated><difficult>0</difficult><bndbox><xmin>380</xmin><ymin>339</ymin><xmax>396</xmax><ymax>369</ymax></bndbox></object><object><name>traffic light</name><pose>Unspecified</pose><truncated>0</truncated><difficult>0</difficult><bndbox><xmin>380</xmin><ymin>365</ymin><xmax>402</xmax><ymax>412</ymax></bndbox></object><object><name>terrain</name><pose>Unspecified</pose><truncated>0</truncated><difficult>0</difficult><bndbox><xmin>636</xmin><ymin>463</ymin><xmax>788</xmax><ymax>490</ymax></bndbox></object><object><name>traffic light</name><pose>Unspecified</pose><truncated>0</truncated><difficult>0</difficult><bndbox><xmin>527</xmin><ymin>387</ymin><xmax>550</xmax><ymax>425</ymax></bndbox></object><object><name>pole</name><pose>Unspecified</pose><truncated>0</truncated><difficult>0</difficult><bndbox><xmin>545</xmin><ymin>383</ymin><xmax>554</xmax><ymax>453</ymax></bndbox></object><object><name>traffic light</name><pose>Unspecified</pose><truncated>0</truncated><difficult>0</difficult><bndbox><xmin>542</xmin><ymin>388</ymin><xmax>552</xmax><ymax>407</ymax></bndbox></object><object><name>pole</name><pose>Unspecified</pose><truncated>0</truncated><difficult>0</difficult><bndbox><xmin>565</xmin><ymin>199</ymin><xmax>580</xmax><ymax>447</ymax></bndbox></object><object><name>pole</name><pose>Unspecified</pose><truncated>0</truncated><difficult>0</difficult><bndbox><xmin>624</xmin><ymin>361</ymin><xmax>638</xmax><ymax>465</ymax></bndbox></object><object><name>pole</name><pose>Unspecified</pose><truncated>0</truncated><difficult>0</difficult><bndbox><xmin>616</xmin><ymin>242</ymin><xmax>621</xmax><ymax>265</ymax></bndbox></object><object><name>bicycle</name><pose>Unspecified</pose><truncated>0</truncated><difficult>0</difficult><bndbox><xmin>618</xmin><ymin>448</ymin><xmax>667</xmax><ymax>491</ymax></bndbox></object><object><name>rider</name><pose>Unspecified</pose><truncated>0</truncated><difficult>0</difficult><bndbox><xmin>633</xmin><ymin>440</ymin><xmax>654</xmax><ymax>486</ymax></bndbox></object><object><name>car</name><pose>Unspecified</pose><truncated>0</truncated><difficult>0</difficult><bndbox><xmin>476</xmin><ymin>444</ymin><xmax>618</xmax><ymax>498</ymax></bndbox></object><object><name>traffic light</name><pose>Unspecified</pose><truncated>0</truncated><difficult>0</difficult><bndbox><xmin>823</xmin><ymin>269</ymin><xmax>837</xmax><ymax>306</ymax></bndbox></object><object><name>static</name><pose>Unspecified</pose><truncated>0</truncated><difficult>0</difficult><bndbox><xmin>643</xmin><ymin>344</ymin><xmax>671</xmax><ymax>373</ymax></bndbox></object><object><name>static</name><pose>Unspecified</pose><truncated>0</truncated><difficult>0</difficult><bndbox><xmin>658</xmin><ymin>408</ymin><xmax>666</xmax><ymax>421</ymax></bndbox></object><object><name>traffic light</name><pose>Unspecified</pose><truncated>0</truncated><difficult>0</difficult><bndbox><xmin>657</xmin><ymin>388</ymin><xmax>678</xmax><ymax>410</ymax></bndbox></object><object><name>pole</name><pose>Unspecified</pose><truncated>0</truncated><difficult>0</difficult><bndbox><xmin>647</xmin><ymin>245</ymin><xmax>848</xmax><ymax>489</ymax></bndbox></object><object><name>traffic light</name><pose>Unspecified</pose><truncated>0</truncated><difficult>0</difficult><bndbox><xmin>650</xmin><ymin>390</ymin><xmax>663</xmax><ymax>414</ymax></bndbox></object><object><name>static</name><pose>Unspecified</pose><truncated>0</truncated><difficult>0</difficult><bndbox><xmin>817</xmin><ymin>430</ymin><xmax>854</xmax><ymax>455</ymax></bndbox></object><object><name>cargroup</name><pose>Unspecified</pose><truncated>0</truncated><difficult>0</difficult><bndbox><xmin>783</xmin><ymin>442</ymin><xmax>868</xmax><ymax>476</ymax></bndbox></object><object><name>traffic sign</name><pose>Unspecified</pose><truncated>0</truncated><difficult>0</difficult><bndbox><xmin>954</xmin><ymin>414</ymin><xmax>965</xmax><ymax>425</ymax></bndbox></object><object><name>static</name><pose>Unspecified</pose><truncated>0</truncated><difficult>0</difficult><bndbox><xmin>909</xmin><ymin>425</ymin><xmax>926</xmax><ymax>452</ymax></bndbox></object><object><name>car</name><pose>Unspecified</pose><truncated>0</truncated><difficult>0</difficult><bndbox><xmin>921</xmin><ymin>429</ymin><xmax>977</xmax><ymax>473</ymax></bndbox></object><object><name>pole</name><pose>Unspecified</pose><truncated>0</truncated><difficult>0</difficult><bndbox><xmin>1057</xmin><ymin>405</ymin><xmax>1062</xmax><ymax>454</ymax></bndbox></object><object><name>traffic sign</name><pose>Unspecified</pose><truncated>0</truncated><difficult>0</difficult><bndbox><xmin>1051</xmin><ymin>379</ymin><xmax>1065</xmax><ymax>407</ymax></bndbox></object><object><name>static</name><pose>Unspecified</pose><truncated>0</truncated><difficult>0</difficult><bndbox><xmin>1055</xmin><ymin>427</ymin><xmax>1065</xmax><ymax>441</ymax></bndbox></object><object><name>static</name><pose>Unspecified</pose><truncated>0</truncated><difficult>0</difficult><bndbox><xmin>1102</xmin><ymin>393</ymin><xmax>1115</xmax><ymax>410</ymax></bndbox></object><object><name>pole</name><pose>Unspecified</pose><truncated>0</truncated><difficult>0</difficult><bndbox><xmin>1107</xmin><ymin>395</ymin><xmax>1111</xmax><ymax>441</ymax></bndbox></object><object><name>static</name><pose>Unspecified</pose><truncated>0</truncated><difficult>0</difficult><bndbox><xmin>1114</xmin><ymin>395</ymin><xmax>1170</xmax><ymax>451</ymax></bndbox></object><object><name>traffic light</name><pose>Unspecified</pose><truncated>0</truncated><difficult>0</difficult><bndbox><xmin>1149</xmin><ymin>362</ymin><xmax>1167</xmax><ymax>396</ymax></bndbox></object><object><name>pole</name><pose>Unspecified</pose><truncated>0</truncated><difficult>0</difficult><bndbox><xmin>1163</xmin><ymin>359</ymin><xmax>1173</xmax><ymax>464</ymax></bndbox></object><object><name>traffic light</name><pose>Unspecified</pose><truncated>0</truncated><difficult>0</difficult><bndbox><xmin>1118</xmin><ymin>339</ymin><xmax>1142</xmax><ymax>370</ymax></bndbox></object><object><name>pole</name><pose>Unspecified</pose><truncated>0</truncated><difficult>0</difficult><bndbox><xmin>857</xmin><ymin>125</ymin><xmax>1155</xmax><ymax>486</ymax></bndbox></object><object><name>traffic light</name><pose>Unspecified</pose><truncated>0</truncated><difficult>0</difficult><bndbox><xmin>886</xmin><ymin>177</ymin><xmax>907</xmax><ymax>234</ymax></bndbox></object><object><name>traffic sign</name><pose>Unspecified</pose><truncated>0</truncated><difficult>0</difficult><bndbox><xmin>1122</xmin><ymin>274</ymin><xmax>1160</xmax><ymax>313</ymax></bndbox></object><object><name>traffic light</name><pose>Unspecified</pose><truncated>0</truncated><difficult>0</difficult><bndbox><xmin>1137</xmin><ymin>357</ymin><xmax>1151</xmax><ymax>385</ymax></bndbox></object><object><name>traffic light</name><pose>Unspecified</pose><truncated>0</truncated><difficult>0</difficult><bndbox><xmin>1132</xmin><ymin>339</ymin><xmax>1153</xmax><ymax>359</ymax></bndbox></object><object><name>pole</name><pose>Unspecified</pose><truncated>0</truncated><difficult>0</difficult><bndbox><xmin>1197</xmin><ymin>166</ymin><xmax>1214</xmax><ymax>450</ymax></bndbox></object><object><name>pole</name><pose>Unspecified</pose><truncated>0</truncated><difficult>0</difficult><bndbox><xmin>1208</xmin><ymin>327</ymin><xmax>1224</xmax><ymax>493</ymax></bndbox></object><object><name>traffic sign</name><pose>Unspecified</pose><truncated>0</truncated><difficult>0</difficult><bndbox><xmin>1187</xmin><ymin>303</ymin><xmax>1237</xmax><ymax>331</ymax></bndbox></object><object><name>pole</name><pose>Unspecified</pose><truncated>0</truncated><difficult>0</difficult><bndbox><xmin>1245</xmin><ymin>348</ymin><xmax>1268</xmax><ymax>497</ymax></bndbox></object><object><name>traffic sign</name><pose>Unspecified</pose><truncated>0</truncated><difficult>0</difficult><bndbox><xmin>1228</xmin><ymin>312</ymin><xmax>1263</xmax><ymax>359</ymax></bndbox></object><object><name>static</name><pose>Unspecified</pose><truncated>0</truncated><difficult>0</difficult><bndbox><xmin>1251</xmin><ymin>490</ymin><xmax>1280</xmax><ymax>509</ymax></bndbox></object><object><name>static</name><pose>Unspecified</pose><truncated>0</truncated><difficult>0</difficult><bndbox><xmin>1274</xmin><ymin>350</ymin><xmax>1286</xmax><ymax>365</ymax></bndbox></object><object><name>traffic light</name><pose>Unspecified</pose><truncated>0</truncated><difficult>0</difficult><bndbox><xmin>1290</xmin><ymin>343</ymin><xmax>1309</xmax><ymax>370</ymax></bndbox></object><object><name>traffic light</name><pose>Unspecified</pose><truncated>0</truncated><difficult>0</difficult><bndbox><xmin>1309</xmin><ymin>216</ymin><xmax>1337</xmax><ymax>263</ymax></bndbox></object><object><name>pole</name><pose>Unspecified</pose><truncated>0</truncated><difficult>0</difficult><bndbox><xmin>1281</xmin><ymin>200</ymin><xmax>1315</xmax><ymax>369</ymax></bndbox></object><object><name>traffic light</name><pose>Unspecified</pose><truncated>0</truncated><difficult>0</difficult><bndbox><xmin>1289</xmin><ymin>356</ymin><xmax>1297</xmax><ymax>371</ymax></bndbox></object><object><name>fence</name><pose>Unspecified</pose><truncated>0</truncated><difficult>0</difficult><bndbox><xmin>1436</xmin><ymin>439</ymin><xmax>1526</xmax><ymax>520</ymax></bndbox></object><object><name>fence</name><pose>Unspecified</pose><truncated>0</truncated><difficult>0</difficult><bndbox><xmin>1271</xmin><ymin>430</ymin><xmax>1429</xmax><ymax>509</ymax></bndbox></object><object><name>pole</name><pose>Unspecified</pose><truncated>0</truncated><difficult>0</difficult><bndbox><xmin>1336</xmin><ymin>409</ymin><xmax>1345</xmax><ymax>500</ymax></bndbox></object><object><name>dynamic</name><pose>Unspecified</pose><truncated>0</truncated><difficult>0</difficult><bndbox><xmin>1678</xmin><ymin>430</ymin><xmax>1721</xmax><ymax>442</ymax></bndbox></object><object><name>dynamic</name><pose>Unspecified</pose><truncated>0</truncated><difficult>0</difficult><bndbox><xmin>1905</xmin><ymin>414</ymin><xmax>1950</xmax><ymax>456</ymax></bndbox></object><object><name>fence</name><pose>Unspecified</pose><truncated>0</truncated><difficult>0</difficult><bndbox><xmin>1573</xmin><ymin>426</ymin><xmax>2048</xmax><ymax>608</ymax></bndbox></object><object><name>pole</name><pose>Unspecified</pose><truncated>0</truncated><difficult>0</difficult><bndbox><xmin>1506</xmin><ymin>0</ymin><xmax>1555</xmax><ymax>539</ymax></bndbox></object><object><name>traffic sign</name><pose>Unspecified</pose><truncated>0</truncated><difficult>0</difficult><bndbox><xmin>1460</xmin><ymin>234</ymin><xmax>1601</xmax><ymax>275</ymax></bndbox></object><object><name>ego vehicle</name><pose>Unspecified</pose><truncated>0</truncated><difficult>0</difficult><bndbox><xmin>271</xmin><ymin>844</ymin><xmax>2028</xmax><ymax>1023</ymax></bndbox></object><object><name>out of roi</name><pose>Unspecified</pose><truncated>0</truncated><difficult>0</difficult><bndbox><xmin>0</xmin><ymin>0</ymin><xmax>2048</xmax><ymax>1024</ymax></bndbox></object></annotation>