{"imgHeight": 1024, "imgWidth": 2048, "objects": [{"label": "sky", "bounding_box": [377, 0, 1398, 395]}, {"label": "road", "bounding_box": [0, 391, 2048, 1024]}, {"label": "sidewalk", "bounding_box": [1390, 441, 1731, 459]}, {"label": "sidewalk", "bounding_box": [1119, 472, 2048, 1024]}, {"label": "building", "bounding_box": [466, 227, 777, 461]}, {"label": "vegetation", "bounding_box": [468, 286, 613, 449]}, {"label": "vegetation", "bounding_box": [642, 323, 746, 451]}, {"label": "building", "bounding_box": [738, 206, 1253, 459]}, {"label": "car", "bounding_box": [1093, 421, 1153, 445]}, {"label": "person", "bounding_box": [534, 434, 544, 450]}, {"label": "car", "bounding_box": [498, 442, 540, 458]}, {"label": "sidewalk", "bounding_box": [0, 462, 573, 506]}, {"label": "rider", "bounding_box": [489, 433, 504, 465]}, {"label": "building", "bounding_box": [0, 0, 512, 493]}, {"label": "vegetation", "bounding_box": [0, 424, 273, 486]}, {"label": "terrain", "bounding_box": [0, 466, 353, 490]}, {"label": "person", "bounding_box": [426, 433, 445, 491]}, {"label": "static", "bounding_box": [436, 459, 459, 489]}, {"label": "traffic light", "bounding_box": [652, 227, 667, 272]}, {"label": "pole", "bounding_box": [341, 100, 363, 483]}, {"label": "static", "bounding_box": [224, 419, 248, 456]}, {"label": "vegetation", "bounding_box": [0, 0, 418, 476]}, {"label": "pole", "bounding_box": [407, 111, 691, 489]}, {"label": "traffic light", "bounding_box": [428, 365, 443, 389]}, {"label": "pole", "bounding_box": [558, 411, 563, 456]}, {"label": "traffic light", "bounding_box": [413, 366, 429, 396]}, {"label": "rider", "bounding_box": [306, 419, 344, 487]}, {"label": "bicycle", "bounding_box": [309, 454, 341, 497]}, {"label": "person", "bounding_box": [122, 429, 148, 501]}, {"label": "person", "bounding_box": [33, 429, 53, 500]}, {"label": "car", "bounding_box": [783, 406, 856, 465]}, {"label": "sidewalk", "bounding_box": [1728, 398, 2047, 454]}, {"label": "building", "bounding_box": [1210, 0, 2048, 443]}, {"label": "vegetation", "bounding_box": [831, 65, 1367, 451]}, {"label": "car", "bounding_box": [852, 385, 996, 446]}, {"label": "pole", "bounding_box": [1170, 378, 1176, 442]}, {"label": "traffic sign", "bounding_box": [1166, 372, 1172, 382]}, {"label": "vegetation", "bounding_box": [1330, 387, 1399, 433]}, {"label": "car", "bounding_box": [1350, 412, 1418, 439]}, {"label": "vegetation", "bounding_box": [1457, 132, 1880, 434]}, {"label": "car", "bounding_box": [1548, 403, 1639, 434]}, {"label": "wall", "bounding_box": [1063, 423, 1811, 452]}, {"label": "pole", "bounding_box": [1561, 169, 1652, 447]}, {"label": "vegetation", "bounding_box": [1329, 0, 2048, 446]}, {"label": "car", "bounding_box": [1822, 402, 1932, 457]}, {"label": "terrain", "bounding_box": [1909, 446, 2048, 465]}, {"label": "pole", "bounding_box": [1963, 415, 2048, 479]}, {"label": "pole", "bounding_box": [1879, 429, 1885, 474]}, {"label": "pole", "bounding_box": [1958, 429, 1963, 472]}, {"label": "person", "bounding_box": [1914, 350, 1972, 498]}, {"label": "terrain", "bounding_box": [1927, 510, 2048, 538]}, {"label": "person", "bounding_box": [1696, 344, 1777, 538]}, {"label": "pole", "bounding_box": [1530, 337, 1533, 446]}, {"label": "static", "bounding_box": [1530, 336, 1539, 359]}, {"label": "traffic light", "bounding_box": [1573, 328, 1595, 381]}, {"label": "traffic light", "bounding_box": [1568, 341, 1582, 367]}, {"label": "pole", "bounding_box": [1553, 433, 1559, 484]}, {"label": "pole", "bounding_box": [1534, 445, 1543, 518]}, {"label": "bicyclegroup", "bounding_box": [1532, 394, 1789, 549]}, {"label": "pole", "bounding_box": [1514, 436, 1522, 495]}, {"label": "pole", "bounding_box": [1518, 442, 1528, 513]}, {"label": "pole", "bounding_box": [1491, 207, 1500, 531]}, {"label": "traffic sign", "bounding_box": [1456, 154, 1541, 221]}, {"label": "car", "bounding_box": [1205, 406, 1403, 493]}, {"label": "pole", "bounding_box": [1339, 370, 1348, 495]}, {"label": "pole", "bounding_box": [1169, 0, 1229, 522]}, {"label": "traffic sign", "bounding_box": [1176, 109, 1244, 172]}, {"label": "traffic light", "bounding_box": [1166, 259, 1211, 327]}, {"label": "traffic light", "bounding_box": [1195, 261, 1232, 343]}, {"label": "bicycle", "bounding_box": [1172, 440, 1310, 528]}, {"label": "person", "bounding_box": [1202, 377, 1295, 528]}, {"label": "pole", "bounding_box": [1197, 461, 1208, 547]}, {"label": "pole", "bounding_box": [1222, 459, 1235, 562]}, {"label": "pole", "bounding_box": [1248, 467, 1260, 573]}, {"label": "pole", "bounding_box": [1272, 471, 1285, 585]}, {"label": "pole", "bounding_box": [1305, 476, 1321, 604]}, {"label": "pole", "bounding_box": [1342, 481, 1357, 624]}, {"label": "pole", "bounding_box": [1390, 488, 1409, 645]}, {"label": "pole", "bounding_box": [1462, 494, 1487, 681]}, {"label": "pole", "bounding_box": [1556, 507, 1581, 724]}, {"label": "pole", "bounding_box": [1696, 522, 1729, 796]}, {"label": "pole", "bounding_box": [1892, 548, 1933, 884]}, {"label": "vegetation", "bounding_box": [1736, 0, 1849, 563]}, {"label": "car", "bounding_box": [1027, 415, 1098, 522]}, {"label": "car", "bounding_box": [567, 436, 598, 472]}, {"label": "car", "bounding_box": [573, 404, 743, 533]}, {"label": "license plate", "bounding_box": [620, 461, 669, 471]}, {"label": "car", "bounding_box": [800, 401, 1093, 639]}, {"label": "license plate", "bounding_box": [899, 501, 992, 522]}, {"label": "pole", "bounding_box": [1923, 474, 2020, 574]}, {"label": "traffic light", "bounding_box": [695, 0, 730, 38]}, {"label": "static", "bounding_box": [516, 398, 527, 409]}, {"label": "pole", "bounding_box": [519, 399, 523, 472]}, {"label": "static", "bounding_box": [513, 468, 525, 474]}, {"label": "dynamic", "bounding_box": [513, 468, 525, 474]}, {"label": "traffic light", "bounding_box": [557, 414, 562, 425]}, {"label": "bicycle", "bounding_box": [489, 452, 504, 468]}, {"label": "static", "bounding_box": [551, 432, 563, 453]}, {"label": "ego vehicle", "bounding_box": [271, 844, 2028, 1023]}, {"label": "out of roi", "bounding_box": [0, 0, 2048, 1024]}]}