{"imgHeight": 1024, "imgWidth": 2048, "objects": [{"label": "road", "bounding_box": [0, 276, 2048, 1024]}, {"label": "sky", "bounding_box": [0, 0, 1637, 408]}, {"label": "pole", "bounding_box": [2019, 11, 2048, 442]}, {"label": "sidewalk", "bounding_box": [1367, 524, 2048, 1024]}, {"label": "sidewalk", "bounding_box": [1111, 424, 2048, 509]}, {"label": "sidewalk", "bounding_box": [0, 444, 901, 535]}, {"label": "building", "bounding_box": [0, 218, 1626, 492]}, {"label": "static", "bounding_box": [1150, 349, 1160, 394]}, {"label": "vegetation", "bounding_box": [0, 312, 332, 465]}, {"label": "vegetation", "bounding_box": [432, 297, 747, 447]}, {"label": "vegetation", "bounding_box": [816, 319, 950, 437]}, {"label": "static", "bounding_box": [577, 375, 656, 463]}, {"label": "pole", "bounding_box": [567, 223, 581, 437]}, {"label": "static", "bounding_box": [566, 218, 588, 227]}, {"label": "person", "bounding_box": [598, 424, 614, 464]}, {"label": "person", "bounding_box": [663, 422, 678, 462]}, {"label": "fence", "bounding_box": [0, 439, 622, 503]}, {"label": "fence", "bounding_box": [723, 434, 902, 457]}, {"label": "pole", "bounding_box": [348, 137, 373, 484]}, {"label": "static", "bounding_box": [347, 131, 379, 146]}, {"label": "pole", "bounding_box": [687, 274, 699, 458]}, {"label": "static", "bounding_box": [686, 270, 703, 276]}, {"label": "bicycle", "bounding_box": [625, 441, 636, 464]}, {"label": "persongroup", "bounding_box": [773, 425, 803, 458]}, {"label": "pole", "bounding_box": [770, 306, 781, 458]}, {"label": "static", "bounding_box": [768, 302, 783, 309]}, {"label": "pole", "bounding_box": [821, 324, 830, 452]}, {"label": "static", "bounding_box": [821, 322, 835, 327]}, {"label": "pole", "bounding_box": [855, 335, 862, 447]}, {"label": "static", "bounding_box": [853, 333, 866, 337]}, {"label": "pole", "bounding_box": [918, 370, 923, 448]}, {"label": "pole", "bounding_box": [901, 358, 905, 438]}, {"label": "static", "bounding_box": [898, 355, 909, 360]}, {"label": "static", "bounding_box": [879, 379, 898, 383]}, {"label": "pole", "bounding_box": [887, 380, 891, 437]}, {"label": "pole", "bounding_box": [879, 347, 886, 446]}, {"label": "static", "bounding_box": [879, 345, 889, 348]}, {"label": "persongroup", "bounding_box": [885, 431, 931, 448]}, {"label": "pole", "bounding_box": [1034, 367, 1039, 441]}, {"label": "pole", "bounding_box": [1071, 328, 1076, 441]}, {"label": "traffic sign", "bounding_box": [1062, 402, 1083, 420]}, {"label": "vegetation", "bounding_box": [1121, 338, 1222, 433]}, {"label": "vegetation", "bounding_box": [1302, 255, 1967, 437]}, {"label": "static", "bounding_box": [1259, 367, 1313, 415]}, {"label": "static", "bounding_box": [1264, 341, 1282, 400]}, {"label": "static", "bounding_box": [1236, 355, 1254, 400]}, {"label": "pole", "bounding_box": [1253, 395, 1255, 417]}, {"label": "fence", "bounding_box": [1179, 386, 1569, 454]}, {"label": "pole", "bounding_box": [1330, 331, 1336, 475]}, {"label": "traffic sign", "bounding_box": [1318, 290, 1342, 337]}, {"label": "traffic sign", "bounding_box": [1368, 233, 1435, 250]}, {"label": "static", "bounding_box": [1357, 214, 1379, 239]}, {"label": "pole", "bounding_box": [1364, 217, 1370, 497]}, {"label": "person", "bounding_box": [1278, 389, 1295, 441]}, {"label": "static", "bounding_box": [1116, 326, 1138, 437]}, {"label": "pole", "bounding_box": [1140, 313, 1144, 441]}, {"label": "static", "bounding_box": [1131, 312, 1140, 314]}, {"label": "pole", "bounding_box": [1146, 294, 1154, 444]}, {"label": "static", "bounding_box": [1135, 291, 1148, 294]}, {"label": "persongroup", "bounding_box": [1169, 412, 1185, 443]}, {"label": "pole", "bounding_box": [1158, 257, 1169, 445]}, {"label": "static", "bounding_box": [1145, 254, 1161, 259]}, {"label": "persongroup", "bounding_box": [1193, 412, 1204, 444]}, {"label": "pole", "bounding_box": [1175, 201, 1189, 446]}, {"label": "static", "bounding_box": [1157, 198, 1179, 204]}, {"label": "pole", "bounding_box": [1209, 107, 1227, 452]}, {"label": "person", "bounding_box": [1226, 401, 1241, 441]}, {"label": "static", "bounding_box": [1185, 102, 1216, 109]}, {"label": "traffic sign", "bounding_box": [1249, 381, 1257, 403]}, {"label": "pole", "bounding_box": [1095, 349, 1099, 441]}, {"label": "vegetation", "bounding_box": [1269, 0, 2048, 454]}, {"label": "wall", "bounding_box": [1537, 406, 1902, 469]}, {"label": "pole", "bounding_box": [1551, 158, 1580, 469]}, {"label": "static", "bounding_box": [1425, 201, 1522, 472]}, {"label": "static", "bounding_box": [1612, 385, 1645, 468]}, {"label": "pole", "bounding_box": [1721, 327, 1727, 432]}, {"label": "fence", "bounding_box": [1681, 391, 2048, 473]}, {"label": "pole", "bounding_box": [1818, 286, 1827, 492]}, {"label": "traffic sign", "bounding_box": [1787, 226, 1854, 289]}, {"label": "traffic sign", "bounding_box": [1803, 292, 1834, 328]}, {"label": "pole", "bounding_box": [1958, 422, 1975, 540]}, {"label": "static", "bounding_box": [1967, 25, 2048, 156]}, {"label": "traffic sign", "bounding_box": [2022, 9, 2048, 31]}, {"label": "bicycle", "bounding_box": [250, 437, 284, 488]}, {"label": "rider", "bounding_box": [247, 411, 283, 468]}, {"label": "bicycle", "bounding_box": [574, 436, 586, 469]}, {"label": "rider", "bounding_box": [571, 418, 590, 465]}, {"label": "rider", "bounding_box": [640, 424, 658, 451]}, {"label": "bicycle", "bounding_box": [641, 437, 655, 465]}, {"label": "wall", "bounding_box": [695, 438, 727, 461]}, {"label": "static", "bounding_box": [997, 433, 1037, 443]}, {"label": "pole", "bounding_box": [955, 272, 961, 336]}, {"label": "static", "bounding_box": [946, 273, 957, 293]}, {"label": "ground", "bounding_box": [0, 611, 388, 724]}, {"label": "ego vehicle", "bounding_box": [271, 844, 2028, 1023]}, {"label": "out of roi", "bounding_box": [0, 0, 2048, 1024]}]}