{"imgHeight": 1024, "imgWidth": 2048, "objects": [{"label": "sky", "bounding_box": [517, 0, 1391, 367]}, {"label": "building", "bounding_box": [0, 0, 2048, 742]}, {"label": "pole", "bounding_box": [712, 61, 721, 469]}, {"label": "static", "bounding_box": [687, 50, 741, 67]}, {"label": "vegetation", "bounding_box": [756, 239, 949, 440]}, {"label": "road", "bounding_box": [0, 439, 2048, 1023]}, {"label": "sidewalk", "bounding_box": [0, 479, 741, 674]}, {"label": "sidewalk", "bounding_box": [1150, 448, 1304, 480]}, {"label": "cargroup", "bounding_box": [833, 425, 865, 451]}, {"label": "pole", "bounding_box": [847, 393, 851, 457]}, {"label": "traffic light", "bounding_box": [850, 394, 861, 404]}, {"label": "car", "bounding_box": [929, 428, 954, 446]}, {"label": "traffic sign", "bounding_box": [819, 386, 832, 414]}, {"label": "building", "bounding_box": [797, 406, 836, 463]}, {"label": "traffic light", "bounding_box": [864, 341, 871, 358]}, {"label": "traffic light", "bounding_box": [874, 343, 880, 357]}, {"label": "pole", "bounding_box": [763, 305, 881, 433]}, {"label": "static", "bounding_box": [768, 394, 779, 405]}, {"label": "pole", "bounding_box": [752, 307, 758, 460]}, {"label": "pole", "bounding_box": [735, 317, 740, 443]}, {"label": "traffic light", "bounding_box": [728, 333, 735, 352]}, {"label": "pole", "bounding_box": [741, 387, 744, 443]}, {"label": "static", "bounding_box": [722, 387, 751, 402]}, {"label": "terrain", "bounding_box": [723, 434, 750, 463]}, {"label": "person", "bounding_box": [602, 424, 617, 455]}, {"label": "rider", "bounding_box": [611, 424, 634, 468]}, {"label": "bicycle", "bounding_box": [612, 449, 631, 485]}, {"label": "bicycle", "bounding_box": [602, 452, 616, 488]}, {"label": "static", "bounding_box": [597, 366, 625, 394]}, {"label": "pole", "bounding_box": [610, 366, 614, 484]}, {"label": "person", "bounding_box": [585, 427, 611, 489]}, {"label": "dynamic", "bounding_box": [544, 416, 569, 504]}, {"label": "bicycle", "bounding_box": [544, 442, 595, 503]}, {"label": "pole", "bounding_box": [673, 359, 680, 472]}, {"label": "traffic light", "bounding_box": [661, 362, 675, 403]}, {"label": "traffic light", "bounding_box": [679, 362, 695, 402]}, {"label": "static", "bounding_box": [659, 368, 686, 393]}, {"label": "pole", "bounding_box": [671, 368, 675, 484]}, {"label": "pole", "bounding_box": [676, 462, 680, 488]}, {"label": "pole", "bounding_box": [661, 460, 664, 486]}, {"label": "bicycle", "bounding_box": [663, 443, 688, 491]}, {"label": "pole", "bounding_box": [671, 462, 674, 490]}, {"label": "pole", "bounding_box": [642, 455, 644, 484]}, {"label": "rider", "bounding_box": [686, 424, 717, 481]}, {"label": "bicycle", "bounding_box": [684, 439, 713, 491]}, {"label": "polegroup", "bounding_box": [703, 453, 715, 493]}, {"label": "pole", "bounding_box": [707, 450, 712, 508]}, {"label": "pole", "bounding_box": [686, 457, 692, 515]}, {"label": "pole", "bounding_box": [651, 460, 661, 524]}, {"label": "pole", "bounding_box": [607, 464, 613, 531]}, {"label": "pole", "bounding_box": [547, 464, 557, 540]}, {"label": "pole", "bounding_box": [470, 466, 488, 554]}, {"label": "pole", "bounding_box": [374, 470, 399, 570]}, {"label": "vegetation", "bounding_box": [228, 267, 340, 541]}, {"label": "pole", "bounding_box": [41, 481, 79, 625]}, {"label": "rider", "bounding_box": [753, 420, 781, 497]}, {"label": "bicycle", "bounding_box": [758, 452, 780, 502]}, {"label": "train", "bounding_box": [860, 381, 936, 451]}, {"label": "car", "bounding_box": [835, 428, 941, 503]}, {"label": "license plate", "bounding_box": [876, 474, 905, 480]}, {"label": "vegetation", "bounding_box": [937, 365, 985, 447]}, {"label": "cargroup", "bounding_box": [949, 428, 991, 448]}, {"label": "car", "bounding_box": [978, 419, 1017, 447]}, {"label": "car", "bounding_box": [1008, 424, 1039, 449]}, {"label": "terrain", "bounding_box": [1017, 430, 1043, 450]}, {"label": "terrain", "bounding_box": [1017, 430, 1043, 450]}, {"label": "sidewalk", "bounding_box": [996, 451, 1101, 476]}, {"label": "pole", "bounding_box": [1010, 394, 1014, 453]}, {"label": "traffic light", "bounding_box": [1006, 388, 1014, 408]}, {"label": "traffic light", "bounding_box": [1013, 394, 1021, 411]}, {"label": "pole", "bounding_box": [1099, 304, 1103, 429]}, {"label": "traffic sign", "bounding_box": [1096, 388, 1104, 396]}, {"label": "car", "bounding_box": [1071, 424, 1114, 457]}, {"label": "car", "bounding_box": [1097, 428, 1137, 461]}, {"label": "car", "bounding_box": [1114, 429, 1163, 462]}, {"label": "building", "bounding_box": [1037, 400, 1073, 460]}, {"label": "static", "bounding_box": [1039, 382, 1067, 395]}, {"label": "pole", "bounding_box": [1070, 379, 1075, 468]}, {"label": "traffic light", "bounding_box": [1066, 370, 1076, 403]}, {"label": "pole", "bounding_box": [1068, 441, 1071, 471]}, {"label": "traffic sign", "bounding_box": [1059, 428, 1079, 449]}, {"label": "terrain", "bounding_box": [1050, 465, 1082, 474]}, {"label": "traffic sign", "bounding_box": [1162, 372, 1178, 389]}, {"label": "traffic light", "bounding_box": [1167, 393, 1174, 410]}, {"label": "bicyclegroup", "bounding_box": [1272, 435, 1349, 475]}, {"label": "pole", "bounding_box": [1243, 395, 1245, 434]}, {"label": "traffic sign", "bounding_box": [1239, 386, 1252, 405]}, {"label": "pole", "bounding_box": [1208, 401, 1210, 462]}, {"label": "persongroup", "bounding_box": [1239, 418, 1267, 472]}, {"label": "traffic sign", "bounding_box": [1202, 389, 1216, 403]}, {"label": "rider", "bounding_box": [1170, 402, 1204, 494]}, {"label": "bicycle", "bounding_box": [1174, 457, 1202, 507]}, {"label": "pole", "bounding_box": [1269, 391, 1272, 476]}, {"label": "traffic sign", "bounding_box": [1265, 380, 1279, 396]}, {"label": "pole", "bounding_box": [1318, 352, 1326, 479]}, {"label": "traffic light", "bounding_box": [1316, 328, 1330, 357]}, {"label": "rider", "bounding_box": [1223, 411, 1251, 486]}, {"label": "bicycle", "bounding_box": [1230, 454, 1243, 494]}, {"label": "bicyclegroup", "bounding_box": [1270, 442, 1364, 534]}, {"label": "pole", "bounding_box": [1391, 319, 1398, 419]}, {"label": "traffic sign", "bounding_box": [1382, 322, 1400, 347]}, {"label": "person", "bounding_box": [1429, 394, 1458, 413]}, {"label": "car", "bounding_box": [1320, 412, 1419, 563]}, {"label": "dynamic", "bounding_box": [1620, 403, 1699, 503]}, {"label": "car", "bounding_box": [1337, 406, 1666, 620]}, {"label": "license plate", "bounding_box": [1512, 501, 1595, 521]}, {"label": "person", "bounding_box": [1892, 328, 1931, 376]}, {"label": "car", "bounding_box": [1609, 355, 2048, 933]}, {"label": "static", "bounding_box": [809, 64, 838, 84]}, {"label": "static", "bounding_box": [1169, 67, 1199, 84]}, {"label": "static", "bounding_box": [1135, 172, 1158, 186]}, {"label": "static", "bounding_box": [1444, 308, 1498, 342]}, {"label": "static", "bounding_box": [1508, 271, 1562, 319]}, {"label": "static", "bounding_box": [1507, 322, 1569, 341]}, {"label": "static", "bounding_box": [549, 179, 592, 224]}, {"label": "dynamic", "bounding_box": [248, 498, 308, 543]}, {"label": "pole", "bounding_box": [237, 471, 254, 596]}, {"label": "traffic light", "bounding_box": [760, 400, 768, 415]}, {"label": "static", "bounding_box": [1203, 361, 1226, 383]}, {"label": "ego vehicle", "bounding_box": [271, 844, 2028, 1023]}, {"label": "out of roi", "bounding_box": [0, 0, 2048, 1024]}]}