{"imgHeight": 1024, "imgWidth": 2048, "objects": [{"label": "sky", "bounding_box": [425, 0, 1199, 304]}, {"label": "road", "bounding_box": [0, 330, 2048, 1024]}, {"label": "sidewalk", "bounding_box": [0, 343, 737, 803]}, {"label": "ground", "bounding_box": [0, 460, 136, 568]}, {"label": "building", "bounding_box": [688, 278, 831, 343]}, {"label": "building", "bounding_box": [0, 0, 612, 386]}, {"label": "vegetation", "bounding_box": [558, 0, 791, 333]}, {"label": "cargroup", "bounding_box": [707, 319, 740, 347]}, {"label": "cargroup", "bounding_box": [677, 305, 715, 355]}, {"label": "car", "bounding_box": [657, 311, 690, 355]}, {"label": "car", "bounding_box": [629, 308, 667, 361]}, {"label": "car", "bounding_box": [593, 305, 655, 367]}, {"label": "vegetation", "bounding_box": [379, 0, 625, 361]}, {"label": "trailer", "bounding_box": [544, 282, 593, 370]}, {"label": "car", "bounding_box": [448, 265, 561, 389]}, {"label": "static", "bounding_box": [468, 170, 535, 233]}, {"label": "pole", "bounding_box": [494, 173, 511, 280]}, {"label": "vegetation", "bounding_box": [295, 78, 381, 326]}, {"label": "car", "bounding_box": [347, 268, 538, 431]}, {"label": "vegetation", "bounding_box": [232, 234, 305, 276]}, {"label": "static", "bounding_box": [6, 196, 215, 288]}, {"label": "vegetation", "bounding_box": [0, 115, 76, 370]}, {"label": "car", "bounding_box": [0, 263, 385, 498]}, {"label": "license plate", "bounding_box": [15, 424, 112, 444]}, {"label": "building", "bounding_box": [861, 0, 1554, 354]}, {"label": "vegetation", "bounding_box": [783, 0, 1467, 331]}, {"label": "cargroup", "bounding_box": [789, 328, 816, 345]}, {"label": "car", "bounding_box": [806, 324, 829, 351]}, {"label": "car", "bounding_box": [817, 316, 853, 356]}, {"label": "car", "bounding_box": [826, 320, 867, 359]}, {"label": "car", "bounding_box": [852, 295, 884, 357]}, {"label": "car", "bounding_box": [867, 288, 1006, 360]}, {"label": "car", "bounding_box": [867, 303, 1003, 398]}, {"label": "car", "bounding_box": [931, 308, 1023, 407]}, {"label": "car", "bounding_box": [974, 282, 1177, 427]}, {"label": "car", "bounding_box": [1094, 298, 1275, 443]}, {"label": "car", "bounding_box": [1129, 299, 1292, 434]}, {"label": "car", "bounding_box": [1137, 351, 1271, 475]}, {"label": "building", "bounding_box": [1501, 0, 2048, 387]}, {"label": "car", "bounding_box": [1220, 279, 1400, 527]}, {"label": "car", "bounding_box": [1289, 258, 1727, 581]}, {"label": "vegetation", "bounding_box": [1665, 0, 1881, 313]}, {"label": "car", "bounding_box": [1533, 266, 1926, 679]}, {"label": "car", "bounding_box": [1708, 183, 2048, 847]}, {"label": "car", "bounding_box": [1896, 411, 2048, 1024]}, {"label": "car", "bounding_box": [731, 314, 795, 362]}, {"label": "ego vehicle", "bounding_box": [271, 844, 2028, 1023]}, {"label": "out of roi", "bounding_box": [0, 0, 2048, 1024]}]}