{"imgHeight": 1024, "imgWidth": 2048, "objects": [{"label": "sky", "bounding_box": [722, 0, 1256, 368]}, {"label": "road", "bounding_box": [0, 427, 2048, 1024]}, {"label": "building", "bounding_box": [793, 213, 1212, 445]}, {"label": "vegetation", "bounding_box": [790, 116, 1212, 440]}, {"label": "traffic sign", "bounding_box": [817, 389, 829, 412]}, {"label": "pole", "bounding_box": [809, 344, 815, 434]}, {"label": "traffic sign", "bounding_box": [894, 394, 910, 429]}, {"label": "traffic light", "bounding_box": [944, 394, 950, 412]}, {"label": "terrain", "bounding_box": [928, 453, 965, 464]}, {"label": "pole", "bounding_box": [917, 354, 922, 446]}, {"label": "pole", "bounding_box": [934, 328, 941, 454]}, {"label": "traffic sign", "bounding_box": [921, 362, 940, 379]}, {"label": "traffic light", "bounding_box": [926, 386, 943, 405]}, {"label": "traffic sign", "bounding_box": [936, 436, 949, 446]}, {"label": "cargroup", "bounding_box": [835, 427, 908, 468]}, {"label": "car", "bounding_box": [881, 431, 935, 472]}, {"label": "static", "bounding_box": [796, 120, 811, 166]}, {"label": "static", "bounding_box": [800, 216, 814, 255]}, {"label": "building", "bounding_box": [0, 0, 813, 520]}, {"label": "pole", "bounding_box": [751, 369, 754, 440]}, {"label": "static", "bounding_box": [739, 354, 761, 381]}, {"label": "static", "bounding_box": [739, 385, 763, 392]}, {"label": "vegetation", "bounding_box": [535, 298, 653, 433]}, {"label": "traffic sign", "bounding_box": [537, 320, 575, 391]}, {"label": "pole", "bounding_box": [558, 390, 563, 436]}, {"label": "bicyclegroup", "bounding_box": [654, 445, 720, 505]}, {"label": "car", "bounding_box": [819, 435, 868, 492]}, {"label": "car", "bounding_box": [793, 433, 851, 501]}, {"label": "sidewalk", "bounding_box": [677, 500, 748, 515]}, {"label": "car", "bounding_box": [705, 429, 821, 513]}, {"label": "sidewalk", "bounding_box": [0, 515, 409, 655]}, {"label": "car", "bounding_box": [127, 436, 216, 495]}, {"label": "parking", "bounding_box": [0, 550, 393, 660]}, {"label": "car", "bounding_box": [560, 422, 687, 538]}, {"label": "car", "bounding_box": [440, 429, 637, 559]}, {"label": "car", "bounding_box": [0, 422, 166, 543]}, {"label": "car", "bounding_box": [148, 429, 343, 580]}, {"label": "car", "bounding_box": [207, 426, 525, 606]}, {"label": "static", "bounding_box": [765, 13, 808, 32]}, {"label": "traffic sign", "bounding_box": [1090, 389, 1099, 406]}, {"label": "sidewalk", "bounding_box": [951, 437, 1133, 454]}, {"label": "car", "bounding_box": [982, 430, 1025, 464]}, {"label": "car", "bounding_box": [1113, 427, 1197, 456]}, {"label": "traffic sign", "bounding_box": [1180, 371, 1197, 386]}, {"label": "traffic sign", "bounding_box": [1157, 371, 1178, 392]}, {"label": "traffic light", "bounding_box": [1160, 391, 1173, 408]}, {"label": "static", "bounding_box": [1180, 271, 1194, 328]}, {"label": "building", "bounding_box": [1183, 0, 2048, 541]}, {"label": "pole", "bounding_box": [1302, 348, 1313, 485]}, {"label": "traffic sign", "bounding_box": [1287, 340, 1336, 347]}, {"label": "static", "bounding_box": [1129, 151, 1155, 165]}, {"label": "static", "bounding_box": [1391, 255, 1455, 302]}, {"label": "static", "bounding_box": [1413, 388, 1464, 478]}, {"label": "sidewalk", "bounding_box": [1124, 450, 2048, 1024]}, {"label": "person", "bounding_box": [1296, 397, 1341, 474]}, {"label": "pole", "bounding_box": [1154, 159, 1260, 458]}, {"label": "pole", "bounding_box": [1166, 408, 1170, 456]}, {"label": "static", "bounding_box": [1666, 173, 1726, 230]}, {"label": "pole", "bounding_box": [1783, 0, 1826, 530]}, {"label": "static", "bounding_box": [1855, 105, 1942, 205]}, {"label": "pole", "bounding_box": [1458, 458, 1486, 604]}, {"label": "pole", "bounding_box": [1336, 460, 1360, 559]}, {"label": "vegetation", "bounding_box": [1617, 260, 1744, 502]}, {"label": "static", "bounding_box": [1702, 414, 1788, 508]}, {"label": "static", "bounding_box": [1817, 390, 1889, 524]}, {"label": "terrain", "bounding_box": [1979, 469, 2048, 545]}, {"label": "license plate", "bounding_box": [736, 464, 767, 474]}, {"label": "license plate", "bounding_box": [268, 511, 331, 531]}, {"label": "vegetation", "bounding_box": [1979, 469, 2048, 545]}, {"label": "traffic sign", "bounding_box": [815, 416, 822, 426]}, {"label": "ego vehicle", "bounding_box": [271, 844, 2028, 1023]}, {"label": "out of roi", "bounding_box": [0, 0, 2048, 1024]}]}