<annotation><filename>bremen_000050_000019_gtFine_boxes.jpg</filename><folder>CityScapes</folder><size><width>2048</width><height>1024</height><depth>3</depth></size><segmented>0</segmented><object><name>sky</name><pose>Unspecified</pose><truncated>0</truncated><difficult>0</difficult><bndbox><xmin>682</xmin><ymin>0</ymin><xmax>1320</xmax><ymax>487</ymax></bndbox></object><object><name>road</name><pose>Unspecified</pose><truncated>0</truncated><difficult>0</difficult><bndbox><xmin>0</xmin><ymin>500</ymin><xmax>2048</xmax><ymax>1024</ymax></bndbox></object><object><name>static</name><pose>Unspecified</pose><truncated>0</truncated><difficult>0</difficult><bndbox><xmin>867</xmin><ymin>294</ymin><xmax>916</xmax><ymax>401</ymax></bndbox></object><object><name>sidewalk</name><pose>Unspecified</pose><truncated>0</truncated><difficult>0</difficult><bndbox><xmin>611</xmin><ymin>491</ymin><xmax>849</xmax><ymax>581</ymax></bndbox></object><object><name>sidewalk</name><pose>Unspecified</pose><truncated>0</truncated><difficult>0</difficult><bndbox><xmin>1149</xmin><ymin>504</ymin><xmax>2048</xmax><ymax>1024</ymax></bndbox></object><object><name>vegetation</name><pose>Unspecified</pose><truncated>0</truncated><difficult>0</difficult><bndbox><xmin>871</xmin><ymin>376</ymin><xmax>1116</xmax><ymax>512</ymax></bndbox></object><object><name>building</name><pose>Unspecified</pose><truncated>0</truncated><difficult>0</difficult><bndbox><xmin>0</xmin><ymin>0</ymin><xmax>886</xmax><ymax>574</ymax></bndbox></object><object><name>vegetation</name><pose>Unspecified</pose><truncated>0</truncated><difficult>0</difficult><bndbox><xmin>960</xmin><ymin>0</ymin><xmax>2048</xmax><ymax>573</ymax></bndbox></object><object><name>pole</name><pose>Unspecified</pose><truncated>0</truncated><difficult>0</difficult><bndbox><xmin>1215</xmin><ymin>408</ymin><xmax>1223</xmax><ymax>515</ymax></bndbox></object><object><name>pole</name><pose>Unspecified</pose><truncated>0</truncated><difficult>0</difficult><bndbox><xmin>1287</xmin><ymin>298</ymin><xmax>1296</xmax><ymax>524</ymax></bndbox></object><object><name>static</name><pose>Unspecified</pose><truncated>0</truncated><difficult>0</difficult><bndbox><xmin>1276</xmin><ymin>375</ymin><xmax>1304</xmax><ymax>418</ymax></bndbox></object><object><name>pole</name><pose>Unspecified</pose><truncated>0</truncated><difficult>0</difficult><bndbox><xmin>1252</xmin><ymin>405</ymin><xmax>1263</xmax><ymax>519</ymax></bndbox></object><object><name>traffic sign</name><pose>Unspecified</pose><truncated>0</truncated><difficult>0</difficult><bndbox><xmin>1183</xmin><ymin>390</ymin><xmax>1274</xmax><ymax>411</ymax></bndbox></object><object><name>traffic sign</name><pose>Unspecified</pose><truncated>0</truncated><difficult>0</difficult><bndbox><xmin>1185</xmin><ymin>365</ymin><xmax>1271</xmax><ymax>388</ymax></bndbox></object><object><name>traffic sign</name><pose>Unspecified</pose><truncated>0</truncated><difficult>0</difficult><bndbox><xmin>1186</xmin><ymin>338</ymin><xmax>1271</xmax><ymax>362</ymax></bndbox></object><object><name>traffic sign</name><pose>Unspecified</pose><truncated>0</truncated><difficult>0</difficult><bndbox><xmin>1188</xmin><ymin>311</ymin><xmax>1270</xmax><ymax>337</ymax></bndbox></object><object><name>car</name><pose>Unspecified</pose><truncated>0</truncated><difficult>0</difficult><bndbox><xmin>947</xmin><ymin>459</ymin><xmax>1013</xmax><ymax>523</ymax></bndbox></object><object><name>car</name><pose>Unspecified</pose><truncated>0</truncated><difficult>0</difficult><bndbox><xmin>785</xmin><ymin>447</ymin><xmax>862</xmax><ymax>496</ymax></bndbox></object><object><name>car</name><pose>Unspecified</pose><truncated>0</truncated><difficult>0</difficult><bndbox><xmin>744</xmin><ymin>452</ymin><xmax>843</xmax><ymax>532</ymax></bndbox></object><object><name>static</name><pose>Unspecified</pose><truncated>0</truncated><difficult>0</difficult><bndbox><xmin>757</xmin><ymin>414</ymin><xmax>778</xmax><ymax>436</ymax></bndbox></object><object><name>static</name><pose>Unspecified</pose><truncated>0</truncated><difficult>0</difficult><bndbox><xmin>647</xmin><ymin>387</ymin><xmax>679</xmax><ymax>419</ymax></bndbox></object><object><name>static</name><pose>Unspecified</pose><truncated>0</truncated><difficult>0</difficult><bndbox><xmin>675</xmin><ymin>373</ymin><xmax>703</xmax><ymax>425</ymax></bndbox></object><object><name>pole</name><pose>Unspecified</pose><truncated>0</truncated><difficult>0</difficult><bndbox><xmin>688</xmin><ymin>368</ymin><xmax>694</xmax><ymax>447</ymax></bndbox></object><object><name>car</name><pose>Unspecified</pose><truncated>0</truncated><difficult>0</difficult><bndbox><xmin>687</xmin><ymin>442</ymin><xmax>774</xmax><ymax>543</ymax></bndbox></object><object><name>car</name><pose>Unspecified</pose><truncated>0</truncated><difficult>0</difficult><bndbox><xmin>547</xmin><ymin>409</ymin><xmax>721</xmax><ymax>560</ymax></bndbox></object><object><name>dynamic</name><pose>Unspecified</pose><truncated>0</truncated><difficult>0</difficult><bndbox><xmin>138</xmin><ymin>234</ymin><xmax>495</xmax><ymax>395</ymax></bndbox></object><object><name>vegetation</name><pose>Unspecified</pose><truncated>0</truncated><difficult>0</difficult><bndbox><xmin>177</xmin><ymin>335</ymin><xmax>581</xmax><ymax>450</ymax></bndbox></object><object><name>dynamic</name><pose>Unspecified</pose><truncated>0</truncated><difficult>0</difficult><bndbox><xmin>0</xmin><ymin>189</ymin><xmax>396</xmax><ymax>451</ymax></bndbox></object><object><name>vegetation</name><pose>Unspecified</pose><truncated>0</truncated><difficult>0</difficult><bndbox><xmin>0</xmin><ymin>308</ymin><xmax>65</xmax><ymax>505</ymax></bndbox></object><object><name>fence</name><pose>Unspecified</pose><truncated>0</truncated><difficult>0</difficult><bndbox><xmin>0</xmin><ymin>484</ymin><xmax>93</xmax><ymax>610</ymax></bndbox></object><object><name>car</name><pose>Unspecified</pose><truncated>0</truncated><difficult>0</difficult><bndbox><xmin>822</xmin><ymin>434</ymin><xmax>965</xmax><ymax>548</ymax></bndbox></object><object><name>car</name><pose>Unspecified</pose><truncated>0</truncated><difficult>0</difficult><bndbox><xmin>1014</xmin><ymin>431</ymin><xmax>1181</xmax><ymax>571</ymax></bndbox></object><object><name>car</name><pose>Unspecified</pose><truncated>0</truncated><difficult>0</difficult><bndbox><xmin>0</xmin><ymin>384</ymin><xmax>629</xmax><ymax>762</ymax></bndbox></object><object><name>pole</name><pose>Unspecified</pose><truncated>0</truncated><difficult>0</difficult><bndbox><xmin>1065</xmin><ymin>180</ymin><xmax>1122</xmax><ymax>184</ymax></bndbox></object><object><name>static</name><pose>Unspecified</pose><truncated>0</truncated><difficult>0</difficult><bndbox><xmin>1070</xmin><ymin>186</ymin><xmax>1103</xmax><ymax>216</ymax></bndbox></object><object><name>pole</name><pose>Unspecified</pose><truncated>0</truncated><difficult>0</difficult><bndbox><xmin>1059</xmin><ymin>271</ymin><xmax>1105</xmax><ymax>275</ymax></bndbox></object><object><name>static</name><pose>Unspecified</pose><truncated>0</truncated><difficult>0</difficult><bndbox><xmin>1058</xmin><ymin>274</ymin><xmax>1078</xmax><ymax>300</ymax></bndbox></object><object><name>static</name><pose>Unspecified</pose><truncated>0</truncated><difficult>0</difficult><bndbox><xmin>1055</xmin><ymin>0</ymin><xmax>1105</xmax><ymax>43</ymax></bndbox></object><object><name>vegetation</name><pose>Unspecified</pose><truncated>0</truncated><difficult>0</difficult><bndbox><xmin>1097</xmin><ymin>0</ymin><xmax>1641</xmax><ymax>533</ymax></bndbox></object><object><name>static</name><pose>Unspecified</pose><truncated>0</truncated><difficult>0</difficult><bndbox><xmin>1376</xmin><ymin>464</ymin><xmax>1394</xmax><ymax>516</ymax></bndbox></object><object><name>static</name><pose>Unspecified</pose><truncated>0</truncated><difficult>0</difficult><bndbox><xmin>1384</xmin><ymin>475</ymin><xmax>1400</xmax><ymax>519</ymax></bndbox></object><object><name>pole</name><pose>Unspecified</pose><truncated>0</truncated><difficult>0</difficult><bndbox><xmin>1406</xmin><ymin>0</ymin><xmax>1421</xmax><ymax>538</ymax></bndbox></object><object><name>bicycle</name><pose>Unspecified</pose><truncated>0</truncated><difficult>0</difficult><bndbox><xmin>1396</xmin><ymin>462</ymin><xmax>1496</xmax><ymax>547</ymax></bndbox></object><object><name>polegroup</name><pose>Unspecified</pose><truncated>0</truncated><difficult>0</difficult><bndbox><xmin>1435</xmin><ymin>484</ymin><xmax>1638</xmax><ymax>566</ymax></bndbox></object><object><name>bicycle</name><pose>Unspecified</pose><truncated>0</truncated><difficult>0</difficult><bndbox><xmin>1543</xmin><ymin>450</ymin><xmax>1708</xmax><ymax>583</ymax></bndbox></object><object><name>vegetation</name><pose>Unspecified</pose><truncated>0</truncated><difficult>0</difficult><bndbox><xmin>1207</xmin><ymin>0</ymin><xmax>2048</xmax><ymax>603</ymax></bndbox></object><object><name>pole</name><pose>Unspecified</pose><truncated>0</truncated><difficult>0</difficult><bndbox><xmin>1835</xmin><ymin>0</ymin><xmax>1881</xmax><ymax>644</ymax></bndbox></object><object><name>license plate</name><pose>Unspecified</pose><truncated>0</truncated><difficult>0</difficult><bndbox><xmin>35</xmin><ymin>649</ymin><xmax>191</xmax><ymax>685</ymax></bndbox></object><object><name>traffic sign</name><pose>Unspecified</pose><truncated>0</truncated><difficult>0</difficult><bndbox><xmin>1366</xmin><ymin>293</ymin><xmax>1461</xmax><ymax>353</ymax></bndbox></object><object><name>person</name><pose>Unspecified</pose><truncated>0</truncated><difficult>0</difficult><bndbox><xmin>1227</xmin><ymin>451</ymin><xmax>1254</xmax><ymax>519</ymax></bndbox></object><object><name>license plate</name><pose>Unspecified</pose><truncated>0</truncated><difficult>0</difficult><bndbox><xmin>1074</xmin><ymin>492</ymin><xmax>1124</xmax><ymax>504</ymax></bndbox></object><object><name>license plate</name><pose>Unspecified</pose><truncated>0</truncated><difficult>0</difficult><bndbox><xmin>864</xmin><ymin>510</ymin><xmax>903</xmax><ymax>520</ymax></bndbox></object><object><name>ego vehicle</name><pose>Unspecified</pose><truncated>0</truncated><difficult>0</difficult><bndbox><xmin>271</xmin><ymin>844</ymin><xmax>2028</xmax><ymax>1023</ymax></bndbox></object><object><name>out of roi</name><pose>Unspecified</pose><truncated>0</truncated><difficult>0</difficult><bndbox><xmin>0</xmin><ymin>0</ymin><xmax>2048</xmax><ymax>1024</ymax></bndbox></object></annotation>