{"imgHeight": 1024, "imgWidth": 2048, "objects": [{"label": "sky", "bounding_box": [700, 0, 1343, 347]}, {"label": "road", "bounding_box": [0, 467, 2048, 1024]}, {"label": "static", "bounding_box": [824, 164, 937, 273]}, {"label": "vegetation", "bounding_box": [765, 241, 1216, 483]}, {"label": "building", "bounding_box": [1198, 383, 1430, 478]}, {"label": "sidewalk", "bounding_box": [1156, 470, 2048, 1024]}, {"label": "pole", "bounding_box": [921, 429, 923, 479]}, {"label": "traffic sign", "bounding_box": [918, 422, 929, 437]}, {"label": "sidewalk", "bounding_box": [0, 487, 574, 751]}, {"label": "building", "bounding_box": [0, 0, 869, 611]}, {"label": "dynamic", "bounding_box": [159, 446, 408, 589]}, {"label": "static", "bounding_box": [512, 334, 550, 365]}, {"label": "fence", "bounding_box": [159, 449, 408, 589]}, {"label": "static", "bounding_box": [443, 323, 476, 363]}, {"label": "static", "bounding_box": [391, 320, 436, 359]}, {"label": "dynamic", "bounding_box": [356, 540, 401, 553]}, {"label": "pole", "bounding_box": [380, 297, 391, 544]}, {"label": "dynamic", "bounding_box": [231, 560, 294, 576]}, {"label": "pole", "bounding_box": [320, 507, 344, 572]}, {"label": "pole", "bounding_box": [214, 517, 237, 586]}, {"label": "traffic sign", "bounding_box": [166, 440, 186, 476]}, {"label": "dynamic", "bounding_box": [598, 368, 700, 444]}, {"label": "pole", "bounding_box": [820, 394, 826, 458]}, {"label": "traffic sign", "bounding_box": [811, 381, 833, 400]}, {"label": "car", "bounding_box": [793, 440, 832, 476]}, {"label": "static", "bounding_box": [768, 391, 790, 422]}, {"label": "pole", "bounding_box": [776, 387, 779, 436]}, {"label": "pole", "bounding_box": [911, 348, 982, 460]}, {"label": "car", "bounding_box": [944, 457, 998, 502]}, {"label": "car", "bounding_box": [922, 453, 993, 502]}, {"label": "car", "bounding_box": [808, 435, 924, 528]}, {"label": "car", "bounding_box": [394, 379, 638, 563]}, {"label": "car", "bounding_box": [544, 410, 823, 616]}, {"label": "pole", "bounding_box": [6, 261, 16, 417]}, {"label": "traffic sign", "bounding_box": [0, 191, 70, 292]}, {"label": "car", "bounding_box": [0, 405, 214, 713]}, {"label": "cargroup", "bounding_box": [1035, 464, 1073, 499]}, {"label": "pole", "bounding_box": [1130, 411, 1133, 478]}, {"label": "traffic light", "bounding_box": [1130, 435, 1141, 452]}, {"label": "static", "bounding_box": [1122, 456, 1148, 482]}, {"label": "static", "bounding_box": [1169, 456, 1202, 479]}, {"label": "static", "bounding_box": [1161, 443, 1173, 453]}, {"label": "pole", "bounding_box": [1165, 437, 1169, 475]}, {"label": "static", "bounding_box": [1173, 413, 1200, 491]}, {"label": "vegetation", "bounding_box": [1338, 0, 2048, 501]}, {"label": "vegetation", "bounding_box": [768, 0, 1499, 514]}, {"label": "static", "bounding_box": [1017, 44, 1059, 89]}, {"label": "static", "bounding_box": [1037, 196, 1067, 228]}, {"label": "static", "bounding_box": [1065, 258, 1090, 282]}, {"label": "cargroup", "bounding_box": [995, 471, 1023, 493]}, {"label": "traffic light", "bounding_box": [1078, 381, 1089, 405]}, {"label": "pole", "bounding_box": [1217, 363, 1223, 491]}, {"label": "static", "bounding_box": [1226, 413, 1237, 433]}, {"label": "pole", "bounding_box": [1233, 372, 1236, 491]}, {"label": "car", "bounding_box": [1059, 436, 1136, 504]}, {"label": "person", "bounding_box": [1383, 421, 1403, 494]}, {"label": "person", "bounding_box": [1403, 414, 1432, 491]}, {"label": "vegetation", "bounding_box": [1430, 0, 1528, 540]}, {"label": "vegetation", "bounding_box": [1778, 0, 1888, 602]}, {"label": "pole", "bounding_box": [1605, 0, 1646, 560]}, {"label": "license plate", "bounding_box": [608, 551, 686, 572]}, {"label": "license plate", "bounding_box": [440, 507, 496, 520]}, {"label": "rider", "bounding_box": [1002, 468, 1014, 484]}, {"label": "motorcycle", "bounding_box": [1003, 481, 1017, 499]}, {"label": "persongroup", "bounding_box": [992, 459, 1023, 472]}, {"label": "traffic light", "bounding_box": [1181, 439, 1192, 455]}, {"label": "ego vehicle", "bounding_box": [271, 844, 2028, 1023]}, {"label": "out of roi", "bounding_box": [0, 0, 2048, 1024]}]}