{"imgHeight": 1024, "imgWidth": 2048, "objects": [{"label": "road", "bounding_box": [0, 264, 2048, 1024]}, {"label": "ground", "bounding_box": [1360, 535, 2047, 1000]}, {"label": "parking", "bounding_box": [1360, 535, 2047, 1000]}, {"label": "sky", "bounding_box": [0, 0, 1621, 460]}, {"label": "static", "bounding_box": [977, 322, 1027, 369]}, {"label": "sidewalk", "bounding_box": [1279, 418, 2048, 1004]}, {"label": "static", "bounding_box": [52, 252, 69, 349]}, {"label": "building", "bounding_box": [0, 104, 952, 456]}, {"label": "vegetation", "bounding_box": [993, 332, 1043, 378]}, {"label": "sidewalk", "bounding_box": [0, 442, 850, 515]}, {"label": "building", "bounding_box": [825, 200, 995, 407]}, {"label": "vegetation", "bounding_box": [0, 0, 154, 277]}, {"label": "fence", "bounding_box": [44, 384, 846, 440]}, {"label": "wall", "bounding_box": [79, 412, 520, 444]}, {"label": "terrain", "bounding_box": [0, 353, 1426, 501]}, {"label": "static", "bounding_box": [222, 398, 285, 435]}, {"label": "vegetation", "bounding_box": [81, 304, 178, 432]}, {"label": "pole", "bounding_box": [171, 261, 181, 457]}, {"label": "static", "bounding_box": [167, 257, 179, 267]}, {"label": "vegetation", "bounding_box": [249, 318, 343, 447]}, {"label": "pole", "bounding_box": [355, 403, 357, 447]}, {"label": "dynamic", "bounding_box": [227, 441, 400, 476]}, {"label": "static", "bounding_box": [323, 376, 348, 474]}, {"label": "traffic sign", "bounding_box": [354, 392, 363, 409]}, {"label": "static", "bounding_box": [377, 386, 392, 404]}, {"label": "pole", "bounding_box": [384, 386, 386, 472]}, {"label": "vegetation", "bounding_box": [401, 327, 490, 467]}, {"label": "static", "bounding_box": [431, 418, 440, 436]}, {"label": "pole", "bounding_box": [436, 397, 438, 467]}, {"label": "static", "bounding_box": [534, 413, 576, 460]}, {"label": "terrain", "bounding_box": [0, 467, 1053, 707]}, {"label": "terrain", "bounding_box": [0, 445, 1173, 684]}, {"label": "rail track", "bounding_box": [0, 453, 1061, 636]}, {"label": "static", "bounding_box": [621, 201, 709, 457]}, {"label": "pole", "bounding_box": [364, 9, 531, 485]}, {"label": "static", "bounding_box": [339, 1, 382, 20]}, {"label": "vegetation", "bounding_box": [870, 351, 939, 405]}, {"label": "pole", "bounding_box": [908, 383, 911, 419]}, {"label": "pole", "bounding_box": [958, 194, 1051, 452]}, {"label": "static", "bounding_box": [951, 191, 972, 200]}, {"label": "pole", "bounding_box": [941, 0, 962, 419]}, {"label": "pole", "bounding_box": [740, 133, 851, 462]}, {"label": "static", "bounding_box": [724, 129, 753, 141]}, {"label": "pole", "bounding_box": [662, 0, 701, 520]}, {"label": "static", "bounding_box": [1070, 377, 1084, 392]}, {"label": "pole", "bounding_box": [1074, 378, 1076, 420]}, {"label": "cargroup", "bounding_box": [1290, 399, 1438, 453]}, {"label": "vegetation", "bounding_box": [1077, 0, 2048, 477]}, {"label": "pole", "bounding_box": [1094, 230, 1168, 410]}, {"label": "static", "bounding_box": [1085, 227, 1098, 235]}, {"label": "static", "bounding_box": [1106, 158, 1115, 175]}, {"label": "pole", "bounding_box": [1113, 130, 1127, 410]}, {"label": "pole", "bounding_box": [1243, 302, 1253, 431]}, {"label": "car", "bounding_box": [1439, 410, 1470, 423]}, {"label": "car", "bounding_box": [1403, 411, 1439, 443]}, {"label": "static", "bounding_box": [1476, 367, 1542, 433]}, {"label": "vegetation", "bounding_box": [1432, 401, 1593, 448]}, {"label": "traffic sign", "bounding_box": [1380, 374, 1396, 397]}, {"label": "pole", "bounding_box": [1404, 318, 1414, 465]}, {"label": "traffic sign", "bounding_box": [1386, 286, 1428, 323]}, {"label": "traffic sign", "bounding_box": [1397, 322, 1418, 344]}, {"label": "pole", "bounding_box": [1432, 312, 1445, 489]}, {"label": "car", "bounding_box": [1245, 408, 1306, 452]}, {"label": "terrain", "bounding_box": [1312, 475, 1438, 506]}, {"label": "terrain", "bounding_box": [1319, 457, 1361, 481]}, {"label": "static", "bounding_box": [1331, 427, 1403, 489]}, {"label": "building", "bounding_box": [1588, 221, 2048, 473]}, {"label": "static", "bounding_box": [1388, 208, 1505, 251]}, {"label": "fence", "bounding_box": [1965, 299, 2048, 478]}, {"label": "car", "bounding_box": [1039, 406, 1230, 556]}, {"label": "license plate", "bounding_box": [1103, 465, 1158, 482]}, {"label": "static", "bounding_box": [918, 384, 933, 404]}, {"label": "traffic sign", "bounding_box": [900, 386, 919, 404]}, {"label": "pole", "bounding_box": [925, 383, 928, 418]}, {"label": "car", "bounding_box": [885, 414, 1015, 505]}, {"label": "license plate", "bounding_box": [916, 470, 950, 477]}, {"label": "traffic sign", "bounding_box": [1528, 373, 1540, 391]}, {"label": "ego vehicle", "bounding_box": [271, 844, 2028, 1023]}, {"label": "out of roi", "bounding_box": [0, 0, 2048, 1024]}]}