{"imgHeight": 1024, "imgWidth": 2048, "objects": [{"label": "sky", "bounding_box": [0, 0, 2048, 390]}, {"label": "road", "bounding_box": [0, 400, 2050, 1024]}, {"label": "vegetation", "bounding_box": [837, 302, 1222, 459]}, {"label": "building", "bounding_box": [309, 321, 857, 458]}, {"label": "building", "bounding_box": [1183, 303, 1646, 466]}, {"label": "vegetation", "bounding_box": [1686, 239, 2048, 466]}, {"label": "cargroup", "bounding_box": [1695, 421, 2014, 464]}, {"label": "building", "bounding_box": [0, 313, 102, 452]}, {"label": "sidewalk", "bounding_box": [0, 446, 509, 466]}, {"label": "car", "bounding_box": [0, 425, 48, 453]}, {"label": "pole", "bounding_box": [21, 383, 28, 475]}, {"label": "traffic sign", "bounding_box": [0, 383, 21, 390]}, {"label": "sidewalk", "bounding_box": [0, 470, 480, 521]}, {"label": "sidewalk", "bounding_box": [0, 499, 510, 705]}, {"label": "static", "bounding_box": [724, 323, 1181, 485]}, {"label": "pole", "bounding_box": [903, 125, 911, 436]}, {"label": "static", "bounding_box": [911, 127, 933, 133]}, {"label": "static", "bounding_box": [886, 125, 907, 132]}, {"label": "traffic sign", "bounding_box": [898, 432, 910, 451]}, {"label": "sidewalk", "bounding_box": [1074, 450, 1414, 477]}, {"label": "car", "bounding_box": [1294, 432, 1314, 460]}, {"label": "pole", "bounding_box": [1261, 351, 1263, 464]}, {"label": "traffic sign", "bounding_box": [1254, 346, 1267, 366]}, {"label": "traffic sign", "bounding_box": [1252, 366, 1270, 392]}, {"label": "car", "bounding_box": [1008, 422, 1092, 464]}, {"label": "pole", "bounding_box": [1220, 1, 1224, 201]}, {"label": "dynamic", "bounding_box": [389, 163, 740, 245]}, {"label": "pole", "bounding_box": [295, 48, 443, 229]}, {"label": "bridge", "bounding_box": [0, 145, 2048, 479]}, {"label": "static", "bounding_box": [164, 357, 246, 455]}, {"label": "traffic light", "bounding_box": [54, 371, 65, 396]}, {"label": "traffic light", "bounding_box": [69, 373, 79, 397]}, {"label": "pole", "bounding_box": [64, 369, 71, 461]}, {"label": "static", "bounding_box": [63, 332, 76, 345]}, {"label": "static", "bounding_box": [62, 346, 78, 363]}, {"label": "pole", "bounding_box": [69, 332, 72, 378]}, {"label": "traffic light", "bounding_box": [58, 373, 70, 400]}, {"label": "terrain", "bounding_box": [0, 475, 293, 503]}, {"label": "static", "bounding_box": [212, 367, 274, 482]}, {"label": "person", "bounding_box": [245, 404, 286, 487]}, {"label": "vegetation", "bounding_box": [329, 424, 481, 449]}, {"label": "static", "bounding_box": [425, 431, 443, 453]}, {"label": "pole", "bounding_box": [433, 431, 436, 459]}, {"label": "pole", "bounding_box": [418, 387, 421, 451]}, {"label": "person", "bounding_box": [389, 420, 400, 450]}, {"label": "static", "bounding_box": [336, 376, 349, 391]}, {"label": "static", "bounding_box": [333, 391, 353, 410]}, {"label": "traffic light", "bounding_box": [325, 346, 346, 383]}, {"label": "traffic light", "bounding_box": [345, 346, 368, 376]}, {"label": "pole", "bounding_box": [341, 341, 350, 476]}, {"label": "vegetation", "bounding_box": [0, 0, 302, 478]}, {"label": "traffic sign", "bounding_box": [331, 217, 443, 278]}, {"label": "person", "bounding_box": [428, 400, 472, 520]}, {"label": "building", "bounding_box": [479, 340, 671, 515]}, {"label": "pole", "bounding_box": [448, 197, 463, 548]}, {"label": "pole", "bounding_box": [507, 0, 540, 438]}, {"label": "traffic sign", "bounding_box": [621, 301, 655, 354]}, {"label": "pole", "bounding_box": [723, 0, 736, 429]}, {"label": "traffic light", "bounding_box": [696, 342, 724, 382]}, {"label": "traffic light", "bounding_box": [727, 344, 756, 381]}, {"label": "traffic light", "bounding_box": [709, 345, 724, 382]}, {"label": "traffic light", "bounding_box": [727, 345, 742, 381]}, {"label": "traffic sign", "bounding_box": [714, 319, 741, 344]}, {"label": "traffic sign", "bounding_box": [709, 283, 746, 319]}, {"label": "sidewalk", "bounding_box": [1650, 471, 2048, 491]}, {"label": "fence", "bounding_box": [1665, 443, 2042, 485]}, {"label": "static", "bounding_box": [1807, 423, 1928, 496]}, {"label": "terrain", "bounding_box": [1251, 484, 1372, 519]}, {"label": "sidewalk", "bounding_box": [1602, 492, 2048, 701]}, {"label": "terrain", "bounding_box": [1715, 487, 2048, 528]}, {"label": "vegetation", "bounding_box": [1803, 383, 1924, 497]}, {"label": "static", "bounding_box": [1789, 342, 1797, 365]}, {"label": "static", "bounding_box": [1789, 367, 1795, 386]}, {"label": "pole", "bounding_box": [1792, 342, 1796, 488]}, {"label": "terrain", "bounding_box": [1666, 520, 2047, 622]}, {"label": "pole", "bounding_box": [1459, 342, 1469, 411]}, {"label": "traffic light", "bounding_box": [1468, 371, 1481, 399]}, {"label": "pole", "bounding_box": [1550, 384, 1554, 414]}, {"label": "traffic light", "bounding_box": [1548, 357, 1558, 387]}, {"label": "static", "bounding_box": [1361, 365, 1370, 386]}, {"label": "pole", "bounding_box": [1361, 356, 1372, 487]}, {"label": "traffic sign", "bounding_box": [1371, 360, 1399, 368]}, {"label": "pole", "bounding_box": [1352, 355, 1358, 488]}, {"label": "traffic sign", "bounding_box": [1340, 336, 1374, 359]}, {"label": "bicycle", "bounding_box": [2000, 441, 2038, 568]}, {"label": "rider", "bounding_box": [2002, 381, 2048, 552]}, {"label": "pole", "bounding_box": [1040, 129, 1295, 488]}, {"label": "traffic light", "bounding_box": [1262, 332, 1290, 378]}, {"label": "traffic light", "bounding_box": [1276, 334, 1292, 375]}, {"label": "traffic sign", "bounding_box": [1275, 294, 1305, 324]}, {"label": "traffic sign", "bounding_box": [1271, 256, 1311, 295]}, {"label": "traffic light", "bounding_box": [1026, 163, 1044, 219]}, {"label": "car", "bounding_box": [934, 414, 1042, 499]}, {"label": "license plate", "bounding_box": [972, 455, 1003, 463]}, {"label": "car", "bounding_box": [1097, 420, 1212, 500]}, {"label": "license plate", "bounding_box": [1149, 469, 1181, 477]}, {"label": "car", "bounding_box": [765, 357, 889, 503]}, {"label": "license plate", "bounding_box": [780, 448, 812, 456]}, {"label": "car", "bounding_box": [496, 353, 769, 594]}, {"label": "license plate", "bounding_box": [569, 465, 640, 484]}, {"label": "vegetation", "bounding_box": [1288, 0, 2048, 578]}, {"label": "car", "bounding_box": [1349, 405, 1677, 624]}, {"label": "license plate", "bounding_box": [1517, 493, 1600, 514]}, {"label": "traffic sign", "bounding_box": [1155, 400, 1162, 410]}, {"label": "traffic light", "bounding_box": [1148, 387, 1155, 402]}, {"label": "ego vehicle", "bounding_box": [271, 844, 2028, 1023]}, {"label": "out of roi", "bounding_box": [0, 0, 2048, 1024]}]}