{"imgHeight": 1024, "imgWidth": 2048, "objects": [{"label": "road", "bounding_box": [0, 282, 2048, 1024]}, {"label": "sidewalk", "bounding_box": [795, 433, 925, 463]}, {"label": "sidewalk", "bounding_box": [49, 449, 743, 568]}, {"label": "static", "bounding_box": [294, 0, 407, 252]}, {"label": "static", "bounding_box": [224, 28, 260, 68]}, {"label": "building", "bounding_box": [0, 0, 1012, 528]}, {"label": "static", "bounding_box": [255, 464, 292, 504]}, {"label": "pole", "bounding_box": [935, 378, 939, 430]}, {"label": "car", "bounding_box": [0, 398, 81, 607]}, {"label": "motorcycle", "bounding_box": [150, 439, 274, 507]}, {"label": "dynamic", "bounding_box": [112, 451, 164, 519]}, {"label": "pole", "bounding_box": [385, 451, 394, 493]}, {"label": "pole", "bounding_box": [364, 453, 373, 494]}, {"label": "pole", "bounding_box": [345, 455, 353, 496]}, {"label": "pole", "bounding_box": [325, 456, 332, 499]}, {"label": "pole", "bounding_box": [301, 455, 310, 500]}, {"label": "pole", "bounding_box": [278, 457, 287, 502]}, {"label": "dynamic", "bounding_box": [156, 361, 284, 397]}, {"label": "vegetation", "bounding_box": [331, 396, 433, 453]}, {"label": "vegetation", "bounding_box": [445, 460, 478, 483]}, {"label": "terrain", "bounding_box": [517, 454, 591, 475]}, {"label": "fence", "bounding_box": [407, 446, 454, 490]}, {"label": "fence", "bounding_box": [461, 446, 483, 485]}, {"label": "static", "bounding_box": [399, 171, 420, 209]}, {"label": "car", "bounding_box": [593, 426, 643, 451]}, {"label": "car", "bounding_box": [519, 421, 620, 457]}, {"label": "car", "bounding_box": [531, 429, 611, 462]}, {"label": "pole", "bounding_box": [522, 295, 529, 434]}, {"label": "static", "bounding_box": [503, 362, 532, 398]}, {"label": "static", "bounding_box": [520, 432, 539, 466]}, {"label": "pole", "bounding_box": [504, 119, 524, 481]}, {"label": "static", "bounding_box": [520, 297, 528, 356]}, {"label": "pole", "bounding_box": [542, 298, 551, 464]}, {"label": "traffic sign", "bounding_box": [633, 389, 661, 393]}, {"label": "pole", "bounding_box": [658, 384, 662, 432]}, {"label": "static", "bounding_box": [699, 159, 733, 175]}, {"label": "static", "bounding_box": [811, 252, 835, 263]}, {"label": "static", "bounding_box": [727, 291, 750, 344]}, {"label": "pole", "bounding_box": [697, 221, 708, 431]}, {"label": "person", "bounding_box": [733, 421, 747, 436]}, {"label": "car", "bounding_box": [703, 430, 755, 462]}, {"label": "vegetation", "bounding_box": [658, 266, 897, 463]}, {"label": "terrain", "bounding_box": [695, 460, 738, 468]}, {"label": "static", "bounding_box": [693, 427, 716, 468]}, {"label": "cargroup", "bounding_box": [784, 427, 895, 461]}, {"label": "car", "bounding_box": [847, 429, 885, 458]}, {"label": "car", "bounding_box": [736, 424, 799, 472]}, {"label": "car", "bounding_box": [609, 428, 701, 495]}, {"label": "rider", "bounding_box": [473, 408, 522, 503]}, {"label": "motorcycle", "bounding_box": [473, 441, 520, 520]}, {"label": "building", "bounding_box": [1052, 353, 1076, 418]}, {"label": "vegetation", "bounding_box": [929, 341, 1099, 426]}, {"label": "pole", "bounding_box": [920, 370, 924, 433]}, {"label": "static", "bounding_box": [919, 427, 998, 444]}, {"label": "static", "bounding_box": [1040, 402, 1068, 412]}, {"label": "sidewalk", "bounding_box": [1117, 426, 2048, 954]}, {"label": "building", "bounding_box": [1140, 0, 2048, 490]}, {"label": "pole", "bounding_box": [1185, 259, 1197, 446]}, {"label": "vegetation", "bounding_box": [1060, 232, 1217, 432]}, {"label": "car", "bounding_box": [1104, 420, 1135, 451]}, {"label": "car", "bounding_box": [1119, 420, 1189, 474]}, {"label": "static", "bounding_box": [1193, 372, 1212, 385]}, {"label": "traffic sign", "bounding_box": [1177, 357, 1196, 383]}, {"label": "traffic sign", "bounding_box": [1164, 357, 1192, 365]}, {"label": "pole", "bounding_box": [1162, 356, 1167, 477]}, {"label": "vegetation", "bounding_box": [1225, 109, 1330, 430]}, {"label": "wall", "bounding_box": [1225, 417, 1267, 456]}, {"label": "pole", "bounding_box": [1216, 202, 1228, 451]}, {"label": "fence", "bounding_box": [1263, 417, 1350, 454]}, {"label": "static", "bounding_box": [1300, 415, 1326, 452]}, {"label": "dynamic", "bounding_box": [1337, 410, 1377, 450]}, {"label": "bicycle", "bounding_box": [1207, 430, 1217, 460]}, {"label": "rider", "bounding_box": [1202, 403, 1222, 452]}, {"label": "static", "bounding_box": [1392, 303, 1430, 362]}, {"label": "static", "bounding_box": [1519, 316, 2048, 529]}, {"label": "fence", "bounding_box": [1512, 432, 1559, 494]}, {"label": "wall", "bounding_box": [1510, 485, 1553, 502]}, {"label": "wall", "bounding_box": [1797, 513, 2048, 557]}, {"label": "fence", "bounding_box": [1816, 437, 2048, 529]}, {"label": "bicycle", "bounding_box": [1545, 423, 1663, 518]}, {"label": "bicycle", "bounding_box": [1503, 430, 1527, 498]}, {"label": "person", "bounding_box": [1467, 357, 1520, 515]}, {"label": "car", "bounding_box": [968, 410, 1140, 548]}, {"label": "static", "bounding_box": [1011, 157, 1046, 172]}, {"label": "static", "bounding_box": [1021, 252, 1046, 262]}, {"label": "license plate", "bounding_box": [1027, 493, 1077, 505]}, {"label": "ego vehicle", "bounding_box": [271, 844, 2028, 1023]}, {"label": "out of roi", "bounding_box": [0, 0, 2048, 1024]}]}