<annotation><filename>bremen_000286_000019_gtFine_boxes.jpg</filename><folder>CityScapes</folder><size><width>2048</width><height>1024</height><depth>3</depth></size><segmented>0</segmented><object><name>sky</name><pose>Unspecified</pose><truncated>0</truncated><difficult>0</difficult><bndbox><xmin>377</xmin><ymin>0</ymin><xmax>1398</xmax><ymax>395</ymax></bndbox></object><object><name>road</name><pose>Unspecified</pose><truncated>0</truncated><difficult>0</difficult><bndbox><xmin>0</xmin><ymin>391</ymin><xmax>2048</xmax><ymax>1024</ymax></bndbox></object><object><name>sidewalk</name><pose>Unspecified</pose><truncated>0</truncated><difficult>0</difficult><bndbox><xmin>1390</xmin><ymin>441</ymin><xmax>1731</xmax><ymax>459</ymax></bndbox></object><object><name>sidewalk</name><pose>Unspecified</pose><truncated>0</truncated><difficult>0</difficult><bndbox><xmin>1119</xmin><ymin>472</ymin><xmax>2048</xmax><ymax>1024</ymax></bndbox></object><object><name>building</name><pose>Unspecified</pose><truncated>0</truncated><difficult>0</difficult><bndbox><xmin>466</xmin><ymin>227</ymin><xmax>777</xmax><ymax>461</ymax></bndbox></object><object><name>vegetation</name><pose>Unspecified</pose><truncated>0</truncated><difficult>0</difficult><bndbox><xmin>468</xmin><ymin>286</ymin><xmax>613</xmax><ymax>449</ymax></bndbox></object><object><name>vegetation</name><pose>Unspecified</pose><truncated>0</truncated><difficult>0</difficult><bndbox><xmin>642</xmin><ymin>323</ymin><xmax>746</xmax><ymax>451</ymax></bndbox></object><object><name>building</name><pose>Unspecified</pose><truncated>0</truncated><difficult>0</difficult><bndbox><xmin>738</xmin><ymin>206</ymin><xmax>1253</xmax><ymax>459</ymax></bndbox></object><object><name>car</name><pose>Unspecified</pose><truncated>0</truncated><difficult>0</difficult><bndbox><xmin>1093</xmin><ymin>421</ymin><xmax>1153</xmax><ymax>445</ymax></bndbox></object><object><name>person</name><pose>Unspecified</pose><truncated>0</truncated><difficult>0</difficult><bndbox><xmin>534</xmin><ymin>434</ymin><xmax>544</xmax><ymax>450</ymax></bndbox></object><object><name>car</name><pose>Unspecified</pose><truncated>0</truncated><difficult>0</difficult><bndbox><xmin>498</xmin><ymin>442</ymin><xmax>540</xmax><ymax>458</ymax></bndbox></object><object><name>sidewalk</name><pose>Unspecified</pose><truncated>0</truncated><difficult>0</difficult><bndbox><xmin>0</xmin><ymin>462</ymin><xmax>573</xmax><ymax>506</ymax></bndbox></object><object><name>rider</name><pose>Unspecified</pose><truncated>0</truncated><difficult>0</difficult><bndbox><xmin>489</xmin><ymin>433</ymin><xmax>504</xmax><ymax>465</ymax></bndbox></object><object><name>building</name><pose>Unspecified</pose><truncated>0</truncated><difficult>0</difficult><bndbox><xmin>0</xmin><ymin>0</ymin><xmax>512</xmax><ymax>493</ymax></bndbox></object><object><name>vegetation</name><pose>Unspecified</pose><truncated>0</truncated><difficult>0</difficult><bndbox><xmin>0</xmin><ymin>424</ymin><xmax>273</xmax><ymax>486</ymax></bndbox></object><object><name>terrain</name><pose>Unspecified</pose><truncated>0</truncated><difficult>0</difficult><bndbox><xmin>0</xmin><ymin>466</ymin><xmax>353</xmax><ymax>490</ymax></bndbox></object><object><name>person</name><pose>Unspecified</pose><truncated>0</truncated><difficult>0</difficult><bndbox><xmin>426</xmin><ymin>433</ymin><xmax>445</xmax><ymax>491</ymax></bndbox></object><object><name>static</name><pose>Unspecified</pose><truncated>0</truncated><difficult>0</difficult><bndbox><xmin>436</xmin><ymin>459</ymin><xmax>459</xmax><ymax>489</ymax></bndbox></object><object><name>traffic light</name><pose>Unspecified</pose><truncated>0</truncated><difficult>0</difficult><bndbox><xmin>652</xmin><ymin>227</ymin><xmax>667</xmax><ymax>272</ymax></bndbox></object><object><name>pole</name><pose>Unspecified</pose><truncated>0</truncated><difficult>0</difficult><bndbox><xmin>341</xmin><ymin>100</ymin><xmax>363</xmax><ymax>483</ymax></bndbox></object><object><name>static</name><pose>Unspecified</pose><truncated>0</truncated><difficult>0</difficult><bndbox><xmin>224</xmin><ymin>419</ymin><xmax>248</xmax><ymax>456</ymax></bndbox></object><object><name>vegetation</name><pose>Unspecified</pose><truncated>0</truncated><difficult>0</difficult><bndbox><xmin>0</xmin><ymin>0</ymin><xmax>418</xmax><ymax>476</ymax></bndbox></object><object><name>pole</name><pose>Unspecified</pose><truncated>0</truncated><difficult>0</difficult><bndbox><xmin>407</xmin><ymin>111</ymin><xmax>691</xmax><ymax>489</ymax></bndbox></object><object><name>traffic light</name><pose>Unspecified</pose><truncated>0</truncated><difficult>0</difficult><bndbox><xmin>428</xmin><ymin>365</ymin><xmax>443</xmax><ymax>389</ymax></bndbox></object><object><name>pole</name><pose>Unspecified</pose><truncated>0</truncated><difficult>0</difficult><bndbox><xmin>558</xmin><ymin>411</ymin><xmax>563</xmax><ymax>456</ymax></bndbox></object><object><name>traffic light</name><pose>Unspecified</pose><truncated>0</truncated><difficult>0</difficult><bndbox><xmin>413</xmin><ymin>366</ymin><xmax>429</xmax><ymax>396</ymax></bndbox></object><object><name>rider</name><pose>Unspecified</pose><truncated>0</truncated><difficult>0</difficult><bndbox><xmin>306</xmin><ymin>419</ymin><xmax>344</xmax><ymax>487</ymax></bndbox></object><object><name>bicycle</name><pose>Unspecified</pose><truncated>0</truncated><difficult>0</difficult><bndbox><xmin>309</xmin><ymin>454</ymin><xmax>341</xmax><ymax>497</ymax></bndbox></object><object><name>person</name><pose>Unspecified</pose><truncated>0</truncated><difficult>0</difficult><bndbox><xmin>122</xmin><ymin>429</ymin><xmax>148</xmax><ymax>501</ymax></bndbox></object><object><name>person</name><pose>Unspecified</pose><truncated>0</truncated><difficult>0</difficult><bndbox><xmin>33</xmin><ymin>429</ymin><xmax>53</xmax><ymax>500</ymax></bndbox></object><object><name>car</name><pose>Unspecified</pose><truncated>0</truncated><difficult>0</difficult><bndbox><xmin>783</xmin><ymin>406</ymin><xmax>856</xmax><ymax>465</ymax></bndbox></object><object><name>sidewalk</name><pose>Unspecified</pose><truncated>0</truncated><difficult>0</difficult><bndbox><xmin>1728</xmin><ymin>398</ymin><xmax>2047</xmax><ymax>454</ymax></bndbox></object><object><name>building</name><pose>Unspecified</pose><truncated>0</truncated><difficult>0</difficult><bndbox><xmin>1210</xmin><ymin>0</ymin><xmax>2048</xmax><ymax>443</ymax></bndbox></object><object><name>vegetation</name><pose>Unspecified</pose><truncated>0</truncated><difficult>0</difficult><bndbox><xmin>831</xmin><ymin>65</ymin><xmax>1367</xmax><ymax>451</ymax></bndbox></object><object><name>car</name><pose>Unspecified</pose><truncated>0</truncated><difficult>0</difficult><bndbox><xmin>852</xmin><ymin>385</ymin><xmax>996</xmax><ymax>446</ymax></bndbox></object><object><name>pole</name><pose>Unspecified</pose><truncated>0</truncated><difficult>0</difficult><bndbox><xmin>1170</xmin><ymin>378</ymin><xmax>1176</xmax><ymax>442</ymax></bndbox></object><object><name>traffic sign</name><pose>Unspecified</pose><truncated>0</truncated><difficult>0</difficult><bndbox><xmin>1166</xmin><ymin>372</ymin><xmax>1172</xmax><ymax>382</ymax></bndbox></object><object><name>vegetation</name><pose>Unspecified</pose><truncated>0</truncated><difficult>0</difficult><bndbox><xmin>1330</xmin><ymin>387</ymin><xmax>1399</xmax><ymax>433</ymax></bndbox></object><object><name>car</name><pose>Unspecified</pose><truncated>0</truncated><difficult>0</difficult><bndbox><xmin>1350</xmin><ymin>412</ymin><xmax>1418</xmax><ymax>439</ymax></bndbox></object><object><name>vegetation</name><pose>Unspecified</pose><truncated>0</truncated><difficult>0</difficult><bndbox><xmin>1457</xmin><ymin>132</ymin><xmax>1880</xmax><ymax>434</ymax></bndbox></object><object><name>car</name><pose>Unspecified</pose><truncated>0</truncated><difficult>0</difficult><bndbox><xmin>1548</xmin><ymin>403</ymin><xmax>1639</xmax><ymax>434</ymax></bndbox></object><object><name>wall</name><pose>Unspecified</pose><truncated>0</truncated><difficult>0</difficult><bndbox><xmin>1063</xmin><ymin>423</ymin><xmax>1811</xmax><ymax>452</ymax></bndbox></object><object><name>pole</name><pose>Unspecified</pose><truncated>0</truncated><difficult>0</difficult><bndbox><xmin>1561</xmin><ymin>169</ymin><xmax>1652</xmax><ymax>447</ymax></bndbox></object><object><name>vegetation</name><pose>Unspecified</pose><truncated>0</truncated><difficult>0</difficult><bndbox><xmin>1329</xmin><ymin>0</ymin><xmax>2048</xmax><ymax>446</ymax></bndbox></object><object><name>car</name><pose>Unspecified</pose><truncated>0</truncated><difficult>0</difficult><bndbox><xmin>1822</xmin><ymin>402</ymin><xmax>1932</xmax><ymax>457</ymax></bndbox></object><object><name>terrain</name><pose>Unspecified</pose><truncated>0</truncated><difficult>0</difficult><bndbox><xmin>1909</xmin><ymin>446</ymin><xmax>2048</xmax><ymax>465</ymax></bndbox></object><object><name>pole</name><pose>Unspecified</pose><truncated>0</truncated><difficult>0</difficult><bndbox><xmin>1963</xmin><ymin>415</ymin><xmax>2048</xmax><ymax>479</ymax></bndbox></object><object><name>pole</name><pose>Unspecified</pose><truncated>0</truncated><difficult>0</difficult><bndbox><xmin>1879</xmin><ymin>429</ymin><xmax>1885</xmax><ymax>474</ymax></bndbox></object><object><name>pole</name><pose>Unspecified</pose><truncated>0</truncated><difficult>0</difficult><bndbox><xmin>1958</xmin><ymin>429</ymin><xmax>1963</xmax><ymax>472</ymax></bndbox></object><object><name>person</name><pose>Unspecified</pose><truncated>0</truncated><difficult>0</difficult><bndbox><xmin>1914</xmin><ymin>350</ymin><xmax>1972</xmax><ymax>498</ymax></bndbox></object><object><name>terrain</name><pose>Unspecified</pose><truncated>0</truncated><difficult>0</difficult><bndbox><xmin>1927</xmin><ymin>510</ymin><xmax>2048</xmax><ymax>538</ymax></bndbox></object><object><name>person</name><pose>Unspecified</pose><truncated>0</truncated><difficult>0</difficult><bndbox><xmin>1696</xmin><ymin>344</ymin><xmax>1777</xmax><ymax>538</ymax></bndbox></object><object><name>pole</name><pose>Unspecified</pose><truncated>0</truncated><difficult>0</difficult><bndbox><xmin>1530</xmin><ymin>337</ymin><xmax>1533</xmax><ymax>446</ymax></bndbox></object><object><name>static</name><pose>Unspecified</pose><truncated>0</truncated><difficult>0</difficult><bndbox><xmin>1530</xmin><ymin>336</ymin><xmax>1539</xmax><ymax>359</ymax></bndbox></object><object><name>traffic light</name><pose>Unspecified</pose><truncated>0</truncated><difficult>0</difficult><bndbox><xmin>1573</xmin><ymin>328</ymin><xmax>1595</xmax><ymax>381</ymax></bndbox></object><object><name>traffic light</name><pose>Unspecified</pose><truncated>0</truncated><difficult>0</difficult><bndbox><xmin>1568</xmin><ymin>341</ymin><xmax>1582</xmax><ymax>367</ymax></bndbox></object><object><name>pole</name><pose>Unspecified</pose><truncated>0</truncated><difficult>0</difficult><bndbox><xmin>1553</xmin><ymin>433</ymin><xmax>1559</xmax><ymax>484</ymax></bndbox></object><object><name>pole</name><pose>Unspecified</pose><truncated>0</truncated><difficult>0</difficult><bndbox><xmin>1534</xmin><ymin>445</ymin><xmax>1543</xmax><ymax>518</ymax></bndbox></object><object><name>bicyclegroup</name><pose>Unspecified</pose><truncated>0</truncated><difficult>0</difficult><bndbox><xmin>1532</xmin><ymin>394</ymin><xmax>1789</xmax><ymax>549</ymax></bndbox></object><object><name>pole</name><pose>Unspecified</pose><truncated>0</truncated><difficult>0</difficult><bndbox><xmin>1514</xmin><ymin>436</ymin><xmax>1522</xmax><ymax>495</ymax></bndbox></object><object><name>pole</name><pose>Unspecified</pose><truncated>0</truncated><difficult>0</difficult><bndbox><xmin>1518</xmin><ymin>442</ymin><xmax>1528</xmax><ymax>513</ymax></bndbox></object><object><name>pole</name><pose>Unspecified</pose><truncated>0</truncated><difficult>0</difficult><bndbox><xmin>1491</xmin><ymin>207</ymin><xmax>1500</xmax><ymax>531</ymax></bndbox></object><object><name>traffic sign</name><pose>Unspecified</pose><truncated>0</truncated><difficult>0</difficult><bndbox><xmin>1456</xmin><ymin>154</ymin><xmax>1541</xmax><ymax>221</ymax></bndbox></object><object><name>car</name><pose>Unspecified</pose><truncated>0</truncated><difficult>0</difficult><bndbox><xmin>1205</xmin><ymin>406</ymin><xmax>1403</xmax><ymax>493</ymax></bndbox></object><object><name>pole</name><pose>Unspecified</pose><truncated>0</truncated><difficult>0</difficult><bndbox><xmin>1339</xmin><ymin>370</ymin><xmax>1348</xmax><ymax>495</ymax></bndbox></object><object><name>pole</name><pose>Unspecified</pose><truncated>0</truncated><difficult>0</difficult><bndbox><xmin>1169</xmin><ymin>0</ymin><xmax>1229</xmax><ymax>522</ymax></bndbox></object><object><name>traffic sign</name><pose>Unspecified</pose><truncated>0</truncated><difficult>0</difficult><bndbox><xmin>1176</xmin><ymin>109</ymin><xmax>1244</xmax><ymax>172</ymax></bndbox></object><object><name>traffic light</name><pose>Unspecified</pose><truncated>0</truncated><difficult>0</difficult><bndbox><xmin>1166</xmin><ymin>259</ymin><xmax>1211</xmax><ymax>327</ymax></bndbox></object><object><name>traffic light</name><pose>Unspecified</pose><truncated>0</truncated><difficult>0</difficult><bndbox><xmin>1195</xmin><ymin>261</ymin><xmax>1232</xmax><ymax>343</ymax></bndbox></object><object><name>bicycle</name><pose>Unspecified</pose><truncated>0</truncated><difficult>0</difficult><bndbox><xmin>1172</xmin><ymin>440</ymin><xmax>1310</xmax><ymax>528</ymax></bndbox></object><object><name>person</name><pose>Unspecified</pose><truncated>0</truncated><difficult>0</difficult><bndbox><xmin>1202</xmin><ymin>377</ymin><xmax>1295</xmax><ymax>528</ymax></bndbox></object><object><name>pole</name><pose>Unspecified</pose><truncated>0</truncated><difficult>0</difficult><bndbox><xmin>1197</xmin><ymin>461</ymin><xmax>1208</xmax><ymax>547</ymax></bndbox></object><object><name>pole</name><pose>Unspecified</pose><truncated>0</truncated><difficult>0</difficult><bndbox><xmin>1222</xmin><ymin>459</ymin><xmax>1235</xmax><ymax>562</ymax></bndbox></object><object><name>pole</name><pose>Unspecified</pose><truncated>0</truncated><difficult>0</difficult><bndbox><xmin>1248</xmin><ymin>467</ymin><xmax>1260</xmax><ymax>573</ymax></bndbox></object><object><name>pole</name><pose>Unspecified</pose><truncated>0</truncated><difficult>0</difficult><bndbox><xmin>1272</xmin><ymin>471</ymin><xmax>1285</xmax><ymax>585</ymax></bndbox></object><object><name>pole</name><pose>Unspecified</pose><truncated>0</truncated><difficult>0</difficult><bndbox><xmin>1305</xmin><ymin>476</ymin><xmax>1321</xmax><ymax>604</ymax></bndbox></object><object><name>pole</name><pose>Unspecified</pose><truncated>0</truncated><difficult>0</difficult><bndbox><xmin>1342</xmin><ymin>481</ymin><xmax>1357</xmax><ymax>624</ymax></bndbox></object><object><name>pole</name><pose>Unspecified</pose><truncated>0</truncated><difficult>0</difficult><bndbox><xmin>1390</xmin><ymin>488</ymin><xmax>1409</xmax><ymax>645</ymax></bndbox></object><object><name>pole</name><pose>Unspecified</pose><truncated>0</truncated><difficult>0</difficult><bndbox><xmin>1462</xmin><ymin>494</ymin><xmax>1487</xmax><ymax>681</ymax></bndbox></object><object><name>pole</name><pose>Unspecified</pose><truncated>0</truncated><difficult>0</difficult><bndbox><xmin>1556</xmin><ymin>507</ymin><xmax>1581</xmax><ymax>724</ymax></bndbox></object><object><name>pole</name><pose>Unspecified</pose><truncated>0</truncated><difficult>0</difficult><bndbox><xmin>1696</xmin><ymin>522</ymin><xmax>1729</xmax><ymax>796</ymax></bndbox></object><object><name>pole</name><pose>Unspecified</pose><truncated>0</truncated><difficult>0</difficult><bndbox><xmin>1892</xmin><ymin>548</ymin><xmax>1933</xmax><ymax>884</ymax></bndbox></object><object><name>vegetation</name><pose>Unspecified</pose><truncated>0</truncated><difficult>0</difficult><bndbox><xmin>1736</xmin><ymin>0</ymin><xmax>1849</xmax><ymax>563</ymax></bndbox></object><object><name>car</name><pose>Unspecified</pose><truncated>0</truncated><difficult>0</difficult><bndbox><xmin>1027</xmin><ymin>415</ymin><xmax>1098</xmax><ymax>522</ymax></bndbox></object><object><name>car</name><pose>Unspecified</pose><truncated>0</truncated><difficult>0</difficult><bndbox><xmin>567</xmin><ymin>436</ymin><xmax>598</xmax><ymax>472</ymax></bndbox></object><object><name>car</name><pose>Unspecified</pose><truncated>0</truncated><difficult>0</difficult><bndbox><xmin>573</xmin><ymin>404</ymin><xmax>743</xmax><ymax>533</ymax></bndbox></object><object><name>license plate</name><pose>Unspecified</pose><truncated>0</truncated><difficult>0</difficult><bndbox><xmin>620</xmin><ymin>461</ymin><xmax>669</xmax><ymax>471</ymax></bndbox></object><object><name>car</name><pose>Unspecified</pose><truncated>0</truncated><difficult>0</difficult><bndbox><xmin>800</xmin><ymin>401</ymin><xmax>1093</xmax><ymax>639</ymax></bndbox></object><object><name>license plate</name><pose>Unspecified</pose><truncated>0</truncated><difficult>0</difficult><bndbox><xmin>899</xmin><ymin>501</ymin><xmax>992</xmax><ymax>522</ymax></bndbox></object><object><name>pole</name><pose>Unspecified</pose><truncated>0</truncated><difficult>0</difficult><bndbox><xmin>1923</xmin><ymin>474</ymin><xmax>2020</xmax><ymax>574</ymax></bndbox></object><object><name>traffic light</name><pose>Unspecified</pose><truncated>0</truncated><difficult>0</difficult><bndbox><xmin>695</xmin><ymin>0</ymin><xmax>730</xmax><ymax>38</ymax></bndbox></object><object><name>static</name><pose>Unspecified</pose><truncated>0</truncated><difficult>0</difficult><bndbox><xmin>516</xmin><ymin>398</ymin><xmax>527</xmax><ymax>409</ymax></bndbox></object><object><name>pole</name><pose>Unspecified</pose><truncated>0</truncated><difficult>0</difficult><bndbox><xmin>519</xmin><ymin>399</ymin><xmax>523</xmax><ymax>472</ymax></bndbox></object><object><name>static</name><pose>Unspecified</pose><truncated>0</truncated><difficult>0</difficult><bndbox><xmin>513</xmin><ymin>468</ymin><xmax>525</xmax><ymax>474</ymax></bndbox></object><object><name>dynamic</name><pose>Unspecified</pose><truncated>0</truncated><difficult>0</difficult><bndbox><xmin>513</xmin><ymin>468</ymin><xmax>525</xmax><ymax>474</ymax></bndbox></object><object><name>traffic light</name><pose>Unspecified</pose><truncated>0</truncated><difficult>0</difficult><bndbox><xmin>557</xmin><ymin>414</ymin><xmax>562</xmax><ymax>425</ymax></bndbox></object><object><name>bicycle</name><pose>Unspecified</pose><truncated>0</truncated><difficult>0</difficult><bndbox><xmin>489</xmin><ymin>452</ymin><xmax>504</xmax><ymax>468</ymax></bndbox></object><object><name>static</name><pose>Unspecified</pose><truncated>0</truncated><difficult>0</difficult><bndbox><xmin>551</xmin><ymin>432</ymin><xmax>563</xmax><ymax>453</ymax></bndbox></object><object><name>ego vehicle</name><pose>Unspecified</pose><truncated>0</truncated><difficult>0</difficult><bndbox><xmin>271</xmin><ymin>844</ymin><xmax>2028</xmax><ymax>1023</ymax></bndbox></object><object><name>out of roi</name><pose>Unspecified</pose><truncated>0</truncated><difficult>0</difficult><bndbox><xmin>0</xmin><ymin>0</ymin><xmax>2048</xmax><ymax>1024</ymax></bndbox></object></annotation>