{"imgHeight": 1024, "imgWidth": 2048, "objects": [{"label": "sky", "bounding_box": [556, 0, 1359, 285]}, {"label": "static", "bounding_box": [795, 89, 1112, 140]}, {"label": "static", "bounding_box": [858, 163, 1125, 185]}, {"label": "road", "bounding_box": [0, 381, 2048, 1024]}, {"label": "building", "bounding_box": [0, 0, 1263, 598]}, {"label": "pole", "bounding_box": [631, 297, 640, 504]}, {"label": "static", "bounding_box": [628, 291, 652, 299]}, {"label": "pole", "bounding_box": [880, 320, 888, 472]}, {"label": "pole", "bounding_box": [987, 333, 993, 469]}, {"label": "pole", "bounding_box": [1089, 423, 1094, 461]}, {"label": "static", "bounding_box": [986, 330, 997, 335]}, {"label": "static", "bounding_box": [885, 320, 895, 324]}, {"label": "sidewalk", "bounding_box": [995, 399, 1262, 478]}, {"label": "traffic light", "bounding_box": [1010, 425, 1019, 439]}, {"label": "person", "bounding_box": [887, 461, 898, 479]}, {"label": "person", "bounding_box": [871, 459, 885, 479]}, {"label": "car", "bounding_box": [965, 463, 1002, 486]}, {"label": "car", "bounding_box": [937, 467, 980, 493]}, {"label": "traffic light", "bounding_box": [1090, 415, 1096, 428]}, {"label": "traffic sign", "bounding_box": [1102, 400, 1112, 408]}, {"label": "fence", "bounding_box": [1076, 430, 1182, 466]}, {"label": "vegetation", "bounding_box": [1282, 367, 1337, 400]}, {"label": "car", "bounding_box": [1309, 394, 1321, 403]}, {"label": "car", "bounding_box": [1288, 392, 1305, 405]}, {"label": "cargroup", "bounding_box": [1231, 406, 1256, 424]}, {"label": "car", "bounding_box": [1224, 409, 1243, 429]}, {"label": "car", "bounding_box": [1209, 415, 1233, 434]}, {"label": "car", "bounding_box": [1189, 423, 1223, 443]}, {"label": "cargroup", "bounding_box": [1265, 404, 1293, 423]}, {"label": "car", "bounding_box": [1244, 413, 1269, 431]}, {"label": "car", "bounding_box": [1278, 415, 1301, 434]}, {"label": "car", "bounding_box": [1266, 424, 1289, 443]}, {"label": "sidewalk", "bounding_box": [1310, 423, 1376, 507]}, {"label": "pole", "bounding_box": [1313, 440, 1314, 475]}, {"label": "traffic sign", "bounding_box": [1308, 429, 1320, 441]}, {"label": "wall", "bounding_box": [0, 477, 1152, 657]}, {"label": "traffic light", "bounding_box": [0, 455, 1229, 702]}, {"label": "static", "bounding_box": [445, 364, 501, 397]}, {"label": "static", "bounding_box": [770, 374, 794, 387]}, {"label": "pole", "bounding_box": [1219, 403, 1221, 455]}, {"label": "traffic sign", "bounding_box": [1215, 395, 1226, 406]}, {"label": "fence", "bounding_box": [1143, 447, 1214, 487]}, {"label": "vegetation", "bounding_box": [1202, 0, 2048, 490]}, {"label": "ground", "bounding_box": [1251, 492, 2048, 1024]}, {"label": "wall", "bounding_box": [1276, 492, 2048, 881]}, {"label": "truck", "bounding_box": [1258, 387, 1285, 412]}, {"label": "pole", "bounding_box": [1012, 426, 1015, 476]}, {"label": "traffic light", "bounding_box": [1009, 426, 1017, 440]}, {"label": "traffic light", "bounding_box": [1217, 406, 1223, 420]}, {"label": "ground", "bounding_box": [0, 455, 1229, 702]}, {"label": "guard rail", "bounding_box": [0, 463, 1143, 523]}, {"label": "guard rail", "bounding_box": [1288, 473, 2047, 563]}, {"label": "ego vehicle", "bounding_box": [271, 844, 2028, 1023]}, {"label": "out of roi", "bounding_box": [0, 0, 2048, 1024]}]}