{"imgHeight": 1024, "imgWidth": 2048, "objects": [{"label": "road", "bounding_box": [0, 291, 2048, 1024]}, {"label": "sky", "bounding_box": [0, 0, 2048, 448]}, {"label": "sidewalk", "bounding_box": [1028, 479, 2048, 1024]}, {"label": "sidewalk", "bounding_box": [0, 502, 430, 599]}, {"label": "sidewalk", "bounding_box": [456, 478, 678, 501]}, {"label": "sidewalk", "bounding_box": [0, 456, 466, 484]}, {"label": "sidewalk", "bounding_box": [641, 466, 726, 485]}, {"label": "wall", "bounding_box": [482, 434, 594, 464]}, {"label": "building", "bounding_box": [13, 356, 117, 442]}, {"label": "ground", "bounding_box": [456, 478, 678, 501]}, {"label": "building", "bounding_box": [271, 366, 447, 461]}, {"label": "vegetation", "bounding_box": [0, 40, 728, 460]}, {"label": "cargroup", "bounding_box": [4, 432, 70, 467]}, {"label": "cargroup", "bounding_box": [167, 433, 216, 463]}, {"label": "dynamic", "bounding_box": [0, 419, 24, 486]}, {"label": "pole", "bounding_box": [13, 289, 130, 295]}, {"label": "traffic light", "bounding_box": [123, 276, 140, 313]}, {"label": "static", "bounding_box": [0, 186, 19, 315]}, {"label": "car", "bounding_box": [125, 438, 153, 484]}, {"label": "persongroup", "bounding_box": [62, 401, 151, 538]}, {"label": "static", "bounding_box": [239, 383, 268, 443]}, {"label": "car", "bounding_box": [233, 438, 278, 480]}, {"label": "ground", "bounding_box": [289, 501, 428, 517]}, {"label": "person", "bounding_box": [191, 411, 243, 542]}, {"label": "cargroup", "bounding_box": [323, 442, 442, 465]}, {"label": "car", "bounding_box": [288, 441, 341, 477]}, {"label": "car", "bounding_box": [467, 443, 496, 472]}, {"label": "pole", "bounding_box": [419, 415, 421, 479]}, {"label": "traffic sign", "bounding_box": [412, 388, 430, 420]}, {"label": "person", "bounding_box": [445, 446, 463, 478]}, {"label": "building", "bounding_box": [431, 418, 484, 478]}, {"label": "traffic light", "bounding_box": [286, 304, 328, 367]}, {"label": "traffic light", "bounding_box": [240, 309, 265, 339]}, {"label": "pole", "bounding_box": [263, 0, 294, 522]}, {"label": "traffic light", "bounding_box": [245, 305, 272, 376]}, {"label": "traffic light", "bounding_box": [280, 304, 302, 368]}, {"label": "traffic sign", "bounding_box": [258, 254, 303, 295]}, {"label": "static", "bounding_box": [362, 342, 382, 371]}, {"label": "pole", "bounding_box": [371, 343, 375, 449]}, {"label": "person", "bounding_box": [356, 439, 384, 485]}, {"label": "dynamic", "bounding_box": [347, 460, 367, 484]}, {"label": "traffic light", "bounding_box": [373, 378, 393, 401]}, {"label": "traffic light", "bounding_box": [357, 380, 374, 407]}, {"label": "static", "bounding_box": [495, 444, 506, 469]}, {"label": "pole", "bounding_box": [498, 444, 502, 493]}, {"label": "car", "bounding_box": [564, 447, 597, 471]}, {"label": "static", "bounding_box": [535, 453, 549, 466]}, {"label": "pole", "bounding_box": [541, 453, 542, 472]}, {"label": "vegetation", "bounding_box": [744, 354, 822, 392]}, {"label": "building", "bounding_box": [643, 376, 838, 461]}, {"label": "static", "bounding_box": [631, 396, 675, 430]}, {"label": "static", "bounding_box": [694, 396, 722, 450]}, {"label": "wall", "bounding_box": [597, 438, 720, 471]}, {"label": "fence", "bounding_box": [702, 448, 829, 473]}, {"label": "cargroup", "bounding_box": [664, 450, 705, 470]}, {"label": "static", "bounding_box": [673, 177, 721, 185]}, {"label": "static", "bounding_box": [634, 102, 697, 113]}, {"label": "pole", "bounding_box": [660, 104, 668, 475]}, {"label": "pole", "bounding_box": [689, 178, 697, 471]}, {"label": "pole", "bounding_box": [587, 0, 601, 485]}, {"label": "traffic light", "bounding_box": [605, 387, 622, 414]}, {"label": "pole", "bounding_box": [601, 386, 607, 486]}, {"label": "pole", "bounding_box": [735, 383, 738, 458]}, {"label": "static", "bounding_box": [736, 380, 748, 387]}, {"label": "pole", "bounding_box": [616, 475, 620, 496]}, {"label": "traffic sign", "bounding_box": [605, 444, 630, 484]}, {"label": "pole", "bounding_box": [637, 348, 640, 460]}, {"label": "vegetation", "bounding_box": [740, 363, 835, 465]}, {"label": "car", "bounding_box": [783, 462, 803, 473]}, {"label": "car", "bounding_box": [756, 461, 787, 473]}, {"label": "car", "bounding_box": [723, 456, 749, 472]}, {"label": "building", "bounding_box": [1011, 0, 2048, 501]}, {"label": "vegetation", "bounding_box": [827, 235, 1170, 486]}, {"label": "pole", "bounding_box": [1002, 232, 1012, 419]}, {"label": "vegetation", "bounding_box": [1080, 135, 2048, 533]}, {"label": "fence", "bounding_box": [1040, 451, 1100, 481]}, {"label": "wall", "bounding_box": [1034, 446, 1104, 488]}, {"label": "wall", "bounding_box": [1173, 444, 1380, 509]}, {"label": "wall", "bounding_box": [1127, 447, 1147, 495]}, {"label": "fence", "bounding_box": [1149, 453, 1167, 489]}, {"label": "vegetation", "bounding_box": [1339, 423, 1478, 535]}, {"label": "static", "bounding_box": [1408, 300, 1450, 384]}, {"label": "pole", "bounding_box": [1426, 301, 1436, 387]}, {"label": "traffic sign", "bounding_box": [1538, 317, 1578, 395]}, {"label": "static", "bounding_box": [1500, 375, 1547, 528]}, {"label": "car", "bounding_box": [1574, 413, 1717, 526]}, {"label": "wall", "bounding_box": [1711, 354, 2048, 426]}, {"label": "vegetation", "bounding_box": [1643, 369, 2048, 603]}, {"label": "static", "bounding_box": [1575, 457, 1595, 522]}, {"label": "traffic light", "bounding_box": [1132, 306, 1171, 367]}, {"label": "pole", "bounding_box": [839, 117, 1178, 513]}, {"label": "traffic light", "bounding_box": [843, 82, 873, 159]}, {"label": "traffic sign", "bounding_box": [1149, 267, 1191, 308]}, {"label": "traffic sign", "bounding_box": [1144, 217, 1198, 269]}, {"label": "traffic light", "bounding_box": [1160, 309, 1180, 364]}, {"label": "car", "bounding_box": [816, 461, 842, 474]}, {"label": "traffic sign", "bounding_box": [1000, 378, 1030, 404]}, {"label": "traffic light", "bounding_box": [971, 386, 987, 422]}, {"label": "pole", "bounding_box": [985, 383, 989, 417]}, {"label": "traffic sign", "bounding_box": [979, 377, 994, 398]}, {"label": "car", "bounding_box": [830, 429, 892, 507]}, {"label": "car", "bounding_box": [852, 408, 1048, 569]}, {"label": "license plate", "bounding_box": [927, 481, 987, 497]}, {"label": "sidewalk", "bounding_box": [523, 487, 669, 491]}, {"label": "ego vehicle", "bounding_box": [271, 844, 2028, 1023]}, {"label": "out of roi", "bounding_box": [0, 0, 2048, 1024]}]}