{"imgHeight": 1024, "imgWidth": 2048, "objects": [{"label": "sky", "bounding_box": [335, 0, 1570, 408]}, {"label": "road", "bounding_box": [0, 453, 1997, 1025]}, {"label": "sidewalk", "bounding_box": [0, 477, 622, 597]}, {"label": "building", "bounding_box": [0, 0, 1035, 482]}, {"label": "building", "bounding_box": [1118, 0, 2048, 636]}, {"label": "sidewalk", "bounding_box": [1154, 457, 2048, 1024]}, {"label": "fence", "bounding_box": [1343, 406, 1392, 466]}, {"label": "vegetation", "bounding_box": [892, 0, 2048, 546]}, {"label": "polegroup", "bounding_box": [1230, 433, 1305, 471]}, {"label": "pole", "bounding_box": [1151, 154, 1261, 469]}, {"label": "static", "bounding_box": [1125, 146, 1152, 159]}, {"label": "car", "bounding_box": [1141, 425, 1184, 472]}, {"label": "pole", "bounding_box": [1206, 329, 1210, 483]}, {"label": "traffic sign", "bounding_box": [1204, 323, 1214, 334]}, {"label": "traffic sign", "bounding_box": [1208, 335, 1230, 343]}, {"label": "fence", "bounding_box": [1445, 290, 2047, 579]}, {"label": "pole", "bounding_box": [1504, 167, 1528, 545]}, {"label": "traffic light", "bounding_box": [1481, 245, 1512, 304]}, {"label": "traffic light", "bounding_box": [1456, 190, 1514, 262]}, {"label": "traffic sign", "bounding_box": [1482, 111, 1546, 180]}, {"label": "static", "bounding_box": [1511, 357, 1533, 392]}, {"label": "car", "bounding_box": [969, 431, 992, 464]}, {"label": "car", "bounding_box": [1019, 386, 1115, 422]}, {"label": "vegetation", "bounding_box": [0, 1, 929, 456]}, {"label": "pole", "bounding_box": [823, 305, 888, 375]}, {"label": "pole", "bounding_box": [766, 275, 840, 397]}, {"label": "pole", "bounding_box": [699, 231, 785, 255]}, {"label": "wall", "bounding_box": [0, 435, 632, 535]}, {"label": "bicyclegroup", "bounding_box": [257, 437, 558, 534]}, {"label": "static", "bounding_box": [197, 427, 271, 541]}, {"label": "bicycle", "bounding_box": [136, 448, 238, 553]}, {"label": "terrain", "bounding_box": [115, 513, 457, 558]}, {"label": "static", "bounding_box": [392, 287, 447, 316]}, {"label": "pole", "bounding_box": [414, 286, 427, 519]}, {"label": "car", "bounding_box": [818, 423, 848, 461]}, {"label": "car", "bounding_box": [917, 415, 981, 480]}, {"label": "car", "bounding_box": [824, 418, 933, 505]}, {"label": "car", "bounding_box": [961, 406, 1172, 575]}, {"label": "license plate", "bounding_box": [1035, 484, 1102, 501]}, {"label": "static", "bounding_box": [719, 8, 746, 33]}, {"label": "static", "bounding_box": [1062, 3, 1094, 21]}, {"label": "polegroup", "bounding_box": [120, 458, 619, 554]}, {"label": "car", "bounding_box": [595, 385, 835, 564]}, {"label": "license plate", "bounding_box": [647, 512, 702, 525]}, {"label": "license plate", "bounding_box": [855, 475, 885, 484]}, {"label": "ego vehicle", "bounding_box": [271, 844, 2028, 1023]}, {"label": "out of roi", "bounding_box": [0, 0, 2048, 1024]}]}