<annotation><filename>bremen_000261_000019_gtFine_boxes.jpg</filename><folder>CityScapes</folder><size><width>2048</width><height>1024</height><depth>3</depth></size><segmented>0</segmented><object><name>sidewalk</name><pose>Unspecified</pose><truncated>0</truncated><difficult>0</difficult><bndbox><xmin>716</xmin><ymin>464</ymin><xmax>1289</xmax><ymax>513</ymax></bndbox></object><object><name>sky</name><pose>Unspecified</pose><truncated>0</truncated><difficult>0</difficult><bndbox><xmin>7</xmin><ymin>0</ymin><xmax>1481</xmax><ymax>330</ymax></bndbox></object><object><name>road</name><pose>Unspecified</pose><truncated>0</truncated><difficult>0</difficult><bndbox><xmin>0</xmin><ymin>404</ymin><xmax>2048</xmax><ymax>1024</ymax></bndbox></object><object><name>sidewalk</name><pose>Unspecified</pose><truncated>0</truncated><difficult>0</difficult><bndbox><xmin>0</xmin><ymin>468</ymin><xmax>331</xmax><ymax>500</ymax></bndbox></object><object><name>sidewalk</name><pose>Unspecified</pose><truncated>0</truncated><difficult>0</difficult><bndbox><xmin>1185</xmin><ymin>489</ymin><xmax>2048</xmax><ymax>1024</ymax></bndbox></object><object><name>vegetation</name><pose>Unspecified</pose><truncated>0</truncated><difficult>0</difficult><bndbox><xmin>434</xmin><ymin>207</ymin><xmax>725</xmax><ymax>451</ymax></bndbox></object><object><name>building</name><pose>Unspecified</pose><truncated>0</truncated><difficult>0</difficult><bndbox><xmin>686</xmin><ymin>130</ymin><xmax>917</xmax><ymax>455</ymax></bndbox></object><object><name>building</name><pose>Unspecified</pose><truncated>0</truncated><difficult>0</difficult><bndbox><xmin>0</xmin><ymin>0</ymin><xmax>460</xmax><ymax>489</ymax></bndbox></object><object><name>vegetation</name><pose>Unspecified</pose><truncated>0</truncated><difficult>0</difficult><bndbox><xmin>267</xmin><ymin>219</ymin><xmax>444</xmax><ymax>353</ymax></bndbox></object><object><name>vegetation</name><pose>Unspecified</pose><truncated>0</truncated><difficult>0</difficult><bndbox><xmin>0</xmin><ymin>112</ymin><xmax>210</xmax><ymax>492</ymax></bndbox></object><object><name>building</name><pose>Unspecified</pose><truncated>0</truncated><difficult>0</difficult><bndbox><xmin>803</xmin><ymin>0</ymin><xmax>1450</xmax><ymax>457</ymax></bndbox></object><object><name>car</name><pose>Unspecified</pose><truncated>0</truncated><difficult>0</difficult><bndbox><xmin>659</xmin><ymin>407</ymin><xmax>776</xmax><ymax>467</ymax></bndbox></object><object><name>pole</name><pose>Unspecified</pose><truncated>0</truncated><difficult>0</difficult><bndbox><xmin>739</xmin><ymin>395</ymin><xmax>741</xmax><ymax>439</ymax></bndbox></object><object><name>traffic sign</name><pose>Unspecified</pose><truncated>0</truncated><difficult>0</difficult><bndbox><xmin>731</xmin><ymin>385</ymin><xmax>747</xmax><ymax>401</ymax></bndbox></object><object><name>pole</name><pose>Unspecified</pose><truncated>0</truncated><difficult>0</difficult><bndbox><xmin>779</xmin><ymin>404</ymin><xmax>782</xmax><ymax>443</ymax></bndbox></object><object><name>traffic sign</name><pose>Unspecified</pose><truncated>0</truncated><difficult>0</difficult><bndbox><xmin>780</xmin><ymin>410</ymin><xmax>800</xmax><ymax>416</ymax></bndbox></object><object><name>bicyclegroup</name><pose>Unspecified</pose><truncated>0</truncated><difficult>0</difficult><bndbox><xmin>802</xmin><ymin>433</ymin><xmax>882</xmax><ymax>460</ymax></bndbox></object><object><name>car</name><pose>Unspecified</pose><truncated>0</truncated><difficult>0</difficult><bndbox><xmin>692</xmin><ymin>431</ymin><xmax>731</xmax><ymax>460</ymax></bndbox></object><object><name>car</name><pose>Unspecified</pose><truncated>0</truncated><difficult>0</difficult><bndbox><xmin>710</xmin><ymin>430</ymin><xmax>808</xmax><ymax>466</ymax></bndbox></object><object><name>pole</name><pose>Unspecified</pose><truncated>0</truncated><difficult>0</difficult><bndbox><xmin>809</xmin><ymin>383</ymin><xmax>813</xmax><ymax>453</ymax></bndbox></object><object><name>traffic sign</name><pose>Unspecified</pose><truncated>0</truncated><difficult>0</difficult><bndbox><xmin>793</xmin><ymin>382</ymin><xmax>811</xmax><ymax>390</ymax></bndbox></object><object><name>vegetation</name><pose>Unspecified</pose><truncated>0</truncated><difficult>0</difficult><bndbox><xmin>774</xmin><ymin>238</ymin><xmax>875</xmax><ymax>457</ymax></bndbox></object><object><name>person</name><pose>Unspecified</pose><truncated>0</truncated><difficult>0</difficult><bndbox><xmin>898</xmin><ymin>415</ymin><xmax>919</xmax><ymax>457</ymax></bndbox></object><object><name>pole</name><pose>Unspecified</pose><truncated>0</truncated><difficult>0</difficult><bndbox><xmin>992</xmin><ymin>433</ymin><xmax>995</xmax><ymax>456</ymax></bndbox></object><object><name>pole</name><pose>Unspecified</pose><truncated>0</truncated><difficult>0</difficult><bndbox><xmin>956</xmin><ymin>431</ymin><xmax>959</xmax><ymax>457</ymax></bndbox></object><object><name>terrain</name><pose>Unspecified</pose><truncated>0</truncated><difficult>0</difficult><bndbox><xmin>690</xmin><ymin>461</ymin><xmax>1027</xmax><ymax>493</ymax></bndbox></object><object><name>rider</name><pose>Unspecified</pose><truncated>0</truncated><difficult>0</difficult><bndbox><xmin>1030</xmin><ymin>406</ymin><xmax>1044</xmax><ymax>431</ymax></bndbox></object><object><name>bicycle</name><pose>Unspecified</pose><truncated>0</truncated><difficult>0</difficult><bndbox><xmin>1021</xmin><ymin>426</ymin><xmax>1039</xmax><ymax>449</ymax></bndbox></object><object><name>vegetation</name><pose>Unspecified</pose><truncated>0</truncated><difficult>0</difficult><bndbox><xmin>780</xmin><ymin>141</ymin><xmax>952</xmax><ymax>474</ymax></bndbox></object><object><name>terrain</name><pose>Unspecified</pose><truncated>0</truncated><difficult>0</difficult><bndbox><xmin>1155</xmin><ymin>456</ymin><xmax>1214</xmax><ymax>464</ymax></bndbox></object><object><name>static</name><pose>Unspecified</pose><truncated>0</truncated><difficult>0</difficult><bndbox><xmin>1045</xmin><ymin>337</ymin><xmax>1051</xmax><ymax>352</ymax></bndbox></object><object><name>pole</name><pose>Unspecified</pose><truncated>0</truncated><difficult>0</difficult><bndbox><xmin>1046</xmin><ymin>339</ymin><xmax>1052</xmax><ymax>419</ymax></bndbox></object><object><name>traffic light</name><pose>Unspecified</pose><truncated>0</truncated><difficult>0</difficult><bndbox><xmin>1048</xmin><ymin>354</ymin><xmax>1065</xmax><ymax>385</ymax></bndbox></object><object><name>vegetation</name><pose>Unspecified</pose><truncated>0</truncated><difficult>0</difficult><bndbox><xmin>1076</xmin><ymin>266</ymin><xmax>1173</xmax><ymax>416</ymax></bndbox></object><object><name>static</name><pose>Unspecified</pose><truncated>0</truncated><difficult>0</difficult><bndbox><xmin>1177</xmin><ymin>370</ymin><xmax>1185</xmax><ymax>389</ymax></bndbox></object><object><name>pole</name><pose>Unspecified</pose><truncated>0</truncated><difficult>0</difficult><bndbox><xmin>1175</xmin><ymin>371</ymin><xmax>1181</xmax><ymax>450</ymax></bndbox></object><object><name>pole</name><pose>Unspecified</pose><truncated>0</truncated><difficult>0</difficult><bndbox><xmin>1228</xmin><ymin>262</ymin><xmax>1247</xmax><ymax>457</ymax></bndbox></object><object><name>traffic light</name><pose>Unspecified</pose><truncated>0</truncated><difficult>0</difficult><bndbox><xmin>1214</xmin><ymin>353</ymin><xmax>1235</xmax><ymax>382</ymax></bndbox></object><object><name>traffic light</name><pose>Unspecified</pose><truncated>0</truncated><difficult>0</difficult><bndbox><xmin>1232</xmin><ymin>354</ymin><xmax>1241</xmax><ymax>383</ymax></bndbox></object><object><name>traffic sign</name><pose>Unspecified</pose><truncated>0</truncated><difficult>0</difficult><bndbox><xmin>1253</xmin><ymin>420</ymin><xmax>1269</xmax><ymax>462</ymax></bndbox></object><object><name>bicyclegroup</name><pose>Unspecified</pose><truncated>0</truncated><difficult>0</difficult><bndbox><xmin>1355</xmin><ymin>421</ymin><xmax>1402</xmax><ymax>496</ymax></bndbox></object><object><name>pole</name><pose>Unspecified</pose><truncated>0</truncated><difficult>0</difficult><bndbox><xmin>1313</xmin><ymin>72</ymin><xmax>1336</xmax><ymax>404</ymax></bndbox></object><object><name>pole</name><pose>Unspecified</pose><truncated>0</truncated><difficult>0</difficult><bndbox><xmin>1332</xmin><ymin>6</ymin><xmax>1365</xmax><ymax>487</ymax></bndbox></object><object><name>traffic sign</name><pose>Unspecified</pose><truncated>0</truncated><difficult>0</difficult><bndbox><xmin>1286</xmin><ymin>258</ymin><xmax>1360</xmax><ymax>273</ymax></bndbox></object><object><name>traffic sign</name><pose>Unspecified</pose><truncated>0</truncated><difficult>0</difficult><bndbox><xmin>1295</xmin><ymin>274</ymin><xmax>1357</xmax><ymax>323</ymax></bndbox></object><object><name>traffic light</name><pose>Unspecified</pose><truncated>0</truncated><difficult>0</difficult><bndbox><xmin>1205</xmin><ymin>193</ymin><xmax>1234</xmax><ymax>249</ymax></bndbox></object><object><name>person</name><pose>Unspecified</pose><truncated>0</truncated><difficult>0</difficult><bndbox><xmin>1287</xmin><ymin>357</ymin><xmax>1355</xmax><ymax>557</ymax></bndbox></object><object><name>dynamic</name><pose>Unspecified</pose><truncated>0</truncated><difficult>0</difficult><bndbox><xmin>1321</xmin><ymin>463</ymin><xmax>1377</xmax><ymax>529</ymax></bndbox></object><object><name>building</name><pose>Unspecified</pose><truncated>0</truncated><difficult>0</difficult><bndbox><xmin>1338</xmin><ymin>0</ymin><xmax>2048</xmax><ymax>642</ymax></bndbox></object><object><name>motorcycle</name><pose>Unspecified</pose><truncated>0</truncated><difficult>0</difficult><bndbox><xmin>273</xmin><ymin>432</ymin><xmax>334</xmax><ymax>480</ymax></bndbox></object><object><name>motorcycle</name><pose>Unspecified</pose><truncated>0</truncated><difficult>0</difficult><bndbox><xmin>212</xmin><ymin>437</ymin><xmax>287</xmax><ymax>484</ymax></bndbox></object><object><name>motorcycle</name><pose>Unspecified</pose><truncated>0</truncated><difficult>0</difficult><bndbox><xmin>145</xmin><ymin>436</ymin><xmax>191</xmax><ymax>488</ymax></bndbox></object><object><name>person</name><pose>Unspecified</pose><truncated>0</truncated><difficult>0</difficult><bndbox><xmin>0</xmin><ymin>427</ymin><xmax>25</xmax><ymax>493</ymax></bndbox></object><object><name>sidewalk</name><pose>Unspecified</pose><truncated>0</truncated><difficult>0</difficult><bndbox><xmin>0</xmin><ymin>519</ymin><xmax>213</xmax><ymax>546</ymax></bndbox></object><object><name>pole</name><pose>Unspecified</pose><truncated>0</truncated><difficult>0</difficult><bndbox><xmin>42</xmin><ymin>454</ymin><xmax>57</xmax><ymax>523</ymax></bndbox></object><object><name>static</name><pose>Unspecified</pose><truncated>0</truncated><difficult>0</difficult><bndbox><xmin>27</xmin><ymin>453</ymin><xmax>68</xmax><ymax>494</ymax></bndbox></object><object><name>sidewalk</name><pose>Unspecified</pose><truncated>0</truncated><difficult>0</difficult><bndbox><xmin>0</xmin><ymin>575</ymin><xmax>356</xmax><ymax>740</ymax></bndbox></object><object><name>pole</name><pose>Unspecified</pose><truncated>0</truncated><difficult>0</difficult><bndbox><xmin>413</xmin><ymin>0</ymin><xmax>460</xmax><ymax>412</ymax></bndbox></object><object><name>pole</name><pose>Unspecified</pose><truncated>0</truncated><difficult>0</difficult><bndbox><xmin>345</xmin><ymin>101</ymin><xmax>373</xmax><ymax>436</ymax></bndbox></object><object><name>traffic sign</name><pose>Unspecified</pose><truncated>0</truncated><difficult>0</difficult><bndbox><xmin>324</xmin><ymin>106</ymin><xmax>396</xmax><ymax>174</ymax></bndbox></object><object><name>traffic light</name><pose>Unspecified</pose><truncated>0</truncated><difficult>0</difficult><bndbox><xmin>291</xmin><ymin>192</ymin><xmax>423</xmax><ymax>322</ymax></bndbox></object><object><name>ground</name><pose>Unspecified</pose><truncated>0</truncated><difficult>0</difficult><bndbox><xmin>0</xmin><ymin>575</ymin><xmax>356</xmax><ymax>740</ymax></bndbox></object><object><name>static</name><pose>Unspecified</pose><truncated>0</truncated><difficult>0</difficult><bndbox><xmin>645</xmin><ymin>363</ymin><xmax>674</xmax><ymax>394</ymax></bndbox></object><object><name>static</name><pose>Unspecified</pose><truncated>0</truncated><difficult>0</difficult><bndbox><xmin>649</xmin><ymin>345</ymin><xmax>672</xmax><ymax>369</ymax></bndbox></object><object><name>static</name><pose>Unspecified</pose><truncated>0</truncated><difficult>0</difficult><bndbox><xmin>581</xmin><ymin>375</ymin><xmax>624</xmax><ymax>390</ymax></bndbox></object><object><name>pole</name><pose>Unspecified</pose><truncated>0</truncated><difficult>0</difficult><bndbox><xmin>593</xmin><ymin>330</ymin><xmax>600</xmax><ymax>406</ymax></bndbox></object><object><name>vegetation</name><pose>Unspecified</pose><truncated>0</truncated><difficult>0</difficult><bndbox><xmin>572</xmin><ymin>325</ymin><xmax>611</xmax><ymax>360</ymax></bndbox></object><object><name>pole</name><pose>Unspecified</pose><truncated>0</truncated><difficult>0</difficult><bndbox><xmin>511</xmin><ymin>274</ymin><xmax>525</xmax><ymax>405</ymax></bndbox></object><object><name>traffic light</name><pose>Unspecified</pose><truncated>0</truncated><difficult>0</difficult><bndbox><xmin>509</xmin><ymin>324</ymin><xmax>547</xmax><ymax>392</ymax></bndbox></object><object><name>pole</name><pose>Unspecified</pose><truncated>0</truncated><difficult>0</difficult><bndbox><xmin>807</xmin><ymin>29</ymin><xmax>838</xmax><ymax>475</ymax></bndbox></object><object><name>pole</name><pose>Unspecified</pose><truncated>0</truncated><difficult>0</difficult><bndbox><xmin>658</xmin><ymin>346</ymin><xmax>664</xmax><ymax>446</ymax></bndbox></object><object><name>static</name><pose>Unspecified</pose><truncated>0</truncated><difficult>0</difficult><bndbox><xmin>775</xmin><ymin>20</ymin><xmax>847</xmax><ymax>37</ymax></bndbox></object><object><name>ground</name><pose>Unspecified</pose><truncated>0</truncated><difficult>0</difficult><bndbox><xmin>716</xmin><ymin>463</ymin><xmax>1289</xmax><ymax>513</ymax></bndbox></object><object><name>car</name><pose>Unspecified</pose><truncated>0</truncated><difficult>0</difficult><bndbox><xmin>281</xmin><ymin>392</ymin><xmax>730</xmax><ymax>668</ymax></bndbox></object><object><name>car</name><pose>Unspecified</pose><truncated>0</truncated><difficult>0</difficult><bndbox><xmin>1009</xmin><ymin>405</ymin><xmax>1170</xmax><ymax>530</ymax></bndbox></object><object><name>license plate</name><pose>Unspecified</pose><truncated>0</truncated><difficult>0</difficult><bndbox><xmin>1052</xmin><ymin>459</ymin><xmax>1096</xmax><ymax>470</ymax></bndbox></object><object><name>license plate</name><pose>Unspecified</pose><truncated>0</truncated><difficult>0</difficult><bndbox><xmin>384</xmin><ymin>510</ymin><xmax>492</xmax><ymax>540</ymax></bndbox></object><object><name>pole</name><pose>Unspecified</pose><truncated>0</truncated><difficult>0</difficult><bndbox><xmin>1224</xmin><ymin>74</ymin><xmax>1264</xmax><ymax>561</ymax></bndbox></object><object><name>traffic sign</name><pose>Unspecified</pose><truncated>0</truncated><difficult>0</difficult><bndbox><xmin>1174</xmin><ymin>96</ymin><xmax>1348</xmax><ymax>155</ymax></bndbox></object><object><name>traffic sign</name><pose>Unspecified</pose><truncated>0</truncated><difficult>0</difficult><bndbox><xmin>1171</xmin><ymin>43</ymin><xmax>1349</xmax><ymax>100</ymax></bndbox></object><object><name>traffic light</name><pose>Unspecified</pose><truncated>0</truncated><difficult>0</difficult><bndbox><xmin>1227</xmin><ymin>184</ymin><xmax>1261</xmax><ymax>274</ymax></bndbox></object><object><name>person</name><pose>Unspecified</pose><truncated>0</truncated><difficult>0</difficult><bndbox><xmin>731</xmin><ymin>415</ymin><xmax>748</xmax><ymax>463</ymax></bndbox></object><object><name>pole</name><pose>Unspecified</pose><truncated>0</truncated><difficult>0</difficult><bndbox><xmin>917</xmin><ymin>432</ymin><xmax>919</xmax><ymax>456</ymax></bndbox></object><object><name>ego vehicle</name><pose>Unspecified</pose><truncated>0</truncated><difficult>0</difficult><bndbox><xmin>271</xmin><ymin>844</ymin><xmax>2028</xmax><ymax>1023</ymax></bndbox></object><object><name>out of roi</name><pose>Unspecified</pose><truncated>0</truncated><difficult>0</difficult><bndbox><xmin>0</xmin><ymin>0</ymin><xmax>2048</xmax><ymax>1024</ymax></bndbox></object></annotation>