{"imgHeight": 1024, "imgWidth": 2048, "objects": [{"label": "sky", "bounding_box": [390, 0, 1183, 299]}, {"label": "road", "bounding_box": [0, 419, 2048, 1024]}, {"label": "building", "bounding_box": [602, 1, 854, 427]}, {"label": "sidewalk", "bounding_box": [657, 426, 784, 437]}, {"label": "static", "bounding_box": [657, 408, 791, 431]}, {"label": "vegetation", "bounding_box": [802, 348, 850, 429]}, {"label": "vegetation", "bounding_box": [652, 153, 847, 441]}, {"label": "building", "bounding_box": [836, 109, 1101, 438]}, {"label": "car", "bounding_box": [765, 406, 870, 440]}, {"label": "car", "bounding_box": [920, 400, 982, 422]}, {"label": "car", "bounding_box": [906, 408, 981, 444]}, {"label": "car", "bounding_box": [1039, 409, 1095, 443]}, {"label": "sidewalk", "bounding_box": [387, 430, 742, 462]}, {"label": "sidewalk", "bounding_box": [0, 450, 613, 705]}, {"label": "building", "bounding_box": [0, 0, 688, 533]}, {"label": "vegetation", "bounding_box": [764, 0, 1117, 455]}, {"label": "terrain", "bounding_box": [769, 439, 1094, 468]}, {"label": "pole", "bounding_box": [885, 421, 889, 454]}, {"label": "pole", "bounding_box": [838, 424, 843, 449]}, {"label": "pole", "bounding_box": [834, 421, 837, 450]}, {"label": "pole", "bounding_box": [824, 418, 826, 453]}, {"label": "pole", "bounding_box": [817, 420, 820, 450]}, {"label": "pole", "bounding_box": [811, 422, 812, 455]}, {"label": "static", "bounding_box": [794, 433, 807, 462]}, {"label": "polegroup", "bounding_box": [726, 418, 740, 450]}, {"label": "pole", "bounding_box": [713, 419, 716, 450]}, {"label": "polegroup", "bounding_box": [700, 415, 707, 449]}, {"label": "pole", "bounding_box": [693, 417, 696, 450]}, {"label": "pole", "bounding_box": [680, 417, 685, 454]}, {"label": "pole", "bounding_box": [670, 414, 672, 452]}, {"label": "pole", "bounding_box": [656, 417, 660, 452]}, {"label": "pole", "bounding_box": [642, 423, 646, 445]}, {"label": "car", "bounding_box": [477, 400, 640, 466]}, {"label": "static", "bounding_box": [638, 441, 651, 463]}, {"label": "vegetation", "bounding_box": [657, 182, 819, 464]}, {"label": "pole", "bounding_box": [589, 349, 596, 463]}, {"label": "traffic sign", "bounding_box": [588, 331, 609, 356]}, {"label": "static", "bounding_box": [532, 335, 564, 367]}, {"label": "pole", "bounding_box": [544, 329, 548, 478]}, {"label": "pole", "bounding_box": [557, 436, 564, 476]}, {"label": "pole", "bounding_box": [475, 324, 481, 499]}, {"label": "pole", "bounding_box": [529, 442, 536, 482]}, {"label": "pole", "bounding_box": [517, 440, 522, 488]}, {"label": "pole", "bounding_box": [501, 443, 506, 494]}, {"label": "pole", "bounding_box": [483, 446, 488, 498]}, {"label": "pole", "bounding_box": [462, 444, 470, 503]}, {"label": "pole", "bounding_box": [444, 333, 454, 484]}, {"label": "traffic sign", "bounding_box": [413, 341, 451, 351]}, {"label": "traffic sign", "bounding_box": [464, 298, 493, 329]}, {"label": "bicycle", "bounding_box": [385, 418, 445, 523]}, {"label": "bicycle", "bounding_box": [317, 428, 392, 547]}, {"label": "pole", "bounding_box": [444, 448, 450, 514]}, {"label": "pole", "bounding_box": [389, 454, 394, 530]}, {"label": "pole", "bounding_box": [418, 453, 424, 521]}, {"label": "pole", "bounding_box": [345, 455, 354, 541]}, {"label": "pole", "bounding_box": [300, 451, 312, 557]}, {"label": "pole", "bounding_box": [241, 459, 251, 574]}, {"label": "pole", "bounding_box": [155, 471, 168, 601]}, {"label": "pole", "bounding_box": [52, 488, 69, 632]}, {"label": "static", "bounding_box": [893, 55, 928, 74]}, {"label": "static", "bounding_box": [622, 76, 649, 90]}, {"label": "static", "bounding_box": [841, 345, 881, 362]}, {"label": "pole", "bounding_box": [866, 345, 873, 442]}, {"label": "terrain", "bounding_box": [841, 420, 873, 462]}, {"label": "static", "bounding_box": [912, 431, 927, 462]}, {"label": "person", "bounding_box": [986, 396, 1009, 450]}, {"label": "dynamic", "bounding_box": [992, 416, 1027, 450]}, {"label": "sidewalk", "bounding_box": [978, 473, 2048, 810]}, {"label": "pole", "bounding_box": [1033, 427, 1037, 472]}, {"label": "pole", "bounding_box": [1006, 435, 1010, 478]}, {"label": "pole", "bounding_box": [1022, 436, 1029, 480]}, {"label": "static", "bounding_box": [1035, 423, 1058, 450]}, {"label": "building", "bounding_box": [1009, 0, 2048, 678]}, {"label": "pole", "bounding_box": [1044, 427, 1051, 487]}, {"label": "pole", "bounding_box": [1071, 437, 1077, 493]}, {"label": "pole", "bounding_box": [1102, 439, 1110, 505]}, {"label": "person", "bounding_box": [1187, 365, 1251, 534]}, {"label": "pole", "bounding_box": [1707, 477, 1727, 663]}, {"label": "pole", "bounding_box": [1939, 488, 1964, 726]}, {"label": "pole", "bounding_box": [1287, 452, 1300, 561]}, {"label": "pole", "bounding_box": [1355, 456, 1366, 577]}, {"label": "pole", "bounding_box": [1440, 460, 1454, 598]}, {"label": "pole", "bounding_box": [1554, 469, 1571, 629]}, {"label": "static", "bounding_box": [1067, 224, 1089, 240]}, {"label": "ego vehicle", "bounding_box": [271, 844, 2028, 1023]}, {"label": "out of roi", "bounding_box": [0, 0, 2048, 1024]}]}