{"imgHeight": 1024, "imgWidth": 2048, "objects": [{"label": "sidewalk", "bounding_box": [1726, 549, 2048, 582]}, {"label": "road", "bounding_box": [0, 402, 2048, 1025]}, {"label": "sidewalk", "bounding_box": [784, 411, 2048, 537]}, {"label": "sky", "bounding_box": [258, 0, 1156, 444]}, {"label": "building", "bounding_box": [646, 364, 704, 461]}, {"label": "building", "bounding_box": [0, 0, 643, 532]}, {"label": "building", "bounding_box": [810, 0, 2048, 500]}, {"label": "sidewalk", "bounding_box": [93, 506, 195, 541]}, {"label": "vegetation", "bounding_box": [605, 332, 906, 464]}, {"label": "vegetation", "bounding_box": [296, 12, 695, 470]}, {"label": "vegetation", "bounding_box": [711, 122, 975, 457]}, {"label": "car", "bounding_box": [696, 451, 706, 460]}, {"label": "car", "bounding_box": [704, 449, 715, 461]}, {"label": "car", "bounding_box": [729, 451, 737, 459]}, {"label": "car", "bounding_box": [709, 449, 723, 463]}, {"label": "car", "bounding_box": [720, 446, 732, 460]}, {"label": "truck", "bounding_box": [734, 442, 750, 460]}, {"label": "car", "bounding_box": [735, 451, 749, 462]}, {"label": "static", "bounding_box": [748, 405, 881, 460]}, {"label": "pole", "bounding_box": [685, 386, 689, 460]}, {"label": "static", "bounding_box": [685, 438, 700, 462]}, {"label": "cargroup", "bounding_box": [596, 444, 680, 478]}, {"label": "rider", "bounding_box": [626, 443, 638, 473]}, {"label": "bicycle", "bounding_box": [627, 457, 635, 476]}, {"label": "car", "bounding_box": [522, 445, 557, 486]}, {"label": "car", "bounding_box": [541, 439, 606, 496]}, {"label": "car", "bounding_box": [463, 439, 540, 507]}, {"label": "car", "bounding_box": [418, 448, 484, 497]}, {"label": "static", "bounding_box": [279, 376, 355, 405]}, {"label": "pole", "bounding_box": [309, 193, 320, 437]}, {"label": "static", "bounding_box": [306, 184, 339, 199]}, {"label": "car", "bounding_box": [145, 449, 260, 550]}, {"label": "car", "bounding_box": [0, 434, 121, 561]}, {"label": "car", "bounding_box": [220, 425, 505, 588]}, {"label": "license plate", "bounding_box": [397, 552, 458, 569]}, {"label": "bicycle", "bounding_box": [150, 464, 241, 617]}, {"label": "rider", "bounding_box": [132, 373, 224, 604]}, {"label": "car", "bounding_box": [778, 438, 809, 472]}, {"label": "car", "bounding_box": [787, 448, 805, 474]}, {"label": "car", "bounding_box": [797, 446, 813, 477]}, {"label": "car", "bounding_box": [803, 444, 825, 477]}, {"label": "rider", "bounding_box": [769, 435, 783, 473]}, {"label": "bicycle", "bounding_box": [776, 453, 778, 478]}, {"label": "car", "bounding_box": [816, 438, 849, 481]}, {"label": "car", "bounding_box": [828, 441, 854, 480]}, {"label": "car", "bounding_box": [838, 430, 894, 484]}, {"label": "car", "bounding_box": [858, 439, 903, 484]}, {"label": "car", "bounding_box": [903, 438, 945, 489]}, {"label": "car", "bounding_box": [914, 435, 947, 492]}, {"label": "pole", "bounding_box": [965, 387, 967, 416]}, {"label": "traffic sign", "bounding_box": [960, 377, 972, 391]}, {"label": "traffic sign", "bounding_box": [960, 391, 972, 400]}, {"label": "car", "bounding_box": [930, 407, 1034, 495]}, {"label": "rider", "bounding_box": [893, 427, 924, 496]}, {"label": "bicycle", "bounding_box": [900, 457, 920, 499]}, {"label": "pole", "bounding_box": [1064, 183, 1076, 429]}, {"label": "static", "bounding_box": [1039, 175, 1068, 188]}, {"label": "car", "bounding_box": [986, 417, 1084, 505]}, {"label": "terrain", "bounding_box": [1017, 488, 1083, 513]}, {"label": "pole", "bounding_box": [1137, 342, 1140, 437]}, {"label": "traffic sign", "bounding_box": [1128, 331, 1149, 351]}, {"label": "traffic sign", "bounding_box": [1128, 352, 1149, 375]}, {"label": "traffic sign", "bounding_box": [1132, 376, 1146, 396]}, {"label": "bicyclegroup", "bounding_box": [1013, 424, 1236, 520]}, {"label": "person", "bounding_box": [1336, 387, 1376, 504]}, {"label": "person", "bounding_box": [1337, 382, 1393, 490]}, {"label": "pole", "bounding_box": [1307, 0, 1342, 520]}, {"label": "traffic light", "bounding_box": [1334, 266, 1356, 297]}, {"label": "traffic light", "bounding_box": [1272, 266, 1312, 319]}, {"label": "traffic light", "bounding_box": [1336, 360, 1347, 392]}, {"label": "traffic sign", "bounding_box": [1339, 230, 1398, 243]}, {"label": "traffic sign", "bounding_box": [1296, 215, 1341, 262]}, {"label": "pole", "bounding_box": [1741, 0, 1764, 514]}, {"label": "bicycle", "bounding_box": [1320, 434, 1481, 535]}, {"label": "rider", "bounding_box": [1372, 375, 1425, 537]}, {"label": "traffic sign", "bounding_box": [1759, 114, 1772, 182]}, {"label": "traffic sign", "bounding_box": [1760, 182, 1770, 233]}, {"label": "traffic light", "bounding_box": [1759, 241, 1815, 332]}, {"label": "traffic light", "bounding_box": [1746, 236, 1775, 299]}, {"label": "ground", "bounding_box": [1726, 549, 2048, 582]}, {"label": "pole", "bounding_box": [1959, 366, 1973, 561]}, {"label": "traffic sign", "bounding_box": [1947, 374, 1974, 468]}, {"label": "traffic sign", "bounding_box": [829, 403, 843, 419]}, {"label": "ego vehicle", "bounding_box": [271, 844, 2028, 1023]}, {"label": "out of roi", "bounding_box": [0, 0, 2048, 1024]}]}