{"imgHeight": 1024, "imgWidth": 2048, "objects": [{"label": "sky", "bounding_box": [581, 0, 1411, 282]}, {"label": "road", "bounding_box": [0, 452, 2048, 1024]}, {"label": "building", "bounding_box": [1017, 0, 2048, 473]}, {"label": "building", "bounding_box": [0, 0, 1045, 491]}, {"label": "vegetation", "bounding_box": [1027, 0, 1289, 458]}, {"label": "vegetation", "bounding_box": [1130, 422, 1160, 466]}, {"label": "pole", "bounding_box": [1137, 426, 1142, 466]}, {"label": "traffic sign", "bounding_box": [1130, 408, 1149, 428]}, {"label": "pole", "bounding_box": [1170, 424, 1175, 456]}, {"label": "traffic sign", "bounding_box": [1164, 414, 1176, 427]}, {"label": "traffic sign", "bounding_box": [1164, 428, 1177, 438]}, {"label": "vegetation", "bounding_box": [1247, 77, 1662, 454]}, {"label": "car", "bounding_box": [1056, 457, 1098, 490]}, {"label": "static", "bounding_box": [1074, 446, 1094, 460]}, {"label": "car", "bounding_box": [1083, 450, 1136, 505]}, {"label": "car", "bounding_box": [1106, 456, 1144, 512]}, {"label": "car", "bounding_box": [1118, 455, 1167, 528]}, {"label": "car", "bounding_box": [1136, 451, 1179, 545]}, {"label": "car", "bounding_box": [1147, 435, 1286, 577]}, {"label": "car", "bounding_box": [1159, 452, 1278, 607]}, {"label": "pole", "bounding_box": [1423, 140, 1498, 421]}, {"label": "static", "bounding_box": [1400, 191, 1447, 234]}, {"label": "car", "bounding_box": [1223, 430, 1371, 648]}, {"label": "vegetation", "bounding_box": [1570, 162, 1639, 200]}, {"label": "vegetation", "bounding_box": [1596, 160, 2046, 664]}, {"label": "sidewalk", "bounding_box": [1366, 596, 2048, 1000]}, {"label": "wall", "bounding_box": [1686, 560, 2048, 716]}, {"label": "fence", "bounding_box": [1644, 488, 2048, 662]}, {"label": "car", "bounding_box": [1276, 410, 1717, 728]}, {"label": "car", "bounding_box": [1927, 763, 2048, 1024]}, {"label": "vegetation", "bounding_box": [895, 0, 1138, 475]}, {"label": "static", "bounding_box": [1024, 465, 1069, 475]}, {"label": "cargroup", "bounding_box": [962, 460, 1040, 491]}, {"label": "vegetation", "bounding_box": [876, 164, 1091, 492]}, {"label": "pole", "bounding_box": [961, 433, 964, 480]}, {"label": "static", "bounding_box": [956, 423, 971, 439]}, {"label": "vegetation", "bounding_box": [497, 19, 1012, 465]}, {"label": "car", "bounding_box": [932, 456, 967, 516]}, {"label": "caravan", "bounding_box": [851, 402, 947, 524]}, {"label": "car", "bounding_box": [884, 456, 943, 543]}, {"label": "car", "bounding_box": [869, 451, 935, 558]}, {"label": "car", "bounding_box": [794, 450, 914, 581]}, {"label": "car", "bounding_box": [685, 423, 850, 660]}, {"label": "license plate", "bounding_box": [1492, 600, 1610, 630]}, {"label": "vegetation", "bounding_box": [0, 0, 606, 480]}, {"label": "wall", "bounding_box": [200, 429, 315, 465]}, {"label": "car", "bounding_box": [268, 371, 773, 759]}, {"label": "license plate", "bounding_box": [407, 596, 498, 632]}, {"label": "car", "bounding_box": [0, 364, 463, 1024]}, {"label": "ego vehicle", "bounding_box": [271, 844, 2028, 1023]}, {"label": "out of roi", "bounding_box": [0, 0, 2048, 1024]}]}