{"imgHeight": 1024, "imgWidth": 2048, "objects": [{"label": "sky", "bounding_box": [527, 0, 1398, 420]}, {"label": "road", "bounding_box": [0, 439, 2048, 1024]}, {"label": "building", "bounding_box": [1322, 0, 2048, 477]}, {"label": "building", "bounding_box": [515, 0, 1274, 501]}, {"label": "static", "bounding_box": [1097, 266, 1113, 272]}, {"label": "static", "bounding_box": [1019, 166, 1048, 182]}, {"label": "vegetation", "bounding_box": [1191, 411, 1257, 457]}, {"label": "pole", "bounding_box": [1177, 378, 1180, 419]}, {"label": "vegetation", "bounding_box": [1164, 403, 1192, 456]}, {"label": "cargroup", "bounding_box": [1176, 449, 1240, 467]}, {"label": "traffic sign", "bounding_box": [1177, 455, 1183, 468]}, {"label": "rider", "bounding_box": [1217, 447, 1223, 456]}, {"label": "bicycle", "bounding_box": [1218, 453, 1223, 466]}, {"label": "vegetation", "bounding_box": [1147, 432, 1159, 455]}, {"label": "car", "bounding_box": [1151, 450, 1178, 470]}, {"label": "vegetation", "bounding_box": [1138, 394, 1169, 469]}, {"label": "static", "bounding_box": [1136, 427, 1144, 438]}, {"label": "pole", "bounding_box": [1140, 433, 1142, 458]}, {"label": "car", "bounding_box": [1136, 453, 1158, 473]}, {"label": "vegetation", "bounding_box": [1116, 377, 1151, 457]}, {"label": "person", "bounding_box": [1115, 446, 1121, 456]}, {"label": "car", "bounding_box": [1119, 452, 1144, 474]}, {"label": "car", "bounding_box": [1104, 452, 1123, 475]}, {"label": "vegetation", "bounding_box": [1080, 369, 1125, 445]}, {"label": "traffic sign", "bounding_box": [1090, 430, 1103, 435]}, {"label": "car", "bounding_box": [1088, 440, 1111, 477]}, {"label": "car", "bounding_box": [1056, 440, 1097, 478]}, {"label": "sidewalk", "bounding_box": [534, 474, 1049, 505]}, {"label": "car", "bounding_box": [1039, 447, 1087, 480]}, {"label": "static", "bounding_box": [1009, 403, 1026, 422]}, {"label": "static", "bounding_box": [956, 384, 972, 421]}, {"label": "static", "bounding_box": [888, 323, 924, 367]}, {"label": "car", "bounding_box": [991, 444, 1029, 486]}, {"label": "car", "bounding_box": [970, 444, 1007, 488]}, {"label": "car", "bounding_box": [914, 443, 982, 492]}, {"label": "vegetation", "bounding_box": [766, 405, 820, 463]}, {"label": "fence", "bounding_box": [735, 456, 845, 493]}, {"label": "static", "bounding_box": [779, 453, 801, 494]}, {"label": "pole", "bounding_box": [685, 370, 696, 502]}, {"label": "traffic light", "bounding_box": [665, 375, 686, 414]}, {"label": "traffic light", "bounding_box": [683, 377, 693, 397]}, {"label": "vegetation", "bounding_box": [552, 213, 684, 464]}, {"label": "vegetation", "bounding_box": [524, 452, 641, 508]}, {"label": "building", "bounding_box": [0, 0, 565, 592]}, {"label": "sidewalk", "bounding_box": [0, 509, 810, 692]}, {"label": "traffic light", "bounding_box": [726, 412, 737, 436]}, {"label": "pole", "bounding_box": [735, 399, 743, 512]}, {"label": "pole", "bounding_box": [749, 339, 759, 516]}, {"label": "traffic light", "bounding_box": [757, 347, 781, 380]}, {"label": "traffic light", "bounding_box": [744, 349, 765, 396]}, {"label": "static", "bounding_box": [790, 331, 814, 352]}, {"label": "static", "bounding_box": [963, 232, 977, 278]}, {"label": "traffic light", "bounding_box": [803, 359, 823, 408]}, {"label": "pole", "bounding_box": [798, 253, 973, 495]}, {"label": "traffic sign", "bounding_box": [563, 294, 594, 303]}, {"label": "static", "bounding_box": [584, 300, 604, 337]}, {"label": "static", "bounding_box": [576, 342, 640, 389]}, {"label": "pole", "bounding_box": [589, 286, 598, 526]}, {"label": "traffic sign", "bounding_box": [582, 282, 595, 294]}, {"label": "traffic sign", "bounding_box": [542, 303, 584, 360]}, {"label": "pole", "bounding_box": [558, 373, 570, 535]}, {"label": "person", "bounding_box": [473, 527, 498, 558]}, {"label": "building", "bounding_box": [397, 341, 596, 562]}, {"label": "bicycle", "bounding_box": [388, 460, 468, 598]}, {"label": "terrain", "bounding_box": [210, 575, 475, 620]}, {"label": "pole", "bounding_box": [406, 503, 421, 594]}, {"label": "static", "bounding_box": [345, 235, 448, 333]}, {"label": "pole", "bounding_box": [391, 231, 404, 597]}, {"label": "parking", "bounding_box": [1191, 491, 2047, 993]}, {"label": "pole", "bounding_box": [336, 504, 349, 597]}, {"label": "vegetation", "bounding_box": [116, 0, 456, 601]}, {"label": "bicyclegroup", "bounding_box": [0, 446, 296, 657]}, {"label": "vegetation", "bounding_box": [1259, 354, 1332, 437]}, {"label": "pole", "bounding_box": [1259, 305, 1268, 462]}, {"label": "traffic sign", "bounding_box": [1243, 269, 1286, 313]}, {"label": "traffic light", "bounding_box": [1250, 318, 1266, 333]}, {"label": "traffic light", "bounding_box": [1236, 340, 1269, 390]}, {"label": "pole", "bounding_box": [1353, 372, 1356, 401]}, {"label": "traffic light", "bounding_box": [1341, 370, 1354, 385]}, {"label": "traffic light", "bounding_box": [1320, 366, 1342, 391]}, {"label": "pole", "bounding_box": [1419, 320, 1423, 397]}, {"label": "traffic sign", "bounding_box": [1420, 325, 1459, 332]}, {"label": "rider", "bounding_box": [1230, 418, 1263, 476]}, {"label": "bicycle", "bounding_box": [1230, 453, 1261, 508]}, {"label": "traffic light", "bounding_box": [1423, 363, 1446, 393]}, {"label": "traffic light", "bounding_box": [1414, 363, 1426, 386]}, {"label": "static", "bounding_box": [1477, 346, 1482, 367]}, {"label": "car", "bounding_box": [1249, 426, 1329, 529]}, {"label": "car", "bounding_box": [1260, 433, 1331, 541]}, {"label": "car", "bounding_box": [1282, 389, 1492, 568]}, {"label": "pole", "bounding_box": [1397, 474, 1413, 561]}, {"label": "pole", "bounding_box": [1368, 482, 1381, 566]}, {"label": "vegetation", "bounding_box": [1290, 0, 1611, 436]}, {"label": "terrain", "bounding_box": [1324, 556, 1411, 596]}, {"label": "license plate", "bounding_box": [1401, 460, 1452, 480]}, {"label": "car", "bounding_box": [1400, 395, 1729, 643]}, {"label": "license plate", "bounding_box": [1581, 546, 1656, 570]}, {"label": "car", "bounding_box": [1628, 366, 2048, 803]}, {"label": "ego vehicle", "bounding_box": [271, 844, 2028, 1023]}, {"label": "out of roi", "bounding_box": [0, 0, 2048, 1024]}]}