{"imgHeight": 1024, "imgWidth": 2048, "objects": [{"label": "sky", "bounding_box": [113, 0, 1301, 375]}, {"label": "road", "bounding_box": [0, 416, 2049, 1024]}, {"label": "vegetation", "bounding_box": [152, 0, 2048, 523]}, {"label": "static", "bounding_box": [739, 347, 804, 422]}, {"label": "static", "bounding_box": [809, 365, 924, 420]}, {"label": "pole", "bounding_box": [865, 165, 873, 427]}, {"label": "static", "bounding_box": [809, 151, 904, 185]}, {"label": "traffic sign", "bounding_box": [696, 381, 707, 397]}, {"label": "pole", "bounding_box": [671, 394, 674, 436]}, {"label": "traffic sign", "bounding_box": [668, 381, 677, 392]}, {"label": "traffic sign", "bounding_box": [667, 392, 678, 403]}, {"label": "building", "bounding_box": [187, 60, 381, 367]}, {"label": "terrain", "bounding_box": [288, 465, 372, 489]}, {"label": "terrain", "bounding_box": [0, 442, 720, 689]}, {"label": "sidewalk", "bounding_box": [0, 443, 687, 582]}, {"label": "wall", "bounding_box": [241, 429, 493, 493]}, {"label": "car", "bounding_box": [214, 425, 262, 495]}, {"label": "bicycle", "bounding_box": [419, 422, 436, 487]}, {"label": "bicycle", "bounding_box": [454, 422, 477, 472]}, {"label": "vegetation", "bounding_box": [513, 134, 561, 493]}, {"label": "pole", "bounding_box": [585, 184, 593, 466]}, {"label": "static", "bounding_box": [618, 411, 633, 445]}, {"label": "static", "bounding_box": [560, 419, 574, 451]}, {"label": "static", "bounding_box": [590, 414, 600, 451]}, {"label": "pole", "bounding_box": [648, 433, 650, 449]}, {"label": "pole", "bounding_box": [658, 434, 660, 453]}, {"label": "polegroup", "bounding_box": [668, 436, 700, 463]}, {"label": "pole", "bounding_box": [662, 446, 667, 488]}, {"label": "pole", "bounding_box": [681, 439, 684, 477]}, {"label": "pole", "bounding_box": [537, 449, 552, 494]}, {"label": "rider", "bounding_box": [498, 407, 523, 464]}, {"label": "pole", "bounding_box": [497, 456, 513, 516]}, {"label": "pole", "bounding_box": [401, 0, 426, 519]}, {"label": "pole", "bounding_box": [369, 459, 387, 538]}, {"label": "pole", "bounding_box": [252, 472, 278, 560]}, {"label": "fence", "bounding_box": [0, 356, 242, 533]}, {"label": "pole", "bounding_box": [104, 490, 133, 593]}, {"label": "pole", "bounding_box": [734, 328, 740, 421]}, {"label": "car", "bounding_box": [785, 411, 895, 490]}, {"label": "license plate", "bounding_box": [821, 466, 851, 473]}, {"label": "traffic sign", "bounding_box": [931, 383, 941, 394]}, {"label": "traffic sign", "bounding_box": [916, 426, 935, 445]}, {"label": "terrain", "bounding_box": [948, 436, 2048, 940]}, {"label": "fence", "bounding_box": [1591, 424, 1723, 469]}, {"label": "vegetation", "bounding_box": [1640, 363, 1663, 465]}, {"label": "pole", "bounding_box": [1614, 448, 1617, 482]}, {"label": "pole", "bounding_box": [1168, 382, 1172, 448]}, {"label": "traffic sign", "bounding_box": [1142, 316, 1157, 345]}, {"label": "traffic sign", "bounding_box": [1141, 339, 1203, 387]}, {"label": "pole", "bounding_box": [1204, 382, 1209, 422]}, {"label": "traffic sign", "bounding_box": [1202, 372, 1216, 387]}, {"label": "pole", "bounding_box": [1157, 169, 1234, 416]}, {"label": "car", "bounding_box": [1177, 425, 1201, 477]}, {"label": "car", "bounding_box": [1185, 408, 1308, 478]}, {"label": "static", "bounding_box": [1130, 165, 1159, 179]}, {"label": "car", "bounding_box": [1205, 422, 1270, 482]}, {"label": "car", "bounding_box": [1239, 415, 1387, 481]}, {"label": "pole", "bounding_box": [1338, 436, 1352, 477]}, {"label": "pole", "bounding_box": [1330, 105, 1341, 489]}, {"label": "static", "bounding_box": [1263, 474, 1273, 485]}, {"label": "static", "bounding_box": [1277, 481, 1287, 490]}, {"label": "static", "bounding_box": [1291, 485, 1303, 501]}, {"label": "static", "bounding_box": [1310, 488, 1319, 506]}, {"label": "static", "bounding_box": [1317, 504, 1334, 515]}, {"label": "dynamic", "bounding_box": [1377, 353, 1483, 504]}, {"label": "static", "bounding_box": [1482, 234, 1572, 505]}, {"label": "pole", "bounding_box": [1419, 457, 1433, 521]}, {"label": "pole", "bounding_box": [1513, 468, 1526, 545]}, {"label": "car", "bounding_box": [1629, 413, 2047, 542]}, {"label": "vegetation", "bounding_box": [1065, 0, 1984, 548]}, {"label": "pole", "bounding_box": [1773, 119, 1811, 673]}, {"label": "traffic sign", "bounding_box": [1717, 15, 1836, 126]}, {"label": "vegetation", "bounding_box": [0, 1, 331, 442]}, {"label": "car", "bounding_box": [984, 415, 1045, 455]}, {"label": "traffic light", "bounding_box": [901, 390, 909, 405]}, {"label": "license plate", "bounding_box": [1642, 467, 1665, 481]}, {"label": "ego vehicle", "bounding_box": [271, 844, 2028, 1023]}, {"label": "out of roi", "bounding_box": [0, 0, 2048, 1024]}]}