{"imgHeight": 1024, "imgWidth": 2048, "objects": [{"label": "sidewalk", "bounding_box": [301, 553, 848, 639]}, {"label": "sky", "bounding_box": [767, 0, 1361, 242]}, {"label": "building", "bounding_box": [809, 23, 1320, 456]}, {"label": "vegetation", "bounding_box": [973, 1, 1317, 417]}, {"label": "road", "bounding_box": [0, 417, 2048, 1024]}, {"label": "sidewalk", "bounding_box": [0, 444, 883, 831]}, {"label": "sidewalk", "bounding_box": [1388, 460, 2048, 645]}, {"label": "building", "bounding_box": [1392, 0, 2048, 559]}, {"label": "building", "bounding_box": [1284, 0, 1394, 404]}, {"label": "vegetation", "bounding_box": [1303, 0, 1415, 400]}, {"label": "fence", "bounding_box": [1026, 396, 1128, 423]}, {"label": "sidewalk", "bounding_box": [814, 413, 1236, 466]}, {"label": "fence", "bounding_box": [1161, 410, 1237, 454]}, {"label": "pole", "bounding_box": [1153, 376, 1158, 458]}, {"label": "traffic sign", "bounding_box": [1147, 369, 1161, 399]}, {"label": "pole", "bounding_box": [1242, 352, 1250, 431]}, {"label": "traffic sign", "bounding_box": [1238, 366, 1264, 375]}, {"label": "pole", "bounding_box": [1258, 358, 1272, 391]}, {"label": "traffic sign", "bounding_box": [1248, 377, 1260, 398]}, {"label": "traffic sign", "bounding_box": [1253, 353, 1282, 360]}, {"label": "bicycle", "bounding_box": [1001, 438, 1014, 452]}, {"label": "rider", "bounding_box": [998, 412, 1011, 446]}, {"label": "car", "bounding_box": [1053, 417, 1097, 456]}, {"label": "car", "bounding_box": [1062, 416, 1120, 461]}, {"label": "building", "bounding_box": [0, 0, 850, 618]}, {"label": "car", "bounding_box": [1236, 403, 1318, 479]}, {"label": "pole", "bounding_box": [1250, 453, 1264, 482]}, {"label": "pole", "bounding_box": [1267, 455, 1284, 488]}, {"label": "car", "bounding_box": [1280, 402, 1328, 492]}, {"label": "pole", "bounding_box": [1337, 384, 1340, 401]}, {"label": "traffic sign", "bounding_box": [1332, 372, 1346, 389]}, {"label": "pole", "bounding_box": [1356, 362, 1360, 397]}, {"label": "traffic sign", "bounding_box": [1351, 363, 1368, 389]}, {"label": "traffic sign", "bounding_box": [1383, 349, 1408, 377]}, {"label": "traffic sign", "bounding_box": [1380, 375, 1408, 390]}, {"label": "car", "bounding_box": [1299, 391, 1387, 504]}, {"label": "car", "bounding_box": [1345, 382, 1517, 532]}, {"label": "license plate", "bounding_box": [1428, 455, 1473, 468]}, {"label": "pole", "bounding_box": [1448, 209, 1467, 527]}, {"label": "traffic sign", "bounding_box": [1434, 198, 1473, 256]}, {"label": "traffic sign", "bounding_box": [1425, 253, 1485, 337]}, {"label": "traffic sign", "bounding_box": [1437, 334, 1475, 356]}, {"label": "car", "bounding_box": [870, 428, 917, 471]}, {"label": "car", "bounding_box": [878, 432, 924, 470]}, {"label": "person", "bounding_box": [809, 428, 836, 494]}, {"label": "pole", "bounding_box": [851, 415, 857, 461]}, {"label": "traffic sign", "bounding_box": [849, 382, 862, 418]}, {"label": "bicycle", "bounding_box": [788, 468, 831, 545]}, {"label": "pole", "bounding_box": [794, 398, 816, 548]}, {"label": "traffic sign", "bounding_box": [784, 360, 815, 405]}, {"label": "rider", "bounding_box": [282, 425, 352, 607]}, {"label": "bicycle", "bounding_box": [276, 480, 374, 625]}, {"label": "pole", "bounding_box": [310, 215, 331, 625]}, {"label": "traffic sign", "bounding_box": [284, 223, 349, 284]}, {"label": "traffic sign", "bounding_box": [291, 287, 347, 315]}, {"label": "traffic sign", "bounding_box": [291, 319, 346, 346]}, {"label": "car", "bounding_box": [884, 437, 943, 469]}, {"label": "car", "bounding_box": [871, 443, 994, 552]}, {"label": "license plate", "bounding_box": [915, 492, 953, 501]}, {"label": "pole", "bounding_box": [846, 449, 858, 507]}, {"label": "parking", "bounding_box": [301, 553, 848, 639]}, {"label": "car", "bounding_box": [416, 434, 694, 633]}, {"label": "license plate", "bounding_box": [488, 528, 556, 544]}, {"label": "traffic sign", "bounding_box": [658, 388, 699, 416]}, {"label": "traffic sign", "bounding_box": [1060, 356, 1071, 382]}, {"label": "pole", "bounding_box": [1063, 398, 1068, 415]}, {"label": "pole", "bounding_box": [1063, 380, 1066, 390]}, {"label": "ego vehicle", "bounding_box": [271, 844, 2028, 1023]}, {"label": "out of roi", "bounding_box": [0, 0, 2048, 1024]}]}