<annotation><filename>bremen_000032_000019_gtFine_boxes.jpg</filename><folder>CityScapes</folder><size><width>2048</width><height>1024</height><depth>3</depth></size><segmented>0</segmented><object><name>sky</name><pose>Unspecified</pose><truncated>0</truncated><difficult>0</difficult><bndbox><xmin>532</xmin><ymin>0</ymin><xmax>743</xmax><ymax>95</ymax></bndbox></object><object><name>sky</name><pose>Unspecified</pose><truncated>0</truncated><difficult>0</difficult><bndbox><xmin>1579</xmin><ymin>0</ymin><xmax>2048</xmax><ymax>313</ymax></bndbox></object><object><name>road</name><pose>Unspecified</pose><truncated>0</truncated><difficult>0</difficult><bndbox><xmin>0</xmin><ymin>411</ymin><xmax>2048</xmax><ymax>1024</ymax></bndbox></object><object><name>sidewalk</name><pose>Unspecified</pose><truncated>0</truncated><difficult>0</difficult><bndbox><xmin>0</xmin><ymin>450</ymin><xmax>1110</xmax><ymax>1024</ymax></bndbox></object><object><name>building</name><pose>Unspecified</pose><truncated>0</truncated><difficult>0</difficult><bndbox><xmin>1720</xmin><ymin>129</ymin><xmax>2048</xmax><ymax>535</ymax></bndbox></object><object><name>vegetation</name><pose>Unspecified</pose><truncated>0</truncated><difficult>0</difficult><bndbox><xmin>1722</xmin><ymin>51</ymin><xmax>1908</xmax><ymax>460</ymax></bndbox></object><object><name>fence</name><pose>Unspecified</pose><truncated>0</truncated><difficult>0</difficult><bndbox><xmin>1904</xmin><ymin>511</ymin><xmax>2025</xmax><ymax>537</ymax></bndbox></object><object><name>building</name><pose>Unspecified</pose><truncated>0</truncated><difficult>0</difficult><bndbox><xmin>692</xmin><ymin>0</ymin><xmax>1755</xmax><ymax>520</ymax></bndbox></object><object><name>static</name><pose>Unspecified</pose><truncated>0</truncated><difficult>0</difficult><bndbox><xmin>984</xmin><ymin>309</ymin><xmax>1022</xmax><ymax>379</ymax></bndbox></object><object><name>sidewalk</name><pose>Unspecified</pose><truncated>0</truncated><difficult>0</difficult><bndbox><xmin>1086</xmin><ymin>482</ymin><xmax>1606</xmax><ymax>525</ymax></bndbox></object><object><name>fence</name><pose>Unspecified</pose><truncated>0</truncated><difficult>0</difficult><bndbox><xmin>1317</xmin><ymin>475</ymin><xmax>1626</xmax><ymax>528</ymax></bndbox></object><object><name>vegetation</name><pose>Unspecified</pose><truncated>0</truncated><difficult>0</difficult><bndbox><xmin>1340</xmin><ymin>0</ymin><xmax>1726</xmax><ymax>507</ymax></bndbox></object><object><name>pole</name><pose>Unspecified</pose><truncated>0</truncated><difficult>0</difficult><bndbox><xmin>1493</xmin><ymin>328</ymin><xmax>1515</xmax><ymax>527</ymax></bndbox></object><object><name>static</name><pose>Unspecified</pose><truncated>0</truncated><difficult>0</difficult><bndbox><xmin>1032</xmin><ymin>440</ymin><xmax>1084</xmax><ymax>483</ymax></bndbox></object><object><name>traffic sign</name><pose>Unspecified</pose><truncated>0</truncated><difficult>0</difficult><bndbox><xmin>1500</xmin><ymin>316</ymin><xmax>1527</xmax><ymax>338</ymax></bndbox></object><object><name>traffic light</name><pose>Unspecified</pose><truncated>0</truncated><difficult>0</difficult><bndbox><xmin>1490</xmin><ymin>337</ymin><xmax>1519</xmax><ymax>383</ymax></bndbox></object><object><name>pole</name><pose>Unspecified</pose><truncated>0</truncated><difficult>0</difficult><bndbox><xmin>1452</xmin><ymin>214</ymin><xmax>1477</xmax><ymax>515</ymax></bndbox></object><object><name>pole</name><pose>Unspecified</pose><truncated>0</truncated><difficult>0</difficult><bndbox><xmin>1396</xmin><ymin>278</ymin><xmax>1418</xmax><ymax>510</ymax></bndbox></object><object><name>traffic sign</name><pose>Unspecified</pose><truncated>0</truncated><difficult>0</difficult><bndbox><xmin>1388</xmin><ymin>231</ymin><xmax>1447</xmax><ymax>313</ymax></bndbox></object><object><name>static</name><pose>Unspecified</pose><truncated>0</truncated><difficult>0</difficult><bndbox><xmin>1127</xmin><ymin>426</ymin><xmax>1183</xmax><ymax>494</ymax></bndbox></object><object><name>bicycle</name><pose>Unspecified</pose><truncated>0</truncated><difficult>0</difficult><bndbox><xmin>1095</xmin><ymin>439</ymin><xmax>1127</xmax><ymax>489</ymax></bndbox></object><object><name>fence</name><pose>Unspecified</pose><truncated>0</truncated><difficult>0</difficult><bndbox><xmin>1089</xmin><ymin>453</ymin><xmax>1149</xmax><ymax>495</ymax></bndbox></object><object><name>pole</name><pose>Unspecified</pose><truncated>0</truncated><difficult>0</difficult><bndbox><xmin>1000</xmin><ymin>289</ymin><xmax>1013</xmax><ymax>426</ymax></bndbox></object><object><name>traffic light</name><pose>Unspecified</pose><truncated>0</truncated><difficult>0</difficult><bndbox><xmin>1009</xmin><ymin>294</ymin><xmax>1039</xmax><ymax>376</ymax></bndbox></object><object><name>traffic sign</name><pose>Unspecified</pose><truncated>0</truncated><difficult>0</difficult><bndbox><xmin>874</xmin><ymin>272</ymin><xmax>899</xmax><ymax>304</ymax></bndbox></object><object><name>traffic sign</name><pose>Unspecified</pose><truncated>0</truncated><difficult>0</difficult><bndbox><xmin>879</xmin><ymin>258</ymin><xmax>932</xmax><ymax>349</ymax></bndbox></object><object><name>pole</name><pose>Unspecified</pose><truncated>0</truncated><difficult>0</difficult><bndbox><xmin>882</xmin><ymin>299</ymin><xmax>893</xmax><ymax>413</ymax></bndbox></object><object><name>sidewalk</name><pose>Unspecified</pose><truncated>0</truncated><difficult>0</difficult><bndbox><xmin>590</xmin><ymin>416</ymin><xmax>808</xmax><ymax>467</ymax></bndbox></object><object><name>building</name><pose>Unspecified</pose><truncated>0</truncated><difficult>0</difficult><bndbox><xmin>404</xmin><ymin>0</ymin><xmax>799</xmax><ymax>456</ymax></bndbox></object><object><name>vegetation</name><pose>Unspecified</pose><truncated>0</truncated><difficult>0</difficult><bndbox><xmin>522</xmin><ymin>0</ymin><xmax>1325</xmax><ymax>535</ymax></bndbox></object><object><name>pole</name><pose>Unspecified</pose><truncated>0</truncated><difficult>0</difficult><bndbox><xmin>670</xmin><ymin>349</ymin><xmax>676</xmax><ymax>433</ymax></bndbox></object><object><name>traffic sign</name><pose>Unspecified</pose><truncated>0</truncated><difficult>0</difficult><bndbox><xmin>656</xmin><ymin>348</ymin><xmax>674</xmax><ymax>365</ymax></bndbox></object><object><name>person</name><pose>Unspecified</pose><truncated>0</truncated><difficult>0</difficult><bndbox><xmin>752</xmin><ymin>394</ymin><xmax>780</xmax><ymax>452</ymax></bndbox></object><object><name>person</name><pose>Unspecified</pose><truncated>0</truncated><difficult>0</difficult><bndbox><xmin>726</xmin><ymin>391</ymin><xmax>745</xmax><ymax>452</ymax></bndbox></object><object><name>pole</name><pose>Unspecified</pose><truncated>0</truncated><difficult>0</difficult><bndbox><xmin>483</xmin><ymin>349</ymin><xmax>487</xmax><ymax>402</ymax></bndbox></object><object><name>static</name><pose>Unspecified</pose><truncated>0</truncated><difficult>0</difficult><bndbox><xmin>427</xmin><ymin>329</ymin><xmax>450</xmax><ymax>343</ymax></bndbox></object><object><name>static</name><pose>Unspecified</pose><truncated>0</truncated><difficult>0</difficult><bndbox><xmin>481</xmin><ymin>349</ymin><xmax>491</xmax><ymax>361</ymax></bndbox></object><object><name>car</name><pose>Unspecified</pose><truncated>0</truncated><difficult>0</difficult><bndbox><xmin>426</xmin><ymin>380</ymin><xmax>479</xmax><ymax>425</ymax></bndbox></object><object><name>pole</name><pose>Unspecified</pose><truncated>0</truncated><difficult>0</difficult><bndbox><xmin>430</xmin><ymin>249</ymin><xmax>448</xmax><ymax>390</ymax></bndbox></object><object><name>static</name><pose>Unspecified</pose><truncated>0</truncated><difficult>0</difficult><bndbox><xmin>427</xmin><ymin>256</ymin><xmax>452</xmax><ymax>274</ymax></bndbox></object><object><name>traffic light</name><pose>Unspecified</pose><truncated>0</truncated><difficult>0</difficult><bndbox><xmin>444</xmin><ymin>280</ymin><xmax>473</xmax><ymax>337</ymax></bndbox></object><object><name>static</name><pose>Unspecified</pose><truncated>0</truncated><difficult>0</difficult><bndbox><xmin>437</xmin><ymin>184</ymin><xmax>468</xmax><ymax>254</ymax></bndbox></object><object><name>pole</name><pose>Unspecified</pose><truncated>0</truncated><difficult>0</difficult><bndbox><xmin>450</xmin><ymin>137</ymin><xmax>475</xmax><ymax>424</ymax></bndbox></object><object><name>static</name><pose>Unspecified</pose><truncated>0</truncated><difficult>0</difficult><bndbox><xmin>536</xmin><ymin>296</ymin><xmax>560</xmax><ymax>318</ymax></bndbox></object><object><name>static</name><pose>Unspecified</pose><truncated>0</truncated><difficult>0</difficult><bndbox><xmin>535</xmin><ymin>317</ymin><xmax>559</xmax><ymax>328</ymax></bndbox></object><object><name>pole</name><pose>Unspecified</pose><truncated>0</truncated><difficult>0</difficult><bndbox><xmin>543</xmin><ymin>294</ymin><xmax>550</xmax><ymax>384</ymax></bndbox></object><object><name>car</name><pose>Unspecified</pose><truncated>0</truncated><difficult>0</difficult><bndbox><xmin>475</xmin><ymin>387</ymin><xmax>508</xmax><ymax>433</ymax></bndbox></object><object><name>car</name><pose>Unspecified</pose><truncated>0</truncated><difficult>0</difficult><bndbox><xmin>502</xmin><ymin>380</ymin><xmax>557</xmax><ymax>442</ymax></bndbox></object><object><name>car</name><pose>Unspecified</pose><truncated>0</truncated><difficult>0</difficult><bndbox><xmin>512</xmin><ymin>388</ymin><xmax>599</xmax><ymax>451</ymax></bndbox></object><object><name>static</name><pose>Unspecified</pose><truncated>0</truncated><difficult>0</difficult><bndbox><xmin>476</xmin><ymin>128</ymin><xmax>528</xmax><ymax>182</ymax></bndbox></object><object><name>static</name><pose>Unspecified</pose><truncated>0</truncated><difficult>0</difficult><bndbox><xmin>468</xmin><ymin>179</ymin><xmax>545</xmax><ymax>231</ymax></bndbox></object><object><name>pole</name><pose>Unspecified</pose><truncated>0</truncated><difficult>0</difficult><bndbox><xmin>494</xmin><ymin>121</ymin><xmax>507</xmax><ymax>511</ymax></bndbox></object><object><name>pole</name><pose>Unspecified</pose><truncated>0</truncated><difficult>0</difficult><bndbox><xmin>570</xmin><ymin>263</ymin><xmax>586</xmax><ymax>461</ymax></bndbox></object><object><name>traffic light</name><pose>Unspecified</pose><truncated>0</truncated><difficult>0</difficult><bndbox><xmin>577</xmin><ymin>302</ymin><xmax>599</xmax><ymax>330</ymax></bndbox></object><object><name>static</name><pose>Unspecified</pose><truncated>0</truncated><difficult>0</difficult><bndbox><xmin>557</xmin><ymin>227</ymin><xmax>598</xmax><ymax>290</ymax></bndbox></object><object><name>traffic sign</name><pose>Unspecified</pose><truncated>0</truncated><difficult>0</difficult><bndbox><xmin>561</xmin><ymin>241</ymin><xmax>591</xmax><ymax>272</ymax></bndbox></object><object><name>building</name><pose>Unspecified</pose><truncated>0</truncated><difficult>0</difficult><bndbox><xmin>0</xmin><ymin>0</ymin><xmax>486</xmax><ymax>654</ymax></bndbox></object><object><name>pole</name><pose>Unspecified</pose><truncated>0</truncated><difficult>0</difficult><bndbox><xmin>964</xmin><ymin>161</ymin><xmax>1009</xmax><ymax>534</ymax></bndbox></object><object><name>traffic sign</name><pose>Unspecified</pose><truncated>0</truncated><difficult>0</difficult><bndbox><xmin>963</xmin><ymin>106</ymin><xmax>1028</xmax><ymax>170</ymax></bndbox></object><object><name>traffic light</name><pose>Unspecified</pose><truncated>0</truncated><difficult>0</difficult><bndbox><xmin>1005</xmin><ymin>184</ymin><xmax>1050</xmax><ymax>253</ymax></bndbox></object><object><name>traffic light</name><pose>Unspecified</pose><truncated>0</truncated><difficult>0</difficult><bndbox><xmin>974</xmin><ymin>185</ymin><xmax>1016</xmax><ymax>284</ymax></bndbox></object><object><name>static</name><pose>Unspecified</pose><truncated>0</truncated><difficult>0</difficult><bndbox><xmin>1890</xmin><ymin>79</ymin><xmax>1932</xmax><ymax>98</ymax></bndbox></object><object><name>pole</name><pose>Unspecified</pose><truncated>0</truncated><difficult>0</difficult><bndbox><xmin>1941</xmin><ymin>245</ymin><xmax>1988</xmax><ymax>615</ymax></bndbox></object><object><name>traffic sign</name><pose>Unspecified</pose><truncated>0</truncated><difficult>0</difficult><bndbox><xmin>1952</xmin><ymin>183</ymin><xmax>2023</xmax><ymax>251</ymax></bndbox></object><object><name>traffic light</name><pose>Unspecified</pose><truncated>0</truncated><difficult>0</difficult><bndbox><xmin>1901</xmin><ymin>265</ymin><xmax>1954</xmax><ymax>335</ymax></bndbox></object><object><name>traffic light</name><pose>Unspecified</pose><truncated>0</truncated><difficult>0</difficult><bndbox><xmin>1941</xmin><ymin>271</ymin><xmax>1988</xmax><ymax>368</ymax></bndbox></object><object><name>sidewalk</name><pose>Unspecified</pose><truncated>0</truncated><difficult>0</difficult><bndbox><xmin>1925</xmin><ymin>597</ymin><xmax>2048</xmax><ymax>730</ymax></bndbox></object><object><name>car</name><pose>Unspecified</pose><truncated>0</truncated><difficult>0</difficult><bndbox><xmin>1580</xmin><ymin>438</ymin><xmax>1951</xmax><ymax>713</ymax></bndbox></object><object><name>license plate</name><pose>Unspecified</pose><truncated>0</truncated><difficult>0</difficult><bndbox><xmin>1744</xmin><ymin>543</ymin><xmax>1853</xmax><ymax>573</ymax></bndbox></object><object><name>static</name><pose>Unspecified</pose><truncated>0</truncated><difficult>0</difficult><bndbox><xmin>609</xmin><ymin>183</ymin><xmax>631</xmax><ymax>197</ymax></bndbox></object><object><name>pole</name><pose>Unspecified</pose><truncated>0</truncated><difficult>0</difficult><bndbox><xmin>1267</xmin><ymin>449</ymin><xmax>1272</xmax><ymax>480</ymax></bndbox></object><object><name>static</name><pose>Unspecified</pose><truncated>0</truncated><difficult>0</difficult><bndbox><xmin>1456</xmin><ymin>97</ymin><xmax>1492</xmax><ymax>121</ymax></bndbox></object><object><name>ego vehicle</name><pose>Unspecified</pose><truncated>0</truncated><difficult>0</difficult><bndbox><xmin>271</xmin><ymin>844</ymin><xmax>2028</xmax><ymax>1023</ymax></bndbox></object><object><name>out of roi</name><pose>Unspecified</pose><truncated>0</truncated><difficult>0</difficult><bndbox><xmin>0</xmin><ymin>0</ymin><xmax>2048</xmax><ymax>1024</ymax></bndbox></object></annotation>