{"imgHeight": 1024, "imgWidth": 2048, "objects": [{"label": "sky", "bounding_box": [272, 0, 622, 222]}, {"label": "road", "bounding_box": [0, 304, 2048, 1024]}, {"label": "sidewalk", "bounding_box": [608, 302, 2048, 431]}, {"label": "vegetation", "bounding_box": [308, 0, 2048, 401]}, {"label": "dynamic", "bounding_box": [763, 229, 1017, 353]}, {"label": "pole", "bounding_box": [803, 207, 810, 343]}, {"label": "bicycle", "bounding_box": [866, 322, 924, 352]}, {"label": "bicyclegroup", "bounding_box": [947, 318, 1009, 356]}, {"label": "pole", "bounding_box": [1226, 0, 1238, 392]}, {"label": "vegetation", "bounding_box": [525, 0, 1261, 369]}, {"label": "pole", "bounding_box": [685, 256, 691, 321]}, {"label": "pole", "bounding_box": [597, 259, 601, 308]}, {"label": "traffic sign", "bounding_box": [569, 227, 616, 264]}, {"label": "static", "bounding_box": [1258, 359, 1298, 384]}, {"label": "static", "bounding_box": [1213, 281, 1240, 354]}, {"label": "static", "bounding_box": [1237, 288, 1258, 396]}, {"label": "static", "bounding_box": [1084, 341, 1114, 373]}, {"label": "person", "bounding_box": [1060, 320, 1091, 399]}, {"label": "person", "bounding_box": [1045, 326, 1067, 371]}, {"label": "pole", "bounding_box": [868, 0, 1094, 402]}, {"label": "static", "bounding_box": [868, 47, 902, 72]}, {"label": "static", "bounding_box": [1286, 0, 1318, 13]}, {"label": "traffic sign", "bounding_box": [1050, 258, 1089, 266]}, {"label": "traffic sign", "bounding_box": [1093, 250, 1115, 259]}, {"label": "traffic light", "bounding_box": [1115, 251, 1140, 296]}, {"label": "pole", "bounding_box": [1133, 245, 1142, 367]}, {"label": "traffic sign", "bounding_box": [1082, 289, 1100, 305]}, {"label": "person", "bounding_box": [1106, 322, 1129, 411]}, {"label": "person", "bounding_box": [1126, 325, 1150, 417]}, {"label": "person", "bounding_box": [1146, 336, 1172, 420]}, {"label": "person", "bounding_box": [1195, 333, 1225, 417]}, {"label": "person", "bounding_box": [1220, 325, 1250, 402]}, {"label": "person", "bounding_box": [1202, 358, 1240, 420]}, {"label": "dynamic", "bounding_box": [1213, 372, 1246, 422]}, {"label": "static", "bounding_box": [1328, 364, 1354, 403]}, {"label": "pole", "bounding_box": [1375, 290, 1381, 357]}, {"label": "traffic sign", "bounding_box": [1364, 252, 1393, 291]}, {"label": "traffic sign", "bounding_box": [1340, 281, 1380, 309]}, {"label": "static", "bounding_box": [1425, 303, 1456, 365]}, {"label": "person", "bounding_box": [1538, 329, 1565, 402]}, {"label": "person", "bounding_box": [1571, 324, 1592, 379]}, {"label": "dynamic", "bounding_box": [1570, 365, 1594, 403]}, {"label": "person", "bounding_box": [1581, 332, 1623, 415]}, {"label": "person", "bounding_box": [1609, 336, 1636, 416]}, {"label": "static", "bounding_box": [1596, 188, 1618, 244]}, {"label": "pole", "bounding_box": [1602, 186, 1607, 265]}, {"label": "sidewalk", "bounding_box": [1805, 442, 2047, 452]}, {"label": "pole", "bounding_box": [1604, 251, 1614, 428]}, {"label": "traffic light", "bounding_box": [1610, 255, 1636, 304]}, {"label": "traffic light", "bounding_box": [1598, 259, 1616, 304]}, {"label": "static", "bounding_box": [1688, 305, 1714, 392]}, {"label": "dynamic", "bounding_box": [1778, 228, 2048, 407]}, {"label": "static", "bounding_box": [1646, 363, 1667, 403]}, {"label": "car", "bounding_box": [493, 293, 535, 322]}, {"label": "car", "bounding_box": [679, 313, 747, 358]}, {"label": "car", "bounding_box": [2023, 386, 2048, 436]}, {"label": "static", "bounding_box": [1889, 166, 1930, 214]}, {"label": "pole", "bounding_box": [1901, 163, 1912, 239]}, {"label": "pole", "bounding_box": [1905, 277, 1917, 448]}, {"label": "traffic light", "bounding_box": [1878, 222, 1955, 303]}, {"label": "cargroup", "bounding_box": [416, 290, 491, 328]}, {"label": "car", "bounding_box": [436, 303, 491, 347]}, {"label": "polegroup", "bounding_box": [414, 319, 508, 394]}, {"label": "sidewalk", "bounding_box": [1, 337, 527, 469]}, {"label": "building", "bounding_box": [0, 1, 451, 444]}, {"label": "static", "bounding_box": [248, 204, 330, 289]}, {"label": "persongroup", "bounding_box": [320, 308, 353, 400]}, {"label": "person", "bounding_box": [354, 342, 371, 396]}, {"label": "person", "bounding_box": [366, 311, 403, 397]}, {"label": "dynamic", "bounding_box": [389, 350, 420, 401]}, {"label": "person", "bounding_box": [423, 343, 460, 419]}, {"label": "persongroup", "bounding_box": [237, 318, 303, 404]}, {"label": "static", "bounding_box": [199, 376, 302, 429]}, {"label": "person", "bounding_box": [281, 331, 311, 404]}, {"label": "person", "bounding_box": [292, 330, 339, 397]}, {"label": "pole", "bounding_box": [255, 285, 268, 423]}, {"label": "traffic light", "bounding_box": [222, 244, 266, 301]}, {"label": "bicycle", "bounding_box": [137, 388, 238, 461]}, {"label": "rider", "bounding_box": [162, 344, 226, 441]}, {"label": "static", "bounding_box": [452, 266, 475, 306]}, {"label": "traffic sign", "bounding_box": [449, 236, 480, 258]}, {"label": "traffic light", "bounding_box": [471, 254, 504, 310]}, {"label": "static", "bounding_box": [454, 210, 487, 244]}, {"label": "static", "bounding_box": [451, 173, 488, 209]}, {"label": "static", "bounding_box": [379, 144, 505, 174]}, {"label": "static", "bounding_box": [377, 107, 503, 138]}, {"label": "static", "bounding_box": [574, 76, 610, 108]}, {"label": "static", "bounding_box": [611, 67, 633, 124]}, {"label": "pole", "bounding_box": [458, 48, 631, 423]}, {"label": "car", "bounding_box": [583, 298, 631, 321]}, {"label": "car", "bounding_box": [601, 318, 683, 398]}, {"label": "car", "bounding_box": [499, 303, 648, 446]}, {"label": "car", "bounding_box": [159, 381, 498, 484]}, {"label": "pole", "bounding_box": [940, 270, 946, 374]}, {"label": "traffic sign", "bounding_box": [932, 261, 951, 274]}, {"label": "traffic sign", "bounding_box": [930, 239, 953, 262]}, {"label": "bicycle", "bounding_box": [6, 419, 228, 575]}, {"label": "rider", "bounding_box": [41, 345, 166, 576]}, {"label": "car", "bounding_box": [0, 585, 156, 1004]}, {"label": "car", "bounding_box": [879, 369, 1095, 543]}, {"label": "motorcycle", "bounding_box": [993, 399, 1039, 438]}, {"label": "license plate", "bounding_box": [970, 446, 1029, 461]}, {"label": "rider", "bounding_box": [983, 344, 1110, 579]}, {"label": "motorcycle", "bounding_box": [1010, 424, 1086, 588]}, {"label": "person", "bounding_box": [1489, 326, 1520, 418]}, {"label": "person", "bounding_box": [1468, 333, 1509, 424]}, {"label": "bicycle", "bounding_box": [1323, 367, 1390, 418]}, {"label": "rider", "bounding_box": [1349, 334, 1393, 419]}, {"label": "bicycle", "bounding_box": [1338, 367, 1410, 429]}, {"label": "person", "bounding_box": [1409, 332, 1432, 396]}, {"label": "person", "bounding_box": [1435, 326, 1460, 399]}, {"label": "rider", "bounding_box": [1431, 338, 1464, 402]}, {"label": "bicycle", "bounding_box": [1434, 377, 1488, 419]}, {"label": "bicycle", "bounding_box": [1389, 375, 1465, 428]}, {"label": "rider", "bounding_box": [1404, 338, 1435, 411]}, {"label": "license plate", "bounding_box": [1046, 521, 1060, 538]}, {"label": "dynamic", "bounding_box": [0, 365, 23, 431]}, {"label": "ego vehicle", "bounding_box": [271, 844, 2028, 1023]}, {"label": "out of roi", "bounding_box": [0, 0, 2048, 1024]}]}