{"imgHeight": 1024, "imgWidth": 2048, "objects": [{"label": "sky", "bounding_box": [127, 0, 1263, 359]}, {"label": "road", "bounding_box": [0, 390, 2048, 1024]}, {"label": "terrain", "bounding_box": [541, 403, 846, 444]}, {"label": "rail track", "bounding_box": [576, 412, 819, 437]}, {"label": "static", "bounding_box": [776, 308, 950, 422]}, {"label": "vegetation", "bounding_box": [831, 220, 975, 435]}, {"label": "vegetation", "bounding_box": [782, 322, 853, 391]}, {"label": "building", "bounding_box": [754, 267, 785, 406]}, {"label": "building", "bounding_box": [662, 236, 762, 403]}, {"label": "vegetation", "bounding_box": [598, 256, 737, 410]}, {"label": "building", "bounding_box": [0, 0, 608, 421]}, {"label": "cargroup", "bounding_box": [748, 396, 806, 411]}, {"label": "pole", "bounding_box": [831, 350, 836, 415]}, {"label": "cargroup", "bounding_box": [667, 393, 749, 412]}, {"label": "pole", "bounding_box": [825, 348, 828, 414]}, {"label": "pole", "bounding_box": [811, 333, 816, 418]}, {"label": "pole", "bounding_box": [796, 321, 800, 415]}, {"label": "pole", "bounding_box": [764, 236, 775, 423]}, {"label": "pole", "bounding_box": [729, 291, 735, 416]}, {"label": "traffic sign", "bounding_box": [724, 340, 746, 362]}, {"label": "pole", "bounding_box": [688, 254, 706, 416]}, {"label": "pole", "bounding_box": [653, 245, 662, 413]}, {"label": "car", "bounding_box": [611, 391, 635, 413]}, {"label": "car", "bounding_box": [585, 391, 617, 411]}, {"label": "pole", "bounding_box": [620, 264, 625, 419]}, {"label": "pole", "bounding_box": [587, 230, 600, 422]}, {"label": "vegetation", "bounding_box": [526, 358, 551, 415]}, {"label": "sidewalk", "bounding_box": [739, 418, 2048, 480]}, {"label": "building", "bounding_box": [951, 0, 2048, 473]}, {"label": "vegetation", "bounding_box": [974, 333, 1012, 404]}, {"label": "pole", "bounding_box": [963, 153, 982, 446]}, {"label": "pole", "bounding_box": [932, 198, 945, 434]}, {"label": "traffic light", "bounding_box": [939, 326, 963, 351]}, {"label": "pole", "bounding_box": [890, 319, 898, 445]}, {"label": "traffic sign", "bounding_box": [895, 317, 905, 328]}, {"label": "static", "bounding_box": [989, 416, 1008, 442]}, {"label": "pole", "bounding_box": [1833, 338, 1845, 473]}, {"label": "pole", "bounding_box": [1992, 195, 2015, 478]}, {"label": "static", "bounding_box": [1989, 270, 2024, 293]}, {"label": "traffic light", "bounding_box": [1979, 353, 1999, 370]}, {"label": "traffic light", "bounding_box": [2004, 354, 2029, 390]}, {"label": "sidewalk", "bounding_box": [1779, 487, 2048, 511]}, {"label": "sidewalk", "bounding_box": [1256, 579, 2048, 1024]}, {"label": "static", "bounding_box": [2012, 176, 2048, 257]}, {"label": "traffic light", "bounding_box": [1631, 0, 1739, 145]}, {"label": "static", "bounding_box": [1700, 466, 1720, 508]}, {"label": "static", "bounding_box": [1751, 470, 1768, 509]}, {"label": "vegetation", "bounding_box": [329, 15, 659, 386]}, {"label": "building", "bounding_box": [1, 0, 425, 418]}, {"label": "vegetation", "bounding_box": [203, 126, 453, 386]}, {"label": "vegetation", "bounding_box": [0, 148, 181, 401]}, {"label": "pole", "bounding_box": [490, 314, 494, 386]}, {"label": "pole", "bounding_box": [447, 202, 453, 383]}, {"label": "static", "bounding_box": [384, 374, 424, 407]}, {"label": "static", "bounding_box": [493, 316, 504, 326]}, {"label": "static", "bounding_box": [493, 328, 504, 356]}, {"label": "static", "bounding_box": [479, 315, 491, 368]}, {"label": "sidewalk", "bounding_box": [0, 411, 206, 437]}, {"label": "pole", "bounding_box": [307, 274, 318, 384]}, {"label": "traffic light", "bounding_box": [314, 303, 341, 334]}, {"label": "traffic sign", "bounding_box": [297, 254, 324, 279]}, {"label": "car", "bounding_box": [140, 375, 370, 441]}, {"label": "car", "bounding_box": [360, 379, 541, 452]}, {"label": "static", "bounding_box": [14, 405, 104, 489]}, {"label": "terrain", "bounding_box": [1204, 524, 2048, 644]}, {"label": "traffic light", "bounding_box": [1783, 0, 1848, 130]}, {"label": "pole", "bounding_box": [1710, 74, 1767, 688]}, {"label": "traffic light", "bounding_box": [1708, 1, 1789, 138]}, {"label": "terrain", "bounding_box": [0, 546, 240, 629]}, {"label": "pole", "bounding_box": [52, 393, 62, 554]}, {"label": "ground", "bounding_box": [1779, 487, 2048, 511]}, {"label": "ground", "bounding_box": [1556, 770, 2047, 1023]}, {"label": "pole", "bounding_box": [1049, 321, 1057, 448]}, {"label": "dynamic", "bounding_box": [1097, 415, 1121, 451]}, {"label": "ego vehicle", "bounding_box": [271, 844, 2028, 1023]}, {"label": "out of roi", "bounding_box": [0, 0, 2048, 1024]}]}