{"imgHeight": 1024, "imgWidth": 2048, "objects": [{"label": "sky", "bounding_box": [394, 0, 893, 310]}, {"label": "road", "bounding_box": [0, 326, 2048, 1024]}, {"label": "building", "bounding_box": [753, 1, 2049, 640]}, {"label": "sidewalk", "bounding_box": [667, 448, 2047, 829]}, {"label": "vegetation", "bounding_box": [0, 0, 1420, 549]}, {"label": "bus", "bounding_box": [450, 437, 471, 473]}, {"label": "traffic light", "bounding_box": [501, 374, 509, 394]}, {"label": "traffic light", "bounding_box": [543, 373, 552, 391]}, {"label": "pole", "bounding_box": [490, 380, 548, 386]}, {"label": "car", "bounding_box": [475, 455, 510, 477]}, {"label": "sidewalk", "bounding_box": [0, 468, 497, 583]}, {"label": "static", "bounding_box": [38, 435, 81, 501]}, {"label": "pole", "bounding_box": [628, 359, 714, 452]}, {"label": "traffic light", "bounding_box": [624, 349, 632, 371]}, {"label": "traffic light", "bounding_box": [707, 404, 717, 422]}, {"label": "rider", "bounding_box": [704, 427, 717, 473]}, {"label": "bicycle", "bounding_box": [709, 455, 713, 477]}, {"label": "car", "bounding_box": [850, 423, 887, 467]}, {"label": "person", "bounding_box": [865, 410, 884, 473]}, {"label": "person", "bounding_box": [882, 410, 897, 473]}, {"label": "car", "bounding_box": [904, 418, 980, 466]}, {"label": "rider", "bounding_box": [949, 401, 982, 485]}, {"label": "terrain", "bounding_box": [839, 461, 1208, 545]}, {"label": "car", "bounding_box": [615, 439, 660, 475]}, {"label": "car", "bounding_box": [1360, 395, 1467, 501]}, {"label": "bicycle", "bounding_box": [1923, 383, 1995, 496]}, {"label": "person", "bounding_box": [1883, 347, 1952, 498]}, {"label": "static", "bounding_box": [2013, 400, 2048, 543]}, {"label": "pole", "bounding_box": [1974, 422, 2012, 560]}, {"label": "pole", "bounding_box": [1813, 425, 1847, 547]}, {"label": "pole", "bounding_box": [1319, 421, 1339, 508]}, {"label": "terrain", "bounding_box": [0, 468, 497, 583]}, {"label": "static", "bounding_box": [34, 354, 96, 374]}, {"label": "pole", "bounding_box": [59, 355, 74, 520]}, {"label": "license plate", "bounding_box": [1392, 466, 1434, 476]}, {"label": "sidewalk", "bounding_box": [0, 472, 488, 580]}, {"label": "ego vehicle", "bounding_box": [271, 844, 2028, 1023]}, {"label": "out of roi", "bounding_box": [0, 0, 2048, 1024]}]}