{"imgHeight": 1024, "imgWidth": 2048, "objects": [{"label": "sky", "bounding_box": [728, 0, 1734, 399]}, {"label": "road", "bounding_box": [0, 416, 2048, 1024]}, {"label": "building", "bounding_box": [925, 254, 1594, 448]}, {"label": "vegetation", "bounding_box": [901, 106, 1540, 453]}, {"label": "pole", "bounding_box": [1499, 410, 1500, 442]}, {"label": "static", "bounding_box": [1484, 393, 1494, 404]}, {"label": "pole", "bounding_box": [1399, 332, 1406, 452]}, {"label": "pole", "bounding_box": [1488, 395, 1491, 439]}, {"label": "static", "bounding_box": [1498, 407, 1505, 416]}, {"label": "pole", "bounding_box": [1326, 147, 1336, 413]}, {"label": "car", "bounding_box": [1410, 418, 1438, 444]}, {"label": "car", "bounding_box": [1431, 414, 1491, 450]}, {"label": "car", "bounding_box": [1357, 414, 1426, 457]}, {"label": "car", "bounding_box": [1327, 406, 1376, 448]}, {"label": "static", "bounding_box": [1375, 335, 1419, 359]}, {"label": "vegetation", "bounding_box": [1385, 336, 1414, 373]}, {"label": "static", "bounding_box": [1308, 141, 1356, 152]}, {"label": "pole", "bounding_box": [1305, 331, 1402, 339]}, {"label": "pole", "bounding_box": [1332, 334, 1373, 339]}, {"label": "traffic light", "bounding_box": [1369, 323, 1377, 344]}, {"label": "traffic light", "bounding_box": [1305, 326, 1314, 346]}, {"label": "traffic light", "bounding_box": [1315, 346, 1344, 387]}, {"label": "traffic sign", "bounding_box": [1324, 333, 1339, 349]}, {"label": "static", "bounding_box": [1206, 355, 1258, 424]}, {"label": "vegetation", "bounding_box": [1178, 354, 1226, 416]}, {"label": "pole", "bounding_box": [1143, 318, 1147, 418]}, {"label": "pole", "bounding_box": [1146, 335, 1237, 341]}, {"label": "traffic light", "bounding_box": [1234, 330, 1242, 348]}, {"label": "pole", "bounding_box": [1050, 379, 1053, 413]}, {"label": "traffic light", "bounding_box": [1145, 394, 1154, 411]}, {"label": "traffic sign", "bounding_box": [1036, 381, 1051, 384]}, {"label": "traffic sign", "bounding_box": [1044, 398, 1056, 409]}, {"label": "pole", "bounding_box": [998, 386, 1003, 449]}, {"label": "traffic light", "bounding_box": [994, 387, 1005, 399]}, {"label": "car", "bounding_box": [1275, 401, 1349, 455]}, {"label": "car", "bounding_box": [1243, 413, 1311, 458]}, {"label": "car", "bounding_box": [1183, 412, 1268, 463]}, {"label": "car", "bounding_box": [1128, 412, 1202, 466]}, {"label": "sidewalk", "bounding_box": [0, 443, 1036, 500]}, {"label": "terrain", "bounding_box": [349, 467, 1024, 544]}, {"label": "car", "bounding_box": [1018, 405, 1168, 527]}, {"label": "pole", "bounding_box": [919, 215, 928, 449]}, {"label": "static", "bounding_box": [915, 212, 938, 219]}, {"label": "building", "bounding_box": [0, 0, 923, 482]}, {"label": "person", "bounding_box": [914, 412, 928, 456]}, {"label": "bicycle", "bounding_box": [898, 430, 945, 457]}, {"label": "dynamic", "bounding_box": [715, 432, 740, 465]}, {"label": "pole", "bounding_box": [739, 37, 764, 491]}, {"label": "pole", "bounding_box": [548, 341, 554, 423]}, {"label": "vegetation", "bounding_box": [515, 17, 719, 507]}, {"label": "static", "bounding_box": [509, 395, 573, 525]}, {"label": "static", "bounding_box": [540, 336, 556, 389]}, {"label": "static", "bounding_box": [554, 344, 574, 363]}, {"label": "static", "bounding_box": [515, 340, 545, 384]}, {"label": "pole", "bounding_box": [478, 0, 516, 520]}, {"label": "traffic light", "bounding_box": [445, 117, 489, 212]}, {"label": "static", "bounding_box": [48, 0, 534, 53]}, {"label": "static", "bounding_box": [0, 4, 86, 104]}, {"label": "static", "bounding_box": [0, 97, 111, 219]}, {"label": "pole", "bounding_box": [32, 5, 48, 594]}, {"label": "car", "bounding_box": [228, 409, 409, 494]}, {"label": "sidewalk", "bounding_box": [0, 602, 243, 695]}, {"label": "sidewalk", "bounding_box": [1371, 447, 2048, 580]}, {"label": "terrain", "bounding_box": [1307, 487, 1597, 557]}, {"label": "building", "bounding_box": [1520, 0, 2048, 548]}, {"label": "pole", "bounding_box": [1400, 136, 1417, 514]}, {"label": "traffic sign", "bounding_box": [1361, 136, 1519, 186]}, {"label": "traffic sign", "bounding_box": [1362, 183, 1542, 304]}, {"label": "pole", "bounding_box": [1779, 63, 1788, 261]}, {"label": "pole", "bounding_box": [1791, 202, 1816, 554]}, {"label": "traffic light", "bounding_box": [1797, 215, 1858, 310]}, {"label": "traffic sign", "bounding_box": [1780, 308, 1825, 329]}, {"label": "pole", "bounding_box": [1787, 229, 1796, 233]}, {"label": "pole", "bounding_box": [1787, 247, 1796, 253]}, {"label": "traffic sign", "bounding_box": [1782, 71, 1796, 127]}, {"label": "traffic sign", "bounding_box": [1779, 127, 1797, 199]}, {"label": "static", "bounding_box": [1206, 72, 1223, 92]}, {"label": "terrain", "bounding_box": [1, 570, 297, 650]}, {"label": "license plate", "bounding_box": [1058, 458, 1106, 468]}, {"label": "license plate", "bounding_box": [242, 465, 268, 472]}, {"label": "traffic sign", "bounding_box": [1534, 400, 1549, 462]}, {"label": "ego vehicle", "bounding_box": [271, 844, 2028, 1023]}, {"label": "out of roi", "bounding_box": [0, 0, 2048, 1024]}]}