{"imgHeight": 1024, "imgWidth": 2048, "objects": [{"label": "sky", "bounding_box": [909, 0, 1335, 231]}, {"label": "road", "bounding_box": [0, 427, 2048, 1024]}, {"label": "building", "bounding_box": [975, 283, 1232, 449]}, {"label": "building", "bounding_box": [466, 0, 1051, 495]}, {"label": "vegetation", "bounding_box": [898, 47, 1228, 457]}, {"label": "vegetation", "bounding_box": [1181, 357, 1188, 444]}, {"label": "static", "bounding_box": [1215, 416, 1228, 442]}, {"label": "static", "bounding_box": [1206, 400, 1225, 441]}, {"label": "sidewalk", "bounding_box": [1094, 442, 2048, 806]}, {"label": "static", "bounding_box": [1053, 354, 1070, 379]}, {"label": "pole", "bounding_box": [1164, 367, 1166, 434]}, {"label": "static", "bounding_box": [1157, 370, 1178, 381]}, {"label": "pole", "bounding_box": [1123, 345, 1131, 439]}, {"label": "traffic sign", "bounding_box": [1114, 331, 1135, 353]}, {"label": "pole", "bounding_box": [1059, 351, 1069, 456]}, {"label": "traffic sign", "bounding_box": [1050, 336, 1068, 361]}, {"label": "building", "bounding_box": [1175, 0, 2048, 594]}, {"label": "vegetation", "bounding_box": [1267, 0, 1851, 598]}, {"label": "static", "bounding_box": [1170, 430, 1183, 457]}, {"label": "static", "bounding_box": [1147, 431, 1162, 459]}, {"label": "static", "bounding_box": [1126, 435, 1144, 457]}, {"label": "static", "bounding_box": [1134, 460, 1215, 585]}, {"label": "static", "bounding_box": [1209, 489, 1259, 603]}, {"label": "static", "bounding_box": [1254, 500, 1324, 634]}, {"label": "pole", "bounding_box": [1235, 232, 1251, 613]}, {"label": "traffic sign", "bounding_box": [1208, 175, 1260, 249]}, {"label": "static", "bounding_box": [1883, 505, 1973, 676]}, {"label": "sidewalk", "bounding_box": [0, 444, 1126, 685]}, {"label": "vegetation", "bounding_box": [482, 227, 757, 418]}, {"label": "building", "bounding_box": [0, 0, 534, 582]}, {"label": "vegetation", "bounding_box": [950, 436, 981, 452]}, {"label": "static", "bounding_box": [953, 448, 981, 460]}, {"label": "static", "bounding_box": [918, 454, 947, 461]}, {"label": "vegetation", "bounding_box": [922, 432, 940, 453]}, {"label": "static", "bounding_box": [886, 453, 917, 465]}, {"label": "vegetation", "bounding_box": [886, 433, 918, 455]}, {"label": "vegetation", "bounding_box": [855, 434, 886, 461]}, {"label": "static", "bounding_box": [854, 456, 886, 466]}, {"label": "vegetation", "bounding_box": [830, 431, 856, 463]}, {"label": "static", "bounding_box": [826, 458, 858, 471]}, {"label": "static", "bounding_box": [805, 461, 830, 476]}, {"label": "vegetation", "bounding_box": [800, 439, 826, 463]}, {"label": "pole", "bounding_box": [743, 145, 765, 427]}, {"label": "static", "bounding_box": [743, 140, 765, 149]}, {"label": "car", "bounding_box": [703, 413, 811, 518]}, {"label": "pole", "bounding_box": [722, 343, 730, 419]}, {"label": "traffic sign", "bounding_box": [686, 349, 724, 359]}, {"label": "static", "bounding_box": [568, 318, 602, 380]}, {"label": "pole", "bounding_box": [577, 317, 591, 425]}, {"label": "car", "bounding_box": [594, 414, 734, 538]}, {"label": "car", "bounding_box": [48, 381, 672, 767]}, {"label": "license plate", "bounding_box": [161, 663, 324, 701]}, {"label": "static", "bounding_box": [1444, 353, 1657, 466]}, {"label": "vegetation", "bounding_box": [1549, 226, 1585, 466]}, {"label": "wall", "bounding_box": [1431, 549, 1718, 619]}, {"label": "static", "bounding_box": [1454, 511, 1540, 668]}, {"label": "bicycle", "bounding_box": [1215, 416, 1228, 442]}, {"label": "rider", "bounding_box": [1206, 400, 1225, 441]}, {"label": "static", "bounding_box": [1186, 437, 1218, 454]}, {"label": "vegetation", "bounding_box": [1185, 406, 1214, 438]}, {"label": "fence", "bounding_box": [1031, 423, 1058, 448]}, {"label": "ego vehicle", "bounding_box": [271, 844, 2028, 1023]}, {"label": "out of roi", "bounding_box": [0, 0, 2048, 1024]}]}