{"imgHeight": 1024, "imgWidth": 2048, "objects": [{"label": "sky", "bounding_box": [976, 0, 1532, 173]}, {"label": "road", "bounding_box": [0, 433, 2048, 1024]}, {"label": "building", "bounding_box": [868, 0, 1185, 461]}, {"label": "building", "bounding_box": [1079, 0, 1442, 450]}, {"label": "vegetation", "bounding_box": [1236, 390, 1342, 459]}, {"label": "vegetation", "bounding_box": [1125, 0, 1413, 449]}, {"label": "static", "bounding_box": [1312, 415, 1326, 448]}, {"label": "pole", "bounding_box": [1313, 356, 1318, 448]}, {"label": "traffic sign", "bounding_box": [1305, 347, 1322, 366]}, {"label": "traffic sign", "bounding_box": [1303, 363, 1325, 376]}, {"label": "car", "bounding_box": [1355, 414, 1431, 453]}, {"label": "static", "bounding_box": [1281, 299, 1307, 332]}, {"label": "pole", "bounding_box": [1291, 319, 1294, 448]}, {"label": "traffic sign", "bounding_box": [1395, 390, 1418, 405]}, {"label": "traffic sign", "bounding_box": [1275, 289, 1311, 345]}, {"label": "pole", "bounding_box": [1281, 380, 1289, 484]}, {"label": "traffic light", "bounding_box": [1276, 350, 1291, 393]}, {"label": "building", "bounding_box": [1418, 0, 2048, 684]}, {"label": "sidewalk", "bounding_box": [1222, 476, 2048, 1024]}, {"label": "pole", "bounding_box": [1405, 350, 1413, 478]}, {"label": "static", "bounding_box": [1408, 335, 1422, 352]}, {"label": "static", "bounding_box": [1413, 312, 1422, 334]}, {"label": "pole", "bounding_box": [1391, 231, 1416, 621]}, {"label": "traffic sign", "bounding_box": [1371, 125, 1459, 212]}, {"label": "traffic sign", "bounding_box": [1375, 209, 1450, 253]}, {"label": "traffic sign", "bounding_box": [1377, 251, 1449, 292]}, {"label": "pole", "bounding_box": [1094, 352, 1098, 418]}, {"label": "traffic light", "bounding_box": [1097, 368, 1113, 396]}, {"label": "traffic sign", "bounding_box": [1088, 347, 1098, 371]}, {"label": "traffic light", "bounding_box": [1084, 364, 1098, 389]}, {"label": "static", "bounding_box": [1062, 315, 1084, 338]}, {"label": "pole", "bounding_box": [1068, 313, 1076, 453]}, {"label": "traffic light", "bounding_box": [1073, 350, 1092, 378]}, {"label": "person", "bounding_box": [1041, 407, 1055, 457]}, {"label": "sidewalk", "bounding_box": [0, 450, 1072, 1024]}, {"label": "vegetation", "bounding_box": [871, 0, 1104, 308]}, {"label": "pole", "bounding_box": [1023, 328, 1032, 470]}, {"label": "static", "bounding_box": [1024, 329, 1032, 334]}, {"label": "traffic sign", "bounding_box": [1029, 344, 1044, 390]}, {"label": "building", "bounding_box": [0, 0, 1043, 739]}, {"label": "pole", "bounding_box": [620, 291, 632, 516]}, {"label": "traffic sign", "bounding_box": [630, 290, 679, 333]}, {"label": "car", "bounding_box": [1210, 422, 1268, 498]}, {"label": "car", "bounding_box": [1128, 406, 1214, 442]}, {"label": "pole", "bounding_box": [1249, 325, 1257, 538]}, {"label": "traffic sign", "bounding_box": [1240, 295, 1270, 335]}, {"label": "traffic sign", "bounding_box": [1242, 335, 1270, 358]}, {"label": "car", "bounding_box": [1056, 412, 1241, 565]}, {"label": "license plate", "bounding_box": [1128, 470, 1185, 485]}, {"label": "pole", "bounding_box": [270, 174, 293, 651]}, {"label": "traffic sign", "bounding_box": [238, 121, 334, 218]}, {"label": "static", "bounding_box": [1390, 378, 1401, 392]}, {"label": "static", "bounding_box": [1020, 184, 1038, 283]}, {"label": "ego vehicle", "bounding_box": [271, 844, 2028, 1023]}, {"label": "out of roi", "bounding_box": [0, 0, 2048, 1024]}]}