{"imgHeight": 1024, "imgWidth": 2048, "objects": [{"label": "static", "bounding_box": [461, 447, 564, 510]}, {"label": "road", "bounding_box": [0, 246, 2048, 1024]}, {"label": "static", "bounding_box": [948, 82, 974, 99]}, {"label": "ground", "bounding_box": [0, 424, 827, 663]}, {"label": "sky", "bounding_box": [0, 0, 1485, 358]}, {"label": "sidewalk", "bounding_box": [1244, 478, 2048, 1003]}, {"label": "sidewalk", "bounding_box": [991, 415, 2006, 493]}, {"label": "terrain", "bounding_box": [1731, 457, 1889, 487]}, {"label": "building", "bounding_box": [910, 0, 2048, 460]}, {"label": "car", "bounding_box": [1975, 395, 2048, 443]}, {"label": "bicycle", "bounding_box": [1923, 414, 2048, 505]}, {"label": "vegetation", "bounding_box": [1526, 0, 2048, 534]}, {"label": "pole", "bounding_box": [1714, 419, 1718, 462]}, {"label": "static", "bounding_box": [1694, 310, 1706, 347]}, {"label": "pole", "bounding_box": [1692, 309, 1701, 484]}, {"label": "pole", "bounding_box": [1784, 422, 1791, 494]}, {"label": "pole", "bounding_box": [1850, 432, 1856, 469]}, {"label": "pole", "bounding_box": [1902, 430, 1906, 470]}, {"label": "static", "bounding_box": [1886, 228, 1898, 278]}, {"label": "static", "bounding_box": [1869, 276, 1907, 318]}, {"label": "pole", "bounding_box": [1882, 272, 1898, 469]}, {"label": "traffic sign", "bounding_box": [1878, 226, 1894, 277]}, {"label": "pole", "bounding_box": [1564, 434, 1570, 491]}, {"label": "person", "bounding_box": [1589, 362, 1648, 501]}, {"label": "sidewalk", "bounding_box": [0, 423, 705, 559]}, {"label": "dynamic", "bounding_box": [1295, 404, 1320, 446]}, {"label": "person", "bounding_box": [1383, 392, 1423, 492]}, {"label": "pole", "bounding_box": [1408, 432, 1416, 510]}, {"label": "pole", "bounding_box": [1458, 436, 1464, 490]}, {"label": "traffic sign", "bounding_box": [1321, 235, 1347, 255]}, {"label": "traffic sign", "bounding_box": [1323, 254, 1395, 273]}, {"label": "pole", "bounding_box": [1320, 238, 1328, 524]}, {"label": "traffic sign", "bounding_box": [1297, 269, 1352, 328]}, {"label": "pole", "bounding_box": [1313, 443, 1324, 546]}, {"label": "pole", "bounding_box": [1355, 450, 1366, 559]}, {"label": "pole", "bounding_box": [1413, 453, 1427, 593]}, {"label": "vegetation", "bounding_box": [754, 0, 1438, 459]}, {"label": "building", "bounding_box": [0, 110, 796, 466]}, {"label": "vegetation", "bounding_box": [0, 167, 169, 469]}, {"label": "car", "bounding_box": [262, 409, 343, 439]}, {"label": "car", "bounding_box": [349, 406, 460, 447]}, {"label": "car", "bounding_box": [230, 415, 401, 475]}, {"label": "vegetation", "bounding_box": [143, 37, 651, 483]}, {"label": "person", "bounding_box": [0, 417, 23, 472]}, {"label": "static", "bounding_box": [14, 325, 30, 373]}, {"label": "pole", "bounding_box": [24, 0, 39, 491]}, {"label": "person", "bounding_box": [115, 411, 146, 466]}, {"label": "static", "bounding_box": [146, 432, 184, 457]}, {"label": "static", "bounding_box": [68, 450, 130, 476]}, {"label": "static", "bounding_box": [22, 464, 85, 506]}, {"label": "static", "bounding_box": [118, 449, 215, 495]}, {"label": "vegetation", "bounding_box": [220, 420, 341, 489]}, {"label": "static", "bounding_box": [261, 456, 307, 485]}, {"label": "static", "bounding_box": [329, 457, 374, 482]}, {"label": "vegetation", "bounding_box": [367, 427, 546, 472]}, {"label": "pole", "bounding_box": [397, 357, 416, 455]}, {"label": "static", "bounding_box": [257, 436, 584, 490]}, {"label": "pole", "bounding_box": [403, 445, 411, 509]}, {"label": "traffic sign", "bounding_box": [463, 320, 522, 333]}, {"label": "traffic sign", "bounding_box": [520, 310, 535, 323]}, {"label": "pole", "bounding_box": [562, 443, 568, 495]}, {"label": "static", "bounding_box": [571, 215, 647, 364]}, {"label": "pole", "bounding_box": [600, 218, 614, 487]}, {"label": "static", "bounding_box": [557, 484, 645, 502]}, {"label": "traffic light", "bounding_box": [833, 117, 854, 184]}, {"label": "pole", "bounding_box": [645, 143, 888, 492]}, {"label": "traffic light", "bounding_box": [877, 115, 899, 182]}, {"label": "traffic light", "bounding_box": [657, 322, 682, 354]}, {"label": "traffic light", "bounding_box": [645, 321, 672, 377]}, {"label": "pole", "bounding_box": [619, 361, 627, 456]}, {"label": "pole", "bounding_box": [610, 447, 615, 504]}, {"label": "pole", "bounding_box": [656, 448, 660, 501]}, {"label": "static", "bounding_box": [792, 395, 841, 442]}, {"label": "pole", "bounding_box": [785, 152, 799, 427]}, {"label": "pole", "bounding_box": [836, 234, 844, 420]}, {"label": "dynamic", "bounding_box": [678, 375, 724, 396]}, {"label": "car", "bounding_box": [791, 421, 820, 477]}, {"label": "car", "bounding_box": [734, 411, 805, 481]}, {"label": "persongroup", "bounding_box": [697, 409, 723, 434]}, {"label": "dynamic", "bounding_box": [668, 421, 688, 451]}, {"label": "car", "bounding_box": [678, 417, 777, 489]}, {"label": "pole", "bounding_box": [675, 446, 682, 499]}, {"label": "car", "bounding_box": [925, 419, 952, 442]}, {"label": "car", "bounding_box": [1009, 414, 1040, 443]}, {"label": "car", "bounding_box": [966, 410, 1019, 452]}, {"label": "traffic sign", "bounding_box": [1048, 379, 1057, 398]}, {"label": "car", "bounding_box": [1032, 405, 1077, 449]}, {"label": "car", "bounding_box": [1056, 413, 1088, 454]}, {"label": "car", "bounding_box": [1070, 411, 1109, 456]}, {"label": "car", "bounding_box": [1094, 409, 1123, 461]}, {"label": "car", "bounding_box": [1102, 405, 1182, 469]}, {"label": "car", "bounding_box": [806, 416, 857, 492]}, {"label": "car", "bounding_box": [874, 406, 919, 426]}, {"label": "car", "bounding_box": [821, 406, 948, 502]}, {"label": "persongroup", "bounding_box": [1232, 377, 1297, 477]}, {"label": "pole", "bounding_box": [1267, 444, 1275, 488]}, {"label": "pole", "bounding_box": [1213, 346, 1222, 476]}, {"label": "traffic light", "bounding_box": [1187, 304, 1216, 346]}, {"label": "traffic light", "bounding_box": [1209, 322, 1226, 354]}, {"label": "traffic light", "bounding_box": [1209, 276, 1223, 307]}, {"label": "traffic light", "bounding_box": [1207, 305, 1226, 327]}, {"label": "pole", "bounding_box": [1497, 463, 1513, 633]}, {"label": "pole", "bounding_box": [1612, 474, 1640, 685]}, {"label": "pole", "bounding_box": [1826, 490, 1860, 784]}, {"label": "pole", "bounding_box": [389, 0, 401, 158]}, {"label": "static", "bounding_box": [461, 447, 564, 510]}, {"label": "pole", "bounding_box": [516, 309, 526, 508]}, {"label": "pole", "bounding_box": [694, 444, 700, 489]}, {"label": "ego vehicle", "bounding_box": [271, 844, 2028, 1023]}, {"label": "out of roi", "bounding_box": [0, 0, 2048, 1024]}]}