{"imgHeight": 1024, "imgWidth": 2048, "objects": [{"label": "road", "bounding_box": [0, 260, 2048, 1024]}, {"label": "sky", "bounding_box": [381, 0, 1630, 411]}, {"label": "sidewalk", "bounding_box": [1203, 508, 2048, 1024]}, {"label": "sidewalk", "bounding_box": [0, 526, 401, 771]}, {"label": "sidewalk", "bounding_box": [22, 456, 477, 514]}, {"label": "vegetation", "bounding_box": [1291, 0, 2048, 475]}, {"label": "building", "bounding_box": [0, 0, 1354, 552]}, {"label": "bicycle", "bounding_box": [355, 461, 400, 491]}, {"label": "fence", "bounding_box": [44, 445, 362, 493]}, {"label": "wall", "bounding_box": [44, 479, 256, 493]}, {"label": "static", "bounding_box": [523, 269, 601, 335]}, {"label": "static", "bounding_box": [534, 335, 589, 366]}, {"label": "pole", "bounding_box": [559, 301, 568, 423]}, {"label": "pole", "bounding_box": [349, 389, 358, 498]}, {"label": "traffic light", "bounding_box": [348, 354, 386, 397]}, {"label": "traffic light", "bounding_box": [350, 346, 370, 393]}, {"label": "traffic light", "bounding_box": [339, 344, 355, 399]}, {"label": "pole", "bounding_box": [333, 339, 344, 500]}, {"label": "traffic light", "bounding_box": [319, 341, 337, 379]}, {"label": "traffic light", "bounding_box": [285, 313, 306, 369]}, {"label": "pole", "bounding_box": [298, 306, 317, 489]}, {"label": "traffic light", "bounding_box": [306, 314, 327, 367]}, {"label": "traffic light", "bounding_box": [247, 293, 278, 358]}, {"label": "traffic light", "bounding_box": [278, 291, 291, 363]}, {"label": "pole", "bounding_box": [270, 285, 289, 486]}, {"label": "static", "bounding_box": [233, 285, 247, 357]}, {"label": "static", "bounding_box": [182, 217, 265, 300]}, {"label": "pole", "bounding_box": [243, 291, 258, 531]}, {"label": "person", "bounding_box": [314, 420, 334, 493]}, {"label": "bicycle", "bounding_box": [187, 443, 331, 533]}, {"label": "pole", "bounding_box": [213, 218, 234, 592]}, {"label": "train", "bounding_box": [628, 212, 1424, 498]}, {"label": "static", "bounding_box": [1163, 79, 1186, 106]}, {"label": "pole", "bounding_box": [1412, 295, 1441, 364]}, {"label": "pole", "bounding_box": [1408, 0, 1434, 103]}, {"label": "bicycle", "bounding_box": [1333, 441, 1364, 513]}, {"label": "pole", "bounding_box": [1238, 447, 1364, 526]}, {"label": "wall", "bounding_box": [1344, 344, 1524, 569]}, {"label": "pole", "bounding_box": [1470, 331, 1478, 571]}, {"label": "traffic sign", "bounding_box": [1437, 176, 1513, 252]}, {"label": "traffic sign", "bounding_box": [1425, 249, 1527, 343]}, {"label": "fence", "bounding_box": [1485, 327, 2048, 730]}, {"label": "car", "bounding_box": [555, 393, 766, 586]}, {"label": "car", "bounding_box": [348, 420, 673, 662]}, {"label": "license plate", "bounding_box": [417, 572, 512, 603]}, {"label": "rider", "bounding_box": [361, 425, 383, 489]}, {"label": "ego vehicle", "bounding_box": [271, 844, 2028, 1023]}, {"label": "out of roi", "bounding_box": [0, 0, 2048, 1024]}]}