{"imgHeight": 1024, "imgWidth": 2048, "objects": [{"label": "road", "bounding_box": [0, 389, 2048, 1024]}, {"label": "sidewalk", "bounding_box": [1349, 380, 1820, 420]}, {"label": "building", "bounding_box": [0, 0, 1354, 449]}, {"label": "building", "bounding_box": [1331, 0, 2048, 418]}, {"label": "bicyclegroup", "bounding_box": [1453, 362, 1489, 395]}, {"label": "person", "bounding_box": [1476, 348, 1494, 395]}, {"label": "pole", "bounding_box": [1474, 300, 1478, 393]}, {"label": "traffic sign", "bounding_box": [1476, 301, 1497, 308]}, {"label": "sidewalk", "bounding_box": [761, 437, 2048, 532]}, {"label": "terrain", "bounding_box": [1299, 459, 1447, 470]}, {"label": "pole", "bounding_box": [1600, 320, 1604, 397]}, {"label": "traffic sign", "bounding_box": [1594, 301, 1611, 326]}, {"label": "vegetation", "bounding_box": [1175, 0, 1828, 462]}, {"label": "fence", "bounding_box": [1328, 297, 1439, 470]}, {"label": "person", "bounding_box": [1807, 321, 1866, 457]}, {"label": "building", "bounding_box": [1716, 213, 2048, 469]}, {"label": "vegetation", "bounding_box": [1736, 0, 2048, 475]}, {"label": "fence", "bounding_box": [1933, 278, 2048, 493]}, {"label": "pole", "bounding_box": [1145, 0, 1180, 468]}, {"label": "person", "bounding_box": [1079, 331, 1136, 438]}, {"label": "bus", "bounding_box": [0, 148, 497, 506]}, {"label": "person", "bounding_box": [1661, 308, 1723, 497]}, {"label": "license plate", "bounding_box": [405, 453, 444, 467]}, {"label": "pole", "bounding_box": [1352, 376, 1354, 391]}, {"label": "ego vehicle", "bounding_box": [271, 844, 2028, 1023]}, {"label": "out of roi", "bounding_box": [0, 0, 2048, 1024]}]}