<annotation><filename>bremen_000149_000019_gtFine_boxes.jpg</filename><folder>CityScapes</folder><size><width>2048</width><height>1024</height><depth>3</depth></size><segmented>0</segmented><object><name>sky</name><pose>Unspecified</pose><truncated>0</truncated><difficult>0</difficult><bndbox><xmin>344</xmin><ymin>0</ymin><xmax>1821</xmax><ymax>385</ymax></bndbox></object><object><name>static</name><pose>Unspecified</pose><truncated>0</truncated><difficult>0</difficult><bndbox><xmin>785</xmin><ymin>382</ymin><xmax>1244</xmax><ymax>499</ymax></bndbox></object><object><name>building</name><pose>Unspecified</pose><truncated>0</truncated><difficult>0</difficult><bndbox><xmin>0</xmin><ymin>1</ymin><xmax>793</xmax><ymax>636</ymax></bndbox></object><object><name>road</name><pose>Unspecified</pose><truncated>0</truncated><difficult>0</difficult><bndbox><xmin>0</xmin><ymin>477</ymin><xmax>798</xmax><ymax>592</ymax></bndbox></object><object><name>sidewalk</name><pose>Unspecified</pose><truncated>0</truncated><difficult>0</difficult><bndbox><xmin>0</xmin><ymin>474</ymin><xmax>745</xmax><ymax>549</ymax></bndbox></object><object><name>terrain</name><pose>Unspecified</pose><truncated>0</truncated><difficult>0</difficult><bndbox><xmin>0</xmin><ymin>456</ymin><xmax>1121</xmax><ymax>840</ymax></bndbox></object><object><name>ground</name><pose>Unspecified</pose><truncated>0</truncated><difficult>0</difficult><bndbox><xmin>857</xmin><ymin>456</ymin><xmax>1121</xmax><ymax>491</ymax></bndbox></object><object><name>rail track</name><pose>Unspecified</pose><truncated>0</truncated><difficult>0</difficult><bndbox><xmin>0</xmin><ymin>479</ymin><xmax>880</xmax><ymax>596</ymax></bndbox></object><object><name>vegetation</name><pose>Unspecified</pose><truncated>0</truncated><difficult>0</difficult><bndbox><xmin>679</xmin><ymin>239</ymin><xmax>1241</xmax><ymax>488</ymax></bndbox></object><object><name>car</name><pose>Unspecified</pose><truncated>0</truncated><difficult>0</difficult><bndbox><xmin>803</xmin><ymin>461</ymin><xmax>817</xmax><ymax>480</ymax></bndbox></object><object><name>car</name><pose>Unspecified</pose><truncated>0</truncated><difficult>0</difficult><bndbox><xmin>738</xmin><ymin>460</ymin><xmax>772</xmax><ymax>485</ymax></bndbox></object><object><name>fence</name><pose>Unspecified</pose><truncated>0</truncated><difficult>0</difficult><bndbox><xmin>0</xmin><ymin>476</ymin><xmax>443</xmax><ymax>535</ymax></bndbox></object><object><name>car</name><pose>Unspecified</pose><truncated>0</truncated><difficult>0</difficult><bndbox><xmin>757</xmin><ymin>461</ymin><xmax>787</xmax><ymax>485</ymax></bndbox></object><object><name>pole</name><pose>Unspecified</pose><truncated>0</truncated><difficult>0</difficult><bndbox><xmin>25</xmin><ymin>390</ymin><xmax>34</xmax><ymax>559</ymax></bndbox></object><object><name>traffic light</name><pose>Unspecified</pose><truncated>0</truncated><difficult>0</difficult><bndbox><xmin>29</xmin><ymin>393</ymin><xmax>46</xmax><ymax>439</ymax></bndbox></object><object><name>traffic light</name><pose>Unspecified</pose><truncated>0</truncated><difficult>0</difficult><bndbox><xmin>30</xmin><ymin>438</ymin><xmax>47</xmax><ymax>486</ymax></bndbox></object><object><name>car</name><pose>Unspecified</pose><truncated>0</truncated><difficult>0</difficult><bndbox><xmin>56</xmin><ymin>457</ymin><xmax>206</xmax><ymax>545</ymax></bndbox></object><object><name>car</name><pose>Unspecified</pose><truncated>0</truncated><difficult>0</difficult><bndbox><xmin>72</xmin><ymin>485</ymin><xmax>196</xmax><ymax>548</ymax></bndbox></object><object><name>vegetation</name><pose>Unspecified</pose><truncated>0</truncated><difficult>0</difficult><bndbox><xmin>416</xmin><ymin>258</ymin><xmax>638</xmax><ymax>502</ymax></bndbox></object><object><name>static</name><pose>Unspecified</pose><truncated>0</truncated><difficult>0</difficult><bndbox><xmin>431</xmin><ymin>321</ymin><xmax>455</xmax><ymax>391</ymax></bndbox></object><object><name>truck</name><pose>Unspecified</pose><truncated>0</truncated><difficult>0</difficult><bndbox><xmin>607</xmin><ymin>442</ymin><xmax>660</xmax><ymax>497</ymax></bndbox></object><object><name>road</name><pose>Unspecified</pose><truncated>0</truncated><difficult>0</difficult><bndbox><xmin>0</xmin><ymin>461</ymin><xmax>2048</xmax><ymax>1024</ymax></bndbox></object><object><name>sidewalk</name><pose>Unspecified</pose><truncated>0</truncated><difficult>0</difficult><bndbox><xmin>1095</xmin><ymin>381</ymin><xmax>2047</xmax><ymax>591</ymax></bndbox></object><object><name>building</name><pose>Unspecified</pose><truncated>0</truncated><difficult>0</difficult><bndbox><xmin>1223</xmin><ymin>1</ymin><xmax>2047</xmax><ymax>505</ymax></bndbox></object><object><name>terrain</name><pose>Unspecified</pose><truncated>0</truncated><difficult>0</difficult><bndbox><xmin>1369</xmin><ymin>394</ymin><xmax>2047</xmax><ymax>537</ymax></bndbox></object><object><name>static</name><pose>Unspecified</pose><truncated>0</truncated><difficult>0</difficult><bndbox><xmin>1627</xmin><ymin>370</ymin><xmax>1669</xmax><ymax>480</ymax></bndbox></object><object><name>static</name><pose>Unspecified</pose><truncated>0</truncated><difficult>0</difficult><bndbox><xmin>1477</xmin><ymin>393</ymin><xmax>1505</xmax><ymax>471</ymax></bndbox></object><object><name>static</name><pose>Unspecified</pose><truncated>0</truncated><difficult>0</difficult><bndbox><xmin>1397</xmin><ymin>406</ymin><xmax>1419</xmax><ymax>454</ymax></bndbox></object><object><name>car</name><pose>Unspecified</pose><truncated>0</truncated><difficult>0</difficult><bndbox><xmin>1101</xmin><ymin>443</ymin><xmax>1118</xmax><ymax>476</ymax></bndbox></object><object><name>person</name><pose>Unspecified</pose><truncated>0</truncated><difficult>0</difficult><bndbox><xmin>1086</xmin><ymin>443</ymin><xmax>1099</xmax><ymax>478</ymax></bndbox></object><object><name>car</name><pose>Unspecified</pose><truncated>0</truncated><difficult>0</difficult><bndbox><xmin>1114</xmin><ymin>411</ymin><xmax>1166</xmax><ymax>476</ymax></bndbox></object><object><name>pole</name><pose>Unspecified</pose><truncated>0</truncated><difficult>0</difficult><bndbox><xmin>1141</xmin><ymin>415</ymin><xmax>1147</xmax><ymax>470</ymax></bndbox></object><object><name>motorcycle</name><pose>Unspecified</pose><truncated>0</truncated><difficult>0</difficult><bndbox><xmin>1128</xmin><ymin>445</ymin><xmax>1159</xmax><ymax>480</ymax></bndbox></object><object><name>car</name><pose>Unspecified</pose><truncated>0</truncated><difficult>0</difficult><bndbox><xmin>1152</xmin><ymin>438</ymin><xmax>1177</xmax><ymax>477</ymax></bndbox></object><object><name>traffic sign</name><pose>Unspecified</pose><truncated>0</truncated><difficult>0</difficult><bndbox><xmin>1117</xmin><ymin>366</ymin><xmax>1165</xmax><ymax>421</ymax></bndbox></object><object><name>car</name><pose>Unspecified</pose><truncated>0</truncated><difficult>0</difficult><bndbox><xmin>1157</xmin><ymin>433</ymin><xmax>1206</xmax><ymax>500</ymax></bndbox></object><object><name>car</name><pose>Unspecified</pose><truncated>0</truncated><difficult>0</difficult><bndbox><xmin>1169</xmin><ymin>430</ymin><xmax>1229</xmax><ymax>504</ymax></bndbox></object><object><name>car</name><pose>Unspecified</pose><truncated>0</truncated><difficult>0</difficult><bndbox><xmin>1199</xmin><ymin>421</ymin><xmax>1271</xmax><ymax>522</ymax></bndbox></object><object><name>car</name><pose>Unspecified</pose><truncated>0</truncated><difficult>0</difficult><bndbox><xmin>1225</xmin><ymin>409</ymin><xmax>1389</xmax><ymax>531</ymax></bndbox></object><object><name>license plate</name><pose>Unspecified</pose><truncated>0</truncated><difficult>0</difficult><bndbox><xmin>1304</xmin><ymin>482</ymin><xmax>1346</xmax><ymax>497</ymax></bndbox></object><object><name>pole</name><pose>Unspecified</pose><truncated>0</truncated><difficult>0</difficult><bndbox><xmin>1328</xmin><ymin>191</ymin><xmax>1361</xmax><ymax>516</ymax></bndbox></object><object><name>traffic sign</name><pose>Unspecified</pose><truncated>0</truncated><difficult>0</difficult><bndbox><xmin>1278</xmin><ymin>208</ymin><xmax>1396</xmax><ymax>356</ymax></bndbox></object><object><name>pole</name><pose>Unspecified</pose><truncated>0</truncated><difficult>0</difficult><bndbox><xmin>362</xmin><ymin>132</ymin><xmax>391</xmax><ymax>528</ymax></bndbox></object><object><name>pole</name><pose>Unspecified</pose><truncated>0</truncated><difficult>0</difficult><bndbox><xmin>306</xmin><ymin>88</ymin><xmax>350</xmax><ymax>553</ymax></bndbox></object><object><name>pole</name><pose>Unspecified</pose><truncated>0</truncated><difficult>0</difficult><bndbox><xmin>592</xmin><ymin>257</ymin><xmax>613</xmax><ymax>508</ymax></bndbox></object><object><name>pole</name><pose>Unspecified</pose><truncated>0</truncated><difficult>0</difficult><bndbox><xmin>724</xmin><ymin>299</ymin><xmax>740</xmax><ymax>491</ymax></bndbox></object><object><name>vegetation</name><pose>Unspecified</pose><truncated>0</truncated><difficult>0</difficult><bndbox><xmin>106</xmin><ymin>0</ymin><xmax>1044</xmax><ymax>552</ymax></bndbox></object><object><name>pole</name><pose>Unspecified</pose><truncated>0</truncated><difficult>0</difficult><bndbox><xmin>797</xmin><ymin>118</ymin><xmax>830</xmax><ymax>495</ymax></bndbox></object><object><name>pole</name><pose>Unspecified</pose><truncated>0</truncated><difficult>0</difficult><bndbox><xmin>633</xmin><ymin>0</ymin><xmax>679</xmax><ymax>521</ymax></bndbox></object><object><name>terrain</name><pose>Unspecified</pose><truncated>0</truncated><difficult>0</difficult><bndbox><xmin>1208</xmin><ymin>512</ymin><xmax>1579</xmax><ymax>575</ymax></bndbox></object><object><name>ego vehicle</name><pose>Unspecified</pose><truncated>0</truncated><difficult>0</difficult><bndbox><xmin>271</xmin><ymin>844</ymin><xmax>2028</xmax><ymax>1023</ymax></bndbox></object><object><name>out of roi</name><pose>Unspecified</pose><truncated>0</truncated><difficult>0</difficult><bndbox><xmin>0</xmin><ymin>0</ymin><xmax>2048</xmax><ymax>1024</ymax></bndbox></object></annotation>