{"imgHeight": 1024, "imgWidth": 2048, "objects": [{"label": "sky", "bounding_box": [1005, 0, 1210, 353]}, {"label": "building", "bounding_box": [-1, 0, 2044, 630]}, {"label": "vegetation", "bounding_box": [113, 0, 1859, 479]}, {"label": "static", "bounding_box": [1047, 389, 1198, 441]}, {"label": "vegetation", "bounding_box": [1863, 0, 1888, 23]}, {"label": "vegetation", "bounding_box": [1956, 0, 2043, 396]}, {"label": "pole", "bounding_box": [1913, 1, 1990, 393]}, {"label": "road", "bounding_box": [-2, 415, 2045, 1022]}, {"label": "traffic light", "bounding_box": [1123, 367, 1130, 376]}, {"label": "traffic light", "bounding_box": [1159, 331, 1169, 348]}, {"label": "traffic light", "bounding_box": [1085, 387, 1093, 402]}, {"label": "car", "bounding_box": [1145, 417, 1174, 436]}, {"label": "car", "bounding_box": [1102, 415, 1131, 437]}, {"label": "ground", "bounding_box": [1055, 434, 1116, 452]}, {"label": "pole", "bounding_box": [1080, 435, 1089, 448]}, {"label": "traffic sign", "bounding_box": [1077, 420, 1096, 436]}, {"label": "static", "bounding_box": [988, 388, 1015, 406]}, {"label": "traffic light", "bounding_box": [1275, 386, 1283, 402]}, {"label": "traffic sign", "bounding_box": [968, 389, 979, 400]}, {"label": "pole", "bounding_box": [918, 374, 926, 414]}, {"label": "static", "bounding_box": [915, 378, 931, 392]}, {"label": "static", "bounding_box": [843, 386, 880, 426]}, {"label": "static", "bounding_box": [333, 309, 773, 397]}, {"label": "static", "bounding_box": [-2, 261, 223, 325]}, {"label": "static", "bounding_box": [2, 433, 143, 531]}, {"label": "cargroup", "bounding_box": [943, 407, 1063, 477]}, {"label": "cargroup", "bounding_box": [865, 409, 991, 506]}, {"label": "car", "bounding_box": [783, 412, 898, 533]}, {"label": "car", "bounding_box": [567, 398, 838, 607]}, {"label": "car", "bounding_box": [-2, 363, 627, 736]}, {"label": "license plate", "bounding_box": [75, 608, 224, 654]}, {"label": "cargroup", "bounding_box": [1175, 410, 1239, 434]}, {"label": "car", "bounding_box": [1218, 414, 1260, 464]}, {"label": "car", "bounding_box": [1240, 412, 1272, 476]}, {"label": "car", "bounding_box": [1252, 405, 1296, 481]}, {"label": "car", "bounding_box": [1274, 401, 1318, 492]}, {"label": "car", "bounding_box": [1293, 392, 1407, 496]}, {"label": "car", "bounding_box": [1301, 408, 1419, 531]}, {"label": "car", "bounding_box": [1380, 330, 1704, 590]}, {"label": "car", "bounding_box": [1496, 393, 1772, 638]}, {"label": "car", "bounding_box": [1598, 377, 2045, 750]}, {"label": "ego vehicle", "bounding_box": [271, 844, 2028, 1023]}, {"label": "out of roi", "bounding_box": [0, 0, 2048, 1024]}]}