<annotation><filename>cologne_000132_000019_gtFine_boxes.jpg</filename><folder>CityScapes</folder><size><width>2048</width><height>1024</height><depth>3</depth></size><segmented>0</segmented><object><name>sky</name><pose>Unspecified</pose><truncated>0</truncated><difficult>0</difficult><bndbox><xmin>171</xmin><ymin>0</ymin><xmax>1449</xmax><ymax>398</ymax></bndbox></object><object><name>vegetation</name><pose>Unspecified</pose><truncated>0</truncated><difficult>0</difficult><bndbox><xmin>994</xmin><ymin>330</ymin><xmax>1169</xmax><ymax>417</ymax></bndbox></object><object><name>building</name><pose>Unspecified</pose><truncated>0</truncated><difficult>0</difficult><bndbox><xmin>1153</xmin><ymin>0</ymin><xmax>2045</xmax><ymax>525</ymax></bndbox></object><object><name>building</name><pose>Unspecified</pose><truncated>0</truncated><difficult>0</difficult><bndbox><xmin>669</xmin><ymin>46</ymin><xmax>1015</xmax><ymax>423</ymax></bndbox></object><object><name>static</name><pose>Unspecified</pose><truncated>0</truncated><difficult>0</difficult><bndbox><xmin>247</xmin><ymin>10</ymin><xmax>361</xmax><ymax>61</ymax></bndbox></object><object><name>vegetation</name><pose>Unspecified</pose><truncated>0</truncated><difficult>0</difficult><bndbox><xmin>284</xmin><ymin>13</ymin><xmax>844</xmax><ymax>256</ymax></bndbox></object><object><name>static</name><pose>Unspecified</pose><truncated>0</truncated><difficult>0</difficult><bndbox><xmin>471</xmin><ymin>136</ymin><xmax>539</xmax><ymax>173</ymax></bndbox></object><object><name>person</name><pose>Unspecified</pose><truncated>0</truncated><difficult>0</difficult><bndbox><xmin>462</xmin><ymin>125</ymin><xmax>486</xmax><ymax>164</ymax></bndbox></object><object><name>person</name><pose>Unspecified</pose><truncated>0</truncated><difficult>0</difficult><bndbox><xmin>485</xmin><ymin>131</ymin><xmax>516</xmax><ymax>165</ymax></bndbox></object><object><name>building</name><pose>Unspecified</pose><truncated>0</truncated><difficult>0</difficult><bndbox><xmin>0</xmin><ymin>0</ymin><xmax>573</xmax><ymax>539</ymax></bndbox></object><object><name>road</name><pose>Unspecified</pose><truncated>0</truncated><difficult>0</difficult><bndbox><xmin>0</xmin><ymin>425</ymin><xmax>2045</xmax><ymax>1020</ymax></bndbox></object><object><name>vegetation</name><pose>Unspecified</pose><truncated>0</truncated><difficult>0</difficult><bndbox><xmin>1197</xmin><ymin>330</ymin><xmax>1289</xmax><ymax>417</ymax></bndbox></object><object><name>static</name><pose>Unspecified</pose><truncated>0</truncated><difficult>0</difficult><bndbox><xmin>1231</xmin><ymin>387</ymin><xmax>1264</xmax><ymax>410</ymax></bndbox></object><object><name>static</name><pose>Unspecified</pose><truncated>0</truncated><difficult>0</difficult><bndbox><xmin>1262</xmin><ymin>365</ymin><xmax>1279</xmax><ymax>411</ymax></bndbox></object><object><name>pole</name><pose>Unspecified</pose><truncated>0</truncated><difficult>0</difficult><bndbox><xmin>1274</xmin><ymin>345</ymin><xmax>1281</xmax><ymax>409</ymax></bndbox></object><object><name>static</name><pose>Unspecified</pose><truncated>0</truncated><difficult>0</difficult><bndbox><xmin>1189</xmin><ymin>322</ymin><xmax>1280</xmax><ymax>351</ymax></bndbox></object><object><name>traffic light</name><pose>Unspecified</pose><truncated>0</truncated><difficult>0</difficult><bndbox><xmin>1235</xmin><ymin>325</ymin><xmax>1244</xmax><ymax>346</ymax></bndbox></object><object><name>traffic light</name><pose>Unspecified</pose><truncated>0</truncated><difficult>0</difficult><bndbox><xmin>1223</xmin><ymin>322</ymin><xmax>1232</xmax><ymax>346</ymax></bndbox></object><object><name>pole</name><pose>Unspecified</pose><truncated>0</truncated><difficult>0</difficult><bndbox><xmin>1272</xmin><ymin>212</ymin><xmax>1283</xmax><ymax>412</ymax></bndbox></object><object><name>static</name><pose>Unspecified</pose><truncated>0</truncated><difficult>0</difficult><bndbox><xmin>1232</xmin><ymin>196</ymin><xmax>1282</xmax><ymax>236</ymax></bndbox></object><object><name>pole</name><pose>Unspecified</pose><truncated>0</truncated><difficult>0</difficult><bndbox><xmin>1297</xmin><ymin>83</ymin><xmax>1309</xmax><ymax>375</ymax></bndbox></object><object><name>static</name><pose>Unspecified</pose><truncated>0</truncated><difficult>0</difficult><bndbox><xmin>1240</xmin><ymin>62</ymin><xmax>1371</xmax><ymax>115</ymax></bndbox></object><object><name>static</name><pose>Unspecified</pose><truncated>0</truncated><difficult>0</difficult><bndbox><xmin>1283</xmin><ymin>361</ymin><xmax>1321</xmax><ymax>405</ymax></bndbox></object><object><name>pole</name><pose>Unspecified</pose><truncated>0</truncated><difficult>0</difficult><bndbox><xmin>1333</xmin><ymin>360</ymin><xmax>1341</xmax><ymax>403</ymax></bndbox></object><object><name>static</name><pose>Unspecified</pose><truncated>0</truncated><difficult>0</difficult><bndbox><xmin>1336</xmin><ymin>341</ymin><xmax>1359</xmax><ymax>366</ymax></bndbox></object><object><name>pole</name><pose>Unspecified</pose><truncated>0</truncated><difficult>0</difficult><bndbox><xmin>1380</xmin><ymin>271</ymin><xmax>1389</xmax><ymax>409</ymax></bndbox></object><object><name>static</name><pose>Unspecified</pose><truncated>0</truncated><difficult>0</difficult><bndbox><xmin>1346</xmin><ymin>256</ymin><xmax>1388</xmax><ymax>289</ymax></bndbox></object><object><name>sidewalk</name><pose>Unspecified</pose><truncated>0</truncated><difficult>0</difficult><bndbox><xmin>1413</xmin><ymin>439</ymin><xmax>2045</xmax><ymax>670</ymax></bndbox></object><object><name>static</name><pose>Unspecified</pose><truncated>0</truncated><difficult>0</difficult><bndbox><xmin>1392</xmin><ymin>360</ymin><xmax>1562</xmax><ymax>421</ymax></bndbox></object><object><name>person</name><pose>Unspecified</pose><truncated>0</truncated><difficult>0</difficult><bndbox><xmin>1556</xmin><ymin>407</ymin><xmax>1582</xmax><ymax>457</ymax></bndbox></object><object><name>persongroup</name><pose>Unspecified</pose><truncated>0</truncated><difficult>0</difficult><bndbox><xmin>1522</xmin><ymin>403</ymin><xmax>1555</xmax><ymax>477</ymax></bndbox></object><object><name>person</name><pose>Unspecified</pose><truncated>0</truncated><difficult>0</difficult><bndbox><xmin>1584</xmin><ymin>421</ymin><xmax>1600</xmax><ymax>449</ymax></bndbox></object><object><name>persongroup</name><pose>Unspecified</pose><truncated>0</truncated><difficult>0</difficult><bndbox><xmin>1590</xmin><ymin>402</ymin><xmax>1652</xmax><ymax>454</ymax></bndbox></object><object><name>static</name><pose>Unspecified</pose><truncated>0</truncated><difficult>0</difficult><bndbox><xmin>1437</xmin><ymin>406</ymin><xmax>1664</xmax><ymax>486</ymax></bndbox></object><object><name>static</name><pose>Unspecified</pose><truncated>0</truncated><difficult>0</difficult><bndbox><xmin>1558</xmin><ymin>317</ymin><xmax>1582</xmax><ymax>447</ymax></bndbox></object><object><name>persongroup</name><pose>Unspecified</pose><truncated>0</truncated><difficult>0</difficult><bndbox><xmin>1640</xmin><ymin>396</ymin><xmax>1803</xmax><ymax>487</ymax></bndbox></object><object><name>person</name><pose>Unspecified</pose><truncated>0</truncated><difficult>0</difficult><bndbox><xmin>1813</xmin><ymin>391</ymin><xmax>1836</xmax><ymax>426</ymax></bndbox></object><object><name>person</name><pose>Unspecified</pose><truncated>0</truncated><difficult>0</difficult><bndbox><xmin>1876</xmin><ymin>390</ymin><xmax>1916</xmax><ymax>428</ymax></bndbox></object><object><name>person</name><pose>Unspecified</pose><truncated>0</truncated><difficult>0</difficult><bndbox><xmin>1994</xmin><ymin>383</ymin><xmax>2022</xmax><ymax>437</ymax></bndbox></object><object><name>person</name><pose>Unspecified</pose><truncated>0</truncated><difficult>0</difficult><bndbox><xmin>1788</xmin><ymin>394</ymin><xmax>1822</xmax><ymax>437</ymax></bndbox></object><object><name>fence</name><pose>Unspecified</pose><truncated>0</truncated><difficult>0</difficult><bndbox><xmin>1681</xmin><ymin>417</ymin><xmax>2044</xmax><ymax>514</ymax></bndbox></object><object><name>static</name><pose>Unspecified</pose><truncated>0</truncated><difficult>0</difficult><bndbox><xmin>2015</xmin><ymin>241</ymin><xmax>2045</xmax><ymax>448</ymax></bndbox></object><object><name>static</name><pose>Unspecified</pose><truncated>0</truncated><difficult>0</difficult><bndbox><xmin>1639</xmin><ymin>401</ymin><xmax>2016</xmax><ymax>516</ymax></bndbox></object><object><name>static</name><pose>Unspecified</pose><truncated>0</truncated><difficult>0</difficult><bndbox><xmin>1411</xmin><ymin>10</ymin><xmax>1500</xmax><ymax>202</ymax></bndbox></object><object><name>static</name><pose>Unspecified</pose><truncated>0</truncated><difficult>0</difficult><bndbox><xmin>1569</xmin><ymin>0</ymin><xmax>1614</xmax><ymax>142</ymax></bndbox></object><object><name>static</name><pose>Unspecified</pose><truncated>0</truncated><difficult>0</difficult><bndbox><xmin>1510</xmin><ymin>298</ymin><xmax>1533</xmax><ymax>333</ymax></bndbox></object><object><name>pole</name><pose>Unspecified</pose><truncated>0</truncated><difficult>0</difficult><bndbox><xmin>1500</xmin><ymin>1</ymin><xmax>1528</xmax><ymax>502</ymax></bndbox></object><object><name>static</name><pose>Unspecified</pose><truncated>0</truncated><difficult>0</difficult><bndbox><xmin>1516</xmin><ymin>167</ymin><xmax>1563</xmax><ymax>240</ymax></bndbox></object><object><name>car</name><pose>Unspecified</pose><truncated>0</truncated><difficult>0</difficult><bndbox><xmin>1169</xmin><ymin>407</ymin><xmax>1229</xmax><ymax>464</ymax></bndbox></object><object><name>car</name><pose>Unspecified</pose><truncated>0</truncated><difficult>0</difficult><bndbox><xmin>1191</xmin><ymin>413</ymin><xmax>1239</xmax><ymax>465</ymax></bndbox></object><object><name>bus</name><pose>Unspecified</pose><truncated>0</truncated><difficult>0</difficult><bndbox><xmin>882</xmin><ymin>383</ymin><xmax>1087</xmax><ymax>454</ymax></bndbox></object><object><name>cargroup</name><pose>Unspecified</pose><truncated>0</truncated><difficult>0</difficult><bndbox><xmin>1032</xmin><ymin>411</ymin><xmax>1064</xmax><ymax>458</ymax></bndbox></object><object><name>static</name><pose>Unspecified</pose><truncated>0</truncated><difficult>0</difficult><bndbox><xmin>824</xmin><ymin>321</ymin><xmax>893</xmax><ymax>406</ymax></bndbox></object><object><name>static</name><pose>Unspecified</pose><truncated>0</truncated><difficult>0</difficult><bndbox><xmin>886</xmin><ymin>344</ymin><xmax>925</xmax><ymax>391</ymax></bndbox></object><object><name>pole</name><pose>Unspecified</pose><truncated>0</truncated><difficult>0</difficult><bndbox><xmin>898</xmin><ymin>341</ymin><xmax>912</xmax><ymax>407</ymax></bndbox></object><object><name>car</name><pose>Unspecified</pose><truncated>0</truncated><difficult>0</difficult><bndbox><xmin>965</xmin><ymin>387</ymin><xmax>1040</xmax><ymax>464</ymax></bndbox></object><object><name>car</name><pose>Unspecified</pose><truncated>0</truncated><difficult>0</difficult><bndbox><xmin>1076</xmin><ymin>400</ymin><xmax>1139</xmax><ymax>453</ymax></bndbox></object><object><name>car</name><pose>Unspecified</pose><truncated>0</truncated><difficult>0</difficult><bndbox><xmin>1212</xmin><ymin>408</ymin><xmax>1259</xmax><ymax>477</ymax></bndbox></object><object><name>car</name><pose>Unspecified</pose><truncated>0</truncated><difficult>0</difficult><bndbox><xmin>1231</xmin><ymin>397</ymin><xmax>1297</xmax><ymax>487</ymax></bndbox></object><object><name>car</name><pose>Unspecified</pose><truncated>0</truncated><difficult>0</difficult><bndbox><xmin>1252</xmin><ymin>398</ymin><xmax>1357</xmax><ymax>499</ymax></bndbox></object><object><name>car</name><pose>Unspecified</pose><truncated>0</truncated><difficult>0</difficult><bndbox><xmin>1288</xmin><ymin>399</ymin><xmax>1462</xmax><ymax>524</ymax></bndbox></object><object><name>car</name><pose>Unspecified</pose><truncated>0</truncated><difficult>0</difficult><bndbox><xmin>1080</xmin><ymin>402</ymin><xmax>1181</xmax><ymax>483</ymax></bndbox></object><object><name>car</name><pose>Unspecified</pose><truncated>0</truncated><difficult>0</difficult><bndbox><xmin>947</xmin><ymin>400</ymin><xmax>1011</xmax><ymax>485</ymax></bndbox></object><object><name>sidewalk</name><pose>Unspecified</pose><truncated>0</truncated><difficult>0</difficult><bndbox><xmin>348</xmin><ymin>459</ymin><xmax>520</xmax><ymax>515</ymax></bndbox></object><object><name>static</name><pose>Unspecified</pose><truncated>0</truncated><difficult>0</difficult><bndbox><xmin>329</xmin><ymin>226</ymin><xmax>417</xmax><ymax>265</ymax></bndbox></object><object><name>pole</name><pose>Unspecified</pose><truncated>0</truncated><difficult>0</difficult><bndbox><xmin>362</xmin><ymin>227</ymin><xmax>379</xmax><ymax>452</ymax></bndbox></object><object><name>bus</name><pose>Unspecified</pose><truncated>0</truncated><difficult>0</difficult><bndbox><xmin>522</xmin><ymin>187</ymin><xmax>840</xmax><ymax>446</ymax></bndbox></object><object><name>car</name><pose>Unspecified</pose><truncated>0</truncated><difficult>0</difficult><bndbox><xmin>898</xmin><ymin>395</ymin><xmax>979</xmax><ymax>497</ymax></bndbox></object><object><name>car</name><pose>Unspecified</pose><truncated>0</truncated><difficult>0</difficult><bndbox><xmin>805</xmin><ymin>393</ymin><xmax>950</xmax><ymax>516</ymax></bndbox></object><object><name>car</name><pose>Unspecified</pose><truncated>0</truncated><difficult>0</difficult><bndbox><xmin>762</xmin><ymin>382</ymin><xmax>847</xmax><ymax>531</ymax></bndbox></object><object><name>car</name><pose>Unspecified</pose><truncated>0</truncated><difficult>0</difficult><bndbox><xmin>484</xmin><ymin>362</ymin><xmax>814</xmax><ymax>592</ymax></bndbox></object><object><name>license plate</name><pose>Unspecified</pose><truncated>0</truncated><difficult>0</difficult><bndbox><xmin>543</xmin><ymin>514</ymin><xmax>633</xmax><ymax>538</ymax></bndbox></object><object><name>car</name><pose>Unspecified</pose><truncated>0</truncated><difficult>0</difficult><bndbox><xmin>0</xmin><ymin>344</ymin><xmax>393</xmax><ymax>767</ymax></bndbox></object><object><name>license plate</name><pose>Unspecified</pose><truncated>0</truncated><difficult>0</difficult><bndbox><xmin>1361</xmin><ymin>449</ymin><xmax>1417</xmax><ymax>462</ymax></bndbox></object><object><name>bicyclegroup</name><pose>Unspecified</pose><truncated>0</truncated><difficult>0</difficult><bndbox><xmin>1639</xmin><ymin>401</ymin><xmax>2016</xmax><ymax>516</ymax></bndbox></object><object><name>ego vehicle</name><pose>Unspecified</pose><truncated>0</truncated><difficult>0</difficult><bndbox><xmin>271</xmin><ymin>844</ymin><xmax>2028</xmax><ymax>1023</ymax></bndbox></object><object><name>out of roi</name><pose>Unspecified</pose><truncated>0</truncated><difficult>0</difficult><bndbox><xmin>0</xmin><ymin>0</ymin><xmax>2048</xmax><ymax>1024</ymax></bndbox></object></annotation>