{"imgHeight": 1024, "imgWidth": 2048, "objects": [{"label": "sky", "bounding_box": [676, 0, 1388, 330]}, {"label": "sky", "bounding_box": [1442, 0, 1867, 71]}, {"label": "building", "bounding_box": [1480, 0, 2045, 476]}, {"label": "building", "bounding_box": [805, 327, 1180, 452]}, {"label": "static", "bounding_box": [1032, 383, 1039, 402]}, {"label": "static", "bounding_box": [1068, 388, 1076, 404]}, {"label": "vegetation", "bounding_box": [870, 233, 1139, 441]}, {"label": "road", "bounding_box": [-2, 429, 2044, 1021]}, {"label": "ground", "bounding_box": [1114, 436, 2045, 506]}, {"label": "car", "bounding_box": [1675, 430, 1733, 463]}, {"label": "car", "bounding_box": [1704, 432, 1767, 466]}, {"label": "car", "bounding_box": [1716, 435, 1787, 467]}, {"label": "car", "bounding_box": [1861, 435, 1892, 458]}, {"label": "car", "bounding_box": [1863, 438, 1922, 476]}, {"label": "static", "bounding_box": [1645, 284, 1701, 458]}, {"label": "vegetation", "bounding_box": [1525, 282, 2045, 468]}, {"label": "terrain", "bounding_box": [1504, 452, 1898, 491]}, {"label": "static", "bounding_box": [1777, 299, 1875, 476]}, {"label": "static", "bounding_box": [1450, 362, 1534, 459]}, {"label": "static", "bounding_box": [1557, 383, 1578, 415]}, {"label": "static", "bounding_box": [1532, 417, 1669, 471]}, {"label": "static", "bounding_box": [1510, 423, 1541, 480]}, {"label": "static", "bounding_box": [1508, 451, 1549, 482]}, {"label": "static", "bounding_box": [1476, 425, 1502, 470]}, {"label": "static", "bounding_box": [1481, 450, 1513, 480]}, {"label": "static", "bounding_box": [1486, 233, 1519, 280]}, {"label": "traffic sign", "bounding_box": [1480, 358, 1505, 392]}, {"label": "static", "bounding_box": [1505, 355, 1527, 398]}, {"label": "vegetation", "bounding_box": [1052, 0, 1685, 474]}, {"label": "vegetation", "bounding_box": [-2, 0, 901, 457]}, {"label": "pole", "bounding_box": [505, 278, 522, 435]}, {"label": "fence", "bounding_box": [356, 402, 445, 461]}, {"label": "pole", "bounding_box": [326, 266, 473, 305]}, {"label": "bicycle", "bounding_box": [1481, 450, 1513, 480]}, {"label": "terrain", "bounding_box": [1195, 444, 1498, 483]}, {"label": "car", "bounding_box": [672, 404, 714, 443]}, {"label": "car", "bounding_box": [480, 407, 562, 451]}, {"label": "car", "bounding_box": [407, 408, 478, 454]}, {"label": "car", "bounding_box": [974, 418, 1007, 452]}, {"label": "car", "bounding_box": [1106, 418, 1152, 460]}, {"label": "static", "bounding_box": [916, 376, 928, 390]}, {"label": "pole", "bounding_box": [918, 318, 931, 394]}, {"label": "pole", "bounding_box": [923, 278, 1074, 326]}, {"label": "pole", "bounding_box": [876, 75, 894, 435]}, {"label": "static", "bounding_box": [885, 332, 909, 367]}, {"label": "static", "bounding_box": [933, 386, 960, 396]}, {"label": "car", "bounding_box": [906, 389, 982, 471]}, {"label": "static", "bounding_box": [837, 395, 878, 441]}, {"label": "static", "bounding_box": [859, 348, 893, 388]}, {"label": "ground", "bounding_box": [1217, 470, 1310, 489]}, {"label": "pole", "bounding_box": [1256, 343, 1267, 475]}, {"label": "traffic light", "bounding_box": [1248, 354, 1264, 385]}, {"label": "pole", "bounding_box": [1272, 423, 1288, 483]}, {"label": "traffic sign", "bounding_box": [1275, 419, 1287, 452]}, {"label": "ground", "bounding_box": [1292, 484, 1833, 511]}, {"label": "pole", "bounding_box": [1350, 352, 1365, 482]}, {"label": "traffic light", "bounding_box": [1350, 359, 1365, 397]}, {"label": "pole", "bounding_box": [1572, 297, 1589, 491]}, {"label": "pole", "bounding_box": [1745, 5, 1772, 478]}, {"label": "static", "bounding_box": [1714, 291, 1754, 340]}, {"label": "pole", "bounding_box": [1389, 323, 1405, 490]}, {"label": "traffic sign", "bounding_box": [1365, 324, 1399, 335]}, {"label": "traffic light", "bounding_box": [1392, 349, 1412, 392]}, {"label": "static", "bounding_box": [1450, 273, 1485, 318]}, {"label": "pole", "bounding_box": [1459, 286, 1477, 499]}, {"label": "terrain", "bounding_box": [-2, 415, 749, 691]}, {"label": "car", "bounding_box": [568, 411, 620, 448]}, {"label": "car", "bounding_box": [604, 395, 672, 448]}, {"label": "vegetation", "bounding_box": [-1, 1, 873, 497]}, {"label": "car", "bounding_box": [861, 410, 962, 484]}, {"label": "car", "bounding_box": [1132, 413, 1201, 476]}, {"label": "car", "bounding_box": [991, 412, 1123, 520]}, {"label": "pole", "bounding_box": [678, 249, 887, 325]}, {"label": "pole", "bounding_box": [772, 129, 791, 410]}, {"label": "static", "bounding_box": [736, 246, 780, 300]}, {"label": "traffic light", "bounding_box": [763, 301, 795, 372]}, {"label": "traffic sign", "bounding_box": [760, 362, 796, 404]}, {"label": "car", "bounding_box": [681, 390, 895, 548]}, {"label": "terrain", "bounding_box": [1664, 502, 1867, 578]}, {"label": "pole", "bounding_box": [1752, 299, 1766, 526]}, {"label": "traffic sign", "bounding_box": [1722, 308, 1785, 369]}, {"label": "pole", "bounding_box": [1995, 1, 2038, 392]}, {"label": "car", "bounding_box": [1747, 349, 2045, 864]}, {"label": "car", "bounding_box": [0, 311, 473, 983]}, {"label": "license plate", "bounding_box": [1035, 454, 1081, 465]}, {"label": "license plate", "bounding_box": [740, 465, 796, 482]}, {"label": "rider", "bounding_box": [1476, 425, 1502, 470]}, {"label": "pole", "bounding_box": [1494, 271, 1510, 482]}, {"label": "bicycle", "bounding_box": [1508, 451, 1549, 482]}, {"label": "rider", "bounding_box": [1510, 423, 1541, 480]}, {"label": "ego vehicle", "bounding_box": [271, 844, 2028, 1023]}, {"label": "out of roi", "bounding_box": [0, 0, 2048, 1024]}]}