{"imgHeight": 1024, "imgWidth": 2048, "objects": [{"label": "sky", "bounding_box": [239, 0, 1615, 230]}, {"label": "building", "bounding_box": [-1, 0, 2044, 606]}, {"label": "vegetation", "bounding_box": [501, 77, 908, 393]}, {"label": "road", "bounding_box": [0, 438, 2045, 1021]}, {"label": "sidewalk", "bounding_box": [1518, 447, 2045, 870]}, {"label": "static", "bounding_box": [1504, 348, 1593, 469]}, {"label": "pole", "bounding_box": [1441, 301, 1449, 457]}, {"label": "pole", "bounding_box": [1443, 292, 1475, 324]}, {"label": "person", "bounding_box": [1440, 398, 1479, 474]}, {"label": "persongroup", "bounding_box": [1521, 395, 1568, 473]}, {"label": "persongroup", "bounding_box": [1550, 380, 1590, 476]}, {"label": "person", "bounding_box": [1588, 398, 1610, 466]}, {"label": "static", "bounding_box": [1604, 406, 1654, 471]}, {"label": "person", "bounding_box": [1608, 378, 1639, 480]}, {"label": "pole", "bounding_box": [1565, 347, 1577, 477]}, {"label": "traffic sign", "bounding_box": [1549, 316, 1588, 362]}, {"label": "static", "bounding_box": [1402, 382, 1425, 457]}, {"label": "person", "bounding_box": [1335, 415, 1363, 464]}, {"label": "pole", "bounding_box": [1270, 282, 1283, 435]}, {"label": "pole", "bounding_box": [1275, 259, 1297, 287]}, {"label": "car", "bounding_box": [1203, 421, 1250, 466]}, {"label": "car", "bounding_box": [1228, 423, 1303, 472]}, {"label": "sidewalk", "bounding_box": [0, 422, 1095, 806]}, {"label": "static", "bounding_box": [333, 346, 729, 395]}, {"label": "vegetation", "bounding_box": [717, 347, 1025, 447]}, {"label": "static", "bounding_box": [932, 431, 1027, 485]}, {"label": "vegetation", "bounding_box": [1051, 354, 1125, 409]}, {"label": "traffic sign", "bounding_box": [1107, 319, 1171, 376]}, {"label": "pole", "bounding_box": [1082, 31, 1096, 393]}, {"label": "traffic sign", "bounding_box": [1071, 338, 1108, 377]}, {"label": "person", "bounding_box": [1033, 397, 1048, 439]}, {"label": "person", "bounding_box": [1010, 390, 1038, 475]}, {"label": "vegetation", "bounding_box": [727, 0, 1119, 421]}, {"label": "pole", "bounding_box": [826, 313, 835, 416]}, {"label": "pole", "bounding_box": [822, 300, 843, 323]}, {"label": "car", "bounding_box": [822, 397, 948, 486]}, {"label": "persongroup", "bounding_box": [805, 379, 841, 476]}, {"label": "static", "bounding_box": [776, 347, 820, 387]}, {"label": "vegetation", "bounding_box": [0, 0, 961, 403]}, {"label": "pole", "bounding_box": [492, 268, 503, 404]}, {"label": "pole", "bounding_box": [480, 258, 513, 280]}, {"label": "pole", "bounding_box": [966, 315, 978, 487]}, {"label": "pole", "bounding_box": [996, 0, 1019, 509]}, {"label": "person", "bounding_box": [892, 368, 955, 504]}, {"label": "car", "bounding_box": [1011, 382, 1225, 549]}, {"label": "pole", "bounding_box": [1596, 258, 1616, 502]}, {"label": "traffic sign", "bounding_box": [1597, 258, 1615, 295]}, {"label": "ground", "bounding_box": [0, 490, 772, 633]}, {"label": "car", "bounding_box": [223, 387, 360, 510]}, {"label": "car", "bounding_box": [325, 385, 543, 527]}, {"label": "cargroup", "bounding_box": [324, 385, 543, 527]}, {"label": "car", "bounding_box": [505, 381, 789, 531]}, {"label": "pole", "bounding_box": [759, 241, 771, 346]}, {"label": "traffic sign", "bounding_box": [762, 239, 779, 321]}, {"label": "person", "bounding_box": [733, 329, 831, 564]}, {"label": "person", "bounding_box": [622, 346, 708, 563]}, {"label": "dynamic", "bounding_box": [572, 410, 692, 569]}, {"label": "car", "bounding_box": [0, 322, 280, 616]}, {"label": "static", "bounding_box": [158, 215, 193, 528]}, {"label": "pole", "bounding_box": [115, 0, 182, 698]}, {"label": "license plate", "bounding_box": [1065, 486, 1126, 503]}, {"label": "person", "bounding_box": [1483, 401, 1508, 476]}, {"label": "person", "bounding_box": [1492, 397, 1526, 476]}, {"label": "static", "bounding_box": [1443, 292, 1475, 324]}, {"label": "static", "bounding_box": [1275, 259, 1297, 287]}, {"label": "ego vehicle", "bounding_box": [271, 844, 2028, 1023]}, {"label": "out of roi", "bounding_box": [0, 0, 2048, 1024]}]}