{"imgHeight": 1024, "imgWidth": 2048, "objects": [{"label": "sky", "bounding_box": [848, 0, 1341, 274]}, {"label": "vegetation", "bounding_box": [1047, 371, 1115, 423]}, {"label": "building", "bounding_box": [1104, 0, 2045, 690]}, {"label": "building", "bounding_box": [-2, 1, 1058, 720]}, {"label": "road", "bounding_box": [135, 427, 1939, 1023]}, {"label": "road", "bounding_box": [1076, 411, 1101, 427]}, {"label": "car", "bounding_box": [1070, 416, 1089, 435]}, {"label": "cargroup", "bounding_box": [1054, 416, 1073, 434]}, {"label": "cargroup", "bounding_box": [1090, 413, 1110, 437]}, {"label": "cargroup", "bounding_box": [1096, 419, 1120, 443]}, {"label": "vegetation", "bounding_box": [989, 311, 1135, 432]}, {"label": "parking", "bounding_box": [1101, 437, 2043, 1022]}, {"label": "car", "bounding_box": [1105, 424, 1135, 459]}, {"label": "pole", "bounding_box": [1134, 414, 1138, 433]}, {"label": "static", "bounding_box": [1129, 401, 1149, 421]}, {"label": "cargroup", "bounding_box": [1043, 423, 1065, 446]}, {"label": "ground", "bounding_box": [-2, 437, 1056, 1020]}, {"label": "cargroup", "bounding_box": [1039, 426, 1058, 459]}, {"label": "vegetation", "bounding_box": [984, 169, 1200, 434]}, {"label": "car", "bounding_box": [970, 388, 1046, 475]}, {"label": "static", "bounding_box": [1150, 392, 1168, 419]}, {"label": "pole", "bounding_box": [1155, 394, 1162, 425]}, {"label": "pole", "bounding_box": [1179, 295, 1185, 429]}, {"label": "static", "bounding_box": [1185, 347, 1212, 371]}, {"label": "car", "bounding_box": [1131, 426, 1147, 465]}, {"label": "car", "bounding_box": [1137, 415, 1195, 483]}, {"label": "car", "bounding_box": [1004, 426, 1029, 475]}, {"label": "person", "bounding_box": [1118, 418, 1145, 496]}, {"label": "car", "bounding_box": [1153, 427, 1197, 493]}, {"label": "vegetation", "bounding_box": [951, 226, 1065, 411]}, {"label": "car", "bounding_box": [935, 391, 1016, 490]}, {"label": "vegetation", "bounding_box": [899, 1, 1239, 430]}, {"label": "car", "bounding_box": [892, 416, 999, 516]}, {"label": "pole", "bounding_box": [864, 368, 871, 428]}, {"label": "car", "bounding_box": [870, 426, 962, 529]}, {"label": "static", "bounding_box": [894, 447, 951, 542]}, {"label": "pole", "bounding_box": [1247, 203, 1257, 406]}, {"label": "vegetation", "bounding_box": [773, 0, 1043, 436]}, {"label": "car", "bounding_box": [1174, 397, 1307, 526]}, {"label": "car", "bounding_box": [1203, 420, 1243, 539]}, {"label": "car", "bounding_box": [1205, 405, 1355, 554]}, {"label": "car", "bounding_box": [1280, 396, 1508, 603]}, {"label": "bicycle", "bounding_box": [894, 447, 951, 542]}, {"label": "car", "bounding_box": [735, 411, 916, 563]}, {"label": "sidewalk", "bounding_box": [1680, 564, 1851, 694]}, {"label": "pole", "bounding_box": [1700, 1, 1737, 638]}, {"label": "car", "bounding_box": [1337, 410, 1708, 665]}, {"label": "license plate", "bounding_box": [1512, 511, 1617, 543]}, {"label": "license plate", "bounding_box": [562, 511, 660, 545]}, {"label": "car", "bounding_box": [488, 409, 799, 641]}, {"label": "pole", "bounding_box": [160, 192, 187, 374]}, {"label": "traffic sign", "bounding_box": [128, 3, 222, 215]}, {"label": "car", "bounding_box": [0, 356, 562, 845]}, {"label": "car", "bounding_box": [1814, 417, 2045, 929]}, {"label": "static", "bounding_box": [1075, 423, 1079, 439]}, {"label": "static", "bounding_box": [1140, 284, 1183, 326]}, {"label": "static", "bounding_box": [1191, 185, 1257, 249]}, {"label": "ego vehicle", "bounding_box": [271, 844, 2028, 1023]}, {"label": "out of roi", "bounding_box": [0, 0, 2048, 1024]}]}