{"imgHeight": 1024, "imgWidth": 2048, "objects": [{"label": "sky", "bounding_box": [483, 0, 1295, 373]}, {"label": "vegetation", "bounding_box": [1012, 277, 1168, 474]}, {"label": "static", "bounding_box": [1113, 380, 1191, 496]}, {"label": "building", "bounding_box": [1155, 0, 2045, 717]}, {"label": "sidewalk", "bounding_box": [1321, 480, 1492, 499]}, {"label": "sidewalk", "bounding_box": [1133, 484, 1254, 501]}, {"label": "sidewalk", "bounding_box": [1303, 497, 2045, 719]}, {"label": "static", "bounding_box": [1032, 413, 1059, 469]}, {"label": "vegetation", "bounding_box": [1020, 165, 1142, 435]}, {"label": "static", "bounding_box": [1035, 266, 1052, 384]}, {"label": "static", "bounding_box": [120, 247, 694, 473]}, {"label": "building", "bounding_box": [684, 240, 1036, 504]}, {"label": "vegetation", "bounding_box": [115, 134, 674, 458]}, {"label": "vegetation", "bounding_box": [470, 0, 1117, 468]}, {"label": "vegetation", "bounding_box": [879, 452, 967, 483]}, {"label": "wall", "bounding_box": [863, 467, 978, 507]}, {"label": "static", "bounding_box": [856, 457, 892, 486]}, {"label": "sidewalk", "bounding_box": [857, 479, 1039, 506]}, {"label": "road", "bounding_box": [-2, 461, 2045, 1021]}, {"label": "static", "bounding_box": [640, 415, 645, 429]}, {"label": "car", "bounding_box": [602, 442, 640, 460]}, {"label": "terrain", "bounding_box": [599, 456, 639, 465]}, {"label": "pole", "bounding_box": [625, 420, 627, 458]}, {"label": "static", "bounding_box": [607, 412, 632, 425]}, {"label": "pole", "bounding_box": [610, 379, 613, 457]}, {"label": "wall", "bounding_box": [315, 436, 589, 463]}, {"label": "car", "bounding_box": [569, 444, 608, 469]}, {"label": "car", "bounding_box": [466, 443, 506, 477]}, {"label": "car", "bounding_box": [503, 447, 529, 487]}, {"label": "car", "bounding_box": [511, 445, 569, 489]}, {"label": "license plate", "bounding_box": [536, 478, 552, 482]}, {"label": "car", "bounding_box": [373, 437, 438, 480]}, {"label": "car", "bounding_box": [420, 449, 478, 490]}, {"label": "license plate", "bounding_box": [442, 477, 459, 480]}, {"label": "car", "bounding_box": [323, 437, 385, 483]}, {"label": "terrain", "bounding_box": [-1, 469, 381, 565]}, {"label": "vegetation", "bounding_box": [0, 0, 634, 538]}, {"label": "pole", "bounding_box": [606, 326, 724, 384]}, {"label": "traffic light", "bounding_box": [601, 313, 610, 340]}, {"label": "pole", "bounding_box": [758, 200, 876, 279]}, {"label": "traffic light", "bounding_box": [871, 179, 887, 224]}, {"label": "pole", "bounding_box": [758, 279, 763, 347]}, {"label": "traffic sign", "bounding_box": [778, 334, 802, 367]}, {"label": "traffic sign", "bounding_box": [778, 363, 802, 381]}, {"label": "traffic light", "bounding_box": [756, 339, 773, 384]}, {"label": "pole", "bounding_box": [732, 0, 747, 375]}, {"label": "pole", "bounding_box": [913, 387, 916, 454]}, {"label": "static", "bounding_box": [908, 399, 918, 408]}, {"label": "pole", "bounding_box": [897, 392, 903, 492]}, {"label": "traffic sign", "bounding_box": [893, 411, 907, 424]}, {"label": "pole", "bounding_box": [858, 386, 863, 474]}, {"label": "static", "bounding_box": [861, 385, 882, 396]}, {"label": "static", "bounding_box": [836, 386, 858, 408]}, {"label": "car", "bounding_box": [1010, 458, 1054, 491]}, {"label": "car", "bounding_box": [1041, 420, 1131, 499]}, {"label": "license plate", "bounding_box": [1076, 470, 1097, 475]}, {"label": "static", "bounding_box": [1193, 481, 1209, 488]}, {"label": "pole", "bounding_box": [1198, 426, 1200, 482]}, {"label": "traffic sign", "bounding_box": [1186, 403, 1205, 423]}, {"label": "traffic sign", "bounding_box": [1189, 423, 1206, 440]}, {"label": "static", "bounding_box": [1202, 329, 1218, 392]}, {"label": "pole", "bounding_box": [1207, 385, 1212, 494]}, {"label": "pole", "bounding_box": [1190, 387, 1195, 491]}, {"label": "static", "bounding_box": [1185, 386, 1192, 409]}, {"label": "pole", "bounding_box": [1156, 199, 1382, 264]}, {"label": "traffic light", "bounding_box": [1146, 176, 1163, 226]}, {"label": "pole", "bounding_box": [1463, 318, 1468, 428]}, {"label": "pole", "bounding_box": [1463, 280, 1489, 320]}, {"label": "traffic light", "bounding_box": [1447, 352, 1464, 368]}, {"label": "traffic light", "bounding_box": [1467, 382, 1483, 412]}, {"label": "traffic light", "bounding_box": [1452, 382, 1464, 413]}, {"label": "person", "bounding_box": [1455, 420, 1481, 482]}, {"label": "dynamic", "bounding_box": [1464, 448, 1487, 487]}, {"label": "person", "bounding_box": [1416, 424, 1448, 485]}, {"label": "pole", "bounding_box": [1389, 387, 1395, 486]}, {"label": "traffic sign", "bounding_box": [1391, 383, 1407, 390]}, {"label": "pole", "bounding_box": [1378, 263, 1390, 508]}, {"label": "traffic sign", "bounding_box": [1370, 310, 1393, 335]}, {"label": "traffic light", "bounding_box": [1370, 334, 1391, 384]}, {"label": "static", "bounding_box": [1398, 325, 1432, 347]}, {"label": "traffic sign", "bounding_box": [1391, 317, 1438, 357]}, {"label": "pole", "bounding_box": [1371, 463, 1376, 507]}, {"label": "pole", "bounding_box": [1388, 461, 1393, 508]}, {"label": "pole", "bounding_box": [1413, 462, 1417, 514]}, {"label": "static", "bounding_box": [1440, 475, 1547, 494]}, {"label": "pole", "bounding_box": [1438, 462, 1444, 517]}, {"label": "pole", "bounding_box": [1468, 462, 1474, 523]}, {"label": "pole", "bounding_box": [1502, 465, 1512, 531]}, {"label": "pole", "bounding_box": [1546, 465, 1555, 536]}, {"label": "person", "bounding_box": [1812, 361, 1891, 551]}, {"label": "static", "bounding_box": [1663, 184, 1749, 244]}, {"label": "car", "bounding_box": [628, 370, 879, 594]}, {"label": "license plate", "bounding_box": [690, 492, 752, 508]}, {"label": "static", "bounding_box": [1224, 379, 1340, 601]}, {"label": "static", "bounding_box": [1253, 478, 1306, 624]}, {"label": "rider", "bounding_box": [1224, 379, 1340, 601]}, {"label": "bicycle", "bounding_box": [1253, 478, 1306, 624]}, {"label": "ego vehicle", "bounding_box": [271, 844, 2028, 1023]}, {"label": "out of roi", "bounding_box": [0, 0, 2048, 1024]}]}