{"imgHeight": 1024, "imgWidth": 2048, "objects": [{"label": "sky", "bounding_box": [604, 0, 1177, 353]}, {"label": "building", "bounding_box": [-2, 0, 2045, 646]}, {"label": "road", "bounding_box": [-2, 441, 2045, 1020]}, {"label": "sidewalk", "bounding_box": [819, 461, 929, 493]}, {"label": "sidewalk", "bounding_box": [779, 485, 937, 509]}, {"label": "vegetation", "bounding_box": [866, 215, 1232, 453]}, {"label": "car", "bounding_box": [900, 438, 951, 475]}, {"label": "static", "bounding_box": [1180, 390, 1207, 434]}, {"label": "truck", "bounding_box": [980, 407, 1036, 477]}, {"label": "car", "bounding_box": [936, 432, 1026, 499]}, {"label": "vegetation", "bounding_box": [1101, 1, 1627, 438]}, {"label": "static", "bounding_box": [1161, 429, 1257, 474]}, {"label": "car", "bounding_box": [1245, 416, 1339, 481]}, {"label": "pole", "bounding_box": [1413, 272, 1424, 429]}, {"label": "cargroup", "bounding_box": [1249, 415, 1423, 512]}, {"label": "car", "bounding_box": [1290, 419, 1501, 528]}, {"label": "cargroup", "bounding_box": [1348, 422, 1515, 547]}, {"label": "pole", "bounding_box": [1208, 338, 1222, 486]}, {"label": "pole", "bounding_box": [1515, 247, 1526, 429]}, {"label": "person", "bounding_box": [1705, 396, 1743, 462]}, {"label": "traffic sign", "bounding_box": [1676, 256, 1742, 320]}, {"label": "pole", "bounding_box": [1735, 0, 1754, 477]}, {"label": "car", "bounding_box": [1435, 413, 1771, 574]}, {"label": "sidewalk", "bounding_box": [1349, 480, 2045, 726]}, {"label": "vegetation", "bounding_box": [1060, 0, 1818, 490]}, {"label": "static", "bounding_box": [1766, 424, 1902, 578]}, {"label": "pole", "bounding_box": [1418, 177, 1439, 577]}, {"label": "traffic sign", "bounding_box": [1402, 146, 1445, 230]}, {"label": "traffic sign", "bounding_box": [1402, 243, 1440, 292]}, {"label": "pole", "bounding_box": [877, 359, 886, 501]}, {"label": "static", "bounding_box": [758, 315, 836, 497]}, {"label": "pole", "bounding_box": [672, 120, 689, 434]}, {"label": "static", "bounding_box": [565, 189, 621, 264]}, {"label": "static", "bounding_box": [569, 268, 622, 302]}, {"label": "static", "bounding_box": [568, 306, 622, 325]}, {"label": "static", "bounding_box": [507, 322, 565, 342]}, {"label": "vegetation", "bounding_box": [339, 0, 936, 449]}, {"label": "cargroup", "bounding_box": [730, 437, 828, 518]}, {"label": "static", "bounding_box": [326, 251, 376, 302]}, {"label": "car", "bounding_box": [310, 422, 534, 475]}, {"label": "person", "bounding_box": [261, 415, 296, 458]}, {"label": "person", "bounding_box": [231, 404, 266, 467]}, {"label": "pole", "bounding_box": [205, 0, 235, 485]}, {"label": "car", "bounding_box": [183, 433, 513, 579]}, {"label": "sidewalk", "bounding_box": [-2, 553, 444, 736]}, {"label": "static", "bounding_box": [125, 189, 195, 257]}, {"label": "vegetation", "bounding_box": [-2, 0, 172, 513]}, {"label": "vegetation", "bounding_box": [0, 431, 261, 622]}, {"label": "pole", "bounding_box": [245, 305, 265, 602]}, {"label": "static", "bounding_box": [172, 88, 369, 162]}, {"label": "traffic light", "bounding_box": [277, 198, 327, 322]}, {"label": "pole", "bounding_box": [263, 0, 294, 615]}, {"label": "traffic light", "bounding_box": [243, 184, 308, 319]}, {"label": "car", "bounding_box": [1007, 397, 1192, 561]}, {"label": "license plate", "bounding_box": [1066, 488, 1124, 502]}, {"label": "static", "bounding_box": [1939, 385, 2044, 525]}, {"label": "static", "bounding_box": [1965, 281, 2036, 346]}, {"label": "bicycle", "bounding_box": [1433, 439, 1530, 574]}, {"label": "bicycle", "bounding_box": [1470, 443, 1705, 590]}, {"label": "rider", "bounding_box": [1558, 454, 1782, 610]}, {"label": "traffic light", "bounding_box": [1954, 22, 2044, 213]}, {"label": "car", "bounding_box": [394, 422, 795, 689]}, {"label": "license plate", "bounding_box": [478, 593, 591, 627]}, {"label": "pole", "bounding_box": [877, 327, 969, 361]}, {"label": "pole", "bounding_box": [1150, 310, 1214, 342]}, {"label": "bicycle", "bounding_box": [1433, 439, 1530, 574]}, {"label": "bicycle", "bounding_box": [1470, 443, 1705, 590]}, {"label": "bicycle", "bounding_box": [1558, 454, 1782, 610]}, {"label": "person", "bounding_box": [1627, 355, 1740, 614]}, {"label": "pole", "bounding_box": [877, 327, 969, 501]}, {"label": "traffic light", "bounding_box": [965, 315, 976, 343]}, {"label": "pole", "bounding_box": [1150, 310, 1222, 486]}, {"label": "ego vehicle", "bounding_box": [271, 844, 2028, 1023]}, {"label": "out of roi", "bounding_box": [0, 0, 2048, 1024]}]}