{"imgHeight": 1024, "imgWidth": 2048, "objects": [{"label": "sky", "bounding_box": [678, 0, 1287, 396]}, {"label": "building", "bounding_box": [906, 0, 2044, 512]}, {"label": "vegetation", "bounding_box": [894, 327, 946, 431]}, {"label": "building", "bounding_box": [-2, 0, 911, 524]}, {"label": "road", "bounding_box": [0, 440, 2045, 1020]}, {"label": "sidewalk", "bounding_box": [988, 441, 1052, 462]}, {"label": "building", "bounding_box": [998, 416, 1038, 454]}, {"label": "building", "bounding_box": [925, 415, 947, 449]}, {"label": "car", "bounding_box": [891, 432, 914, 455]}, {"label": "static", "bounding_box": [846, 406, 877, 423]}, {"label": "car", "bounding_box": [868, 430, 899, 467]}, {"label": "car", "bounding_box": [1044, 431, 1072, 465]}, {"label": "car", "bounding_box": [941, 432, 989, 472]}, {"label": "car", "bounding_box": [1058, 436, 1087, 466]}, {"label": "static", "bounding_box": [815, 347, 835, 401]}, {"label": "car", "bounding_box": [834, 431, 878, 474]}, {"label": "car", "bounding_box": [816, 433, 853, 481]}, {"label": "car", "bounding_box": [1073, 433, 1090, 469]}, {"label": "car", "bounding_box": [1080, 428, 1108, 473]}, {"label": "static", "bounding_box": [1108, 322, 1126, 387]}, {"label": "car", "bounding_box": [1091, 429, 1126, 476]}, {"label": "car", "bounding_box": [1111, 427, 1145, 480]}, {"label": "car", "bounding_box": [1129, 427, 1165, 484]}, {"label": "car", "bounding_box": [789, 426, 830, 487]}, {"label": "car", "bounding_box": [1136, 429, 1181, 488]}, {"label": "sidewalk", "bounding_box": [1267, 470, 1441, 516]}, {"label": "car", "bounding_box": [1158, 425, 1238, 495]}, {"label": "person", "bounding_box": [1240, 413, 1253, 430]}, {"label": "person", "bounding_box": [1260, 414, 1282, 435]}, {"label": "static", "bounding_box": [709, 307, 736, 369]}, {"label": "sidewalk", "bounding_box": [526, 474, 679, 517]}, {"label": "car", "bounding_box": [739, 426, 811, 490]}, {"label": "person", "bounding_box": [601, 412, 629, 499]}, {"label": "static", "bounding_box": [587, 301, 622, 343]}, {"label": "static", "bounding_box": [591, 337, 615, 379]}, {"label": "pole", "bounding_box": [592, 338, 606, 503]}, {"label": "static", "bounding_box": [1286, 421, 1334, 479]}, {"label": "car", "bounding_box": [1188, 426, 1306, 511]}, {"label": "static", "bounding_box": [1317, 346, 1386, 384]}, {"label": "static", "bounding_box": [1355, 433, 1388, 473]}, {"label": "static", "bounding_box": [1391, 431, 1429, 496]}, {"label": "static", "bounding_box": [1342, 431, 1394, 506]}, {"label": "static", "bounding_box": [1330, 432, 1377, 506]}, {"label": "static", "bounding_box": [1313, 439, 1375, 506]}, {"label": "static", "bounding_box": [1431, 419, 1458, 469]}, {"label": "vegetation", "bounding_box": [1464, 381, 2046, 504]}, {"label": "pole", "bounding_box": [1745, 0, 1790, 445]}, {"label": "person", "bounding_box": [1897, 399, 1933, 429]}, {"label": "car", "bounding_box": [1661, 422, 1802, 526]}, {"label": "car", "bounding_box": [1927, 425, 2044, 535]}, {"label": "car", "bounding_box": [1780, 414, 2021, 554]}, {"label": "sidewalk", "bounding_box": [1644, 533, 2045, 715]}, {"label": "building", "bounding_box": [1960, 0, 2045, 245]}, {"label": "static", "bounding_box": [1897, 211, 2045, 309]}, {"label": "static", "bounding_box": [1946, 210, 1976, 277]}, {"label": "pole", "bounding_box": [1958, 215, 1974, 554]}, {"label": "traffic sign", "bounding_box": [1946, 288, 1973, 360]}, {"label": "static", "bounding_box": [1876, 439, 2035, 558]}, {"label": "static", "bounding_box": [1899, 447, 2035, 556]}, {"label": "pole", "bounding_box": [1687, 100, 1700, 494]}, {"label": "static", "bounding_box": [1678, 444, 1774, 584]}, {"label": "bicycle", "bounding_box": [1678, 444, 1774, 584]}, {"label": "bicycle", "bounding_box": [1391, 431, 1429, 496]}, {"label": "car", "bounding_box": [1391, 398, 1738, 636]}, {"label": "license plate", "bounding_box": [1567, 547, 1659, 575]}, {"label": "car", "bounding_box": [657, 421, 765, 508]}, {"label": "static", "bounding_box": [772, 405, 815, 495]}, {"label": "static", "bounding_box": [767, 441, 824, 510]}, {"label": "static", "bounding_box": [525, 443, 561, 509]}, {"label": "static", "bounding_box": [614, 379, 685, 538]}, {"label": "static", "bounding_box": [619, 442, 683, 554]}, {"label": "static", "bounding_box": [182, 387, 369, 425]}, {"label": "pole", "bounding_box": [301, 214, 313, 408]}, {"label": "static", "bounding_box": [305, 330, 320, 354]}, {"label": "traffic sign", "bounding_box": [251, 211, 306, 235]}, {"label": "static", "bounding_box": [312, 253, 323, 283]}, {"label": "traffic sign", "bounding_box": [264, 266, 326, 328]}, {"label": "pole", "bounding_box": [113, 0, 152, 426]}, {"label": "traffic sign", "bounding_box": [99, 283, 163, 376]}, {"label": "person", "bounding_box": [50, 366, 100, 418]}, {"label": "person", "bounding_box": [8, 373, 45, 416]}, {"label": "car", "bounding_box": [368, 388, 544, 558]}, {"label": "car", "bounding_box": [166, 399, 452, 599]}, {"label": "car", "bounding_box": [0, 400, 249, 659]}, {"label": "vegetation", "bounding_box": [1725, 0, 1816, 96]}, {"label": "vegetation", "bounding_box": [1902, 1, 2017, 89]}, {"label": "static", "bounding_box": [886, 423, 901, 467]}, {"label": "static", "bounding_box": [878, 427, 895, 460]}, {"label": "static", "bounding_box": [879, 445, 891, 474]}, {"label": "static", "bounding_box": [894, 452, 899, 474]}, {"label": "bicycle", "bounding_box": [1876, 439, 2035, 558]}, {"label": "bicycle", "bounding_box": [1899, 447, 2035, 556]}, {"label": "bicycle", "bounding_box": [879, 445, 891, 474]}, {"label": "rider", "bounding_box": [878, 427, 895, 460]}, {"label": "rider", "bounding_box": [886, 423, 901, 467]}, {"label": "bicycle", "bounding_box": [894, 452, 899, 474]}, {"label": "traffic sign", "bounding_box": [1635, 80, 1786, 346]}, {"label": "rider", "bounding_box": [772, 405, 815, 495]}, {"label": "rider", "bounding_box": [614, 379, 685, 538]}, {"label": "bicycle", "bounding_box": [767, 441, 824, 510]}, {"label": "bicycle", "bounding_box": [619, 442, 683, 554]}, {"label": "bicycle", "bounding_box": [1355, 433, 1388, 473]}, {"label": "bicycle", "bounding_box": [1342, 431, 1394, 506]}, {"label": "bicycle", "bounding_box": [1330, 432, 1377, 506]}, {"label": "bicycle", "bounding_box": [1313, 439, 1375, 506]}, {"label": "ego vehicle", "bounding_box": [271, 844, 2028, 1023]}, {"label": "out of roi", "bounding_box": [0, 0, 2048, 1024]}]}