{"imgHeight": 1024, "imgWidth": 2048, "objects": [{"label": "sky", "bounding_box": [777, 0, 1684, 275]}, {"label": "building", "bounding_box": [0, 2, 1682, 522]}, {"label": "road", "bounding_box": [-2, 432, 2044, 1021]}, {"label": "vegetation", "bounding_box": [1376, 290, 1467, 418]}, {"label": "car", "bounding_box": [1471, 424, 1497, 449]}, {"label": "car", "bounding_box": [1296, 423, 1350, 450]}, {"label": "pole", "bounding_box": [1132, 335, 1137, 446]}, {"label": "pole", "bounding_box": [1125, 327, 1146, 338]}, {"label": "pole", "bounding_box": [1122, 302, 1131, 449]}, {"label": "pole", "bounding_box": [1111, 298, 1133, 305]}, {"label": "pole", "bounding_box": [1108, 330, 1119, 446]}, {"label": "car", "bounding_box": [885, 430, 934, 449]}, {"label": "car", "bounding_box": [837, 428, 891, 453]}, {"label": "pole", "bounding_box": [1421, 342, 1427, 440]}, {"label": "pole", "bounding_box": [1416, 336, 1433, 345]}, {"label": "pole", "bounding_box": [1412, 323, 1417, 386]}, {"label": "pole", "bounding_box": [1404, 318, 1424, 328]}, {"label": "pole", "bounding_box": [1399, 298, 1405, 388]}, {"label": "pole", "bounding_box": [1392, 294, 1410, 304]}, {"label": "pole", "bounding_box": [1386, 262, 1393, 439]}, {"label": "pole", "bounding_box": [1372, 253, 1405, 267]}, {"label": "fence", "bounding_box": [616, 432, 1426, 501]}, {"label": "wall", "bounding_box": [565, 449, 1443, 510]}, {"label": "car", "bounding_box": [1343, 476, 1365, 488]}, {"label": "car", "bounding_box": [1287, 446, 1351, 487]}, {"label": "static", "bounding_box": [1500, 370, 1537, 409]}, {"label": "static", "bounding_box": [1498, 362, 1507, 383]}, {"label": "traffic light", "bounding_box": [1529, 402, 1541, 421]}, {"label": "pole", "bounding_box": [1540, 354, 1556, 450]}, {"label": "vegetation", "bounding_box": [1420, 181, 1669, 452]}, {"label": "car", "bounding_box": [1450, 417, 1482, 450]}, {"label": "cargroup", "bounding_box": [1490, 420, 1545, 463]}, {"label": "car", "bounding_box": [1430, 422, 1485, 466]}, {"label": "traffic sign", "bounding_box": [1603, 352, 1671, 434]}, {"label": "building", "bounding_box": [1636, 0, 2044, 439]}, {"label": "traffic sign", "bounding_box": [1691, 347, 1737, 384]}, {"label": "static", "bounding_box": [1748, 290, 1888, 378]}, {"label": "vegetation", "bounding_box": [1384, 0, 2044, 387]}, {"label": "car", "bounding_box": [1523, 352, 2044, 756]}, {"label": "license plate", "bounding_box": [1898, 532, 2044, 570]}, {"label": "pole", "bounding_box": [1051, 309, 1061, 456]}, {"label": "pole", "bounding_box": [1405, 177, 1414, 479]}, {"label": "pole", "bounding_box": [1046, 300, 1071, 311]}, {"label": "terrain", "bounding_box": [972, 470, 1148, 498]}, {"label": "pole", "bounding_box": [1005, 241, 1020, 488]}, {"label": "pole", "bounding_box": [902, 197, 1012, 248]}, {"label": "pole", "bounding_box": [944, 273, 955, 477]}, {"label": "pole", "bounding_box": [930, 264, 965, 284]}, {"label": "car", "bounding_box": [1143, 416, 1239, 491]}, {"label": "pole", "bounding_box": [1406, 423, 1416, 448]}, {"label": "traffic sign", "bounding_box": [1394, 376, 1426, 433]}, {"label": "traffic sign", "bounding_box": [1398, 437, 1423, 481]}, {"label": "pole", "bounding_box": [720, 184, 735, 420]}, {"label": "pole", "bounding_box": [703, 168, 746, 195]}, {"label": "sidewalk", "bounding_box": [404, 476, 616, 492]}, {"label": "pole", "bounding_box": [591, 383, 599, 488]}, {"label": "traffic sign", "bounding_box": [562, 385, 595, 396]}, {"label": "static", "bounding_box": [565, 448, 584, 491]}, {"label": "pole", "bounding_box": [607, 323, 619, 506]}, {"label": "static", "bounding_box": [568, 309, 615, 390]}, {"label": "traffic light", "bounding_box": [614, 340, 640, 390]}, {"label": "sidewalk", "bounding_box": [-2, 489, 406, 544]}, {"label": "wall", "bounding_box": [226, 447, 326, 501]}, {"label": "traffic light", "bounding_box": [230, 344, 252, 395]}, {"label": "pole", "bounding_box": [224, 260, 238, 501]}, {"label": "static", "bounding_box": [227, 317, 270, 360]}, {"label": "traffic light", "bounding_box": [338, 195, 359, 245]}, {"label": "pole", "bounding_box": [199, 417, 209, 457]}, {"label": "wall", "bounding_box": [0, 450, 223, 522]}, {"label": "car", "bounding_box": [643, 408, 825, 523]}, {"label": "terrain", "bounding_box": [0, 487, 960, 839]}, {"label": "pole", "bounding_box": [856, 131, 874, 511]}, {"label": "pole", "bounding_box": [856, 36, 1176, 139]}, {"label": "pole", "bounding_box": [856, 36, 1176, 511]}, {"label": "traffic light", "bounding_box": [843, 277, 873, 342]}, {"label": "pole", "bounding_box": [346, 0, 399, 612]}, {"label": "pole", "bounding_box": [1816, 25, 2044, 63]}, {"label": "traffic light", "bounding_box": [1802, 0, 1830, 57]}, {"label": "license plate", "bounding_box": [681, 485, 720, 496]}, {"label": "pole", "bounding_box": [1382, 160, 1429, 180]}, {"label": "pole", "bounding_box": [225, 216, 339, 275]}, {"label": "traffic light", "bounding_box": [1176, 8, 1199, 62]}, {"label": "traffic light", "bounding_box": [887, 196, 903, 227]}, {"label": "cargroup", "bounding_box": [1430, 422, 1485, 464]}, {"label": "pole", "bounding_box": [902, 197, 1020, 488]}, {"label": "static", "bounding_box": [703, 168, 746, 195]}, {"label": "static", "bounding_box": [930, 264, 965, 284]}, {"label": "static", "bounding_box": [1046, 300, 1071, 311]}, {"label": "static", "bounding_box": [1111, 298, 1133, 305]}, {"label": "static", "bounding_box": [1125, 327, 1146, 338]}, {"label": "static", "bounding_box": [1416, 336, 1433, 345]}, {"label": "static", "bounding_box": [1404, 318, 1424, 328]}, {"label": "static", "bounding_box": [1392, 294, 1410, 304]}, {"label": "static", "bounding_box": [1372, 253, 1405, 267]}, {"label": "static", "bounding_box": [1382, 160, 1429, 180]}, {"label": "ego vehicle", "bounding_box": [271, 844, 2028, 1023]}, {"label": "out of roi", "bounding_box": [0, 0, 2048, 1024]}]}