{"imgHeight": 1024, "imgWidth": 2048, "objects": [{"label": "sky", "bounding_box": [771, 0, 1312, 342]}, {"label": "building", "bounding_box": [1044, 0, 2045, 508]}, {"label": "vegetation", "bounding_box": [946, 283, 1099, 421]}, {"label": "pole", "bounding_box": [1010, 326, 1012, 420]}, {"label": "static", "bounding_box": [1000, 335, 1013, 345]}, {"label": "static", "bounding_box": [1011, 379, 1020, 392]}, {"label": "static", "bounding_box": [1014, 382, 1035, 409]}, {"label": "building", "bounding_box": [-2, 0, 967, 546]}, {"label": "road", "bounding_box": [-2, 407, 2045, 1021]}, {"label": "parking", "bounding_box": [1251, 451, 1554, 561]}, {"label": "parking", "bounding_box": [837, 447, 919, 468]}, {"label": "static", "bounding_box": [976, 382, 997, 427]}, {"label": "cargroup", "bounding_box": [928, 410, 977, 437]}, {"label": "vegetation", "bounding_box": [910, 317, 964, 418]}, {"label": "car", "bounding_box": [907, 405, 933, 444]}, {"label": "static", "bounding_box": [936, 427, 944, 448]}, {"label": "static", "bounding_box": [932, 407, 947, 440]}, {"label": "car", "bounding_box": [884, 405, 924, 446]}, {"label": "vegetation", "bounding_box": [857, 246, 951, 423]}, {"label": "car", "bounding_box": [876, 403, 902, 456]}, {"label": "car", "bounding_box": [856, 402, 891, 457]}, {"label": "pole", "bounding_box": [844, 271, 854, 404]}, {"label": "vegetation", "bounding_box": [797, 187, 888, 399]}, {"label": "car", "bounding_box": [821, 391, 860, 440]}, {"label": "static", "bounding_box": [788, 368, 826, 391]}, {"label": "pole", "bounding_box": [800, 332, 808, 391]}, {"label": "static", "bounding_box": [623, 345, 809, 392]}, {"label": "static", "bounding_box": [715, 269, 773, 351]}, {"label": "vegetation", "bounding_box": [761, 109, 838, 396]}, {"label": "static", "bounding_box": [656, 333, 671, 368]}, {"label": "pole", "bounding_box": [660, 333, 670, 394]}, {"label": "vegetation", "bounding_box": [1067, 232, 1194, 387]}, {"label": "static", "bounding_box": [1198, 298, 1228, 354]}, {"label": "car", "bounding_box": [987, 399, 1093, 509]}, {"label": "static", "bounding_box": [1185, 342, 1206, 371]}, {"label": "static", "bounding_box": [1240, 289, 1269, 329]}, {"label": "vegetation", "bounding_box": [1146, 136, 1285, 374]}, {"label": "static", "bounding_box": [1254, 350, 1297, 375]}, {"label": "traffic sign", "bounding_box": [1284, 303, 1305, 358]}, {"label": "static", "bounding_box": [1317, 342, 1343, 371]}, {"label": "pole", "bounding_box": [1342, 60, 1357, 403]}, {"label": "pole", "bounding_box": [1268, 4, 1351, 67]}, {"label": "vegetation", "bounding_box": [1209, 61, 1400, 401]}, {"label": "person", "bounding_box": [1323, 385, 1338, 396]}, {"label": "person", "bounding_box": [1354, 375, 1371, 399]}, {"label": "car", "bounding_box": [1289, 390, 1369, 479]}, {"label": "static", "bounding_box": [1442, 283, 1481, 314]}, {"label": "static", "bounding_box": [555, 327, 609, 366]}, {"label": "static", "bounding_box": [592, 392, 645, 439]}, {"label": "vegetation", "bounding_box": [582, 67, 679, 409]}, {"label": "static", "bounding_box": [498, 311, 544, 357]}, {"label": "static", "bounding_box": [478, 104, 546, 267]}, {"label": "person", "bounding_box": [479, 381, 512, 415]}, {"label": "person", "bounding_box": [433, 375, 476, 419]}, {"label": "parking", "bounding_box": [319, 503, 582, 564]}, {"label": "sidewalk", "bounding_box": [-2, 515, 492, 611]}, {"label": "car", "bounding_box": [466, 401, 621, 494]}, {"label": "car", "bounding_box": [315, 410, 581, 553]}, {"label": "car", "bounding_box": [1330, 347, 1582, 529]}, {"label": "static", "bounding_box": [297, 310, 398, 353]}, {"label": "pole", "bounding_box": [369, 67, 391, 441]}, {"label": "static", "bounding_box": [322, 414, 401, 474]}, {"label": "static", "bounding_box": [332, 168, 371, 243]}, {"label": "static", "bounding_box": [267, 398, 473, 557]}, {"label": "vegetation", "bounding_box": [290, 76, 326, 507]}, {"label": "bicycle", "bounding_box": [267, 398, 473, 557]}, {"label": "fence", "bounding_box": [229, 456, 383, 547]}, {"label": "static", "bounding_box": [225, 462, 340, 563]}, {"label": "bicycle", "bounding_box": [225, 462, 340, 563]}, {"label": "motorcycle", "bounding_box": [155, 401, 289, 578]}, {"label": "person", "bounding_box": [33, 366, 94, 464]}, {"label": "motorcycle", "bounding_box": [-2, 389, 221, 586]}, {"label": "sidewalk", "bounding_box": [1355, 445, 2044, 820]}, {"label": "person", "bounding_box": [1572, 349, 1618, 475]}, {"label": "person", "bounding_box": [1633, 334, 1706, 465]}, {"label": "person", "bounding_box": [1696, 333, 1762, 458]}, {"label": "pole", "bounding_box": [1715, 235, 1737, 429]}, {"label": "traffic sign", "bounding_box": [1694, 161, 1741, 244]}, {"label": "vegetation", "bounding_box": [1434, 1, 1739, 521]}, {"label": "static", "bounding_box": [1438, 381, 1635, 541]}, {"label": "static", "bounding_box": [1597, 383, 1722, 543]}, {"label": "static", "bounding_box": [1781, 408, 1800, 508]}, {"label": "static", "bounding_box": [1662, 369, 1804, 570]}, {"label": "static", "bounding_box": [1757, 374, 1869, 537]}, {"label": "static", "bounding_box": [1878, 371, 2000, 563]}, {"label": "static", "bounding_box": [1584, 14, 1607, 56]}, {"label": "car", "bounding_box": [567, 388, 878, 600]}, {"label": "license plate", "bounding_box": [653, 524, 742, 548]}, {"label": "person", "bounding_box": [0, 371, 25, 502]}, {"label": "person", "bounding_box": [0, 351, 83, 621]}, {"label": "static", "bounding_box": [2012, 461, 2045, 593]}, {"label": "static", "bounding_box": [2008, 746, 2044, 1022]}, {"label": "car", "bounding_box": [1045, 370, 1338, 590]}, {"label": "license plate", "bounding_box": [1145, 455, 1236, 479]}, {"label": "bicycle", "bounding_box": [1878, 371, 2000, 563]}, {"label": "pole", "bounding_box": [1929, 404, 1958, 558]}, {"label": "bicycle", "bounding_box": [1757, 374, 1869, 537]}, {"label": "static", "bounding_box": [1809, 406, 1830, 538]}, {"label": "bicycle", "bounding_box": [1597, 383, 1722, 543]}, {"label": "bicycle", "bounding_box": [1438, 381, 1635, 541]}, {"label": "bicycle", "bounding_box": [1662, 369, 1804, 570]}, {"label": "fence", "bounding_box": [1432, 417, 1614, 549]}, {"label": "pole", "bounding_box": [1600, 0, 1634, 583]}, {"label": "traffic light", "bounding_box": [1040, 358, 1045, 368]}, {"label": "traffic light", "bounding_box": [998, 363, 1043, 379]}, {"label": "pole", "bounding_box": [998, 363, 1043, 379]}, {"label": "ego vehicle", "bounding_box": [271, 844, 2028, 1023]}, {"label": "out of roi", "bounding_box": [0, 0, 2048, 1024]}]}