{"imgHeight": 1024, "imgWidth": 2048, "objects": [{"label": "sky", "bounding_box": [283, 0, 1326, 287]}, {"label": "road", "bounding_box": [-2, 428, 2045, 1022]}, {"label": "sidewalk", "bounding_box": [0, 459, 567, 556]}, {"label": "parking", "bounding_box": [1048, 449, 1267, 480]}, {"label": "sidewalk", "bounding_box": [1173, 436, 2044, 540]}, {"label": "building", "bounding_box": [0, 0, 2045, 530]}, {"label": "vegetation", "bounding_box": [719, 403, 751, 448]}, {"label": "vegetation", "bounding_box": [761, 382, 802, 442]}, {"label": "pole", "bounding_box": [921, 363, 931, 441]}, {"label": "traffic light", "bounding_box": [937, 409, 945, 422]}, {"label": "static", "bounding_box": [464, 190, 549, 284]}, {"label": "bridge", "bounding_box": [471, 215, 1159, 477]}, {"label": "static", "bounding_box": [799, 105, 1151, 288]}, {"label": "traffic light", "bounding_box": [879, 396, 894, 419]}, {"label": "car", "bounding_box": [948, 411, 1021, 471]}, {"label": "pole", "bounding_box": [905, 314, 922, 442]}, {"label": "static", "bounding_box": [916, 315, 970, 351]}, {"label": "pole", "bounding_box": [658, 300, 678, 431]}, {"label": "pole", "bounding_box": [634, 343, 729, 386]}, {"label": "traffic light", "bounding_box": [717, 336, 733, 361]}, {"label": "sidewalk", "bounding_box": [471, 430, 943, 572]}, {"label": "pole", "bounding_box": [784, 310, 899, 370]}, {"label": "pole", "bounding_box": [865, 334, 876, 376]}, {"label": "static", "bounding_box": [850, 320, 902, 342]}, {"label": "static", "bounding_box": [780, 324, 834, 343]}, {"label": "pole", "bounding_box": [831, 218, 850, 358]}, {"label": "static", "bounding_box": [782, 335, 891, 447]}, {"label": "building", "bounding_box": [782, 335, 891, 447]}, {"label": "person", "bounding_box": [837, 370, 871, 420]}, {"label": "vegetation", "bounding_box": [475, 323, 582, 444]}, {"label": "static", "bounding_box": [466, 351, 496, 389]}, {"label": "pole", "bounding_box": [506, 403, 514, 438]}, {"label": "traffic sign", "bounding_box": [503, 407, 514, 423]}, {"label": "traffic sign", "bounding_box": [610, 400, 627, 419]}, {"label": "car", "bounding_box": [528, 424, 571, 478]}, {"label": "car", "bounding_box": [518, 438, 554, 486]}, {"label": "car", "bounding_box": [489, 436, 538, 486]}, {"label": "static", "bounding_box": [393, 361, 427, 388]}, {"label": "static", "bounding_box": [417, 371, 449, 404]}, {"label": "pole", "bounding_box": [431, 378, 441, 449]}, {"label": "pole", "bounding_box": [411, 398, 421, 490]}, {"label": "traffic sign", "bounding_box": [399, 368, 425, 392]}, {"label": "traffic sign", "bounding_box": [402, 392, 423, 406]}, {"label": "person", "bounding_box": [336, 426, 375, 490]}, {"label": "static", "bounding_box": [319, 448, 355, 489]}, {"label": "static", "bounding_box": [292, 247, 339, 410]}, {"label": "traffic light", "bounding_box": [997, 381, 1015, 408]}, {"label": "pole", "bounding_box": [1050, 416, 1056, 450]}, {"label": "traffic light", "bounding_box": [1041, 390, 1068, 424]}, {"label": "vegetation", "bounding_box": [999, 0, 2045, 418]}, {"label": "pole", "bounding_box": [1134, 200, 1198, 388]}, {"label": "pole", "bounding_box": [1134, 200, 1198, 388]}, {"label": "car", "bounding_box": [428, 434, 508, 489]}, {"label": "vegetation", "bounding_box": [1235, 317, 1447, 476]}, {"label": "cargroup", "bounding_box": [1050, 421, 1076, 457]}, {"label": "cargroup", "bounding_box": [1069, 413, 1100, 462]}, {"label": "car", "bounding_box": [1078, 407, 1116, 469]}, {"label": "car", "bounding_box": [1099, 408, 1144, 465]}, {"label": "car", "bounding_box": [1119, 404, 1148, 467]}, {"label": "car", "bounding_box": [1142, 375, 1230, 475]}, {"label": "static", "bounding_box": [1445, 352, 1471, 368]}, {"label": "static", "bounding_box": [1470, 233, 1568, 371]}, {"label": "fence", "bounding_box": [1235, 309, 2043, 472]}, {"label": "vegetation", "bounding_box": [1779, 249, 1998, 464]}, {"label": "vegetation", "bounding_box": [1527, 263, 1797, 468]}, {"label": "static", "bounding_box": [1421, 354, 1678, 477]}, {"label": "static", "bounding_box": [1641, 342, 1723, 391]}, {"label": "pole", "bounding_box": [1909, 0, 1938, 482]}, {"label": "static", "bounding_box": [1878, 370, 1922, 482]}, {"label": "bicyclegroup", "bounding_box": [2004, 398, 2044, 484]}, {"label": "fence", "bounding_box": [547, 390, 718, 543]}, {"label": "pole", "bounding_box": [553, 192, 580, 454]}, {"label": "pole", "bounding_box": [537, 160, 576, 198]}, {"label": "pole", "bounding_box": [1352, 319, 1365, 487]}, {"label": "car", "bounding_box": [1158, 404, 1256, 479]}, {"label": "traffic sign", "bounding_box": [1348, 287, 1374, 327]}, {"label": "pole", "bounding_box": [1330, 204, 1357, 525]}, {"label": "pole", "bounding_box": [158, 404, 171, 500]}, {"label": "static", "bounding_box": [157, 360, 170, 388]}, {"label": "traffic sign", "bounding_box": [149, 386, 175, 410]}, {"label": "pole", "bounding_box": [113, 465, 124, 502]}, {"label": "pole", "bounding_box": [235, 94, 260, 510]}, {"label": "pole", "bounding_box": [228, 78, 276, 109]}, {"label": "traffic sign", "bounding_box": [252, 370, 276, 383]}, {"label": "static", "bounding_box": [198, 290, 222, 407]}, {"label": "fence", "bounding_box": [785, 385, 888, 537]}, {"label": "pole", "bounding_box": [620, 206, 650, 545]}, {"label": "pole", "bounding_box": [565, 0, 620, 550]}, {"label": "pole", "bounding_box": [1521, 0, 1582, 519]}, {"label": "traffic light", "bounding_box": [1500, 235, 1534, 323]}, {"label": "traffic light", "bounding_box": [1532, 231, 1586, 319]}, {"label": "sidewalk", "bounding_box": [1619, 583, 2045, 962]}, {"label": "pole", "bounding_box": [1727, 0, 1801, 653]}, {"label": "pole", "bounding_box": [1830, 64, 1906, 691]}, {"label": "traffic light", "bounding_box": [634, 232, 667, 311]}, {"label": "traffic light", "bounding_box": [605, 227, 621, 302]}, {"label": "bicycle", "bounding_box": [1259, 415, 1294, 480]}, {"label": "bicycle", "bounding_box": [319, 448, 355, 489]}, {"label": "cargroup", "bounding_box": [948, 411, 1021, 471]}, {"label": "static", "bounding_box": [228, 78, 276, 109]}, {"label": "static", "bounding_box": [1110, 197, 1134, 207]}, {"label": "pole", "bounding_box": [1314, 192, 1327, 461]}, {"label": "pole", "bounding_box": [1220, 83, 1299, 92]}, {"label": "static", "bounding_box": [1191, 77, 1222, 89]}, {"label": "traffic sign", "bounding_box": [1340, 214, 1381, 230]}, {"label": "traffic light", "bounding_box": [1309, 246, 1356, 314]}, {"label": "bicycle", "bounding_box": [420, 449, 441, 486]}, {"label": "ego vehicle", "bounding_box": [271, 844, 2028, 1023]}, {"label": "out of roi", "bounding_box": [0, 0, 2048, 1024]}]}