{"imgHeight": 1024, "imgWidth": 2048, "objects": [{"label": "sky", "bounding_box": [978, 1, 1252, 270]}, {"label": "building", "bounding_box": [-2, 0, 2044, 765]}, {"label": "road", "bounding_box": [133, 455, 2003, 1023]}, {"label": "car", "bounding_box": [1032, 438, 1056, 463]}, {"label": "person", "bounding_box": [1105, 416, 1120, 460]}, {"label": "car", "bounding_box": [1075, 431, 1114, 468]}, {"label": "car", "bounding_box": [1016, 431, 1046, 466]}, {"label": "car", "bounding_box": [1046, 430, 1092, 471]}, {"label": "vegetation", "bounding_box": [1113, 216, 1228, 408]}, {"label": "vegetation", "bounding_box": [910, 252, 1129, 431]}, {"label": "car", "bounding_box": [975, 420, 1015, 436]}, {"label": "parking", "bounding_box": [0, 454, 1026, 1020]}, {"label": "car", "bounding_box": [974, 425, 1028, 478]}, {"label": "vegetation", "bounding_box": [924, 289, 1047, 435]}, {"label": "car", "bounding_box": [974, 427, 1016, 479]}, {"label": "pole", "bounding_box": [961, 405, 966, 432]}, {"label": "traffic sign", "bounding_box": [954, 391, 975, 412]}, {"label": "car", "bounding_box": [961, 425, 1001, 485]}, {"label": "building", "bounding_box": [1112, 400, 1167, 466]}, {"label": "sidewalk", "bounding_box": [1116, 453, 2044, 1022]}, {"label": "static", "bounding_box": [1164, 0, 1322, 450]}, {"label": "traffic sign", "bounding_box": [1119, 391, 1133, 409]}, {"label": "fence", "bounding_box": [1115, 408, 1156, 480]}, {"label": "static", "bounding_box": [1151, 396, 1203, 479]}, {"label": "person", "bounding_box": [1304, 410, 1345, 494]}, {"label": "car", "bounding_box": [1162, 408, 1345, 510]}, {"label": "terrain", "bounding_box": [1171, 482, 1337, 521]}, {"label": "vegetation", "bounding_box": [1123, 104, 1373, 503]}, {"label": "static", "bounding_box": [1231, 347, 1278, 504]}, {"label": "static", "bounding_box": [1232, 442, 1321, 510]}, {"label": "static", "bounding_box": [1195, 449, 1248, 510]}, {"label": "pole", "bounding_box": [896, 301, 910, 423]}, {"label": "vegetation", "bounding_box": [809, 1, 1166, 438]}, {"label": "car", "bounding_box": [927, 423, 988, 503]}, {"label": "car", "bounding_box": [845, 410, 954, 521]}, {"label": "sidewalk", "bounding_box": [755, 476, 812, 537]}, {"label": "static", "bounding_box": [789, 286, 829, 346]}, {"label": "car", "bounding_box": [797, 411, 946, 536]}, {"label": "static", "bounding_box": [708, 281, 772, 328]}, {"label": "pole", "bounding_box": [729, 0, 745, 451]}, {"label": "static", "bounding_box": [805, 1, 864, 77]}, {"label": "car", "bounding_box": [1715, 396, 1796, 446]}, {"label": "car", "bounding_box": [1739, 390, 1956, 501]}, {"label": "car", "bounding_box": [1773, 387, 2045, 574]}, {"label": "car", "bounding_box": [1357, 371, 1807, 686]}, {"label": "person", "bounding_box": [320, 356, 403, 489]}, {"label": "vegetation", "bounding_box": [1816, 1, 1985, 576]}, {"label": "vegetation", "bounding_box": [1530, 405, 2044, 823]}, {"label": "static", "bounding_box": [1939, 593, 2015, 807]}, {"label": "car", "bounding_box": [359, 348, 792, 683]}, {"label": "license plate", "bounding_box": [458, 504, 579, 540]}, {"label": "car", "bounding_box": [0, 195, 448, 1020]}, {"label": "license plate", "bounding_box": [839, 464, 891, 477]}, {"label": "bicycle", "bounding_box": [1232, 442, 1321, 510]}, {"label": "bicycle", "bounding_box": [1195, 449, 1248, 510]}, {"label": "pole", "bounding_box": [1939, 593, 2015, 807]}, {"label": "pole", "bounding_box": [1243, 341, 1252, 456]}, {"label": "traffic sign", "bounding_box": [1221, 327, 1272, 374]}, {"label": "static", "bounding_box": [1939, 593, 2015, 807]}, {"label": "ego vehicle", "bounding_box": [271, 844, 2028, 1023]}, {"label": "out of roi", "bounding_box": [0, 0, 2048, 1024]}]}