<annotation><filename>cologne_000099_000019_gtFine_boxes.jpg</filename><folder>CityScapes</folder><size><width>2048</width><height>1024</height><depth>3</depth></size><segmented>0</segmented><object><name>sky</name><pose>Unspecified</pose><truncated>0</truncated><difficult>0</difficult><bndbox><xmin>493</xmin><ymin>0</ymin><xmax>1172</xmax><ymax>429</ymax></bndbox></object><object><name>building</name><pose>Unspecified</pose><truncated>0</truncated><difficult>0</difficult><bndbox><xmin>1021</xmin><ymin>364</ymin><xmax>1085</xmax><ymax>409</ymax></bndbox></object><object><name>building</name><pose>Unspecified</pose><truncated>0</truncated><difficult>0</difficult><bndbox><xmin>0</xmin><ymin>0</ymin><xmax>794</xmax><ymax>519</ymax></bndbox></object><object><name>static</name><pose>Unspecified</pose><truncated>0</truncated><difficult>0</difficult><bndbox><xmin>741</xmin><ymin>383</ymin><xmax>948</xmax><ymax>483</ymax></bndbox></object><object><name>vegetation</name><pose>Unspecified</pose><truncated>0</truncated><difficult>0</difficult><bndbox><xmin>629</xmin><ymin>265</ymin><xmax>876</xmax><ymax>432</ymax></bndbox></object><object><name>building</name><pose>Unspecified</pose><truncated>0</truncated><difficult>0</difficult><bndbox><xmin>1077</xmin><ymin>1</ymin><xmax>2045</xmax><ymax>770</ymax></bndbox></object><object><name>vegetation</name><pose>Unspecified</pose><truncated>0</truncated><difficult>0</difficult><bndbox><xmin>863</xmin><ymin>233</ymin><xmax>1197</xmax><ymax>476</ymax></bndbox></object><object><name>vegetation</name><pose>Unspecified</pose><truncated>0</truncated><difficult>0</difficult><bndbox><xmin>0</xmin><ymin>130</ymin><xmax>628</xmax><ymax>491</ymax></bndbox></object><object><name>static</name><pose>Unspecified</pose><truncated>0</truncated><difficult>0</difficult><bndbox><xmin>211</xmin><ymin>426</ymin><xmax>224</xmax><ymax>454</ymax></bndbox></object><object><name>pole</name><pose>Unspecified</pose><truncated>0</truncated><difficult>0</difficult><bndbox><xmin>17</xmin><ymin>411</ymin><xmax>28</xmax><ymax>493</ymax></bndbox></object><object><name>static</name><pose>Unspecified</pose><truncated>0</truncated><difficult>0</difficult><bndbox><xmin>0</xmin><ymin>360</ymin><xmax>64</xmax><ymax>388</ymax></bndbox></object><object><name>car</name><pose>Unspecified</pose><truncated>0</truncated><difficult>0</difficult><bndbox><xmin>19</xmin><ymin>463</ymin><xmax>144</xmax><ymax>495</ymax></bndbox></object><object><name>pole</name><pose>Unspecified</pose><truncated>0</truncated><difficult>0</difficult><bndbox><xmin>285</xmin><ymin>293</ymin><xmax>305</xmax><ymax>487</ymax></bndbox></object><object><name>static</name><pose>Unspecified</pose><truncated>0</truncated><difficult>0</difficult><bndbox><xmin>292</xmin><ymin>450</ymin><xmax>308</xmax><ymax>474</ymax></bndbox></object><object><name>pole</name><pose>Unspecified</pose><truncated>0</truncated><difficult>0</difficult><bndbox><xmin>661</xmin><ymin>300</ymin><xmax>683</xmax><ymax>449</ymax></bndbox></object><object><name>road</name><pose>Unspecified</pose><truncated>0</truncated><difficult>0</difficult><bndbox><xmin>0</xmin><ymin>446</ymin><xmax>2042</xmax><ymax>1022</ymax></bndbox></object><object><name>static</name><pose>Unspecified</pose><truncated>0</truncated><difficult>0</difficult><bndbox><xmin>1054</xmin><ymin>429</ymin><xmax>1071</xmax><ymax>449</ymax></bndbox></object><object><name>car</name><pose>Unspecified</pose><truncated>0</truncated><difficult>0</difficult><bndbox><xmin>1041</xmin><ymin>439</ymin><xmax>1073</xmax><ymax>462</ymax></bndbox></object><object><name>car</name><pose>Unspecified</pose><truncated>0</truncated><difficult>0</difficult><bndbox><xmin>1008</xmin><ymin>438</ymin><xmax>1028</xmax><ymax>462</ymax></bndbox></object><object><name>static</name><pose>Unspecified</pose><truncated>0</truncated><difficult>0</difficult><bndbox><xmin>1090</xmin><ymin>421</ymin><xmax>1165</xmax><ymax>466</ymax></bndbox></object><object><name>car</name><pose>Unspecified</pose><truncated>0</truncated><difficult>0</difficult><bndbox><xmin>1063</xmin><ymin>439</ymin><xmax>1094</xmax><ymax>465</ymax></bndbox></object><object><name>static</name><pose>Unspecified</pose><truncated>0</truncated><difficult>0</difficult><bndbox><xmin>1123</xmin><ymin>409</ymin><xmax>1133</xmax><ymax>430</ymax></bndbox></object><object><name>traffic sign</name><pose>Unspecified</pose><truncated>0</truncated><difficult>0</difficult><bndbox><xmin>1133</xmin><ymin>410</ymin><xmax>1155</xmax><ymax>438</ymax></bndbox></object><object><name>car</name><pose>Unspecified</pose><truncated>0</truncated><difficult>0</difficult><bndbox><xmin>1016</xmin><ymin>441</ymin><xmax>1050</xmax><ymax>467</ymax></bndbox></object><object><name>sidewalk</name><pose>Unspecified</pose><truncated>0</truncated><difficult>0</difficult><bndbox><xmin>1136</xmin><ymin>448</ymin><xmax>1259</xmax><ymax>472</ymax></bndbox></object><object><name>static</name><pose>Unspecified</pose><truncated>0</truncated><difficult>0</difficult><bndbox><xmin>1145</xmin><ymin>343</ymin><xmax>1206</xmax><ymax>459</ymax></bndbox></object><object><name>person</name><pose>Unspecified</pose><truncated>0</truncated><difficult>0</difficult><bndbox><xmin>1158</xmin><ymin>411</ymin><xmax>1185</xmax><ymax>484</ymax></bndbox></object><object><name>traffic sign</name><pose>Unspecified</pose><truncated>0</truncated><difficult>0</difficult><bndbox><xmin>1209</xmin><ymin>401</ymin><xmax>1226</xmax><ymax>416</ymax></bndbox></object><object><name>pole</name><pose>Unspecified</pose><truncated>0</truncated><difficult>0</difficult><bndbox><xmin>952</xmin><ymin>390</ymin><xmax>960</xmax><ymax>442</ymax></bndbox></object><object><name>static</name><pose>Unspecified</pose><truncated>0</truncated><difficult>0</difficult><bndbox><xmin>952</xmin><ymin>402</ymin><xmax>977</xmax><ymax>441</ymax></bndbox></object><object><name>traffic light</name><pose>Unspecified</pose><truncated>0</truncated><difficult>0</difficult><bndbox><xmin>866</xmin><ymin>406</ymin><xmax>885</xmax><ymax>431</ymax></bndbox></object><object><name>traffic sign</name><pose>Unspecified</pose><truncated>0</truncated><difficult>0</difficult><bndbox><xmin>878</xmin><ymin>438</ymin><xmax>898</xmax><ymax>456</ymax></bndbox></object><object><name>terrain</name><pose>Unspecified</pose><truncated>0</truncated><difficult>0</difficult><bndbox><xmin>0</xmin><ymin>441</ymin><xmax>866</xmax><ymax>687</ymax></bndbox></object><object><name>pole</name><pose>Unspecified</pose><truncated>0</truncated><difficult>0</difficult><bndbox><xmin>824</xmin><ymin>368</ymin><xmax>834</xmax><ymax>470</ymax></bndbox></object><object><name>traffic sign</name><pose>Unspecified</pose><truncated>0</truncated><difficult>0</difficult><bndbox><xmin>811</xmin><ymin>356</ymin><xmax>841</xmax><ymax>384</ymax></bndbox></object><object><name>traffic light</name><pose>Unspecified</pose><truncated>0</truncated><difficult>0</difficult><bndbox><xmin>813</xmin><ymin>388</ymin><xmax>839</xmax><ymax>415</ymax></bndbox></object><object><name>pole</name><pose>Unspecified</pose><truncated>0</truncated><difficult>0</difficult><bndbox><xmin>799</xmin><ymin>284</ymin><xmax>819</xmax><ymax>468</ymax></bndbox></object><object><name>traffic light</name><pose>Unspecified</pose><truncated>0</truncated><difficult>0</difficult><bndbox><xmin>795</xmin><ymin>336</ymin><xmax>810</xmax><ymax>371</ymax></bndbox></object><object><name>traffic light</name><pose>Unspecified</pose><truncated>0</truncated><difficult>0</difficult><bndbox><xmin>799</xmin><ymin>376</ymin><xmax>815</xmax><ymax>413</ymax></bndbox></object><object><name>vegetation</name><pose>Unspecified</pose><truncated>0</truncated><difficult>0</difficult><bndbox><xmin>485</xmin><ymin>0</ymin><xmax>1034</xmax><ymax>486</ymax></bndbox></object><object><name>pole</name><pose>Unspecified</pose><truncated>0</truncated><difficult>0</difficult><bndbox><xmin>446</xmin><ymin>301</ymin><xmax>469</xmax><ymax>361</ymax></bndbox></object><object><name>vegetation</name><pose>Unspecified</pose><truncated>0</truncated><difficult>0</difficult><bndbox><xmin>0</xmin><ymin>0</ymin><xmax>584</xmax><ymax>502</ymax></bndbox></object><object><name>pole</name><pose>Unspecified</pose><truncated>0</truncated><difficult>0</difficult><bndbox><xmin>342</xmin><ymin>91</ymin><xmax>373</xmax><ymax>368</ymax></bndbox></object><object><name>static</name><pose>Unspecified</pose><truncated>0</truncated><difficult>0</difficult><bndbox><xmin>356</xmin><ymin>118</ymin><xmax>439</xmax><ymax>225</ymax></bndbox></object><object><name>static</name><pose>Unspecified</pose><truncated>0</truncated><difficult>0</difficult><bndbox><xmin>359</xmin><ymin>227</ymin><xmax>437</xmax><ymax>334</ymax></bndbox></object><object><name>car</name><pose>Unspecified</pose><truncated>0</truncated><difficult>0</difficult><bndbox><xmin>995</xmin><ymin>437</ymin><xmax>1019</xmax><ymax>471</ymax></bndbox></object><object><name>car</name><pose>Unspecified</pose><truncated>0</truncated><difficult>0</difficult><bndbox><xmin>963</xmin><ymin>440</ymin><xmax>1011</xmax><ymax>474</ymax></bndbox></object><object><name>car</name><pose>Unspecified</pose><truncated>0</truncated><difficult>0</difficult><bndbox><xmin>910</xmin><ymin>436</ymin><xmax>977</xmax><ymax>485</ymax></bndbox></object><object><name>sidewalk</name><pose>Unspecified</pose><truncated>0</truncated><difficult>0</difficult><bndbox><xmin>1131</xmin><ymin>471</ymin><xmax>2045</xmax><ymax>884</ymax></bndbox></object><object><name>pole</name><pose>Unspecified</pose><truncated>0</truncated><difficult>0</difficult><bndbox><xmin>1183</xmin><ymin>312</ymin><xmax>1211</xmax><ymax>486</ymax></bndbox></object><object><name>pole</name><pose>Unspecified</pose><truncated>0</truncated><difficult>0</difficult><bndbox><xmin>1061</xmin><ymin>284</ymin><xmax>1202</xmax><ymax>324</ymax></bndbox></object><object><name>traffic light</name><pose>Unspecified</pose><truncated>0</truncated><difficult>0</difficult><bndbox><xmin>1053</xmin><ymin>271</ymin><xmax>1069</xmax><ymax>306</ymax></bndbox></object><object><name>traffic sign</name><pose>Unspecified</pose><truncated>0</truncated><difficult>0</difficult><bndbox><xmin>1161</xmin><ymin>339</ymin><xmax>1197</xmax><ymax>395</ymax></bndbox></object><object><name>person</name><pose>Unspecified</pose><truncated>0</truncated><difficult>0</difficult><bndbox><xmin>1206</xmin><ymin>414</ymin><xmax>1245</xmax><ymax>479</ymax></bndbox></object><object><name>traffic light</name><pose>Unspecified</pose><truncated>0</truncated><difficult>0</difficult><bndbox><xmin>1237</xmin><ymin>373</ymin><xmax>1248</xmax><ymax>401</ymax></bndbox></object><object><name>traffic sign</name><pose>Unspecified</pose><truncated>0</truncated><difficult>0</difficult><bndbox><xmin>1206</xmin><ymin>363</ymin><xmax>1227</xmax><ymax>388</ymax></bndbox></object><object><name>traffic light</name><pose>Unspecified</pose><truncated>0</truncated><difficult>0</difficult><bndbox><xmin>1190</xmin><ymin>369</ymin><xmax>1207</xmax><ymax>406</ymax></bndbox></object><object><name>dynamic</name><pose>Unspecified</pose><truncated>0</truncated><difficult>0</difficult><bndbox><xmin>1170</xmin><ymin>434</ymin><xmax>1211</xmax><ymax>497</ymax></bndbox></object><object><name>static</name><pose>Unspecified</pose><truncated>0</truncated><difficult>0</difficult><bndbox><xmin>1252</xmin><ymin>292</ymin><xmax>1286</xmax><ymax>340</ymax></bndbox></object><object><name>person</name><pose>Unspecified</pose><truncated>0</truncated><difficult>0</difficult><bndbox><xmin>1246</xmin><ymin>410</ymin><xmax>1278</xmax><ymax>489</ymax></bndbox></object><object><name>static</name><pose>Unspecified</pose><truncated>0</truncated><difficult>0</difficult><bndbox><xmin>1263</xmin><ymin>182</ymin><xmax>1307</xmax><ymax>292</ymax></bndbox></object><object><name>static</name><pose>Unspecified</pose><truncated>0</truncated><difficult>0</difficult><bndbox><xmin>1301</xmin><ymin>0</ymin><xmax>1359</xmax><ymax>236</ymax></bndbox></object><object><name>dynamic</name><pose>Unspecified</pose><truncated>0</truncated><difficult>0</difficult><bndbox><xmin>1498</xmin><ymin>371</ymin><xmax>1586</xmax><ymax>469</ymax></bndbox></object><object><name>static</name><pose>Unspecified</pose><truncated>0</truncated><difficult>0</difficult><bndbox><xmin>1550</xmin><ymin>422</ymin><xmax>1657</xmax><ymax>612</ymax></bndbox></object><object><name>static</name><pose>Unspecified</pose><truncated>0</truncated><difficult>0</difficult><bndbox><xmin>1502</xmin><ymin>426</ymin><xmax>1622</xmax><ymax>615</ymax></bndbox></object><object><name>static</name><pose>Unspecified</pose><truncated>0</truncated><difficult>0</difficult><bndbox><xmin>1438</xmin><ymin>439</ymin><xmax>1560</xmax><ymax>617</ymax></bndbox></object><object><name>static</name><pose>Unspecified</pose><truncated>0</truncated><difficult>0</difficult><bndbox><xmin>1779</xmin><ymin>430</ymin><xmax>2045</xmax><ymax>725</ymax></bndbox></object><object><name>static</name><pose>Unspecified</pose><truncated>0</truncated><difficult>0</difficult><bndbox><xmin>1722</xmin><ymin>414</ymin><xmax>1976</xmax><ymax>724</ymax></bndbox></object><object><name>static</name><pose>Unspecified</pose><truncated>0</truncated><difficult>0</difficult><bndbox><xmin>1745</xmin><ymin>479</ymin><xmax>1846</xmax><ymax>694</ymax></bndbox></object><object><name>car</name><pose>Unspecified</pose><truncated>0</truncated><difficult>0</difficult><bndbox><xmin>306</xmin><ymin>351</ymin><xmax>696</xmax><ymax>661</ymax></bndbox></object><object><name>license plate</name><pose>Unspecified</pose><truncated>0</truncated><difficult>0</difficult><bndbox><xmin>337</xmin><ymin>534</ymin><xmax>442</xmax><ymax>563</ymax></bndbox></object><object><name>ridergroup</name><pose>Unspecified</pose><truncated>0</truncated><difficult>0</difficult><bndbox><xmin>1170</xmin><ymin>434</ymin><xmax>1211</xmax><ymax>497</ymax></bndbox></object><object><name>bicycle</name><pose>Unspecified</pose><truncated>0</truncated><difficult>0</difficult><bndbox><xmin>1550</xmin><ymin>422</ymin><xmax>1657</xmax><ymax>612</ymax></bndbox></object><object><name>bicycle</name><pose>Unspecified</pose><truncated>0</truncated><difficult>0</difficult><bndbox><xmin>1502</xmin><ymin>426</ymin><xmax>1622</xmax><ymax>615</ymax></bndbox></object><object><name>bicycle</name><pose>Unspecified</pose><truncated>0</truncated><difficult>0</difficult><bndbox><xmin>1438</xmin><ymin>439</ymin><xmax>1560</xmax><ymax>617</ymax></bndbox></object><object><name>bicycle</name><pose>Unspecified</pose><truncated>0</truncated><difficult>0</difficult><bndbox><xmin>1779</xmin><ymin>430</ymin><xmax>2045</xmax><ymax>725</ymax></bndbox></object><object><name>bicycle</name><pose>Unspecified</pose><truncated>0</truncated><difficult>0</difficult><bndbox><xmin>1722</xmin><ymin>414</ymin><xmax>1976</xmax><ymax>724</ymax></bndbox></object><object><name>bicycle</name><pose>Unspecified</pose><truncated>0</truncated><difficult>0</difficult><bndbox><xmin>1745</xmin><ymin>479</ymin><xmax>1846</xmax><ymax>694</ymax></bndbox></object><object><name>pole</name><pose>Unspecified</pose><truncated>0</truncated><difficult>0</difficult><bndbox><xmin>1642</xmin><ymin>0</ymin><xmax>1777</xmax><ymax>666</ymax></bndbox></object><object><name>traffic light</name><pose>Unspecified</pose><truncated>0</truncated><difficult>0</difficult><bndbox><xmin>1020</xmin><ymin>436</ymin><xmax>1023</xmax><ymax>441</ymax></bndbox></object><object><name>bridge</name><pose>Unspecified</pose><truncated>0</truncated><difficult>0</difficult><bndbox><xmin>1040</xmin><ymin>410</ymin><xmax>1095</xmax><ymax>423</ymax></bndbox></object><object><name>traffic light</name><pose>Unspecified</pose><truncated>0</truncated><difficult>0</difficult><bndbox><xmin>118</xmin><ymin>427</ymin><xmax>129</xmax><ymax>450</ymax></bndbox></object><object><name>pole</name><pose>Unspecified</pose><truncated>0</truncated><difficult>0</difficult><bndbox><xmin>121</xmin><ymin>428</ymin><xmax>125</xmax><ymax>477</ymax></bndbox></object><object><name>traffic light</name><pose>Unspecified</pose><truncated>0</truncated><difficult>0</difficult><bndbox><xmin>214</xmin><ymin>428</ymin><xmax>235</xmax><ymax>462</ymax></bndbox></object><object><name>pole</name><pose>Unspecified</pose><truncated>0</truncated><difficult>0</difficult><bndbox><xmin>223</xmin><ymin>429</ymin><xmax>228</xmax><ymax>487</ymax></bndbox></object><object><name>ego vehicle</name><pose>Unspecified</pose><truncated>0</truncated><difficult>0</difficult><bndbox><xmin>271</xmin><ymin>844</ymin><xmax>2028</xmax><ymax>1023</ymax></bndbox></object><object><name>out of roi</name><pose>Unspecified</pose><truncated>0</truncated><difficult>0</difficult><bndbox><xmin>0</xmin><ymin>0</ymin><xmax>2048</xmax><ymax>1024</ymax></bndbox></object></annotation>