{"imgHeight": 1024, "imgWidth": 2048, "objects": [{"label": "static", "bounding_box": [1445, 411, 1543, 480]}, {"label": "sky", "bounding_box": [156, 0, 1225, 405]}, {"label": "vegetation", "bounding_box": [400, 157, 861, 466]}, {"label": "building", "bounding_box": [805, 208, 990, 447]}, {"label": "vegetation", "bounding_box": [855, 288, 1008, 450]}, {"label": "building", "bounding_box": [970, 0, 1845, 472]}, {"label": "building", "bounding_box": [-2, 0, 437, 515]}, {"label": "road", "bounding_box": [-2, 426, 2045, 1022]}, {"label": "static", "bounding_box": [842, 365, 949, 455]}, {"label": "pole", "bounding_box": [845, 305, 858, 456]}, {"label": "pole", "bounding_box": [937, 303, 949, 439]}, {"label": "pole", "bounding_box": [950, 370, 954, 435]}, {"label": "traffic sign", "bounding_box": [954, 387, 973, 414]}, {"label": "traffic light", "bounding_box": [945, 399, 960, 424]}, {"label": "pole", "bounding_box": [887, 360, 954, 376]}, {"label": "traffic light", "bounding_box": [882, 350, 895, 374]}, {"label": "static", "bounding_box": [931, 349, 974, 353]}, {"label": "static", "bounding_box": [924, 374, 977, 382]}, {"label": "car", "bounding_box": [345, 423, 390, 462]}, {"label": "ground", "bounding_box": [276, 419, 883, 522]}, {"label": "static", "bounding_box": [706, 372, 798, 490]}, {"label": "pole", "bounding_box": [931, 349, 974, 353]}, {"label": "pole", "bounding_box": [800, 330, 808, 463]}, {"label": "pole", "bounding_box": [829, 320, 841, 489]}, {"label": "traffic light", "bounding_box": [825, 334, 848, 389]}, {"label": "static", "bounding_box": [687, 404, 702, 423]}, {"label": "building", "bounding_box": [371, 383, 568, 479]}, {"label": "static", "bounding_box": [334, 380, 372, 406]}, {"label": "pole", "bounding_box": [335, 399, 344, 448]}, {"label": "pole", "bounding_box": [365, 398, 374, 458]}, {"label": "person", "bounding_box": [445, 422, 470, 480]}, {"label": "fence", "bounding_box": [593, 442, 649, 495]}, {"label": "pole", "bounding_box": [563, 114, 603, 488]}, {"label": "pole", "bounding_box": [563, 306, 576, 494]}, {"label": "traffic light", "bounding_box": [541, 330, 566, 380]}, {"label": "person", "bounding_box": [566, 415, 605, 503]}, {"label": "static", "bounding_box": [672, 417, 717, 465]}, {"label": "person", "bounding_box": [655, 398, 699, 497]}, {"label": "pole", "bounding_box": [769, 205, 788, 460]}, {"label": "person", "bounding_box": [729, 409, 773, 497]}, {"label": "dynamic", "bounding_box": [764, 464, 805, 494]}, {"label": "fence", "bounding_box": [505, 435, 856, 510]}, {"label": "traffic sign", "bounding_box": [810, 426, 832, 495]}, {"label": "static", "bounding_box": [450, 439, 579, 518]}, {"label": "static", "bounding_box": [486, 401, 554, 517]}, {"label": "sidewalk", "bounding_box": [1146, 436, 1838, 489]}, {"label": "static", "bounding_box": [1118, 365, 1146, 392]}, {"label": "traffic sign", "bounding_box": [1098, 373, 1126, 401]}, {"label": "traffic sign", "bounding_box": [1143, 361, 1165, 397]}, {"label": "static", "bounding_box": [1161, 335, 1281, 478]}, {"label": "pole", "bounding_box": [1203, 295, 1224, 483]}, {"label": "traffic sign", "bounding_box": [1192, 278, 1225, 359]}, {"label": "static", "bounding_box": [1336, 216, 1388, 267]}, {"label": "person", "bounding_box": [1393, 388, 1440, 471]}, {"label": "person", "bounding_box": [1378, 389, 1433, 471]}, {"label": "bicyclegroup", "bounding_box": [1445, 411, 1543, 480]}, {"label": "static", "bounding_box": [1639, 389, 1837, 468]}, {"label": "pole", "bounding_box": [1479, 163, 1525, 480]}, {"label": "traffic light", "bounding_box": [1481, 304, 1519, 366]}, {"label": "bicyclegroup", "bounding_box": [1639, 389, 1837, 468]}, {"label": "traffic light", "bounding_box": [1461, 326, 1484, 366]}, {"label": "building", "bounding_box": [1719, 0, 2045, 511]}, {"label": "sidewalk", "bounding_box": [1433, 483, 2044, 704]}, {"label": "person", "bounding_box": [1646, 357, 1704, 503]}, {"label": "static", "bounding_box": [1539, 372, 1653, 437]}, {"label": "static", "bounding_box": [1505, 410, 1691, 534]}, {"label": "pole", "bounding_box": [1708, 190, 1722, 499]}, {"label": "traffic light", "bounding_box": [1715, 265, 1752, 345]}, {"label": "traffic light", "bounding_box": [1677, 280, 1718, 345]}, {"label": "static", "bounding_box": [1896, 352, 2045, 516]}, {"label": "car", "bounding_box": [902, 392, 1180, 505]}, {"label": "pole", "bounding_box": [238, 337, 247, 427]}, {"label": "traffic light", "bounding_box": [228, 352, 262, 409]}, {"label": "pole", "bounding_box": [118, 126, 158, 436]}, {"label": "person", "bounding_box": [108, 376, 155, 436]}, {"label": "car", "bounding_box": [0, 441, 102, 523]}, {"label": "static", "bounding_box": [0, 385, 89, 553]}, {"label": "static", "bounding_box": [0, 437, 155, 570]}, {"label": "ground", "bounding_box": [0, 573, 375, 700]}, {"label": "static", "bounding_box": [897, 53, 975, 70]}, {"label": "car", "bounding_box": [71, 413, 449, 553]}, {"label": "bicycle", "bounding_box": [0, 437, 155, 570]}, {"label": "rider", "bounding_box": [0, 385, 89, 553]}, {"label": "fence", "bounding_box": [0, 447, 117, 638]}, {"label": "bicycle", "bounding_box": [450, 439, 579, 518]}, {"label": "rider", "bounding_box": [486, 401, 554, 517]}, {"label": "bicyclegroup", "bounding_box": [1505, 410, 1691, 534]}, {"label": "pole", "bounding_box": [924, 374, 977, 382]}, {"label": "static", "bounding_box": [1518, 155, 1545, 196]}, {"label": "traffic light", "bounding_box": [1528, 138, 1561, 190]}, {"label": "ego vehicle", "bounding_box": [271, 844, 2028, 1023]}, {"label": "out of roi", "bounding_box": [0, 0, 2048, 1024]}]}