{"imgHeight": 1024, "imgWidth": 2048, "objects": [{"label": "sky", "bounding_box": [1036, 0, 1646, 249]}, {"label": "static", "bounding_box": [1231, 418, 1332, 475]}, {"label": "static", "bounding_box": [1391, 239, 1592, 477]}, {"label": "building", "bounding_box": [-2, 0, 1415, 503]}, {"label": "building", "bounding_box": [1574, 0, 2045, 553]}, {"label": "road", "bounding_box": [-2, 448, 2045, 1021]}, {"label": "pole", "bounding_box": [1271, 310, 1276, 428]}, {"label": "pole", "bounding_box": [1277, 314, 1281, 428]}, {"label": "sidewalk", "bounding_box": [1514, 443, 1930, 510]}, {"label": "vegetation", "bounding_box": [1126, 293, 1260, 425]}, {"label": "traffic light", "bounding_box": [1210, 405, 1217, 420]}, {"label": "vegetation", "bounding_box": [1125, 0, 1609, 413]}, {"label": "pole", "bounding_box": [1392, 371, 1395, 417]}, {"label": "traffic sign", "bounding_box": [1385, 344, 1398, 376]}, {"label": "pole", "bounding_box": [1469, 358, 1472, 419]}, {"label": "pole", "bounding_box": [1480, 360, 1483, 414]}, {"label": "static", "bounding_box": [1471, 355, 1491, 369]}, {"label": "traffic sign", "bounding_box": [1462, 329, 1493, 361]}, {"label": "static", "bounding_box": [1461, 295, 1494, 328]}, {"label": "pole", "bounding_box": [1525, 370, 1529, 413]}, {"label": "persongroup", "bounding_box": [1502, 400, 1541, 479]}, {"label": "persongroup", "bounding_box": [1529, 395, 1577, 486]}, {"label": "person", "bounding_box": [1570, 390, 1608, 491]}, {"label": "person", "bounding_box": [1626, 393, 1653, 491]}, {"label": "person", "bounding_box": [1598, 390, 1638, 493]}, {"label": "pole", "bounding_box": [1615, 452, 1619, 503]}, {"label": "pole", "bounding_box": [1498, 272, 1506, 440]}, {"label": "traffic light", "bounding_box": [1474, 329, 1498, 375]}, {"label": "traffic light", "bounding_box": [1497, 330, 1511, 374]}, {"label": "pole", "bounding_box": [1526, 456, 1533, 494]}, {"label": "pole", "bounding_box": [1775, 305, 1785, 503]}, {"label": "traffic light", "bounding_box": [1787, 315, 1812, 370]}, {"label": "traffic sign", "bounding_box": [1765, 325, 1791, 350]}, {"label": "static", "bounding_box": [1818, 449, 1854, 499]}, {"label": "static", "bounding_box": [1908, 403, 1933, 456]}, {"label": "static", "bounding_box": [1893, 449, 1933, 502]}, {"label": "static", "bounding_box": [1897, 304, 1925, 356]}, {"label": "sidewalk", "bounding_box": [1527, 517, 2046, 669]}, {"label": "pole", "bounding_box": [1911, 282, 1923, 519]}, {"label": "traffic sign", "bounding_box": [1900, 240, 1917, 287]}, {"label": "static", "bounding_box": [1732, 442, 1780, 536]}, {"label": "pole", "bounding_box": [1766, 454, 1773, 536]}, {"label": "pole", "bounding_box": [1718, 230, 1735, 536]}, {"label": "traffic sign", "bounding_box": [1673, 232, 1690, 268]}, {"label": "traffic light", "bounding_box": [1674, 270, 1719, 351]}, {"label": "traffic light", "bounding_box": [1715, 272, 1739, 345]}, {"label": "pole", "bounding_box": [1364, 68, 1722, 225]}, {"label": "pole", "bounding_box": [1168, 49, 1729, 231]}, {"label": "traffic light", "bounding_box": [1149, 12, 1174, 95]}, {"label": "traffic light", "bounding_box": [1309, 8, 1335, 82]}, {"label": "static", "bounding_box": [1832, 419, 1918, 548]}, {"label": "pole", "bounding_box": [1922, 0, 1943, 525]}, {"label": "static", "bounding_box": [1937, 387, 2045, 534]}, {"label": "pole", "bounding_box": [1966, 455, 1977, 558]}, {"label": "traffic light", "bounding_box": [1350, 402, 1364, 415]}, {"label": "pole", "bounding_box": [1356, 333, 1361, 420]}, {"label": "car", "bounding_box": [1285, 421, 1359, 511]}, {"label": "car", "bounding_box": [1311, 406, 1534, 574]}, {"label": "license plate", "bounding_box": [1416, 474, 1474, 488]}, {"label": "car", "bounding_box": [1196, 420, 1256, 469]}, {"label": "car", "bounding_box": [1180, 415, 1216, 473]}, {"label": "pole", "bounding_box": [1003, 167, 1011, 410]}, {"label": "pole", "bounding_box": [1003, 153, 1086, 167]}, {"label": "static", "bounding_box": [942, 358, 989, 392]}, {"label": "pole", "bounding_box": [964, 383, 968, 422]}, {"label": "pole", "bounding_box": [957, 389, 959, 422]}, {"label": "static", "bounding_box": [953, 383, 963, 399]}, {"label": "vegetation", "bounding_box": [912, 208, 1015, 389]}, {"label": "vegetation", "bounding_box": [677, 102, 823, 422]}, {"label": "pole", "bounding_box": [867, 174, 878, 431]}, {"label": "pole", "bounding_box": [774, 171, 868, 175]}, {"label": "sidewalk", "bounding_box": [-2, 517, 267, 556]}, {"label": "sidewalk", "bounding_box": [-2, 463, 783, 512]}, {"label": "pole", "bounding_box": [572, -1, 592, 473]}, {"label": "pole", "bounding_box": [504, 231, 680, 316]}, {"label": "pole", "bounding_box": [501, 215, 790, 327]}, {"label": "traffic light", "bounding_box": [786, 196, 798, 240]}, {"label": "static", "bounding_box": [509, 323, 543, 364]}, {"label": "pole", "bounding_box": [501, 327, 510, 486]}, {"label": "static", "bounding_box": [399, 439, 420, 487]}, {"label": "person", "bounding_box": [363, 409, 392, 487]}, {"label": "static", "bounding_box": [289, 444, 326, 498]}, {"label": "static", "bounding_box": [302, 395, 333, 496]}, {"label": "person", "bounding_box": [242, 403, 275, 492]}, {"label": "person", "bounding_box": [217, 406, 243, 493]}, {"label": "vegetation", "bounding_box": [-2, 447, 180, 498]}, {"label": "pole", "bounding_box": [158, 338, 172, 499]}, {"label": "traffic sign", "bounding_box": [145, 308, 172, 342]}, {"label": "traffic light", "bounding_box": [162, 334, 181, 383]}, {"label": "traffic light", "bounding_box": [131, 340, 148, 377]}, {"label": "pole", "bounding_box": [141, 296, 153, 522]}, {"label": "traffic sign", "bounding_box": [105, 297, 141, 309]}, {"label": "pole", "bounding_box": [12, 348, 28, 522]}, {"label": "traffic light", "bounding_box": [23, 286, 58, 348]}, {"label": "traffic light", "bounding_box": [-2, 286, 23, 359]}, {"label": "car", "bounding_box": [978, 421, 1002, 444]}, {"label": "car", "bounding_box": [879, 425, 935, 466]}, {"label": "car", "bounding_box": [917, 419, 991, 472]}, {"label": "car", "bounding_box": [820, 422, 888, 470]}, {"label": "car", "bounding_box": [745, 419, 836, 474]}, {"label": "car", "bounding_box": [637, 407, 750, 479]}, {"label": "license plate", "bounding_box": [659, 453, 680, 458]}, {"label": "car", "bounding_box": [954, 398, 1231, 620]}, {"label": "license plate", "bounding_box": [1053, 487, 1138, 506]}, {"label": "bicycle", "bounding_box": [1832, 419, 1918, 548]}, {"label": "pole", "bounding_box": [1852, 455, 1861, 542]}, {"label": "bicycle", "bounding_box": [289, 444, 326, 498]}, {"label": "rider", "bounding_box": [302, 395, 333, 496]}, {"label": "ego vehicle", "bounding_box": [271, 844, 2028, 1023]}, {"label": "out of roi", "bounding_box": [0, 0, 2048, 1024]}]}