{"imgHeight": 1024, "imgWidth": 2048, "objects": [{"label": "sky", "bounding_box": [593, 1, 1033, 206]}, {"label": "building", "bounding_box": [426, 1, 2045, 579]}, {"label": "road", "bounding_box": [0, 500, 1917, 1023]}, {"label": "vegetation", "bounding_box": [821, 440, 872, 494]}, {"label": "static", "bounding_box": [870, 364, 884, 397]}, {"label": "car", "bounding_box": [810, 482, 856, 519]}, {"label": "sidewalk", "bounding_box": [940, 500, 2044, 1022]}, {"label": "person", "bounding_box": [973, 451, 996, 516]}, {"label": "pole", "bounding_box": [893, 310, 903, 449]}, {"label": "pole", "bounding_box": [855, 296, 901, 341]}, {"label": "traffic sign", "bounding_box": [882, 413, 911, 435]}, {"label": "car", "bounding_box": [848, 430, 989, 543]}, {"label": "static", "bounding_box": [741, 457, 774, 518]}, {"label": "person", "bounding_box": [783, 459, 804, 518]}, {"label": "person", "bounding_box": [756, 462, 777, 517]}, {"label": "pole", "bounding_box": [1041, 200, 1056, 533]}, {"label": "pole", "bounding_box": [981, 174, 1055, 242]}, {"label": "traffic sign", "bounding_box": [1024, 317, 1139, 355]}, {"label": "traffic sign", "bounding_box": [1029, 348, 1061, 387]}, {"label": "vegetation", "bounding_box": [468, 0, 953, 503]}, {"label": "car", "bounding_box": [483, 439, 612, 526]}, {"label": "traffic sign", "bounding_box": [531, 348, 627, 398]}, {"label": "building", "bounding_box": [0, 0, 510, 624]}, {"label": "person", "bounding_box": [448, 412, 484, 479]}, {"label": "sidewalk", "bounding_box": [468, 518, 596, 570]}, {"label": "person", "bounding_box": [519, 420, 553, 531]}, {"label": "person", "bounding_box": [547, 409, 583, 531]}, {"label": "pole", "bounding_box": [422, 319, 435, 431]}, {"label": "traffic sign", "bounding_box": [397, 280, 462, 346]}, {"label": "car", "bounding_box": [581, 422, 759, 571]}, {"label": "static", "bounding_box": [1247, 482, 1275, 555]}, {"label": "pole", "bounding_box": [1255, 289, 1280, 552]}, {"label": "traffic sign", "bounding_box": [1184, 289, 1263, 366]}, {"label": "traffic sign", "bounding_box": [1374, 249, 1469, 271]}, {"label": "pole", "bounding_box": [1401, 260, 1414, 405]}, {"label": "traffic sign", "bounding_box": [1397, 328, 1429, 371]}, {"label": "person", "bounding_box": [1402, 385, 1471, 600]}, {"label": "person", "bounding_box": [1369, 383, 1455, 604]}, {"label": "pole", "bounding_box": [1340, 0, 1364, 618]}, {"label": "person", "bounding_box": [1486, 359, 1555, 496]}, {"label": "static", "bounding_box": [1587, 100, 2045, 705]}, {"label": "pole", "bounding_box": [1618, 147, 1645, 346]}, {"label": "traffic sign", "bounding_box": [1545, 0, 1851, 166]}, {"label": "pole", "bounding_box": [1387, 495, 1407, 640]}, {"label": "pole", "bounding_box": [1508, 511, 1534, 697]}, {"label": "person", "bounding_box": [1661, 280, 1803, 715]}, {"label": "person", "bounding_box": [1777, 430, 1884, 712]}, {"label": "person", "bounding_box": [1579, 312, 1716, 748]}, {"label": "traffic sign", "bounding_box": [1359, 235, 1442, 259]}, {"label": "pole", "bounding_box": [1342, 135, 1435, 145]}, {"label": "pole", "bounding_box": [1343, 208, 1397, 219]}, {"label": "traffic sign", "bounding_box": [1383, 112, 1507, 226]}, {"label": "person", "bounding_box": [1502, 307, 1647, 759]}, {"label": "car", "bounding_box": [41, 389, 493, 684]}, {"label": "car", "bounding_box": [0, 430, 144, 801]}, {"label": "person", "bounding_box": [527, 333, 716, 692]}, {"label": "license plate", "bounding_box": [907, 479, 951, 492]}, {"label": "person", "bounding_box": [821, 484, 836, 517]}, {"label": "fence", "bounding_box": [1926, 238, 2047, 719]}, {"label": "static", "bounding_box": [855, 296, 901, 341]}, {"label": "static", "bounding_box": [981, 174, 1055, 242]}, {"label": "ego vehicle", "bounding_box": [271, 844, 2028, 1023]}, {"label": "out of roi", "bounding_box": [0, 0, 2048, 1024]}]}