{"imgHeight": 1024, "imgWidth": 2048, "objects": [{"label": "sky", "bounding_box": [789, 0, 1138, 220]}, {"label": "sky", "bounding_box": [1403, 0, 1838, 397]}, {"label": "static", "bounding_box": [1447, 369, 1453, 380]}, {"label": "building", "bounding_box": [-1, 0, 1377, 544]}, {"label": "building", "bounding_box": [1423, 140, 1651, 436]}, {"label": "bridge", "bounding_box": [1286, 394, 1472, 437]}, {"label": "train", "bounding_box": [1335, 379, 1473, 401]}, {"label": "road", "bounding_box": [9, 407, 2046, 1022]}, {"label": "car", "bounding_box": [1348, 417, 1373, 427]}, {"label": "terrain", "bounding_box": [1525, 400, 2045, 481]}, {"label": "vegetation", "bounding_box": [1486, 0, 2046, 451]}, {"label": "pole", "bounding_box": [1709, 139, 1719, 385]}, {"label": "sidewalk", "bounding_box": [1540, 435, 1577, 460]}, {"label": "sidewalk", "bounding_box": [1701, 458, 2044, 498]}, {"label": "static", "bounding_box": [1527, 259, 1549, 272]}, {"label": "static", "bounding_box": [1698, 381, 1746, 470]}, {"label": "static", "bounding_box": [1712, 453, 1737, 475]}, {"label": "static", "bounding_box": [1738, 455, 1760, 477]}, {"label": "static", "bounding_box": [1770, 457, 1793, 478]}, {"label": "persongroup", "bounding_box": [1984, 406, 2029, 477]}, {"label": "static", "bounding_box": [2030, 416, 2044, 443]}, {"label": "car", "bounding_box": [1419, 414, 1456, 445]}, {"label": "car", "bounding_box": [1440, 414, 1496, 465]}, {"label": "car", "bounding_box": [1643, 425, 1706, 481]}, {"label": "car", "bounding_box": [1560, 416, 1663, 488]}, {"label": "ground", "bounding_box": [1016, 419, 1459, 502]}, {"label": "static", "bounding_box": [1127, 374, 1186, 408]}, {"label": "cargroup", "bounding_box": [1206, 378, 1325, 457]}, {"label": "vegetation", "bounding_box": [989, 1, 1526, 467]}, {"label": "terrain", "bounding_box": [1359, 426, 1457, 472]}, {"label": "static", "bounding_box": [1316, 458, 1345, 472]}, {"label": "static", "bounding_box": [1366, 466, 1382, 473]}, {"label": "terrain", "bounding_box": [1016, 449, 1457, 486]}, {"label": "pole", "bounding_box": [1107, 301, 1133, 431]}, {"label": "cargroup", "bounding_box": [1000, 415, 1157, 452]}, {"label": "pole", "bounding_box": [1116, 100, 1130, 461]}, {"label": "pole", "bounding_box": [1235, 0, 1250, 486]}, {"label": "pole", "bounding_box": [1390, 297, 1401, 490]}, {"label": "traffic sign", "bounding_box": [1377, 361, 1420, 389]}, {"label": "traffic light", "bounding_box": [1387, 320, 1415, 372]}, {"label": "traffic light", "bounding_box": [844, 150, 871, 213]}, {"label": "traffic light", "bounding_box": [926, 148, 951, 217]}, {"label": "pole", "bounding_box": [976, 356, 988, 435]}, {"label": "pole", "bounding_box": [1000, 263, 1012, 363]}, {"label": "static", "bounding_box": [960, 357, 1005, 400]}, {"label": "static", "bounding_box": [769, 185, 807, 220]}, {"label": "person", "bounding_box": [731, 405, 750, 420]}, {"label": "pole", "bounding_box": [695, 125, 702, 427]}, {"label": "car", "bounding_box": [953, 419, 985, 455]}, {"label": "car", "bounding_box": [823, 387, 910, 428]}, {"label": "car", "bounding_box": [882, 411, 970, 470]}, {"label": "car", "bounding_box": [754, 412, 812, 475]}, {"label": "car", "bounding_box": [632, 415, 706, 477]}, {"label": "car", "bounding_box": [666, 416, 782, 485]}, {"label": "car", "bounding_box": [785, 403, 899, 484]}, {"label": "car", "bounding_box": [537, 411, 637, 476]}, {"label": "car", "bounding_box": [467, 412, 537, 493]}, {"label": "static", "bounding_box": [609, 431, 644, 486]}, {"label": "static", "bounding_box": [609, 395, 641, 449]}, {"label": "static", "bounding_box": [562, 431, 603, 486]}, {"label": "static", "bounding_box": [558, 392, 597, 471]}, {"label": "static", "bounding_box": [1157, 342, 1218, 401]}, {"label": "static", "bounding_box": [978, 422, 1026, 472]}, {"label": "static", "bounding_box": [514, 433, 554, 494]}, {"label": "static", "bounding_box": [518, 396, 557, 476]}, {"label": "static", "bounding_box": [536, 309, 572, 341]}, {"label": "static", "bounding_box": [546, 378, 573, 399]}, {"label": "static", "bounding_box": [467, 312, 502, 336]}, {"label": "static", "bounding_box": [510, 169, 543, 207]}, {"label": "ground", "bounding_box": [912, 496, 1412, 537]}, {"label": "pole", "bounding_box": [993, 374, 1008, 507]}, {"label": "pole", "bounding_box": [1180, 334, 1194, 514]}, {"label": "traffic sign", "bounding_box": [1155, 413, 1213, 473]}, {"label": "car", "bounding_box": [1793, 429, 2021, 547]}, {"label": "rider", "bounding_box": [1860, 415, 1942, 478]}, {"label": "ground", "bounding_box": [1705, 575, 2046, 710]}, {"label": "pole", "bounding_box": [1951, 17, 1993, 597]}, {"label": "traffic sign", "bounding_box": [1911, 105, 2043, 189]}, {"label": "traffic sign", "bounding_box": [1911, 27, 2045, 117]}, {"label": "sidewalk", "bounding_box": [0, 469, 225, 512]}, {"label": "ground", "bounding_box": [0, 581, 644, 1021]}, {"label": "traffic light", "bounding_box": [466, 157, 493, 227]}, {"label": "sidewalk", "bounding_box": [88, 651, 644, 789]}, {"label": "static", "bounding_box": [197, 0, 500, 622]}, {"label": "pole", "bounding_box": [211, 0, 271, 767]}, {"label": "traffic light", "bounding_box": [135, 0, 374, 141]}, {"label": "vegetation", "bounding_box": [-1, 480, 360, 1021]}, {"label": "bicycle", "bounding_box": [514, 433, 554, 494]}, {"label": "bicycle", "bounding_box": [562, 431, 603, 486]}, {"label": "bicycle", "bounding_box": [609, 431, 644, 486]}, {"label": "rider", "bounding_box": [518, 396, 557, 476]}, {"label": "rider", "bounding_box": [558, 392, 597, 471]}, {"label": "rider", "bounding_box": [609, 395, 641, 449]}, {"label": "sidewalk", "bounding_box": [1939, 662, 2047, 714]}, {"label": "static", "bounding_box": [698, 124, 731, 134]}, {"label": "static", "bounding_box": [1007, 260, 1021, 265]}, {"label": "static", "bounding_box": [855, 178, 1077, 480]}, {"label": "pole", "bounding_box": [855, 178, 1077, 480]}, {"label": "traffic light", "bounding_box": [1057, 314, 1080, 365]}, {"label": "pole", "bounding_box": [1510, 296, 1514, 414]}, {"label": "pole", "bounding_box": [1543, 263, 1546, 434]}, {"label": "car", "bounding_box": [1477, 412, 1550, 474]}, {"label": "static", "bounding_box": [1581, 218, 1607, 228]}, {"label": "pole", "bounding_box": [1602, 220, 1607, 346]}, {"label": "static", "bounding_box": [1683, 136, 1717, 145]}, {"label": "ego vehicle", "bounding_box": [271, 844, 2028, 1023]}, {"label": "out of roi", "bounding_box": [0, 0, 2048, 1024]}]}