{"imgHeight": 1024, "imgWidth": 2048, "objects": [{"label": "sky", "bounding_box": [817, 0, 1493, 283]}, {"label": "building", "bounding_box": [1457, 0, 2045, 532]}, {"label": "vegetation", "bounding_box": [924, 57, 1536, 473]}, {"label": "building", "bounding_box": [-2, 0, 963, 618]}, {"label": "road", "bounding_box": [-2, 432, 2044, 1022]}, {"label": "car", "bounding_box": [1316, 433, 1342, 450]}, {"label": "sidewalk", "bounding_box": [-2, 448, 1133, 720]}, {"label": "car", "bounding_box": [1335, 428, 1366, 448]}, {"label": "sidewalk", "bounding_box": [1490, 456, 2047, 855]}, {"label": "pole", "bounding_box": [1109, 374, 1191, 430]}, {"label": "traffic light", "bounding_box": [1186, 367, 1192, 387]}, {"label": "car", "bounding_box": [1203, 432, 1252, 453]}, {"label": "static", "bounding_box": [1315, 316, 1346, 342]}, {"label": "pole", "bounding_box": [1353, 390, 1366, 433]}, {"label": "pole", "bounding_box": [1261, 374, 1364, 400]}, {"label": "traffic light", "bounding_box": [1254, 365, 1265, 386]}, {"label": "traffic light", "bounding_box": [1304, 365, 1315, 386]}, {"label": "car", "bounding_box": [1179, 436, 1215, 464]}, {"label": "car", "bounding_box": [1121, 436, 1163, 466]}, {"label": "pole", "bounding_box": [1049, 378, 1061, 469]}, {"label": "static", "bounding_box": [1065, 372, 1079, 435]}, {"label": "pole", "bounding_box": [1098, 383, 1105, 447]}, {"label": "car", "bounding_box": [1270, 428, 1313, 449]}, {"label": "static", "bounding_box": [1074, 378, 1087, 429]}, {"label": "pole", "bounding_box": [1056, 300, 1065, 469]}, {"label": "pole", "bounding_box": [1101, 224, 1154, 450]}, {"label": "car", "bounding_box": [1276, 434, 1326, 462]}, {"label": "car", "bounding_box": [1346, 431, 1369, 458]}, {"label": "car", "bounding_box": [1359, 434, 1382, 462]}, {"label": "car", "bounding_box": [1371, 424, 1391, 464]}, {"label": "static", "bounding_box": [1400, 287, 1427, 322]}, {"label": "static", "bounding_box": [1436, 369, 1477, 447]}, {"label": "car", "bounding_box": [1375, 403, 1472, 488]}, {"label": "person", "bounding_box": [1508, 416, 1527, 458]}, {"label": "pole", "bounding_box": [1491, 355, 1506, 466]}, {"label": "pole", "bounding_box": [1357, 329, 1504, 365]}, {"label": "car", "bounding_box": [1244, 433, 1273, 458]}, {"label": "pole", "bounding_box": [990, 340, 1001, 463]}, {"label": "static", "bounding_box": [989, 381, 1006, 397]}, {"label": "static", "bounding_box": [996, 404, 1004, 433]}, {"label": "static", "bounding_box": [1001, 317, 1050, 472]}, {"label": "pole", "bounding_box": [1017, 388, 1026, 477]}, {"label": "static", "bounding_box": [943, 414, 983, 469]}, {"label": "pole", "bounding_box": [966, 389, 974, 474]}, {"label": "pole", "bounding_box": [971, 390, 1021, 398]}, {"label": "pole", "bounding_box": [970, 421, 1021, 428]}, {"label": "static", "bounding_box": [903, 331, 980, 371]}, {"label": "fence", "bounding_box": [903, 455, 1009, 492]}, {"label": "pole", "bounding_box": [999, 72, 1072, 495]}, {"label": "static", "bounding_box": [1695, 147, 1830, 346]}, {"label": "static", "bounding_box": [1723, 254, 1812, 359]}, {"label": "pole", "bounding_box": [1711, 142, 1728, 356]}, {"label": "static", "bounding_box": [1643, 110, 1719, 177]}, {"label": "car", "bounding_box": [1613, 342, 1777, 499]}, {"label": "person", "bounding_box": [1785, 383, 1804, 411]}, {"label": "person", "bounding_box": [1812, 385, 1828, 407]}, {"label": "car", "bounding_box": [1705, 400, 1828, 519]}, {"label": "static", "bounding_box": [1094, 449, 1127, 493]}, {"label": "static", "bounding_box": [1098, 418, 1124, 483]}, {"label": "person", "bounding_box": [898, 411, 933, 497]}, {"label": "person", "bounding_box": [937, 412, 972, 496]}, {"label": "pole", "bounding_box": [952, 459, 964, 503]}, {"label": "pole", "bounding_box": [941, 456, 948, 506]}, {"label": "person", "bounding_box": [854, 407, 896, 516]}, {"label": "person", "bounding_box": [814, 400, 858, 516]}, {"label": "person", "bounding_box": [787, 401, 829, 519]}, {"label": "ground", "bounding_box": [1016, 500, 1117, 524]}, {"label": "static", "bounding_box": [1068, 429, 1101, 477]}, {"label": "pole", "bounding_box": [1078, 430, 1088, 504]}, {"label": "dynamic", "bounding_box": [684, 448, 749, 516]}, {"label": "dynamic", "bounding_box": [601, 453, 683, 528]}, {"label": "static", "bounding_box": [615, 139, 683, 203]}, {"label": "car", "bounding_box": [1762, 400, 1851, 524]}, {"label": "static", "bounding_box": [426, 434, 517, 591]}, {"label": "bicycle", "bounding_box": [426, 434, 517, 591]}, {"label": "pole", "bounding_box": [467, 0, 501, 589]}, {"label": "car", "bounding_box": [1797, 387, 2032, 548]}, {"label": "terrain", "bounding_box": [1721, 381, 2043, 587]}, {"label": "vegetation", "bounding_box": [1791, 1, 1974, 492]}, {"label": "fence", "bounding_box": [1849, 317, 1968, 537]}, {"label": "rider", "bounding_box": [1098, 418, 1124, 483]}, {"label": "license plate", "bounding_box": [1413, 435, 1442, 444]}, {"label": "bicycle", "bounding_box": [1094, 449, 1127, 493]}, {"label": "vegetation", "bounding_box": [1721, 381, 2043, 587]}, {"label": "pole", "bounding_box": [999, 72, 1072, 495]}, {"label": "static", "bounding_box": [1056, 115, 1083, 137]}, {"label": "ego vehicle", "bounding_box": [271, 844, 2028, 1023]}, {"label": "out of roi", "bounding_box": [0, 0, 2048, 1024]}]}