{"imgHeight": 1024, "imgWidth": 2048, "objects": [{"label": "sky", "bounding_box": [493, 0, 1172, 429]}, {"label": "building", "bounding_box": [1021, 364, 1085, 409]}, {"label": "building", "bounding_box": [-2, 0, 794, 519]}, {"label": "static", "bounding_box": [741, 383, 948, 483]}, {"label": "vegetation", "bounding_box": [629, 265, 876, 432]}, {"label": "building", "bounding_box": [1077, 1, 2045, 770]}, {"label": "vegetation", "bounding_box": [863, 233, 1197, 476]}, {"label": "vegetation", "bounding_box": [-2, 130, 628, 491]}, {"label": "static", "bounding_box": [211, 426, 224, 454]}, {"label": "pole", "bounding_box": [17, 411, 28, 493]}, {"label": "static", "bounding_box": [-2, 360, 64, 388]}, {"label": "car", "bounding_box": [19, 463, 144, 495]}, {"label": "pole", "bounding_box": [285, 293, 305, 487]}, {"label": "static", "bounding_box": [292, 450, 308, 474]}, {"label": "pole", "bounding_box": [661, 300, 683, 449]}, {"label": "road", "bounding_box": [-2, 446, 2042, 1022]}, {"label": "static", "bounding_box": [1054, 429, 1071, 449]}, {"label": "car", "bounding_box": [1041, 439, 1073, 462]}, {"label": "car", "bounding_box": [1008, 438, 1028, 462]}, {"label": "static", "bounding_box": [1090, 421, 1165, 466]}, {"label": "car", "bounding_box": [1063, 439, 1094, 465]}, {"label": "static", "bounding_box": [1123, 409, 1133, 430]}, {"label": "traffic sign", "bounding_box": [1133, 410, 1155, 438]}, {"label": "car", "bounding_box": [1016, 441, 1050, 467]}, {"label": "sidewalk", "bounding_box": [1136, 448, 1259, 472]}, {"label": "static", "bounding_box": [1145, 343, 1206, 459]}, {"label": "person", "bounding_box": [1158, 411, 1185, 484]}, {"label": "traffic sign", "bounding_box": [1209, 401, 1226, 416]}, {"label": "pole", "bounding_box": [952, 390, 960, 442]}, {"label": "static", "bounding_box": [952, 402, 977, 441]}, {"label": "traffic light", "bounding_box": [866, 406, 885, 431]}, {"label": "traffic sign", "bounding_box": [878, 438, 898, 456]}, {"label": "terrain", "bounding_box": [-2, 441, 866, 687]}, {"label": "pole", "bounding_box": [824, 368, 834, 470]}, {"label": "traffic sign", "bounding_box": [811, 356, 841, 384]}, {"label": "traffic light", "bounding_box": [813, 388, 839, 415]}, {"label": "pole", "bounding_box": [799, 284, 819, 468]}, {"label": "traffic light", "bounding_box": [795, 336, 810, 371]}, {"label": "traffic light", "bounding_box": [799, 376, 815, 413]}, {"label": "vegetation", "bounding_box": [485, 0, 1034, 486]}, {"label": "pole", "bounding_box": [446, 301, 469, 361]}, {"label": "vegetation", "bounding_box": [-1, 0, 584, 502]}, {"label": "pole", "bounding_box": [342, 91, 373, 368]}, {"label": "static", "bounding_box": [356, 118, 439, 225]}, {"label": "static", "bounding_box": [359, 227, 437, 334]}, {"label": "car", "bounding_box": [995, 437, 1019, 471]}, {"label": "car", "bounding_box": [963, 440, 1011, 474]}, {"label": "car", "bounding_box": [910, 436, 977, 485]}, {"label": "sidewalk", "bounding_box": [1131, 471, 2045, 884]}, {"label": "pole", "bounding_box": [1183, 312, 1211, 486]}, {"label": "pole", "bounding_box": [1061, 284, 1202, 324]}, {"label": "traffic light", "bounding_box": [1053, 271, 1069, 306]}, {"label": "traffic sign", "bounding_box": [1161, 339, 1197, 395]}, {"label": "person", "bounding_box": [1206, 414, 1245, 479]}, {"label": "traffic light", "bounding_box": [1237, 373, 1248, 401]}, {"label": "traffic sign", "bounding_box": [1206, 363, 1227, 388]}, {"label": "traffic light", "bounding_box": [1190, 369, 1207, 406]}, {"label": "dynamic", "bounding_box": [1170, 434, 1211, 497]}, {"label": "static", "bounding_box": [1252, 292, 1286, 340]}, {"label": "person", "bounding_box": [1246, 410, 1278, 489]}, {"label": "static", "bounding_box": [1263, 182, 1307, 292]}, {"label": "static", "bounding_box": [1301, 0, 1359, 236]}, {"label": "dynamic", "bounding_box": [1498, 371, 1586, 469]}, {"label": "static", "bounding_box": [1550, 422, 1657, 612]}, {"label": "static", "bounding_box": [1502, 426, 1622, 615]}, {"label": "static", "bounding_box": [1438, 439, 1560, 617]}, {"label": "static", "bounding_box": [1779, 430, 2045, 725]}, {"label": "static", "bounding_box": [1722, 414, 1976, 724]}, {"label": "static", "bounding_box": [1745, 479, 1846, 694]}, {"label": "car", "bounding_box": [306, 351, 696, 661]}, {"label": "license plate", "bounding_box": [337, 534, 442, 563]}, {"label": "ridergroup", "bounding_box": [1170, 434, 1211, 497]}, {"label": "bicycle", "bounding_box": [1550, 422, 1657, 612]}, {"label": "bicycle", "bounding_box": [1502, 426, 1622, 615]}, {"label": "bicycle", "bounding_box": [1438, 439, 1560, 617]}, {"label": "bicycle", "bounding_box": [1779, 430, 2045, 725]}, {"label": "bicycle", "bounding_box": [1722, 414, 1976, 724]}, {"label": "bicycle", "bounding_box": [1745, 479, 1846, 694]}, {"label": "pole", "bounding_box": [1642, 0, 1777, 666]}, {"label": "traffic light", "bounding_box": [1020, 436, 1023, 441]}, {"label": "bridge", "bounding_box": [1040, 410, 1095, 423]}, {"label": "traffic light", "bounding_box": [118, 427, 129, 450]}, {"label": "pole", "bounding_box": [121, 428, 125, 477]}, {"label": "traffic light", "bounding_box": [214, 428, 235, 462]}, {"label": "pole", "bounding_box": [223, 429, 228, 487]}, {"label": "ego vehicle", "bounding_box": [271, 844, 2028, 1023]}, {"label": "out of roi", "bounding_box": [0, 0, 2048, 1024]}]}