{"imgHeight": 1024, "imgWidth": 2048, "objects": [{"label": "sky", "bounding_box": [876, 0, 1238, 225]}, {"label": "vegetation", "bounding_box": [973, 148, 1230, 427]}, {"label": "static", "bounding_box": [1094, 332, 1201, 355]}, {"label": "road", "bounding_box": [-2, 410, 2045, 1021]}, {"label": "building", "bounding_box": [1205, 0, 2045, 583]}, {"label": "building", "bounding_box": [-2, 1, 1017, 562]}, {"label": "vegetation", "bounding_box": [0, 0, 993, 453]}, {"label": "static", "bounding_box": [408, 416, 987, 488]}, {"label": "pole", "bounding_box": [1049, 368, 1054, 402]}, {"label": "static", "bounding_box": [1048, 360, 1058, 370]}, {"label": "pole", "bounding_box": [1096, 384, 1104, 410]}, {"label": "traffic sign", "bounding_box": [1087, 347, 1122, 387]}, {"label": "sidewalk", "bounding_box": [0, 425, 992, 674]}, {"label": "car", "bounding_box": [977, 407, 1013, 462]}, {"label": "sidewalk", "bounding_box": [1135, 439, 2045, 991]}, {"label": "person", "bounding_box": [1089, 396, 1112, 446]}, {"label": "static", "bounding_box": [1077, 413, 1100, 444]}, {"label": "car", "bounding_box": [1096, 395, 1154, 452]}, {"label": "static", "bounding_box": [1102, 409, 1160, 456]}, {"label": "bicyclegroup", "bounding_box": [1102, 409, 1160, 456]}, {"label": "car", "bounding_box": [1137, 396, 1210, 468]}, {"label": "car", "bounding_box": [1150, 404, 1235, 472]}, {"label": "static", "bounding_box": [536, 391, 582, 437]}, {"label": "static", "bounding_box": [884, 352, 894, 366]}, {"label": "pole", "bounding_box": [1201, 266, 1218, 485]}, {"label": "pole", "bounding_box": [883, 307, 894, 427]}, {"label": "person", "bounding_box": [888, 394, 906, 430]}, {"label": "static", "bounding_box": [885, 416, 904, 445]}, {"label": "car", "bounding_box": [921, 408, 970, 448]}, {"label": "car", "bounding_box": [994, 398, 1089, 481]}, {"label": "pole", "bounding_box": [814, 267, 827, 404]}, {"label": "pole", "bounding_box": [796, 319, 809, 423]}, {"label": "static", "bounding_box": [819, 423, 849, 453]}, {"label": "static", "bounding_box": [762, 416, 821, 462]}, {"label": "static", "bounding_box": [733, 420, 792, 467]}, {"label": "static", "bounding_box": [671, 417, 751, 475]}, {"label": "static", "bounding_box": [618, 411, 693, 478]}, {"label": "person", "bounding_box": [1257, 383, 1295, 455]}, {"label": "static", "bounding_box": [1298, 391, 1353, 466]}, {"label": "person", "bounding_box": [1281, 385, 1306, 422]}, {"label": "person", "bounding_box": [1315, 369, 1356, 471]}, {"label": "person", "bounding_box": [1353, 371, 1393, 468]}, {"label": "static", "bounding_box": [1270, 415, 1304, 482]}, {"label": "traffic sign", "bounding_box": [1212, 320, 1238, 377]}, {"label": "static", "bounding_box": [1193, 343, 1235, 473]}, {"label": "traffic light", "bounding_box": [1183, 227, 1225, 285]}, {"label": "static", "bounding_box": [1183, 295, 1209, 346]}, {"label": "traffic light", "bounding_box": [1199, 293, 1219, 349]}, {"label": "static", "bounding_box": [1243, 290, 1276, 364]}, {"label": "static", "bounding_box": [1269, 247, 1308, 335]}, {"label": "static", "bounding_box": [1290, 253, 1324, 298]}, {"label": "static", "bounding_box": [1271, 329, 1308, 376]}, {"label": "pole", "bounding_box": [1274, 372, 1282, 483]}, {"label": "static", "bounding_box": [1360, 113, 1402, 247]}, {"label": "static", "bounding_box": [1385, 150, 1435, 228]}, {"label": "static", "bounding_box": [1391, 247, 1438, 288]}, {"label": "person", "bounding_box": [1397, 381, 1429, 466]}, {"label": "static", "bounding_box": [1410, 396, 1461, 475]}, {"label": "static", "bounding_box": [1455, 355, 1516, 469]}, {"label": "dynamic", "bounding_box": [1455, 355, 1516, 469]}, {"label": "person", "bounding_box": [1484, 353, 1530, 495]}, {"label": "person", "bounding_box": [1537, 356, 1571, 388]}, {"label": "static", "bounding_box": [1518, 378, 1626, 499]}, {"label": "dynamic", "bounding_box": [1518, 378, 1626, 499]}, {"label": "pole", "bounding_box": [1517, 184, 1535, 522]}, {"label": "static", "bounding_box": [1467, 411, 1518, 487]}, {"label": "pole", "bounding_box": [1594, 138, 1609, 535]}, {"label": "static", "bounding_box": [1534, 412, 1596, 497]}, {"label": "static", "bounding_box": [1582, 259, 1752, 304]}, {"label": "dynamic", "bounding_box": [1582, 259, 1752, 304]}, {"label": "static", "bounding_box": [1607, 396, 1738, 511]}, {"label": "static", "bounding_box": [1711, 427, 1751, 511]}, {"label": "dynamic", "bounding_box": [1711, 427, 1751, 511]}, {"label": "pole", "bounding_box": [1737, 0, 1791, 567]}, {"label": "static", "bounding_box": [1447, 21, 1752, 194]}, {"label": "vegetation", "bounding_box": [1818, 180, 1886, 251]}, {"label": "vegetation", "bounding_box": [1943, 24, 2045, 91]}, {"label": "static", "bounding_box": [1805, 0, 1880, 155]}, {"label": "static", "bounding_box": [1776, 5, 2044, 110]}, {"label": "static", "bounding_box": [1869, 55, 2045, 510]}, {"label": "pole", "bounding_box": [722, 260, 1051, 273]}, {"label": "pole", "bounding_box": [707, 203, 721, 439]}, {"label": "static", "bounding_box": [792, 380, 835, 477]}, {"label": "static", "bounding_box": [790, 420, 831, 489]}, {"label": "static", "bounding_box": [471, 394, 513, 484]}, {"label": "pole", "bounding_box": [429, 230, 1157, 242]}, {"label": "pole", "bounding_box": [429, 140, 1128, 159]}, {"label": "pole", "bounding_box": [404, 0, 438, 396]}, {"label": "static", "bounding_box": [312, 276, 339, 316]}, {"label": "pole", "bounding_box": [318, 159, 329, 313]}, {"label": "person", "bounding_box": [406, 362, 456, 509]}, {"label": "building", "bounding_box": [59, 63, 393, 534]}, {"label": "static", "bounding_box": [99, 161, 218, 238]}, {"label": "person", "bounding_box": [377, 338, 428, 514]}, {"label": "static", "bounding_box": [316, 410, 384, 514]}, {"label": "bicycle", "bounding_box": [316, 410, 384, 514]}, {"label": "pole", "bounding_box": [343, 0, 368, 515]}, {"label": "person", "bounding_box": [168, 327, 260, 531]}, {"label": "person", "bounding_box": [-1, 339, 57, 545]}, {"label": "pole", "bounding_box": [291, 152, 326, 172]}, {"label": "rider", "bounding_box": [888, 394, 906, 430]}, {"label": "bicycle", "bounding_box": [885, 416, 904, 445]}, {"label": "bicyclegroup", "bounding_box": [819, 423, 849, 453]}, {"label": "bicyclegroup", "bounding_box": [762, 416, 821, 462]}, {"label": "bicyclegroup", "bounding_box": [733, 420, 792, 467]}, {"label": "bicyclegroup", "bounding_box": [671, 417, 751, 475]}, {"label": "bicyclegroup", "bounding_box": [618, 411, 693, 478]}, {"label": "static", "bounding_box": [671, 420, 700, 473]}, {"label": "pole", "bounding_box": [692, 247, 706, 488]}, {"label": "traffic light", "bounding_box": [685, 244, 730, 305]}, {"label": "traffic light", "bounding_box": [690, 304, 715, 367]}, {"label": "rider", "bounding_box": [792, 380, 835, 477]}, {"label": "bicycle", "bounding_box": [790, 420, 831, 489]}, {"label": "dynamic", "bounding_box": [1607, 396, 1738, 511]}, {"label": "dynamic", "bounding_box": [1410, 396, 1461, 475]}, {"label": "ego vehicle", "bounding_box": [271, 844, 2028, 1023]}, {"label": "out of roi", "bounding_box": [0, 0, 2048, 1024]}]}