{"imgHeight": 1024, "imgWidth": 2048, "objects": [{"label": "bicyclegroup", "bounding_box": [1370, 436, 1433, 487]}, {"label": "sky", "bounding_box": [311, 0, 1344, 383]}, {"label": "vegetation", "bounding_box": [703, 291, 895, 460]}, {"label": "building", "bounding_box": [875, 0, 2046, 511]}, {"label": "building", "bounding_box": [0, 0, 722, 496]}, {"label": "road", "bounding_box": [0, 445, 2045, 1021]}, {"label": "cargroup", "bounding_box": [713, 436, 759, 466]}, {"label": "parking", "bounding_box": [1133, 459, 1314, 504]}, {"label": "car", "bounding_box": [761, 444, 785, 464]}, {"label": "vegetation", "bounding_box": [921, 361, 1011, 456]}, {"label": "vegetation", "bounding_box": [595, 260, 725, 466]}, {"label": "pole", "bounding_box": [617, 264, 628, 409]}, {"label": "static", "bounding_box": [604, 397, 654, 464]}, {"label": "terrain", "bounding_box": [653, 459, 686, 475]}, {"label": "car", "bounding_box": [625, 442, 665, 473]}, {"label": "vegetation", "bounding_box": [372, 81, 622, 488]}, {"label": "car", "bounding_box": [603, 443, 635, 475]}, {"label": "car", "bounding_box": [578, 444, 621, 478]}, {"label": "car", "bounding_box": [543, 443, 599, 480]}, {"label": "static", "bounding_box": [521, 361, 545, 413]}, {"label": "pole", "bounding_box": [528, 358, 534, 490]}, {"label": "static", "bounding_box": [512, 431, 545, 462]}, {"label": "pole", "bounding_box": [463, 172, 491, 458]}, {"label": "person", "bounding_box": [416, 433, 439, 482]}, {"label": "static", "bounding_box": [311, 407, 344, 458]}, {"label": "pole", "bounding_box": [289, 113, 315, 461]}, {"label": "traffic sign", "bounding_box": [311, 370, 322, 404]}, {"label": "car", "bounding_box": [303, 443, 398, 499]}, {"label": "traffic sign", "bounding_box": [253, 400, 269, 435]}, {"label": "car", "bounding_box": [227, 430, 317, 505]}, {"label": "car", "bounding_box": [87, 441, 151, 492]}, {"label": "car", "bounding_box": [-2, 448, 98, 496]}, {"label": "sidewalk", "bounding_box": [0, 488, 113, 516]}, {"label": "static", "bounding_box": [19, 472, 68, 508]}, {"label": "vegetation", "bounding_box": [0, 0, 259, 507]}, {"label": "static", "bounding_box": [117, 392, 140, 423]}, {"label": "pole", "bounding_box": [124, 398, 136, 478]}, {"label": "car", "bounding_box": [98, 441, 218, 507]}, {"label": "ground", "bounding_box": [0, 447, 998, 673]}, {"label": "pole", "bounding_box": [814, 0, 842, 491]}, {"label": "static", "bounding_box": [883, 369, 1004, 464]}, {"label": "pole", "bounding_box": [671, 2, 709, 523]}, {"label": "train", "bounding_box": [847, 417, 888, 463]}, {"label": "static", "bounding_box": [995, 368, 1021, 379]}, {"label": "traffic light", "bounding_box": [992, 366, 1004, 387]}, {"label": "traffic light", "bounding_box": [1015, 364, 1025, 382]}, {"label": "static", "bounding_box": [1133, 387, 1147, 400]}, {"label": "cargroup", "bounding_box": [1053, 436, 1097, 460]}, {"label": "cargroup", "bounding_box": [1004, 436, 1059, 463]}, {"label": "person", "bounding_box": [1106, 432, 1122, 464]}, {"label": "pole", "bounding_box": [1142, 381, 1152, 453]}, {"label": "pole", "bounding_box": [1077, 369, 1151, 441]}, {"label": "traffic light", "bounding_box": [1069, 360, 1082, 382]}, {"label": "traffic light", "bounding_box": [1145, 411, 1151, 428]}, {"label": "car", "bounding_box": [1139, 435, 1163, 467]}, {"label": "cargroup", "bounding_box": [1151, 427, 1191, 469]}, {"label": "cargroup", "bounding_box": [1163, 433, 1200, 474]}, {"label": "car", "bounding_box": [1178, 435, 1207, 475]}, {"label": "traffic sign", "bounding_box": [1220, 405, 1242, 422]}, {"label": "sidewalk", "bounding_box": [1262, 451, 2044, 526]}, {"label": "vegetation", "bounding_box": [1112, 93, 1429, 476]}, {"label": "car", "bounding_box": [1198, 424, 1275, 484]}, {"label": "static", "bounding_box": [1427, 426, 1465, 475]}, {"label": "static", "bounding_box": [1370, 436, 1433, 487]}, {"label": "traffic sign", "bounding_box": [1301, 335, 1336, 373]}, {"label": "static", "bounding_box": [1285, 440, 1362, 507]}, {"label": "static", "bounding_box": [1432, 430, 1522, 505]}, {"label": "static", "bounding_box": [1548, 293, 1598, 340]}, {"label": "static", "bounding_box": [1527, 361, 1576, 476]}, {"label": "person", "bounding_box": [1590, 389, 1630, 479]}, {"label": "car", "bounding_box": [1795, 389, 2045, 532]}, {"label": "person", "bounding_box": [1782, 400, 1849, 543]}, {"label": "person", "bounding_box": [1728, 372, 1795, 550]}, {"label": "sidewalk", "bounding_box": [1539, 568, 2045, 775]}, {"label": "static", "bounding_box": [647, 128, 676, 157]}, {"label": "bicycle", "bounding_box": [1370, 436, 1433, 487]}, {"label": "static", "bounding_box": [1289, 222, 1489, 500]}, {"label": "bicycle", "bounding_box": [1432, 430, 1522, 505]}, {"label": "bicyclegroup", "bounding_box": [1285, 440, 1362, 507]}, {"label": "static", "bounding_box": [200, 416, 249, 521]}, {"label": "cargroup", "bounding_box": [1198, 424, 1275, 484]}, {"label": "ego vehicle", "bounding_box": [271, 844, 2028, 1023]}, {"label": "out of roi", "bounding_box": [0, 0, 2048, 1024]}]}