{"imgHeight": 1024, "imgWidth": 2048, "objects": [{"label": "sky", "bounding_box": [287, 0, 1114, 357]}, {"label": "building", "bounding_box": [-1, 0, 2044, 527]}, {"label": "road", "bounding_box": [0, 415, 2044, 1022]}, {"label": "static", "bounding_box": [925, 390, 1055, 443]}, {"label": "pole", "bounding_box": [955, 292, 962, 343]}, {"label": "pole", "bounding_box": [873, 298, 878, 343]}, {"label": "pole", "bounding_box": [861, 300, 866, 343]}, {"label": "bridge", "bounding_box": [818, 332, 1266, 442]}, {"label": "car", "bounding_box": [980, 409, 1029, 434]}, {"label": "sidewalk", "bounding_box": [0, 467, 495, 545]}, {"label": "static", "bounding_box": [921, 392, 934, 422]}, {"label": "pole", "bounding_box": [950, 333, 958, 438]}, {"label": "pole", "bounding_box": [711, 305, 722, 442]}, {"label": "pole", "bounding_box": [586, 362, 594, 422]}, {"label": "static", "bounding_box": [592, 361, 632, 379]}, {"label": "pole", "bounding_box": [560, 256, 575, 423]}, {"label": "cargroup", "bounding_box": [920, 419, 944, 437]}, {"label": "cargroup", "bounding_box": [895, 423, 923, 444]}, {"label": "car", "bounding_box": [850, 411, 883, 445]}, {"label": "car", "bounding_box": [874, 423, 906, 450]}, {"label": "car", "bounding_box": [761, 410, 806, 439]}, {"label": "car", "bounding_box": [814, 430, 862, 465]}, {"label": "cargroup", "bounding_box": [774, 429, 828, 473]}, {"label": "car", "bounding_box": [717, 422, 788, 483]}, {"label": "car", "bounding_box": [466, 436, 512, 496]}, {"label": "car", "bounding_box": [476, 433, 544, 507]}, {"label": "car", "bounding_box": [631, 435, 672, 484]}, {"label": "pole", "bounding_box": [763, 297, 777, 485]}, {"label": "car", "bounding_box": [319, 442, 382, 494]}, {"label": "pole", "bounding_box": [282, 149, 310, 508]}, {"label": "traffic light", "bounding_box": [408, 223, 447, 293]}, {"label": "traffic light", "bounding_box": [353, 228, 385, 287]}, {"label": "traffic light", "bounding_box": [236, 367, 267, 429]}, {"label": "pole", "bounding_box": [243, 252, 425, 515]}, {"label": "pole", "bounding_box": [139, 330, 158, 519]}, {"label": "traffic light", "bounding_box": [134, 349, 158, 400]}, {"label": "static", "bounding_box": [151, 324, 195, 406]}, {"label": "person", "bounding_box": [90, 437, 139, 522]}, {"label": "vegetation", "bounding_box": [1006, 0, 1607, 468]}, {"label": "traffic light", "bounding_box": [1100, 368, 1108, 386]}, {"label": "traffic light", "bounding_box": [1071, 395, 1080, 419]}, {"label": "car", "bounding_box": [1095, 399, 1135, 439]}, {"label": "car", "bounding_box": [1156, 420, 1196, 451]}, {"label": "ground", "bounding_box": [780, 424, 1076, 500]}, {"label": "terrain", "bounding_box": [896, 433, 1020, 487]}, {"label": "terrain", "bounding_box": [969, 432, 1047, 490]}, {"label": "traffic light", "bounding_box": [1431, 318, 1462, 371]}, {"label": "static", "bounding_box": [1648, 302, 1673, 339]}, {"label": "pole", "bounding_box": [1633, 0, 1651, 356]}, {"label": "static", "bounding_box": [1592, 176, 1637, 238]}, {"label": "traffic sign", "bounding_box": [1586, 293, 1636, 320]}, {"label": "person", "bounding_box": [1803, 381, 1840, 501]}, {"label": "person", "bounding_box": [1843, 387, 1886, 491]}, {"label": "traffic light", "bounding_box": [1849, 291, 1922, 352]}, {"label": "pole", "bounding_box": [1868, 0, 1929, 494]}, {"label": "traffic light", "bounding_box": [1821, 150, 1922, 282]}, {"label": "static", "bounding_box": [1890, 266, 1921, 323]}, {"label": "car", "bounding_box": [1334, 338, 1835, 714]}, {"label": "license plate", "bounding_box": [1582, 545, 1721, 581]}, {"label": "car", "bounding_box": [1722, 330, 2045, 1023]}, {"label": "terrain", "bounding_box": [0, 564, 863, 1021]}, {"label": "car", "bounding_box": [507, 420, 647, 508]}, {"label": "car", "bounding_box": [655, 437, 730, 492]}, {"label": "static", "bounding_box": [224, 465, 249, 517]}, {"label": "traffic sign", "bounding_box": [1919, 0, 2014, 80]}, {"label": "traffic sign", "bounding_box": [1908, 85, 2032, 210]}, {"label": "ego vehicle", "bounding_box": [271, 844, 2028, 1023]}, {"label": "out of roi", "bounding_box": [0, 0, 2048, 1024]}]}