{"imgHeight": 1024, "imgWidth": 2048, "objects": [{"label": "sky", "bounding_box": [130, 0, 525, 391]}, {"label": "road", "bounding_box": [-2, 379, 2046, 1023]}, {"label": "building", "bounding_box": [437, 1, 2045, 493]}, {"label": "building", "bounding_box": [-2, 146, 294, 462]}, {"label": "sidewalk", "bounding_box": [482, 398, 2045, 487]}, {"label": "vegetation", "bounding_box": [-2, 0, 947, 472]}, {"label": "static", "bounding_box": [312, 382, 419, 440]}, {"label": "bridge", "bounding_box": [271, 375, 453, 412]}, {"label": "pole", "bounding_box": [340, 304, 347, 417]}, {"label": "pole", "bounding_box": [366, 318, 381, 388]}, {"label": "traffic light", "bounding_box": [311, 323, 326, 342]}, {"label": "traffic light", "bounding_box": [356, 377, 383, 402]}, {"label": "cargroup", "bounding_box": [233, 391, 323, 431]}, {"label": "pole", "bounding_box": [259, 344, 265, 430]}, {"label": "pole", "bounding_box": [236, 303, 245, 408]}, {"label": "traffic light", "bounding_box": [217, 319, 260, 367]}, {"label": "person", "bounding_box": [233, 384, 263, 432]}, {"label": "static", "bounding_box": [467, 398, 494, 419]}, {"label": "cargroup", "bounding_box": [324, 407, 507, 493]}, {"label": "static", "bounding_box": [554, 345, 604, 388]}, {"label": "pole", "bounding_box": [580, 281, 594, 406]}, {"label": "traffic light", "bounding_box": [588, 296, 615, 362]}, {"label": "static", "bounding_box": [672, 357, 837, 394]}, {"label": "car", "bounding_box": [606, 409, 659, 462]}, {"label": "pole", "bounding_box": [659, 304, 673, 460]}, {"label": "static", "bounding_box": [656, 432, 744, 469]}, {"label": "pole", "bounding_box": [952, 377, 961, 439]}, {"label": "traffic sign", "bounding_box": [945, 352, 969, 381]}, {"label": "pole", "bounding_box": [996, 262, 1019, 439]}, {"label": "traffic light", "bounding_box": [994, 347, 1029, 386]}, {"label": "vegetation", "bounding_box": [1019, 0, 2042, 485]}, {"label": "traffic light", "bounding_box": [1066, 218, 1089, 265]}, {"label": "static", "bounding_box": [1222, 356, 1420, 404]}, {"label": "pole", "bounding_box": [1300, 79, 1331, 456]}, {"label": "pole", "bounding_box": [1315, 2, 1362, 102]}, {"label": "pole", "bounding_box": [1008, 228, 1074, 276]}, {"label": "sidewalk", "bounding_box": [-2, 487, 1031, 1022]}, {"label": "pole", "bounding_box": [853, 143, 871, 416]}, {"label": "traffic light", "bounding_box": [855, 305, 895, 362]}, {"label": "static", "bounding_box": [869, 243, 876, 302]}, {"label": "pole", "bounding_box": [791, 328, 801, 411]}, {"label": "traffic light", "bounding_box": [769, 342, 790, 381]}, {"label": "person", "bounding_box": [1043, 411, 1070, 473]}, {"label": "person", "bounding_box": [1067, 411, 1095, 484]}, {"label": "person", "bounding_box": [1094, 410, 1116, 480]}, {"label": "person", "bounding_box": [1028, 405, 1047, 479]}, {"label": "person", "bounding_box": [1009, 408, 1034, 485]}, {"label": "person", "bounding_box": [988, 404, 1011, 484]}, {"label": "person", "bounding_box": [922, 391, 944, 438]}, {"label": "person", "bounding_box": [929, 402, 958, 486]}, {"label": "person", "bounding_box": [950, 398, 999, 488]}, {"label": "person", "bounding_box": [897, 393, 939, 510]}, {"label": "static", "bounding_box": [1171, 445, 1539, 481]}, {"label": "car", "bounding_box": [1256, 427, 1485, 489]}, {"label": "pole", "bounding_box": [1706, 293, 1722, 439]}, {"label": "static", "bounding_box": [1694, 295, 1740, 369]}, {"label": "pole", "bounding_box": [1820, 209, 1860, 525]}, {"label": "traffic sign", "bounding_box": [1849, 323, 1875, 340]}, {"label": "traffic sign", "bounding_box": [1830, 362, 1853, 397]}, {"label": "car", "bounding_box": [1845, 427, 2045, 498]}, {"label": "car", "bounding_box": [1569, 425, 1746, 486]}, {"label": "sidewalk", "bounding_box": [1102, 501, 2043, 1023]}, {"label": "pole", "bounding_box": [1357, 441, 1371, 485]}, {"label": "pole", "bounding_box": [1926, 218, 1939, 397]}, {"label": "static", "bounding_box": [1873, 216, 1997, 313]}, {"label": "bicyclegroup", "bounding_box": [1649, 434, 2045, 559]}, {"label": "rider", "bounding_box": [1975, 385, 2044, 558]}, {"label": "person", "bounding_box": [1110, 391, 1153, 513]}, {"label": "person", "bounding_box": [849, 391, 920, 524]}, {"label": "person", "bounding_box": [780, 387, 817, 512]}, {"label": "person", "bounding_box": [795, 391, 834, 516]}, {"label": "person", "bounding_box": [837, 393, 869, 517]}, {"label": "person", "bounding_box": [814, 382, 881, 523]}, {"label": "person", "bounding_box": [670, 395, 737, 523]}, {"label": "person", "bounding_box": [743, 387, 783, 507]}, {"label": "person", "bounding_box": [708, 373, 784, 530]}, {"label": "static", "bounding_box": [1520, 440, 1562, 517]}, {"label": "pole", "bounding_box": [1397, 458, 1408, 521]}, {"label": "pole", "bounding_box": [1333, 319, 1351, 518]}, {"label": "traffic sign", "bounding_box": [1304, 271, 1371, 333]}, {"label": "persongroup", "bounding_box": [1423, 390, 1491, 527]}, {"label": "dynamic", "bounding_box": [1101, 487, 1152, 526]}, {"label": "pole", "bounding_box": [1217, 0, 1288, 544]}, {"label": "person", "bounding_box": [1611, 386, 1681, 571]}, {"label": "traffic sign", "bounding_box": [1218, 221, 1294, 297]}, {"label": "person", "bounding_box": [1548, 378, 1631, 576]}, {"label": "traffic light", "bounding_box": [1218, 298, 1260, 352]}, {"label": "fence", "bounding_box": [1325, 477, 2044, 836]}, {"label": "pole", "bounding_box": [1262, 474, 1285, 604]}, {"label": "pole", "bounding_box": [1214, 466, 1232, 586]}, {"label": "pole", "bounding_box": [1188, 462, 1213, 570]}, {"label": "pole", "bounding_box": [1162, 457, 1184, 556]}, {"label": "pole", "bounding_box": [640, 260, 661, 528]}, {"label": "traffic sign", "bounding_box": [612, 188, 697, 270]}, {"label": "traffic light", "bounding_box": [633, 265, 677, 316]}, {"label": "pole", "bounding_box": [500, 228, 523, 478]}, {"label": "traffic light", "bounding_box": [481, 259, 522, 331]}, {"label": "persongroup", "bounding_box": [475, 371, 638, 523]}, {"label": "dynamic", "bounding_box": [495, 446, 607, 524]}, {"label": "pole", "bounding_box": [535, 118, 598, 522]}, {"label": "static", "bounding_box": [558, 141, 598, 315]}, {"label": "person", "bounding_box": [417, 364, 475, 531]}, {"label": "terrain", "bounding_box": [-2, 516, 719, 950]}, {"label": "sidewalk", "bounding_box": [0, 531, 759, 1020]}, {"label": "pole", "bounding_box": [398, 75, 422, 528]}, {"label": "pole", "bounding_box": [213, 0, 418, 85]}, {"label": "traffic sign", "bounding_box": [362, 75, 454, 216]}, {"label": "traffic light", "bounding_box": [354, 234, 415, 325]}, {"label": "traffic sign", "bounding_box": [388, 334, 432, 359]}, {"label": "static", "bounding_box": [-2, 153, 79, 222]}, {"label": "static", "bounding_box": [-2, 235, 99, 298]}, {"label": "pole", "bounding_box": [145, 81, 178, 369]}, {"label": "car", "bounding_box": [11, 357, 227, 454]}, {"label": "car", "bounding_box": [7, 400, 296, 556]}, {"label": "license plate", "bounding_box": [58, 464, 125, 482]}, {"label": "person", "bounding_box": [1901, 382, 1926, 440]}, {"label": "person", "bounding_box": [1857, 386, 1908, 517]}, {"label": "person", "bounding_box": [1888, 393, 1982, 588]}, {"label": "person", "bounding_box": [1114, 428, 1156, 517]}, {"label": "persongroup", "bounding_box": [708, 373, 784, 530]}, {"label": "ego vehicle", "bounding_box": [271, 844, 2028, 1023]}, {"label": "out of roi", "bounding_box": [0, 0, 2048, 1024]}]}