{"imgHeight": 1024, "imgWidth": 2048, "objects": [{"label": "sky", "bounding_box": [809, 0, 1338, 387]}, {"label": "vegetation", "bounding_box": [1094, 360, 1230, 436]}, {"label": "building", "bounding_box": [998, 1, 1112, 446]}, {"label": "road", "bounding_box": [-2, 429, 2045, 1022]}, {"label": "building", "bounding_box": [721, 0, 1024, 459]}, {"label": "vegetation", "bounding_box": [983, 194, 1195, 436]}, {"label": "car", "bounding_box": [1156, 417, 1204, 458]}, {"label": "car", "bounding_box": [1166, 425, 1217, 464]}, {"label": "car", "bounding_box": [1112, 418, 1163, 466]}, {"label": "car", "bounding_box": [1089, 417, 1113, 452]}, {"label": "car", "bounding_box": [1080, 423, 1110, 456]}, {"label": "car", "bounding_box": [1058, 416, 1090, 447]}, {"label": "car", "bounding_box": [1050, 427, 1090, 464]}, {"label": "car", "bounding_box": [1217, 412, 1253, 434]}, {"label": "building", "bounding_box": [1218, 315, 1301, 444]}, {"label": "vegetation", "bounding_box": [1141, 1, 2045, 541]}, {"label": "traffic sign", "bounding_box": [1283, 380, 1310, 416]}, {"label": "static", "bounding_box": [1322, 371, 1334, 410]}, {"label": "car", "bounding_box": [1248, 422, 1288, 437]}, {"label": "car", "bounding_box": [1275, 422, 1302, 458]}, {"label": "pole", "bounding_box": [1244, 59, 1322, 420]}, {"label": "traffic sign", "bounding_box": [1358, 367, 1369, 395]}, {"label": "traffic sign", "bounding_box": [1308, 355, 1320, 373]}, {"label": "pole", "bounding_box": [1248, 288, 1379, 421]}, {"label": "traffic light", "bounding_box": [1368, 366, 1386, 403]}, {"label": "traffic light", "bounding_box": [1239, 273, 1256, 309]}, {"label": "car", "bounding_box": [1200, 427, 1278, 481]}, {"label": "static", "bounding_box": [939, 429, 976, 442]}, {"label": "car", "bounding_box": [778, 446, 980, 470]}, {"label": "pole", "bounding_box": [962, 341, 1048, 461]}, {"label": "person", "bounding_box": [926, 421, 940, 457]}, {"label": "static", "bounding_box": [916, 391, 935, 415]}, {"label": "pole", "bounding_box": [919, 159, 976, 466]}, {"label": "cargroup", "bounding_box": [970, 424, 1063, 491]}, {"label": "vegetation", "bounding_box": [726, 0, 938, 350]}, {"label": "terrain", "bounding_box": [781, 450, 828, 472]}, {"label": "building", "bounding_box": [0, 0, 739, 603]}, {"label": "sidewalk", "bounding_box": [0, 463, 895, 632]}, {"label": "pole", "bounding_box": [813, 380, 822, 440]}, {"label": "static", "bounding_box": [809, 356, 819, 394]}, {"label": "traffic light", "bounding_box": [800, 382, 819, 412]}, {"label": "traffic light", "bounding_box": [816, 386, 826, 409]}, {"label": "static", "bounding_box": [833, 380, 868, 406]}, {"label": "pole", "bounding_box": [841, 378, 852, 461]}, {"label": "traffic light", "bounding_box": [839, 373, 851, 404]}, {"label": "pole", "bounding_box": [866, 446, 871, 478]}, {"label": "pole", "bounding_box": [859, 446, 866, 479]}, {"label": "traffic sign", "bounding_box": [837, 419, 862, 476]}, {"label": "pole", "bounding_box": [764, 404, 772, 448]}, {"label": "traffic sign", "bounding_box": [764, 373, 780, 390]}, {"label": "traffic light", "bounding_box": [749, 369, 779, 410]}, {"label": "person", "bounding_box": [784, 419, 813, 479]}, {"label": "static", "bounding_box": [810, 445, 835, 492]}, {"label": "static", "bounding_box": [807, 423, 839, 470]}, {"label": "static", "bounding_box": [701, 330, 718, 360]}, {"label": "pole", "bounding_box": [697, 0, 716, 456]}, {"label": "fence", "bounding_box": [548, 426, 792, 512]}, {"label": "terrain", "bounding_box": [1384, 375, 2046, 541]}, {"label": "sidewalk", "bounding_box": [1421, 463, 2044, 711]}, {"label": "static", "bounding_box": [1433, 445, 1459, 514]}, {"label": "vegetation", "bounding_box": [1384, 375, 2046, 541]}, {"label": "pole", "bounding_box": [1433, 445, 1459, 514]}, {"label": "car", "bounding_box": [1267, 411, 1440, 541]}, {"label": "pole", "bounding_box": [1458, 447, 1476, 514]}, {"label": "pole", "bounding_box": [1478, 446, 1495, 520]}, {"label": "pole", "bounding_box": [1500, 444, 1512, 525]}, {"label": "pole", "bounding_box": [1519, 441, 1537, 529]}, {"label": "pole", "bounding_box": [1543, 445, 1559, 532]}, {"label": "pole", "bounding_box": [1570, 442, 1587, 541]}, {"label": "pole", "bounding_box": [1606, 446, 1623, 548]}, {"label": "pole", "bounding_box": [1733, 455, 1755, 583]}, {"label": "dynamic", "bounding_box": [1882, 565, 1944, 602]}, {"label": "pole", "bounding_box": [1843, 0, 1892, 597]}, {"label": "traffic sign", "bounding_box": [1830, 146, 1851, 179]}, {"label": "pole", "bounding_box": [1867, 467, 1898, 616]}, {"label": "pole", "bounding_box": [1966, 476, 2000, 641]}, {"label": "static", "bounding_box": [657, 402, 706, 544]}, {"label": "car", "bounding_box": [0, 374, 623, 788]}, {"label": "license plate", "bounding_box": [1339, 493, 1385, 505]}, {"label": "rider", "bounding_box": [807, 423, 839, 470]}, {"label": "bicycle", "bounding_box": [810, 445, 835, 492]}, {"label": "rider", "bounding_box": [657, 402, 706, 544]}, {"label": "motorcycle", "bounding_box": [634, 432, 733, 547]}, {"label": "traffic light", "bounding_box": [1043, 337, 1051, 352]}, {"label": "traffic light", "bounding_box": [961, 386, 970, 416]}, {"label": "traffic sign", "bounding_box": [1214, 398, 1224, 414]}, {"label": "traffic sign", "bounding_box": [1245, 402, 1250, 414]}, {"label": "ego vehicle", "bounding_box": [271, 844, 2028, 1023]}, {"label": "out of roi", "bounding_box": [0, 0, 2048, 1024]}]}