{"imgHeight": 1024, "imgWidth": 2048, "objects": [{"label": "sky", "bounding_box": [82, 0, 1033, 182]}, {"label": "building", "bounding_box": [-2, 0, 964, 548]}, {"label": "pole", "bounding_box": [698, 438, 700, 474]}, {"label": "traffic light", "bounding_box": [699, 439, 704, 451]}, {"label": "static", "bounding_box": [693, 440, 698, 450]}, {"label": "pole", "bounding_box": [688, 442, 689, 471]}, {"label": "traffic light", "bounding_box": [685, 436, 690, 449]}, {"label": "pole", "bounding_box": [623, 358, 628, 479]}, {"label": "static", "bounding_box": [612, 441, 629, 469]}, {"label": "sidewalk", "bounding_box": [110, 480, 696, 528]}, {"label": "static", "bounding_box": [551, 396, 587, 429]}, {"label": "static", "bounding_box": [558, 429, 570, 439]}, {"label": "pole", "bounding_box": [556, 395, 561, 486]}, {"label": "vegetation", "bounding_box": [499, 454, 517, 475]}, {"label": "car", "bounding_box": [470, 453, 519, 489]}, {"label": "vegetation", "bounding_box": [272, 176, 548, 419]}, {"label": "pole", "bounding_box": [133, 75, 151, 505]}, {"label": "static", "bounding_box": [136, 72, 173, 83]}, {"label": "static", "bounding_box": [352, 305, 403, 400]}, {"label": "pole", "bounding_box": [464, 232, 472, 415]}, {"label": "vegetation", "bounding_box": [162, 379, 481, 489]}, {"label": "static", "bounding_box": [464, 229, 483, 235]}, {"label": "static", "bounding_box": [172, 485, 201, 504]}, {"label": "static", "bounding_box": [216, 482, 248, 502]}, {"label": "static", "bounding_box": [271, 478, 287, 499]}, {"label": "static", "bounding_box": [301, 483, 331, 497]}, {"label": "static", "bounding_box": [342, 480, 369, 495]}, {"label": "static", "bounding_box": [379, 472, 417, 492]}, {"label": "static", "bounding_box": [417, 477, 438, 491]}, {"label": "static", "bounding_box": [446, 474, 469, 491]}, {"label": "pole", "bounding_box": [149, 97, 174, 509]}, {"label": "pole", "bounding_box": [118, -1, 158, 97]}, {"label": "static", "bounding_box": [69, 218, 135, 291]}, {"label": "traffic light", "bounding_box": [91, 237, 144, 343]}, {"label": "traffic light", "bounding_box": [165, 239, 227, 344]}, {"label": "traffic light", "bounding_box": [133, 287, 196, 339]}, {"label": "road", "bounding_box": [-2, 480, 2046, 1022]}, {"label": "ground", "bounding_box": [195, 512, 474, 599]}, {"label": "pole", "bounding_box": [243, -1, 278, 556]}, {"label": "static", "bounding_box": [426, 423, 458, 455]}, {"label": "static", "bounding_box": [436, 455, 450, 508]}, {"label": "pole", "bounding_box": [440, 426, 446, 514]}, {"label": "person", "bounding_box": [44, 374, 75, 399]}, {"label": "person", "bounding_box": [48, 379, 126, 501]}, {"label": "car", "bounding_box": [-2, 405, 272, 881]}, {"label": "vegetation", "bounding_box": [844, 369, 890, 431]}, {"label": "car", "bounding_box": [618, 466, 682, 502]}, {"label": "pole", "bounding_box": [786, 405, 861, 436]}, {"label": "traffic light", "bounding_box": [860, 399, 867, 413]}, {"label": "traffic light", "bounding_box": [840, 401, 846, 414]}, {"label": "pole", "bounding_box": [786, 436, 789, 467]}, {"label": "static", "bounding_box": [787, 435, 797, 445]}, {"label": "traffic sign", "bounding_box": [847, 412, 872, 445]}, {"label": "vegetation", "bounding_box": [890, 317, 928, 492]}, {"label": "pole", "bounding_box": [903, 416, 907, 467]}, {"label": "person", "bounding_box": [784, 457, 793, 467]}, {"label": "cargroup", "bounding_box": [777, 454, 911, 491]}, {"label": "person", "bounding_box": [733, 456, 741, 465]}, {"label": "person", "bounding_box": [717, 455, 724, 467]}, {"label": "car", "bounding_box": [686, 462, 731, 496]}, {"label": "vegetation", "bounding_box": [459, 0, 975, 503]}, {"label": "sidewalk", "bounding_box": [713, 460, 2045, 635]}, {"label": "terrain", "bounding_box": [702, 495, 803, 512]}, {"label": "static", "bounding_box": [712, 461, 744, 504]}, {"label": "static", "bounding_box": [811, 443, 837, 497]}, {"label": "static", "bounding_box": [818, 476, 829, 508]}, {"label": "polegroup", "bounding_box": [850, 470, 905, 512]}, {"label": "building", "bounding_box": [916, 0, 2045, 512]}, {"label": "pole", "bounding_box": [1019, 480, 1031, 523]}, {"label": "pole", "bounding_box": [994, 472, 1001, 520]}, {"label": "pole", "bounding_box": [969, 474, 974, 517]}, {"label": "pole", "bounding_box": [944, 472, 948, 513]}, {"label": "pole", "bounding_box": [921, 473, 925, 510]}, {"label": "pole", "bounding_box": [1035, 268, 1044, 507]}, {"label": "static", "bounding_box": [1036, 235, 1057, 268]}, {"label": "static", "bounding_box": [1053, 256, 1063, 264]}, {"label": "vegetation", "bounding_box": [1012, 75, 1547, 460]}, {"label": "wall", "bounding_box": [1065, 468, 1428, 514]}, {"label": "vegetation", "bounding_box": [1065, 452, 1323, 479]}, {"label": "pole", "bounding_box": [1075, 475, 1081, 532]}, {"label": "pole", "bounding_box": [1110, 474, 1117, 539]}, {"label": "pole", "bounding_box": [1157, 480, 1166, 544]}, {"label": "pole", "bounding_box": [1206, 479, 1216, 552]}, {"label": "static", "bounding_box": [1295, 471, 1346, 529]}, {"label": "pole", "bounding_box": [1394, 473, 1404, 539]}, {"label": "pole", "bounding_box": [1315, 127, 1322, 227]}, {"label": "pole", "bounding_box": [1315, 90, 1388, 132]}, {"label": "pole", "bounding_box": [1365, 128, 1403, 153]}, {"label": "static", "bounding_box": [1302, 307, 1422, 549]}, {"label": "pole", "bounding_box": [1484, 256, 1495, 408]}, {"label": "pole", "bounding_box": [1447, 209, 1471, 566]}, {"label": "traffic light", "bounding_box": [1395, 231, 1441, 327]}, {"label": "static", "bounding_box": [1478, 401, 1550, 582]}, {"label": "dynamic", "bounding_box": [1552, 457, 1574, 495]}, {"label": "pole", "bounding_box": [1567, 449, 1579, 538]}, {"label": "pole", "bounding_box": [1576, 456, 1589, 580]}, {"label": "dynamic", "bounding_box": [1593, 457, 1626, 495]}, {"label": "dynamic", "bounding_box": [1623, 451, 1656, 493]}, {"label": "pole", "bounding_box": [1662, 450, 1671, 554]}, {"label": "pole", "bounding_box": [1629, 498, 1644, 615]}, {"label": "pole", "bounding_box": [1428, 496, 1444, 610]}, {"label": "pole", "bounding_box": [1678, 226, 1691, 499]}, {"label": "pole", "bounding_box": [1679, 187, 1698, 227]}, {"label": "pole", "bounding_box": [1683, 216, 1706, 231]}, {"label": "traffic sign", "bounding_box": [1686, 401, 1729, 548]}, {"label": "static", "bounding_box": [1667, 545, 1730, 560]}, {"label": "pole", "bounding_box": [1781, 452, 1793, 576]}, {"label": "pole", "bounding_box": [1867, 494, 1883, 616]}, {"label": "bicycle", "bounding_box": [1989, 472, 2046, 560]}, {"label": "vegetation", "bounding_box": [1785, 10, 2045, 580]}, {"label": "pole", "bounding_box": [1915, 334, 1940, 580]}, {"label": "pole", "bounding_box": [1942, 332, 1952, 580]}, {"label": "pole", "bounding_box": [1999, 332, 2024, 576]}, {"label": "static", "bounding_box": [1907, 322, 2018, 338]}, {"label": "person", "bounding_box": [1248, 368, 1331, 612]}, {"label": "rider", "bounding_box": [811, 443, 837, 497]}, {"label": "bicycle", "bounding_box": [818, 476, 829, 508]}, {"label": "static", "bounding_box": [1365, 128, 1403, 153]}, {"label": "static", "bounding_box": [1683, 216, 1706, 231]}, {"label": "ego vehicle", "bounding_box": [271, 844, 2028, 1023]}, {"label": "out of roi", "bounding_box": [0, 0, 2048, 1024]}]}