{"imgHeight": 1024, "imgWidth": 2048, "objects": [{"label": "sky", "bounding_box": [868, 0, 1411, 405]}, {"label": "building", "bounding_box": [-2, 0, 1439, 534]}, {"label": "vegetation", "bounding_box": [1300, 100, 1432, 413]}, {"label": "traffic sign", "bounding_box": [1293, 385, 1310, 410]}, {"label": "static", "bounding_box": [1232, 409, 1263, 428]}, {"label": "road", "bounding_box": [0, 437, 2045, 1021]}, {"label": "cargroup", "bounding_box": [1234, 435, 1262, 454]}, {"label": "pole", "bounding_box": [1228, 351, 1235, 445]}, {"label": "cargroup", "bounding_box": [1209, 434, 1237, 454]}, {"label": "car", "bounding_box": [1201, 435, 1224, 456]}, {"label": "car", "bounding_box": [1189, 435, 1214, 459]}, {"label": "static", "bounding_box": [1190, 390, 1206, 407]}, {"label": "car", "bounding_box": [1185, 433, 1202, 456]}, {"label": "car", "bounding_box": [1161, 432, 1195, 459]}, {"label": "car", "bounding_box": [1148, 432, 1171, 461]}, {"label": "car", "bounding_box": [1120, 432, 1160, 464]}, {"label": "car", "bounding_box": [1330, 404, 1360, 434]}, {"label": "static", "bounding_box": [1411, 386, 1424, 431]}, {"label": "pole", "bounding_box": [1371, 162, 1385, 445]}, {"label": "traffic sign", "bounding_box": [1353, 380, 1382, 414]}, {"label": "traffic sign", "bounding_box": [1356, 359, 1374, 380]}, {"label": "car", "bounding_box": [1257, 427, 1285, 492]}, {"label": "car", "bounding_box": [1267, 410, 1355, 516]}, {"label": "car", "bounding_box": [1277, 425, 1362, 543]}, {"label": "car", "bounding_box": [1280, 428, 1359, 545]}, {"label": "building", "bounding_box": [1372, 1, 2044, 494]}, {"label": "static", "bounding_box": [1400, 349, 1446, 386]}, {"label": "car", "bounding_box": [1305, 421, 1407, 566]}, {"label": "static", "bounding_box": [1410, 145, 1468, 257]}, {"label": "car", "bounding_box": [1352, 419, 1466, 594]}, {"label": "static", "bounding_box": [1493, 290, 1555, 354]}, {"label": "car", "bounding_box": [1112, 436, 1131, 462]}, {"label": "car", "bounding_box": [1104, 436, 1124, 464]}, {"label": "car", "bounding_box": [1090, 432, 1114, 461]}, {"label": "person", "bounding_box": [1083, 422, 1099, 462]}, {"label": "car", "bounding_box": [1064, 429, 1093, 467]}, {"label": "car", "bounding_box": [1043, 429, 1074, 467]}, {"label": "car", "bounding_box": [1028, 431, 1058, 470]}, {"label": "bicycle", "bounding_box": [966, 433, 986, 474]}, {"label": "car", "bounding_box": [978, 430, 1046, 474]}, {"label": "sidewalk", "bounding_box": [943, 460, 1012, 479]}, {"label": "pole", "bounding_box": [950, 381, 957, 463]}, {"label": "bicycle", "bounding_box": [945, 432, 972, 478]}, {"label": "car", "bounding_box": [899, 430, 957, 487]}, {"label": "car", "bounding_box": [881, 429, 920, 487]}, {"label": "car", "bounding_box": [812, 417, 894, 491]}, {"label": "car", "bounding_box": [795, 424, 871, 501]}, {"label": "car", "bounding_box": [761, 421, 825, 506]}, {"label": "car", "bounding_box": [622, 392, 776, 518]}, {"label": "car", "bounding_box": [533, 417, 693, 534]}, {"label": "car", "bounding_box": [450, 428, 593, 550]}, {"label": "car", "bounding_box": [258, 405, 487, 580]}, {"label": "car", "bounding_box": [-2, 406, 312, 628]}, {"label": "pole", "bounding_box": [1578, 176, 1592, 415]}, {"label": "static", "bounding_box": [1549, 131, 1621, 196]}, {"label": "static", "bounding_box": [1593, 284, 1627, 341]}, {"label": "car", "bounding_box": [1390, 401, 1607, 641]}, {"label": "car", "bounding_box": [1484, 337, 2043, 773]}, {"label": "license plate", "bounding_box": [1889, 502, 2033, 540]}, {"label": "static", "bounding_box": [1034, 82, 1108, 91]}, {"label": "static", "bounding_box": [1152, 217, 1197, 224]}, {"label": "ego vehicle", "bounding_box": [271, 844, 2028, 1023]}, {"label": "out of roi", "bounding_box": [0, 0, 2048, 1024]}]}