{"imgHeight": 1024, "imgWidth": 2048, "objects": [{"label": "sky", "bounding_box": [388, 0, 912, 340]}, {"label": "building", "bounding_box": [815, 246, 1176, 453]}, {"label": "vegetation", "bounding_box": [571, 173, 1170, 425]}, {"label": "static", "bounding_box": [860, 393, 873, 411]}, {"label": "pole", "bounding_box": [862, 384, 869, 416]}, {"label": "static", "bounding_box": [838, 385, 857, 417]}, {"label": "traffic light", "bounding_box": [917, 384, 935, 415]}, {"label": "traffic light", "bounding_box": [914, 351, 954, 390]}, {"label": "pole", "bounding_box": [970, 310, 984, 424]}, {"label": "pole", "bounding_box": [960, 292, 994, 425]}, {"label": "car", "bounding_box": [940, 413, 972, 435]}, {"label": "pole", "bounding_box": [937, 243, 959, 423]}, {"label": "pole", "bounding_box": [1035, 340, 1052, 416]}, {"label": "terrain", "bounding_box": [1028, 402, 1056, 437]}, {"label": "pole", "bounding_box": [1045, 264, 1068, 445]}, {"label": "static", "bounding_box": [1052, 398, 1081, 445]}, {"label": "road", "bounding_box": [-2, 429, 2044, 1022]}, {"label": "cargroup", "bounding_box": [960, 415, 1015, 438]}, {"label": "car", "bounding_box": [864, 413, 948, 457]}, {"label": "car", "bounding_box": [977, 422, 1021, 455]}, {"label": "car", "bounding_box": [1048, 430, 1086, 465]}, {"label": "building", "bounding_box": [1115, 1, 1781, 595]}, {"label": "sidewalk", "bounding_box": [1130, 435, 2045, 974]}, {"label": "pole", "bounding_box": [1111, 274, 1125, 437]}, {"label": "traffic sign", "bounding_box": [1110, 376, 1131, 415]}, {"label": "person", "bounding_box": [1124, 412, 1162, 461]}, {"label": "pole", "bounding_box": [1154, 439, 1163, 471]}, {"label": "car", "bounding_box": [992, 423, 1056, 487]}, {"label": "pole", "bounding_box": [828, 356, 840, 424]}, {"label": "car", "bounding_box": [826, 420, 904, 505]}, {"label": "pole", "bounding_box": [661, 270, 695, 363]}, {"label": "pole", "bounding_box": [628, 268, 648, 364]}, {"label": "building", "bounding_box": [418, 208, 629, 491]}, {"label": "building", "bounding_box": [0, 0, 482, 524]}, {"label": "vegetation", "bounding_box": [410, 138, 649, 487]}, {"label": "building", "bounding_box": [433, 388, 513, 484]}, {"label": "sidewalk", "bounding_box": [-2, 475, 474, 550]}, {"label": "traffic sign", "bounding_box": [492, 396, 501, 416]}, {"label": "person", "bounding_box": [478, 443, 493, 466]}, {"label": "person", "bounding_box": [400, 441, 427, 496]}, {"label": "pole", "bounding_box": [403, 321, 517, 496]}, {"label": "traffic light", "bounding_box": [400, 408, 418, 435]}, {"label": "car", "bounding_box": [404, 461, 496, 518]}, {"label": "pole", "bounding_box": [383, 473, 393, 503]}, {"label": "pole", "bounding_box": [298, 114, 371, 468]}, {"label": "person", "bounding_box": [225, 450, 243, 467]}, {"label": "car", "bounding_box": [174, 459, 257, 525]}, {"label": "car", "bounding_box": [224, 460, 377, 534]}, {"label": "car", "bounding_box": [-2, 448, 184, 541]}, {"label": "car", "bounding_box": [0, 452, 27, 551]}, {"label": "pole", "bounding_box": [1104, 305, 1186, 339]}, {"label": "traffic light", "bounding_box": [1095, 297, 1111, 322]}, {"label": "pole", "bounding_box": [1174, 239, 1195, 431]}, {"label": "traffic sign", "bounding_box": [1176, 345, 1195, 390]}, {"label": "traffic light", "bounding_box": [1176, 387, 1187, 410]}, {"label": "pole", "bounding_box": [1200, 274, 1216, 427]}, {"label": "car", "bounding_box": [1061, 430, 1157, 510]}, {"label": "car", "bounding_box": [1164, 422, 1232, 485]}, {"label": "car", "bounding_box": [1192, 415, 1255, 521]}, {"label": "car", "bounding_box": [884, 433, 1012, 525]}, {"label": "person", "bounding_box": [1379, 405, 1392, 422]}, {"label": "person", "bounding_box": [1408, 393, 1430, 464]}, {"label": "person", "bounding_box": [1388, 390, 1421, 470]}, {"label": "person", "bounding_box": [1432, 381, 1458, 481]}, {"label": "person", "bounding_box": [1458, 380, 1500, 476]}, {"label": "person", "bounding_box": [1503, 384, 1538, 474]}, {"label": "person", "bounding_box": [1527, 375, 1567, 481]}, {"label": "person", "bounding_box": [1560, 376, 1597, 472]}, {"label": "vegetation", "bounding_box": [733, 0, 1750, 416]}, {"label": "pole", "bounding_box": [1292, 316, 1312, 412]}, {"label": "ground", "bounding_box": [0, 517, 565, 668]}, {"label": "static", "bounding_box": [1302, 308, 1350, 406]}, {"label": "static", "bounding_box": [1380, 163, 1422, 279]}, {"label": "pole", "bounding_box": [1327, 142, 1349, 282]}, {"label": "pole", "bounding_box": [1300, 1, 1333, 415]}, {"label": "traffic sign", "bounding_box": [1281, 270, 1430, 314]}, {"label": "car", "bounding_box": [1209, 400, 1426, 574]}, {"label": "license plate", "bounding_box": [1290, 474, 1359, 492]}, {"label": "static", "bounding_box": [1617, 378, 1754, 488]}, {"label": "person", "bounding_box": [1601, 370, 1650, 496]}, {"label": "static", "bounding_box": [1684, 388, 1759, 495]}, {"label": "person", "bounding_box": [1731, 352, 1763, 496]}, {"label": "building", "bounding_box": [1743, 0, 2044, 661]}, {"label": "vegetation", "bounding_box": [-1, 13, 178, 382]}, {"label": "car", "bounding_box": [481, 356, 868, 638]}, {"label": "license plate", "bounding_box": [585, 533, 679, 559]}, {"label": "terrain", "bounding_box": [-1, 569, 52, 609]}, {"label": "license plate", "bounding_box": [922, 468, 961, 479]}, {"label": "license plate", "bounding_box": [1094, 466, 1125, 475]}, {"label": "traffic light", "bounding_box": [514, 313, 524, 337]}, {"label": "pole", "bounding_box": [604, 227, 649, 259]}, {"label": "pole", "bounding_box": [916, 314, 928, 388]}, {"label": "traffic light", "bounding_box": [906, 288, 921, 322]}, {"label": "ego vehicle", "bounding_box": [271, 844, 2028, 1023]}, {"label": "out of roi", "bounding_box": [0, 0, 2048, 1024]}]}