{"imgHeight": 1024, "imgWidth": 2048, "objects": [{"label": "sky", "bounding_box": [192, 0, 2047, 373]}, {"label": "building", "bounding_box": [0, 24, 2047, 809]}, {"label": "road", "bounding_box": [0, 436, 2047, 1023]}, {"label": "parking", "bounding_box": [1565, 513, 2047, 629]}, {"label": "static", "bounding_box": [1524, 352, 1570, 455]}, {"label": "vegetation", "bounding_box": [0, 0, 1120, 548]}, {"label": "terrain", "bounding_box": [966, 432, 1035, 440]}, {"label": "vegetation", "bounding_box": [1102, 0, 2047, 549]}, {"label": "sidewalk", "bounding_box": [1128, 476, 2047, 1022]}, {"label": "pole", "bounding_box": [978, 367, 999, 435]}, {"label": "static", "bounding_box": [938, 363, 978, 393]}, {"label": "traffic light", "bounding_box": [990, 331, 994, 350]}, {"label": "traffic light", "bounding_box": [918, 331, 924, 351]}, {"label": "fence", "bounding_box": [1611, 230, 2047, 590]}, {"label": "cargroup", "bounding_box": [930, 426, 977, 446]}, {"label": "car", "bounding_box": [919, 431, 945, 452]}, {"label": "car", "bounding_box": [897, 430, 930, 451]}, {"label": "pole", "bounding_box": [923, 405, 928, 428]}, {"label": "static", "bounding_box": [828, 406, 902, 448]}, {"label": "truck", "bounding_box": [847, 411, 890, 451]}, {"label": "car", "bounding_box": [845, 430, 902, 465]}, {"label": "static", "bounding_box": [768, 393, 788, 413]}, {"label": "pole", "bounding_box": [1552, 259, 1570, 528]}, {"label": "car", "bounding_box": [802, 433, 854, 472]}, {"label": "pole", "bounding_box": [779, 352, 784, 450]}, {"label": "static", "bounding_box": [799, 402, 809, 451]}, {"label": "pole", "bounding_box": [736, 333, 744, 455]}, {"label": "static", "bounding_box": [742, 347, 753, 397]}, {"label": "static", "bounding_box": [737, 422, 748, 436]}, {"label": "static", "bounding_box": [707, 421, 743, 455]}, {"label": "static", "bounding_box": [669, 351, 717, 406]}, {"label": "cargroup", "bounding_box": [634, 412, 703, 443]}, {"label": "sidewalk", "bounding_box": [37, 543, 229, 578]}, {"label": "traffic sign", "bounding_box": [664, 392, 687, 412]}, {"label": "static", "bounding_box": [662, 422, 672, 445]}, {"label": "pole", "bounding_box": [666, 398, 672, 448]}, {"label": "pole", "bounding_box": [674, 410, 678, 448]}, {"label": "pole", "bounding_box": [622, 387, 626, 432]}, {"label": "pole", "bounding_box": [597, 358, 606, 441]}, {"label": "traffic light", "bounding_box": [622, 402, 628, 413]}, {"label": "static", "bounding_box": [582, 361, 599, 415]}, {"label": "static", "bounding_box": [589, 431, 614, 467]}, {"label": "pole", "bounding_box": [544, 387, 553, 443]}, {"label": "cargroup", "bounding_box": [390, 435, 507, 457]}, {"label": "static", "bounding_box": [401, 418, 445, 467]}, {"label": "vegetation", "bounding_box": [458, 427, 467, 463]}, {"label": "pole", "bounding_box": [212, 463, 222, 513]}, {"label": "static", "bounding_box": [106, 358, 147, 392]}, {"label": "building", "bounding_box": [102, 391, 181, 430]}, {"label": "pole", "bounding_box": [62, 129, 342, 175]}, {"label": "traffic light", "bounding_box": [318, 111, 347, 185]}, {"label": "truck", "bounding_box": [0, 171, 124, 666]}, {"label": "car", "bounding_box": [747, 440, 815, 486]}, {"label": "license plate", "bounding_box": [767, 471, 782, 475]}, {"label": "traffic light", "bounding_box": [1059, 328, 1069, 347]}, {"label": "pole", "bounding_box": [1324, 0, 1360, 556]}, {"label": "static", "bounding_box": [1292, 350, 1370, 492]}, {"label": "static", "bounding_box": [1401, 393, 1455, 523]}, {"label": "static", "bounding_box": [1292, 350, 1370, 492]}, {"label": "pole", "bounding_box": [913, 97, 1276, 523]}, {"label": "traffic light", "bounding_box": [894, 91, 930, 162]}, {"label": "cargroup", "bounding_box": [1033, 422, 1095, 448]}, {"label": "cargroup", "bounding_box": [1084, 353, 1090, 438]}, {"label": "pole", "bounding_box": [1084, 353, 1090, 438]}, {"label": "pole", "bounding_box": [1070, 336, 1093, 438]}, {"label": "pole", "bounding_box": [1099, 167, 1128, 431]}, {"label": "pole", "bounding_box": [1120, 315, 1146, 430]}, {"label": "pole", "bounding_box": [1085, 293, 1144, 431]}, {"label": "traffic sign", "bounding_box": [1138, 306, 1198, 373]}, {"label": "pole", "bounding_box": [1153, 0, 1170, 436]}, {"label": "static", "bounding_box": [1141, 397, 1163, 432]}, {"label": "traffic sign", "bounding_box": [1134, 388, 1151, 402]}, {"label": "traffic light", "bounding_box": [1123, 389, 1129, 405]}, {"label": "car", "bounding_box": [1037, 431, 1080, 465]}, {"label": "license plate", "bounding_box": [1051, 452, 1069, 457]}, {"label": "traffic light", "bounding_box": [1226, 282, 1278, 343]}, {"label": "static", "bounding_box": [1522, 347, 1568, 455]}, {"label": "static", "bounding_box": [1367, 298, 1432, 377]}, {"label": "pole", "bounding_box": [1409, 353, 1416, 395]}, {"label": "license plate", "bounding_box": [814, 460, 828, 463]}, {"label": "vegetation", "bounding_box": [1108, 378, 1119, 403]}, {"label": "pole", "bounding_box": [685, 327, 695, 461]}, {"label": "car", "bounding_box": [593, 442, 708, 514]}, {"label": "license plate", "bounding_box": [623, 488, 648, 495]}, {"label": "traffic light", "bounding_box": [687, 392, 706, 415]}, {"label": "traffic sign", "bounding_box": [670, 377, 687, 382]}, {"label": "static", "bounding_box": [217, 464, 220, 487]}, {"label": "license plate", "bounding_box": [861, 454, 870, 458]}, {"label": "license plate", "bounding_box": [909, 447, 916, 449]}, {"label": "pole", "bounding_box": [1060, 322, 1101, 436]}, {"label": "car", "bounding_box": [1081, 420, 1266, 501]}, {"label": "license plate", "bounding_box": [1099, 456, 1118, 463]}, {"label": "ground", "bounding_box": [707, 447, 743, 455]}, {"label": "ego vehicle", "bounding_box": [271, 844, 2028, 1023]}, {"label": "out of roi", "bounding_box": [0, 0, 2048, 1024]}]}