{"imgHeight": 1024, "imgWidth": 2048, "objects": [{"label": "sky", "bounding_box": [606, 0, 1460, 357]}, {"label": "building", "bounding_box": [0, 0, 2047, 755]}, {"label": "road", "bounding_box": [0, 418, 2047, 1023]}, {"label": "vegetation", "bounding_box": [1132, 361, 1190, 406]}, {"label": "vegetation", "bounding_box": [1048, 356, 1101, 405]}, {"label": "pole", "bounding_box": [1337, 388, 1343, 439]}, {"label": "sidewalk", "bounding_box": [853, 430, 999, 455]}, {"label": "vegetation", "bounding_box": [1026, 352, 1051, 405]}, {"label": "train", "bounding_box": [1061, 401, 1122, 422]}, {"label": "pole", "bounding_box": [1097, 413, 1107, 427]}, {"label": "traffic light", "bounding_box": [1089, 399, 1092, 409]}, {"label": "static", "bounding_box": [1093, 400, 1100, 416]}, {"label": "traffic sign", "bounding_box": [1095, 415, 1100, 422]}, {"label": "pole", "bounding_box": [1093, 410, 1095, 426]}, {"label": "pole", "bounding_box": [1046, 379, 1058, 422]}, {"label": "fence", "bounding_box": [1041, 414, 1050, 424]}, {"label": "tunnel", "bounding_box": [1004, 418, 1049, 429]}, {"label": "rail track", "bounding_box": [0, 422, 1095, 855]}, {"label": "rail track", "bounding_box": [0, 416, 1105, 1023]}, {"label": "fence", "bounding_box": [1003, 415, 1025, 424]}, {"label": "pole", "bounding_box": [995, 382, 1017, 428]}, {"label": "traffic light", "bounding_box": [1015, 378, 1020, 389]}, {"label": "traffic light", "bounding_box": [1008, 381, 1010, 389]}, {"label": "car", "bounding_box": [950, 419, 964, 438]}, {"label": "car", "bounding_box": [937, 419, 960, 440]}, {"label": "car", "bounding_box": [916, 419, 946, 442]}, {"label": "license plate", "bounding_box": [926, 434, 932, 436]}, {"label": "static", "bounding_box": [170, 380, 191, 395]}, {"label": "static", "bounding_box": [111, 304, 155, 328]}, {"label": "pole", "bounding_box": [1297, 371, 1300, 383]}, {"label": "static", "bounding_box": [162, 343, 199, 381]}, {"label": "sidewalk", "bounding_box": [0, 503, 386, 562]}, {"label": "license plate", "bounding_box": [888, 410, 925, 448]}, {"label": "sidewalk", "bounding_box": [1254, 466, 2047, 675]}, {"label": "car", "bounding_box": [888, 410, 925, 448]}, {"label": "car", "bounding_box": [894, 427, 910, 449]}, {"label": "pole", "bounding_box": [170, 337, 187, 473]}, {"label": "pole", "bounding_box": [117, 125, 377, 462]}, {"label": "traffic sign", "bounding_box": [375, 447, 392, 502]}, {"label": "car", "bounding_box": [883, 425, 900, 450]}, {"label": "car", "bounding_box": [876, 424, 892, 451]}, {"label": "train", "bounding_box": [333, 205, 883, 527]}, {"label": "fence", "bounding_box": [155, 444, 228, 527]}, {"label": "car", "bounding_box": [0, 417, 182, 545]}, {"label": "license plate", "bounding_box": [0, 508, 10, 517]}, {"label": "traffic light", "bounding_box": [368, 145, 392, 188]}, {"label": "static", "bounding_box": [921, 288, 935, 379]}, {"label": "static", "bounding_box": [949, 300, 959, 344]}, {"label": "static", "bounding_box": [928, 382, 938, 392]}, {"label": "static", "bounding_box": [907, 389, 915, 401]}, {"label": "person", "bounding_box": [1046, 415, 1065, 450]}, {"label": "traffic sign", "bounding_box": [1049, 434, 1056, 454]}, {"label": "license plate", "bounding_box": [1109, 426, 1114, 428]}, {"label": "static", "bounding_box": [1156, 352, 1162, 381]}, {"label": "pole", "bounding_box": [1158, 379, 1160, 398]}, {"label": "static", "bounding_box": [1138, 385, 1177, 420]}, {"label": "person", "bounding_box": [1130, 412, 1134, 419]}, {"label": "car", "bounding_box": [1156, 414, 1182, 426]}, {"label": "pole", "bounding_box": [1220, 389, 1228, 432]}, {"label": "pole", "bounding_box": [1226, 387, 1233, 430]}, {"label": "pole", "bounding_box": [1200, 391, 1204, 412]}, {"label": "traffic sign", "bounding_box": [1198, 379, 1206, 391]}, {"label": "traffic sign", "bounding_box": [1162, 338, 1220, 369]}, {"label": "static", "bounding_box": [1219, 399, 1233, 405]}, {"label": "traffic sign", "bounding_box": [1200, 400, 1211, 410]}, {"label": "static", "bounding_box": [1216, 378, 1229, 387]}, {"label": "traffic sign", "bounding_box": [1234, 379, 1243, 388]}, {"label": "traffic sign", "bounding_box": [1234, 390, 1244, 399]}, {"label": "traffic sign", "bounding_box": [1235, 388, 1243, 393]}, {"label": "traffic sign", "bounding_box": [1235, 370, 1264, 378]}, {"label": "static", "bounding_box": [1240, 337, 1246, 356]}, {"label": "static", "bounding_box": [1265, 340, 1289, 359]}, {"label": "static", "bounding_box": [1267, 218, 1289, 304]}, {"label": "static", "bounding_box": [1277, 272, 1302, 283]}, {"label": "static", "bounding_box": [1303, 208, 1315, 234]}, {"label": "static", "bounding_box": [1303, 267, 1316, 292]}, {"label": "static", "bounding_box": [1304, 327, 1318, 351]}, {"label": "static", "bounding_box": [1332, 249, 1373, 375]}, {"label": "static", "bounding_box": [1318, 328, 1357, 367]}, {"label": "static", "bounding_box": [1373, 348, 1402, 375]}, {"label": "static", "bounding_box": [1410, 344, 1441, 380]}, {"label": "static", "bounding_box": [1442, 333, 1473, 376]}, {"label": "static", "bounding_box": [1438, 19, 1470, 242]}, {"label": "static", "bounding_box": [1717, 275, 1785, 341]}, {"label": "dynamic", "bounding_box": [1857, 400, 1914, 522]}, {"label": "person", "bounding_box": [1239, 414, 1247, 428]}, {"label": "fence", "bounding_box": [1097, 413, 1107, 427]}, {"label": "car", "bounding_box": [1146, 412, 1166, 423]}, {"label": "pole", "bounding_box": [1236, 400, 1240, 430]}, {"label": "static", "bounding_box": [1235, 400, 1242, 406]}, {"label": "traffic sign", "bounding_box": [1291, 363, 1306, 368]}, {"label": "tunnel", "bounding_box": [1095, 415, 1160, 427]}, {"label": "traffic sign", "bounding_box": [1294, 369, 1302, 375]}, {"label": "pole", "bounding_box": [1294, 393, 1301, 443]}, {"label": "static", "bounding_box": [1296, 395, 1302, 403]}, {"label": "person", "bounding_box": [1281, 411, 1293, 429]}, {"label": "car", "bounding_box": [1151, 420, 1178, 444]}, {"label": "person", "bounding_box": [1428, 401, 1460, 481]}, {"label": "person", "bounding_box": [1428, 401, 1460, 481]}, {"label": "car", "bounding_box": [1172, 405, 1214, 448]}, {"label": "pole", "bounding_box": [1254, 400, 1257, 435]}, {"label": "person", "bounding_box": [1193, 419, 1199, 429]}, {"label": "car", "bounding_box": [1186, 420, 1224, 463]}, {"label": "cargroup", "bounding_box": [1186, 420, 1224, 463]}, {"label": "static", "bounding_box": [1387, 419, 1425, 463]}, {"label": "vegetation", "bounding_box": [1357, 399, 1388, 446]}, {"label": "car", "bounding_box": [1205, 424, 1249, 472]}, {"label": "car", "bounding_box": [1229, 422, 1311, 483]}, {"label": "license plate", "bounding_box": [1268, 446, 1289, 453]}, {"label": "car", "bounding_box": [1295, 428, 1434, 517]}, {"label": "license plate", "bounding_box": [1358, 485, 1395, 493]}, {"label": "car", "bounding_box": [1471, 337, 1880, 636]}, {"label": "license plate", "bounding_box": [1639, 526, 1739, 548]}, {"label": "static", "bounding_box": [1354, 381, 1378, 395]}, {"label": "traffic sign", "bounding_box": [1329, 355, 1343, 376]}, {"label": "traffic sign", "bounding_box": [1332, 376, 1341, 382]}, {"label": "traffic sign", "bounding_box": [1332, 383, 1341, 391]}, {"label": "static", "bounding_box": [1272, 376, 1281, 383]}, {"label": "traffic sign", "bounding_box": [1251, 393, 1260, 402]}, {"label": "traffic sign", "bounding_box": [1251, 381, 1258, 392]}, {"label": "pole", "bounding_box": [1148, 382, 1151, 420]}, {"label": "car", "bounding_box": [1104, 416, 1121, 431]}, {"label": "license plate", "bounding_box": [1109, 426, 1114, 428]}, {"label": "static", "bounding_box": [1039, 402, 1044, 407]}, {"label": "static", "bounding_box": [1027, 393, 1034, 398]}, {"label": "traffic light", "bounding_box": [1169, 400, 1173, 406]}, {"label": "static", "bounding_box": [1353, 199, 1376, 242]}, {"label": "static", "bounding_box": [1472, 227, 1529, 283]}, {"label": "static", "bounding_box": [1393, 284, 1426, 324]}, {"label": "license plate", "bounding_box": [1158, 437, 1165, 439]}, {"label": "static", "bounding_box": [1028, 399, 1035, 405]}, {"label": "static", "bounding_box": [818, 95, 844, 115]}, {"label": "static", "bounding_box": [917, 182, 935, 195]}, {"label": "static", "bounding_box": [972, 244, 985, 254]}, {"label": "static", "bounding_box": [997, 271, 1008, 281]}, {"label": "static", "bounding_box": [1021, 293, 1028, 301]}, {"label": "static", "bounding_box": [1111, 184, 1126, 197]}, {"label": "static", "bounding_box": [1119, 246, 1131, 257]}, {"label": "static", "bounding_box": [1121, 273, 1131, 282]}, {"label": "static", "bounding_box": [1122, 292, 1132, 298]}, {"label": "static", "bounding_box": [1123, 308, 1132, 316]}, {"label": "static", "bounding_box": [1124, 326, 1134, 331]}, {"label": "static", "bounding_box": [1098, 85, 1123, 103]}, {"label": "ego vehicle", "bounding_box": [271, 844, 2028, 1023]}, {"label": "out of roi", "bounding_box": [0, 0, 2048, 1024]}]}