{"imgHeight": 1024, "imgWidth": 2048, "objects": [{"label": "road", "bounding_box": [679, 405, 1276, 468]}, {"label": "sidewalk", "bounding_box": [718, 415, 1173, 436]}, {"label": "pole", "bounding_box": [187, 73, 229, 458]}, {"label": "sky", "bounding_box": [0, 0, 2047, 248]}, {"label": "ground", "bounding_box": [0, 448, 2047, 1023]}, {"label": "building", "bounding_box": [404, 0, 1283, 418]}, {"label": "fence", "bounding_box": [814, 313, 1104, 356]}, {"label": "wall", "bounding_box": [810, 331, 1100, 411]}, {"label": "building", "bounding_box": [1087, 0, 2047, 1023]}, {"label": "wall", "bounding_box": [1046, 447, 1165, 462]}, {"label": "vegetation", "bounding_box": [0, 0, 777, 621]}, {"label": "dynamic", "bounding_box": [1, 336, 133, 484]}, {"label": "car", "bounding_box": [566, 420, 673, 465]}, {"label": "dynamic", "bounding_box": [158, 332, 294, 463]}, {"label": "dynamic", "bounding_box": [324, 350, 376, 405]}, {"label": "dynamic", "bounding_box": [277, 345, 334, 397]}, {"label": "vegetation", "bounding_box": [913, 239, 1260, 439]}, {"label": "dynamic", "bounding_box": [101, 339, 175, 455]}, {"label": "wall", "bounding_box": [674, 395, 1205, 423]}, {"label": "car", "bounding_box": [466, 400, 578, 481]}, {"label": "car", "bounding_box": [348, 392, 470, 498]}, {"label": "car", "bounding_box": [225, 385, 395, 480]}, {"label": "car", "bounding_box": [660, 415, 735, 474]}, {"label": "car", "bounding_box": [660, 415, 735, 474]}, {"label": "wall", "bounding_box": [412, 436, 700, 525]}, {"label": "static", "bounding_box": [423, 292, 529, 485]}, {"label": "vegetation", "bounding_box": [0, 430, 382, 609]}, {"label": "static", "bounding_box": [417, 479, 536, 512]}, {"label": "wall", "bounding_box": [0, 478, 416, 624]}, {"label": "person", "bounding_box": [860, 390, 868, 412]}, {"label": "person", "bounding_box": [888, 390, 900, 407]}, {"label": "person", "bounding_box": [743, 415, 758, 468]}, {"label": "bicyclegroup", "bounding_box": [1324, 478, 1364, 529]}, {"label": "bicycle", "bounding_box": [951, 434, 997, 461]}, {"label": "rider", "bounding_box": [961, 412, 989, 456]}, {"label": "cargroup", "bounding_box": [1155, 409, 1251, 447]}, {"label": "vegetation", "bounding_box": [1186, 281, 1248, 440]}, {"label": "car", "bounding_box": [854, 401, 954, 442]}, {"label": "pole", "bounding_box": [378, 254, 395, 401]}, {"label": "pole", "bounding_box": [733, 378, 742, 453]}, {"label": "pole", "bounding_box": [711, 363, 716, 420]}, {"label": "truck", "bounding_box": [595, 374, 644, 423]}, {"label": "pole", "bounding_box": [999, 378, 1011, 453]}, {"label": "static", "bounding_box": [1007, 431, 1024, 458]}, {"label": "pole", "bounding_box": [1011, 368, 1015, 432]}, {"label": "pole", "bounding_box": [1019, 170, 1025, 412]}, {"label": "person", "bounding_box": [1007, 387, 1026, 420]}, {"label": "pole", "bounding_box": [1063, 395, 1069, 449]}, {"label": "terrain", "bounding_box": [1017, 449, 1050, 461]}, {"label": "pole", "bounding_box": [1090, 168, 1112, 422]}, {"label": "pole", "bounding_box": [1123, 251, 1131, 420]}, {"label": "pole", "bounding_box": [1071, 358, 1075, 418]}, {"label": "static", "bounding_box": [1087, 315, 1106, 366]}, {"label": "car", "bounding_box": [1063, 422, 1125, 471]}, {"label": "static", "bounding_box": [702, 361, 726, 390]}, {"label": "static", "bounding_box": [1099, 441, 1159, 495]}, {"label": "pole", "bounding_box": [718, 271, 727, 424]}, {"label": "traffic sign", "bounding_box": [706, 371, 722, 389]}, {"label": "traffic sign", "bounding_box": [1005, 376, 1022, 392]}, {"label": "traffic sign", "bounding_box": [1055, 398, 1074, 414]}, {"label": "traffic sign", "bounding_box": [1049, 377, 1077, 401]}, {"label": "pole", "bounding_box": [688, 370, 693, 420]}, {"label": "pole", "bounding_box": [197, 331, 221, 453]}, {"label": "static", "bounding_box": [605, 351, 729, 423]}, {"label": "static", "bounding_box": [660, 368, 671, 394]}, {"label": "static", "bounding_box": [1297, 455, 1796, 780]}, {"label": "static", "bounding_box": [1641, 489, 2003, 808]}, {"label": "pole", "bounding_box": [2, 0, 59, 621]}, {"label": "pole", "bounding_box": [928, 429, 931, 453]}, {"label": "static", "bounding_box": [1124, 441, 1160, 499]}, {"label": "fence", "bounding_box": [1153, 438, 1301, 599]}, {"label": "ego vehicle", "bounding_box": [271, 844, 2028, 1023]}, {"label": "out of roi", "bounding_box": [0, 0, 2048, 1024]}]}