{"imgHeight": 1024, "imgWidth": 2048, "objects": [{"label": "sky", "bounding_box": [1234, 0, 1611, 197]}, {"label": "road", "bounding_box": [0, 265, 2047, 1023]}, {"label": "sidewalk", "bounding_box": [0, 324, 1230, 484]}, {"label": "parking", "bounding_box": [477, 332, 1211, 442]}, {"label": "sidewalk", "bounding_box": [1304, 303, 1876, 452]}, {"label": "building", "bounding_box": [0, 0, 1436, 431]}, {"label": "pole", "bounding_box": [0, 400, 16, 473]}, {"label": "vegetation", "bounding_box": [146, 0, 268, 446]}, {"label": "static", "bounding_box": [176, 0, 239, 42]}, {"label": "pole", "bounding_box": [193, 0, 248, 448]}, {"label": "traffic sign", "bounding_box": [172, 60, 239, 131]}, {"label": "traffic sign", "bounding_box": [197, 130, 226, 200]}, {"label": "pole", "bounding_box": [173, 316, 201, 452]}, {"label": "building", "bounding_box": [1518, 0, 2047, 466]}, {"label": "pole", "bounding_box": [1524, 194, 1549, 364]}, {"label": "vegetation", "bounding_box": [1137, 0, 1540, 333]}, {"label": "pole", "bounding_box": [1382, 232, 1398, 273]}, {"label": "pole", "bounding_box": [1283, 161, 1310, 294]}, {"label": "static", "bounding_box": [1275, 263, 1298, 282]}, {"label": "pole", "bounding_box": [1477, 0, 1486, 290]}, {"label": "traffic sign", "bounding_box": [1453, 30, 1518, 93]}, {"label": "traffic sign", "bounding_box": [1462, 222, 1497, 256]}, {"label": "car", "bounding_box": [1477, 265, 1501, 352]}, {"label": "traffic sign", "bounding_box": [1494, 189, 1547, 235]}, {"label": "traffic sign", "bounding_box": [1498, 232, 1543, 252]}, {"label": "dynamic", "bounding_box": [1498, 318, 1550, 390]}, {"label": "pole", "bounding_box": [1310, 161, 1329, 273]}, {"label": "car", "bounding_box": [1388, 273, 1456, 385]}, {"label": "traffic sign", "bounding_box": [1422, 168, 1449, 206]}, {"label": "car", "bounding_box": [1294, 268, 1424, 406]}, {"label": "pole", "bounding_box": [1415, 0, 1449, 423]}, {"label": "traffic sign", "bounding_box": [1420, 143, 1451, 176]}, {"label": "traffic sign", "bounding_box": [1410, 92, 1457, 155]}, {"label": "traffic sign", "bounding_box": [1414, 152, 1448, 179]}, {"label": "pole", "bounding_box": [1487, 324, 1490, 353]}, {"label": "person", "bounding_box": [1410, 231, 1511, 428]}, {"label": "car", "bounding_box": [1146, 294, 1234, 366]}, {"label": "license plate", "bounding_box": [1377, 318, 1394, 333]}, {"label": "license plate", "bounding_box": [1158, 337, 1179, 345]}, {"label": "terrain", "bounding_box": [1145, 351, 1174, 375]}, {"label": "car", "bounding_box": [1080, 301, 1153, 379]}, {"label": "vegetation", "bounding_box": [838, 0, 1151, 324]}, {"label": "static", "bounding_box": [1129, 219, 1147, 260]}, {"label": "pole", "bounding_box": [1136, 215, 1140, 316]}, {"label": "car", "bounding_box": [981, 290, 1108, 387]}, {"label": "terrain", "bounding_box": [995, 374, 1049, 393]}, {"label": "license plate", "bounding_box": [1003, 331, 1035, 340]}, {"label": "car", "bounding_box": [880, 293, 999, 403]}, {"label": "car", "bounding_box": [721, 247, 907, 415]}, {"label": "car", "bounding_box": [490, 259, 792, 435]}, {"label": "license plate", "bounding_box": [532, 375, 593, 396]}, {"label": "bicycle", "bounding_box": [421, 307, 495, 412]}, {"label": "static", "bounding_box": [440, 284, 477, 311]}, {"label": "static", "bounding_box": [450, 70, 478, 150]}, {"label": "car", "bounding_box": [1356, 299, 1406, 411]}, {"label": "pole", "bounding_box": [454, 66, 470, 428]}, {"label": "car", "bounding_box": [1185, 289, 1392, 431]}, {"label": "license plate", "bounding_box": [1242, 377, 1296, 391]}, {"label": "pole", "bounding_box": [1343, 62, 1365, 445]}, {"label": "traffic sign", "bounding_box": [1331, 0, 1384, 74]}, {"label": "traffic sign", "bounding_box": [1336, 72, 1373, 106]}, {"label": "pole", "bounding_box": [1659, 63, 1682, 450]}, {"label": "traffic sign", "bounding_box": [1644, 0, 1705, 67]}, {"label": "pole", "bounding_box": [1775, 299, 1805, 390]}, {"label": "motorcycle", "bounding_box": [1613, 340, 2047, 717]}, {"label": "rider", "bounding_box": [1759, 144, 2047, 441]}, {"label": "static", "bounding_box": [1296, 177, 1310, 189]}, {"label": "sky", "bounding_box": [1293, 0, 1338, 60]}, {"label": "sky", "bounding_box": [1290, 81, 1306, 95]}, {"label": "static", "bounding_box": [1205, 239, 1238, 261]}, {"label": "ego vehicle", "bounding_box": [271, 844, 2028, 1023]}, {"label": "out of roi", "bounding_box": [0, 0, 2048, 1024]}]}