{"imgHeight": 1024, "imgWidth": 2048, "objects": [{"label": "sky", "bounding_box": [183, 0, 2047, 310]}, {"label": "vegetation", "bounding_box": [547, 202, 716, 264]}, {"label": "road", "bounding_box": [0, 405, 2047, 1023]}, {"label": "sidewalk", "bounding_box": [1571, 438, 1731, 476]}, {"label": "building", "bounding_box": [0, 0, 2047, 461]}, {"label": "pole", "bounding_box": [989, 119, 1000, 415]}, {"label": "vegetation", "bounding_box": [714, 99, 1034, 395]}, {"label": "pole", "bounding_box": [1011, 351, 1015, 416]}, {"label": "static", "bounding_box": [1080, 364, 1193, 456]}, {"label": "fence", "bounding_box": [456, 365, 1136, 481]}, {"label": "dynamic", "bounding_box": [1172, 0, 1223, 402]}, {"label": "traffic sign", "bounding_box": [1017, 340, 1035, 358]}, {"label": "static", "bounding_box": [1020, 359, 1034, 367]}, {"label": "traffic light", "bounding_box": [1015, 376, 1031, 395]}, {"label": "pole", "bounding_box": [645, 131, 690, 490]}, {"label": "car", "bounding_box": [699, 440, 880, 483]}, {"label": "fence", "bounding_box": [569, 440, 594, 484]}, {"label": "traffic sign", "bounding_box": [1026, 435, 1037, 477]}, {"label": "pole", "bounding_box": [1392, 275, 1417, 383]}, {"label": "pole", "bounding_box": [765, 268, 775, 488]}, {"label": "traffic light", "bounding_box": [778, 298, 793, 344]}, {"label": "traffic light", "bounding_box": [764, 298, 780, 350]}, {"label": "traffic sign", "bounding_box": [703, 302, 755, 346]}, {"label": "traffic light", "bounding_box": [690, 380, 698, 399]}, {"label": "pole", "bounding_box": [537, 0, 599, 483]}, {"label": "traffic sign", "bounding_box": [492, 325, 539, 334]}, {"label": "traffic light", "bounding_box": [491, 202, 523, 245]}, {"label": "pole", "bounding_box": [411, 223, 523, 339]}, {"label": "sidewalk", "bounding_box": [491, 477, 865, 517]}, {"label": "person", "bounding_box": [1582, 407, 1602, 461]}, {"label": "person", "bounding_box": [1617, 414, 1636, 461]}, {"label": "pole", "bounding_box": [1608, 270, 1707, 461]}, {"label": "traffic light", "bounding_box": [1703, 259, 1717, 289]}, {"label": "traffic light", "bounding_box": [1727, 252, 1741, 268]}, {"label": "traffic light", "bounding_box": [1790, 334, 1808, 385]}, {"label": "traffic light", "bounding_box": [1777, 351, 1788, 374]}, {"label": "traffic light", "bounding_box": [1724, 269, 1739, 283]}, {"label": "pole", "bounding_box": [1722, 267, 1793, 425]}, {"label": "pole", "bounding_box": [1515, 90, 1779, 394]}, {"label": "traffic light", "bounding_box": [1745, 276, 1775, 334]}, {"label": "traffic light", "bounding_box": [1504, 78, 1534, 137]}, {"label": "traffic light", "bounding_box": [1480, 60, 1500, 135]}, {"label": "pole", "bounding_box": [1814, 239, 1829, 388]}, {"label": "traffic sign", "bounding_box": [1787, 71, 1948, 145]}, {"label": "traffic sign", "bounding_box": [1785, 112, 1947, 174]}, {"label": "traffic sign", "bounding_box": [1785, 163, 1945, 215]}, {"label": "traffic sign", "bounding_box": [1828, 293, 1900, 310]}, {"label": "traffic sign", "bounding_box": [1823, 308, 1898, 326]}, {"label": "traffic sign", "bounding_box": [1784, 198, 1945, 244]}, {"label": "traffic sign", "bounding_box": [1788, 282, 1849, 332]}, {"label": "traffic light", "bounding_box": [1788, 354, 1803, 367]}, {"label": "traffic light", "bounding_box": [1834, 327, 1858, 346]}, {"label": "traffic sign", "bounding_box": [1844, 353, 1863, 365]}, {"label": "sidewalk", "bounding_box": [1678, 470, 2047, 742]}, {"label": "terrain", "bounding_box": [1702, 479, 1728, 497]}, {"label": "traffic light", "bounding_box": [1612, 364, 1625, 391]}, {"label": "traffic light", "bounding_box": [1605, 365, 1618, 383]}, {"label": "traffic sign", "bounding_box": [1013, 398, 1029, 417]}, {"label": "pole", "bounding_box": [816, 432, 827, 481]}, {"label": "pole", "bounding_box": [802, 432, 812, 483]}, {"label": "pole", "bounding_box": [788, 432, 796, 478]}, {"label": "pole", "bounding_box": [722, 434, 734, 491]}, {"label": "pole", "bounding_box": [671, 435, 682, 495]}, {"label": "pole", "bounding_box": [615, 436, 625, 500]}, {"label": "pole", "bounding_box": [532, 439, 541, 507]}, {"label": "bicycle", "bounding_box": [724, 424, 771, 511]}, {"label": "rider", "bounding_box": [722, 373, 779, 490]}, {"label": "static", "bounding_box": [134, 219, 240, 320]}, {"label": "car", "bounding_box": [0, 324, 514, 667]}, {"label": "car", "bounding_box": [1283, 399, 1351, 432]}, {"label": "car", "bounding_box": [1280, 411, 1356, 465]}, {"label": "car", "bounding_box": [1136, 397, 1338, 520]}, {"label": "car", "bounding_box": [1418, 364, 1582, 479]}, {"label": "car", "bounding_box": [1330, 337, 1586, 596]}, {"label": "license plate", "bounding_box": [1427, 514, 1502, 533]}, {"label": "license plate", "bounding_box": [1182, 449, 1227, 460]}, {"label": "static", "bounding_box": [1996, 340, 2047, 387]}, {"label": "car", "bounding_box": [1721, 381, 1856, 529]}, {"label": "car", "bounding_box": [1773, 370, 2008, 573]}, {"label": "license plate", "bounding_box": [1901, 458, 1960, 479]}, {"label": "car", "bounding_box": [1907, 345, 2047, 639]}, {"label": "traffic sign", "bounding_box": [1500, 349, 1512, 356]}, {"label": "traffic light", "bounding_box": [651, 373, 670, 404]}, {"label": "license plate", "bounding_box": [0, 540, 76, 564]}, {"label": "static", "bounding_box": [168, 71, 203, 150]}, {"label": "static", "bounding_box": [645, 131, 668, 155]}, {"label": "static", "bounding_box": [566, 0, 599, 16]}, {"label": "pole", "bounding_box": [1368, 264, 1373, 351]}, {"label": "static", "bounding_box": [1364, 253, 1375, 275]}, {"label": "ego vehicle", "bounding_box": [271, 844, 2028, 1023]}, {"label": "out of roi", "bounding_box": [0, 0, 2048, 1024]}]}