{"imgHeight": 1024, "imgWidth": 2048, "objects": [{"label": "road", "bounding_box": [0, 419, 2047, 1023]}, {"label": "parking", "bounding_box": [1449, 544, 2047, 831]}, {"label": "parking", "bounding_box": [1150, 424, 1331, 491]}, {"label": "sky", "bounding_box": [456, 0, 1533, 351]}, {"label": "building", "bounding_box": [0, 0, 970, 536]}, {"label": "building", "bounding_box": [1296, 0, 2047, 635]}, {"label": "sidewalk", "bounding_box": [1227, 446, 1839, 584]}, {"label": "terrain", "bounding_box": [1234, 464, 1360, 481]}, {"label": "vegetation", "bounding_box": [856, 220, 1258, 443]}, {"label": "building", "bounding_box": [1208, 283, 1294, 422]}, {"label": "pole", "bounding_box": [1001, 339, 1041, 429]}, {"label": "pole", "bounding_box": [1078, 362, 1123, 410]}, {"label": "pole", "bounding_box": [1383, 144, 1405, 493]}, {"label": "terrain", "bounding_box": [1355, 488, 1563, 563]}, {"label": "bus", "bounding_box": [1044, 393, 1088, 416]}, {"label": "static", "bounding_box": [1073, 395, 1124, 419]}, {"label": "pole", "bounding_box": [1138, 387, 1141, 438]}, {"label": "pole", "bounding_box": [1381, 444, 1394, 517]}, {"label": "traffic sign", "bounding_box": [1132, 376, 1143, 387]}, {"label": "traffic sign", "bounding_box": [1133, 387, 1143, 393]}, {"label": "static", "bounding_box": [1142, 371, 1194, 394]}, {"label": "terrain", "bounding_box": [1178, 447, 1211, 464]}, {"label": "vegetation", "bounding_box": [1095, 252, 1249, 417]}, {"label": "pole", "bounding_box": [1204, 345, 1212, 417]}, {"label": "car", "bounding_box": [1141, 406, 1168, 438]}, {"label": "static", "bounding_box": [1259, 306, 1292, 344]}, {"label": "car", "bounding_box": [1153, 410, 1191, 450]}, {"label": "car", "bounding_box": [1163, 412, 1194, 448]}, {"label": "car", "bounding_box": [1175, 410, 1227, 458]}, {"label": "car", "bounding_box": [1200, 406, 1234, 464]}, {"label": "vegetation", "bounding_box": [1127, 0, 1662, 537]}, {"label": "car", "bounding_box": [1210, 391, 1297, 471]}, {"label": "car", "bounding_box": [1227, 401, 1332, 478]}, {"label": "license plate", "bounding_box": [1271, 434, 1294, 440]}, {"label": "pole", "bounding_box": [1276, 305, 1282, 470]}, {"label": "sidewalk", "bounding_box": [574, 434, 988, 463]}, {"label": "static", "bounding_box": [1256, 438, 1356, 488]}, {"label": "wall", "bounding_box": [574, 430, 686, 467]}, {"label": "pole", "bounding_box": [986, 71, 1367, 493]}, {"label": "traffic sign", "bounding_box": [989, 93, 1041, 147]}, {"label": "traffic sign", "bounding_box": [1326, 287, 1381, 340]}, {"label": "static", "bounding_box": [1474, 462, 1553, 486]}, {"label": "car", "bounding_box": [1495, 375, 1937, 644]}, {"label": "license plate", "bounding_box": [1767, 477, 1912, 519]}, {"label": "car", "bounding_box": [1793, 324, 2047, 746]}, {"label": "sidewalk", "bounding_box": [0, 464, 781, 633]}, {"label": "static", "bounding_box": [1376, 451, 1537, 522]}, {"label": "pole", "bounding_box": [1399, 442, 1410, 522]}, {"label": "pole", "bounding_box": [1414, 442, 1425, 521]}, {"label": "pole", "bounding_box": [1434, 443, 1449, 531]}, {"label": "pole", "bounding_box": [1471, 443, 1485, 538]}, {"label": "pole", "bounding_box": [999, 391, 1003, 439]}, {"label": "traffic light", "bounding_box": [1001, 392, 1005, 406]}, {"label": "traffic sign", "bounding_box": [978, 415, 1005, 430]}, {"label": "car", "bounding_box": [964, 410, 1172, 568]}, {"label": "license plate", "bounding_box": [1041, 468, 1104, 484]}, {"label": "static", "bounding_box": [1222, 284, 1254, 340]}, {"label": "vegetation", "bounding_box": [0, 0, 374, 282]}, {"label": "person", "bounding_box": [1339, 369, 1400, 501]}, {"label": "pole", "bounding_box": [947, 366, 951, 441]}, {"label": "pole", "bounding_box": [930, 393, 936, 431]}, {"label": "traffic sign", "bounding_box": [790, 423, 799, 450]}, {"label": "fence", "bounding_box": [0, 273, 560, 395]}, {"label": "vegetation", "bounding_box": [781, 221, 930, 460]}, {"label": "static", "bounding_box": [930, 371, 959, 398]}, {"label": "fence", "bounding_box": [808, 424, 956, 462]}, {"label": "traffic sign", "bounding_box": [929, 399, 938, 403]}, {"label": "traffic sign", "bounding_box": [904, 423, 913, 450]}, {"label": "traffic sign", "bounding_box": [898, 392, 905, 398]}, {"label": "pole", "bounding_box": [858, 329, 867, 453]}, {"label": "pole", "bounding_box": [817, 432, 825, 465]}, {"label": "pole", "bounding_box": [799, 326, 807, 462]}, {"label": "pole", "bounding_box": [759, 301, 777, 465]}, {"label": "traffic sign", "bounding_box": [770, 301, 818, 350]}, {"label": "traffic sign", "bounding_box": [784, 349, 807, 361]}, {"label": "wall", "bounding_box": [0, 368, 577, 534]}, {"label": "pole", "bounding_box": [617, 240, 638, 472]}, {"label": "static", "bounding_box": [675, 316, 719, 357]}, {"label": "pole", "bounding_box": [687, 145, 850, 471]}, {"label": "traffic sign", "bounding_box": [807, 157, 851, 199]}, {"label": "static", "bounding_box": [675, 423, 706, 483]}, {"label": "traffic sign", "bounding_box": [1399, 301, 1474, 320]}, {"label": "pole", "bounding_box": [585, 409, 595, 464]}, {"label": "static", "bounding_box": [543, 424, 643, 478]}, {"label": "pole", "bounding_box": [552, 307, 566, 487]}, {"label": "pole", "bounding_box": [281, 98, 318, 502]}, {"label": "traffic sign", "bounding_box": [531, 263, 583, 316]}, {"label": "pole", "bounding_box": [746, 434, 752, 464]}, {"label": "ego vehicle", "bounding_box": [271, 844, 2028, 1023]}, {"label": "out of roi", "bounding_box": [0, 0, 2048, 1024]}]}