<annotation><filename>darmstadt_000021_000019_gtFine_boxes.jpg</filename><folder>CityScapes</folder><size><width>2048</width><height>1024</height><depth>3</depth></size><segmented>0</segmented><object><name>sky</name><pose>Unspecified</pose><truncated>0</truncated><difficult>0</difficult><bndbox><xmin>1364</xmin><ymin>0</ymin><xmax>2024</xmax><ymax>325</ymax></bndbox></object><object><name>road</name><pose>Unspecified</pose><truncated>0</truncated><difficult>0</difficult><bndbox><xmin>0</xmin><ymin>354</ymin><xmax>2047</xmax><ymax>1023</ymax></bndbox></object><object><name>building</name><pose>Unspecified</pose><truncated>0</truncated><difficult>0</difficult><bndbox><xmin>0</xmin><ymin>0</ymin><xmax>2013</xmax><ymax>449</ymax></bndbox></object><object><name>car</name><pose>Unspecified</pose><truncated>0</truncated><difficult>0</difficult><bndbox><xmin>936</xmin><ymin>361</ymin><xmax>1022</xmax><ymax>435</ymax></bndbox></object><object><name>sidewalk</name><pose>Unspecified</pose><truncated>0</truncated><difficult>0</difficult><bndbox><xmin>0</xmin><ymin>399</ymin><xmax>1919</xmax><ymax>472</ymax></bndbox></object><object><name>vegetation</name><pose>Unspecified</pose><truncated>0</truncated><difficult>0</difficult><bndbox><xmin>1864</xmin><ymin>183</ymin><xmax>2017</xmax><ymax>403</ymax></bndbox></object><object><name>vegetation</name><pose>Unspecified</pose><truncated>0</truncated><difficult>0</difficult><bndbox><xmin>1684</xmin><ymin>207</ymin><xmax>2000</xmax><ymax>415</ymax></bndbox></object><object><name>traffic sign</name><pose>Unspecified</pose><truncated>0</truncated><difficult>0</difficult><bndbox><xmin>1872</xmin><ymin>283</ymin><xmax>1900</xmax><ymax>312</ymax></bndbox></object><object><name>car</name><pose>Unspecified</pose><truncated>0</truncated><difficult>0</difficult><bndbox><xmin>1881</xmin><ymin>380</ymin><xmax>1926</xmax><ymax>419</ymax></bndbox></object><object><name>license plate</name><pose>Unspecified</pose><truncated>0</truncated><difficult>0</difficult><bndbox><xmin>1901</xmin><ymin>404</ymin><xmax>1913</xmax><ymax>407</ymax></bndbox></object><object><name>sidewalk</name><pose>Unspecified</pose><truncated>0</truncated><difficult>0</difficult><bndbox><xmin>1814</xmin><ymin>379</ymin><xmax>2047</xmax><ymax>441</ymax></bndbox></object><object><name>car</name><pose>Unspecified</pose><truncated>0</truncated><difficult>0</difficult><bndbox><xmin>1886</xmin><ymin>391</ymin><xmax>1940</xmax><ymax>423</ymax></bndbox></object><object><name>person</name><pose>Unspecified</pose><truncated>0</truncated><difficult>0</difficult><bndbox><xmin>1795</xmin><ymin>388</ymin><xmax>1807</xmax><ymax>413</ymax></bndbox></object><object><name>car</name><pose>Unspecified</pose><truncated>0</truncated><difficult>0</difficult><bndbox><xmin>1824</xmin><ymin>386</ymin><xmax>1876</xmax><ymax>420</ymax></bndbox></object><object><name>building</name><pose>Unspecified</pose><truncated>0</truncated><difficult>0</difficult><bndbox><xmin>1905</xmin><ymin>0</ymin><xmax>2047</xmax><ymax>434</ymax></bndbox></object><object><name>license plate</name><pose>Unspecified</pose><truncated>0</truncated><difficult>0</difficult><bndbox><xmin>1837</xmin><ymin>410</ymin><xmax>1850</xmax><ymax>413</ymax></bndbox></object><object><name>pole</name><pose>Unspecified</pose><truncated>0</truncated><difficult>0</difficult><bndbox><xmin>1869</xmin><ymin>75</ymin><xmax>1921</xmax><ymax>436</ymax></bndbox></object><object><name>static</name><pose>Unspecified</pose><truncated>0</truncated><difficult>0</difficult><bndbox><xmin>1980</xmin><ymin>185</ymin><xmax>2019</xmax><ymax>229</ymax></bndbox></object><object><name>pole</name><pose>Unspecified</pose><truncated>0</truncated><difficult>0</difficult><bndbox><xmin>1984</xmin><ymin>168</ymin><xmax>2009</xmax><ymax>436</ymax></bndbox></object><object><name>traffic light</name><pose>Unspecified</pose><truncated>0</truncated><difficult>0</difficult><bndbox><xmin>1982</xmin><ymin>231</ymin><xmax>2011</xmax><ymax>278</ymax></bndbox></object><object><name>traffic sign</name><pose>Unspecified</pose><truncated>0</truncated><difficult>0</difficult><bndbox><xmin>2021</xmin><ymin>220</ymin><xmax>2047</xmax><ymax>266</ymax></bndbox></object><object><name>building</name><pose>Unspecified</pose><truncated>0</truncated><difficult>0</difficult><bndbox><xmin>2029</xmin><ymin>202</ymin><xmax>2047</xmax><ymax>434</ymax></bndbox></object><object><name>person</name><pose>Unspecified</pose><truncated>0</truncated><difficult>0</difficult><bndbox><xmin>1935</xmin><ymin>338</ymin><xmax>1967</xmax><ymax>437</ymax></bndbox></object><object><name>static</name><pose>Unspecified</pose><truncated>0</truncated><difficult>0</difficult><bndbox><xmin>1583</xmin><ymin>292</ymin><xmax>1630</xmax><ymax>306</ymax></bndbox></object><object><name>static</name><pose>Unspecified</pose><truncated>0</truncated><difficult>0</difficult><bndbox><xmin>1582</xmin><ymin>307</ymin><xmax>1631</xmax><ymax>324</ymax></bndbox></object><object><name>static</name><pose>Unspecified</pose><truncated>0</truncated><difficult>0</difficult><bndbox><xmin>1582</xmin><ymin>324</ymin><xmax>1629</xmax><ymax>345</ymax></bndbox></object><object><name>pole</name><pose>Unspecified</pose><truncated>0</truncated><difficult>0</difficult><bndbox><xmin>1697</xmin><ymin>294</ymin><xmax>1705</xmax><ymax>395</ymax></bndbox></object><object><name>pole</name><pose>Unspecified</pose><truncated>0</truncated><difficult>0</difficult><bndbox><xmin>1601</xmin><ymin>342</ymin><xmax>1607</xmax><ymax>386</ymax></bndbox></object><object><name>pole</name><pose>Unspecified</pose><truncated>0</truncated><difficult>0</difficult><bndbox><xmin>1612</xmin><ymin>340</ymin><xmax>1617</xmax><ymax>380</ymax></bndbox></object><object><name>static</name><pose>Unspecified</pose><truncated>0</truncated><difficult>0</difficult><bndbox><xmin>1419</xmin><ymin>368</ymin><xmax>1435</xmax><ymax>397</ymax></bndbox></object><object><name>static</name><pose>Unspecified</pose><truncated>0</truncated><difficult>0</difficult><bndbox><xmin>1607</xmin><ymin>343</ymin><xmax>1621</xmax><ymax>359</ymax></bndbox></object><object><name>vegetation</name><pose>Unspecified</pose><truncated>0</truncated><difficult>0</difficult><bndbox><xmin>950</xmin><ymin>0</ymin><xmax>1790</xmax><ymax>419</ymax></bndbox></object><object><name>car</name><pose>Unspecified</pose><truncated>0</truncated><difficult>0</difficult><bndbox><xmin>1668</xmin><ymin>375</ymin><xmax>1738</xmax><ymax>420</ymax></bndbox></object><object><name>car</name><pose>Unspecified</pose><truncated>0</truncated><difficult>0</difficult><bndbox><xmin>936</xmin><ymin>361</ymin><xmax>1022</xmax><ymax>435</ymax></bndbox></object><object><name>car</name><pose>Unspecified</pose><truncated>0</truncated><difficult>0</difficult><bndbox><xmin>1580</xmin><ymin>366</ymin><xmax>1671</xmax><ymax>423</ymax></bndbox></object><object><name>license plate</name><pose>Unspecified</pose><truncated>0</truncated><difficult>0</difficult><bndbox><xmin>1596</xmin><ymin>402</ymin><xmax>1618</xmax><ymax>406</ymax></bndbox></object><object><name>license plate</name><pose>Unspecified</pose><truncated>0</truncated><difficult>0</difficult><bndbox><xmin>1683</xmin><ymin>405</ymin><xmax>1697</xmax><ymax>409</ymax></bndbox></object><object><name>static</name><pose>Unspecified</pose><truncated>0</truncated><difficult>0</difficult><bndbox><xmin>1531</xmin><ymin>395</ymin><xmax>1545</xmax><ymax>415</ymax></bndbox></object><object><name>car</name><pose>Unspecified</pose><truncated>0</truncated><difficult>0</difficult><bndbox><xmin>1238</xmin><ymin>333</ymin><xmax>1403</xmax><ymax>436</ymax></bndbox></object><object><name>car</name><pose>Unspecified</pose><truncated>0</truncated><difficult>0</difficult><bndbox><xmin>1011</xmin><ymin>280</ymin><xmax>1296</xmax><ymax>588</ymax></bndbox></object><object><name>vegetation</name><pose>Unspecified</pose><truncated>0</truncated><difficult>0</difficult><bndbox><xmin>799</xmin><ymin>298</ymin><xmax>868</xmax><ymax>379</ymax></bndbox></object><object><name>license plate</name><pose>Unspecified</pose><truncated>0</truncated><difficult>0</difficult><bndbox><xmin>1105</xmin><ymin>463</ymin><xmax>1197</xmax><ymax>486</ymax></bndbox></object><object><name>static</name><pose>Unspecified</pose><truncated>0</truncated><difficult>0</difficult><bndbox><xmin>906</xmin><ymin>199</ymin><xmax>952</xmax><ymax>247</ymax></bndbox></object><object><name>pole</name><pose>Unspecified</pose><truncated>0</truncated><difficult>0</difficult><bndbox><xmin>919</xmin><ymin>85</ymin><xmax>1299</xmax><ymax>364</ymax></bndbox></object><object><name>traffic light</name><pose>Unspecified</pose><truncated>0</truncated><difficult>0</difficult><bndbox><xmin>929</xmin><ymin>248</ymin><xmax>958</xmax><ymax>301</ymax></bndbox></object><object><name>traffic light</name><pose>Unspecified</pose><truncated>0</truncated><difficult>0</difficult><bndbox><xmin>905</xmin><ymin>247</ymin><xmax>934</xmax><ymax>302</ymax></bndbox></object><object><name>pole</name><pose>Unspecified</pose><truncated>0</truncated><difficult>0</difficult><bndbox><xmin>843</xmin><ymin>29</ymin><xmax>898</xmax><ymax>363</ymax></bndbox></object><object><name>car</name><pose>Unspecified</pose><truncated>0</truncated><difficult>0</difficult><bndbox><xmin>697</xmin><ymin>334</ymin><xmax>997</xmax><ymax>515</ymax></bndbox></object><object><name>traffic light</name><pose>Unspecified</pose><truncated>0</truncated><difficult>0</difficult><bndbox><xmin>237</xmin><ymin>215</ymin><xmax>278</xmax><ymax>247</ymax></bndbox></object><object><name>bus</name><pose>Unspecified</pose><truncated>0</truncated><difficult>0</difficult><bndbox><xmin>0</xmin><ymin>218</ymin><xmax>386</xmax><ymax>477</ymax></bndbox></object><object><name>sidewalk</name><pose>Unspecified</pose><truncated>0</truncated><difficult>0</difficult><bndbox><xmin>0</xmin><ymin>558</ymin><xmax>164</xmax><ymax>714</ymax></bndbox></object><object><name>sidewalk</name><pose>Unspecified</pose><truncated>0</truncated><difficult>0</difficult><bndbox><xmin>1830</xmin><ymin>501</ymin><xmax>2047</xmax><ymax>663</ymax></bndbox></object><object><name>license plate</name><pose>Unspecified</pose><truncated>0</truncated><difficult>0</difficult><bndbox><xmin>747</xmin><ymin>464</ymin><xmax>804</xmax><ymax>478</ymax></bndbox></object><object><name>static</name><pose>Unspecified</pose><truncated>0</truncated><difficult>0</difficult><bndbox><xmin>1869</xmin><ymin>103</ymin><xmax>1903</xmax><ymax>126</ymax></bndbox></object><object><name>static</name><pose>Unspecified</pose><truncated>0</truncated><difficult>0</difficult><bndbox><xmin>864</xmin><ymin>57</ymin><xmax>898</xmax><ymax>81</ymax></bndbox></object><object><name>building</name><pose>Unspecified</pose><truncated>0</truncated><difficult>0</difficult><bndbox><xmin>1459</xmin><ymin>297</ymin><xmax>1500</xmax><ymax>359</ymax></bndbox></object><object><name>ego vehicle</name><pose>Unspecified</pose><truncated>0</truncated><difficult>0</difficult><bndbox><xmin>271</xmin><ymin>844</ymin><xmax>2028</xmax><ymax>1023</ymax></bndbox></object><object><name>out of roi</name><pose>Unspecified</pose><truncated>0</truncated><difficult>0</difficult><bndbox><xmin>0</xmin><ymin>0</ymin><xmax>2048</xmax><ymax>1024</ymax></bndbox></object></annotation>