{"imgHeight": 1024, "imgWidth": 2048, "objects": [{"label": "road", "bounding_box": [0, 458, 2047, 1023]}, {"label": "sidewalk", "bounding_box": [0, 505, 944, 1023]}, {"label": "sidewalk", "bounding_box": [1071, 465, 2047, 887]}, {"label": "sky", "bounding_box": [705, 0, 1409, 326]}, {"label": "building", "bounding_box": [0, 0, 2047, 731]}, {"label": "sidewalk", "bounding_box": [1038, 528, 1165, 550]}, {"label": "static", "bounding_box": [891, 477, 898, 502]}, {"label": "pole", "bounding_box": [966, 376, 972, 508]}, {"label": "car", "bounding_box": [965, 507, 998, 538]}, {"label": "pole", "bounding_box": [980, 396, 1000, 513]}, {"label": "car", "bounding_box": [928, 504, 961, 536]}, {"label": "car", "bounding_box": [856, 499, 891, 536]}, {"label": "car", "bounding_box": [878, 496, 944, 538]}, {"label": "static", "bounding_box": [888, 504, 903, 536]}, {"label": "static", "bounding_box": [873, 452, 885, 470]}, {"label": "pole", "bounding_box": [874, 442, 880, 534]}, {"label": "motorcycle", "bounding_box": [952, 513, 975, 538]}, {"label": "rider", "bounding_box": [952, 494, 971, 538]}, {"label": "pole", "bounding_box": [1033, 483, 1038, 515]}, {"label": "traffic sign", "bounding_box": [1029, 473, 1042, 487]}, {"label": "car", "bounding_box": [982, 505, 1041, 540]}, {"label": "vegetation", "bounding_box": [1054, 377, 1280, 545]}, {"label": "wall", "bounding_box": [1045, 511, 1166, 540]}, {"label": "pole", "bounding_box": [1175, 420, 1180, 467]}, {"label": "traffic sign", "bounding_box": [1162, 420, 1178, 442]}, {"label": "traffic sign", "bounding_box": [1178, 420, 1193, 441]}, {"label": "car", "bounding_box": [1122, 466, 1267, 571]}, {"label": "rider", "bounding_box": [1066, 467, 1101, 545]}, {"label": "pole", "bounding_box": [853, 478, 860, 558]}, {"label": "pole", "bounding_box": [778, 473, 789, 586]}, {"label": "vegetation", "bounding_box": [360, 256, 637, 507]}, {"label": "vegetation", "bounding_box": [328, 436, 666, 601]}, {"label": "terrain", "bounding_box": [324, 586, 511, 627]}, {"label": "fence", "bounding_box": [331, 435, 495, 587]}, {"label": "static", "bounding_box": [461, 240, 546, 309]}, {"label": "pole", "bounding_box": [508, 306, 533, 613]}, {"label": "car", "bounding_box": [105, 375, 192, 625]}, {"label": "license plate", "bounding_box": [113, 535, 169, 571]}, {"label": "license plate", "bounding_box": [1184, 503, 1226, 515]}, {"label": "pole", "bounding_box": [374, 456, 415, 773]}, {"label": "dynamic", "bounding_box": [1875, 500, 2007, 670]}, {"label": "pole", "bounding_box": [1095, 344, 1121, 540]}, {"label": "static", "bounding_box": [755, 335, 769, 381]}, {"label": "pole", "bounding_box": [847, 224, 897, 534]}, {"label": "pole", "bounding_box": [744, 4, 827, 551]}, {"label": "pole", "bounding_box": [734, 467, 748, 604]}, {"label": "bicycle", "bounding_box": [1083, 503, 1090, 550]}, {"label": "static", "bounding_box": [857, 448, 862, 477]}, {"label": "license plate", "bounding_box": [914, 524, 929, 528]}, {"label": "license plate", "bounding_box": [1015, 520, 1028, 523]}, {"label": "static", "bounding_box": [785, 42, 827, 83]}, {"label": "static", "bounding_box": [869, 244, 897, 267]}, {"label": "static", "bounding_box": [1095, 358, 1112, 372]}, {"label": "static", "bounding_box": [981, 406, 993, 416]}, {"label": "sky", "bounding_box": [1275, 3, 1307, 38]}, {"label": "vegetation", "bounding_box": [962, 373, 986, 414]}, {"label": "ego vehicle", "bounding_box": [271, 844, 2028, 1023]}, {"label": "out of roi", "bounding_box": [0, 0, 2048, 1024]}]}