{"imgHeight": 1024, "imgWidth": 2048, "objects": [{"label": "sky", "bounding_box": [0, 0, 2047, 375]}, {"label": "road", "bounding_box": [0, 416, 2047, 1023]}, {"label": "ground", "bounding_box": [0, 465, 880, 553]}, {"label": "sidewalk", "bounding_box": [483, 467, 866, 485]}, {"label": "sidewalk", "bounding_box": [1249, 499, 2047, 646]}, {"label": "terrain", "bounding_box": [1183, 473, 1570, 534]}, {"label": "vegetation", "bounding_box": [0, 0, 1636, 446]}, {"label": "car", "bounding_box": [1389, 435, 1412, 454]}, {"label": "person", "bounding_box": [1560, 424, 1568, 439]}, {"label": "building", "bounding_box": [1112, 164, 1183, 242]}, {"label": "car", "bounding_box": [1403, 428, 1461, 467]}, {"label": "fence", "bounding_box": [1650, 435, 1690, 463]}, {"label": "building", "bounding_box": [1681, 267, 2017, 461]}, {"label": "wall", "bounding_box": [0, 403, 805, 463]}, {"label": "person", "bounding_box": [1792, 419, 1803, 452]}, {"label": "sidewalk", "bounding_box": [0, 447, 880, 486]}, {"label": "fence", "bounding_box": [0, 404, 126, 458]}, {"label": "person", "bounding_box": [1594, 424, 1605, 440]}, {"label": "fence", "bounding_box": [805, 420, 901, 456]}, {"label": "fence", "bounding_box": [1132, 432, 1284, 456]}, {"label": "fence", "bounding_box": [1232, 429, 1265, 447]}, {"label": "vegetation", "bounding_box": [1160, 0, 1692, 450]}, {"label": "terrain", "bounding_box": [1559, 452, 1696, 483]}, {"label": "sidewalk", "bounding_box": [1437, 443, 2047, 513]}, {"label": "static", "bounding_box": [1702, 432, 1819, 481]}, {"label": "cargroup", "bounding_box": [1559, 431, 1620, 463]}, {"label": "car", "bounding_box": [230, 386, 392, 462]}, {"label": "pole", "bounding_box": [186, 110, 202, 455]}, {"label": "pole", "bounding_box": [380, 0, 428, 509]}, {"label": "pole", "bounding_box": [392, 155, 414, 527]}, {"label": "pole", "bounding_box": [602, 0, 633, 481]}, {"label": "pole", "bounding_box": [678, 254, 690, 483]}, {"label": "pole", "bounding_box": [802, 83, 820, 454]}, {"label": "pole", "bounding_box": [866, 277, 874, 441]}, {"label": "sidewalk", "bounding_box": [1145, 443, 1283, 460]}, {"label": "pole", "bounding_box": [1037, 167, 1051, 392]}, {"label": "pole", "bounding_box": [1073, 266, 1081, 380]}, {"label": "pole", "bounding_box": [1159, 289, 1166, 448]}, {"label": "pole", "bounding_box": [1311, 245, 1321, 486]}, {"label": "truck", "bounding_box": [1839, 393, 1971, 440]}, {"label": "pole", "bounding_box": [1613, 378, 1619, 467]}, {"label": "pole", "bounding_box": [1606, 341, 1611, 432]}, {"label": "pole", "bounding_box": [1590, 397, 1594, 464]}, {"label": "pole", "bounding_box": [1673, 413, 1677, 454]}, {"label": "pole", "bounding_box": [1567, 361, 1573, 480]}, {"label": "pole", "bounding_box": [1643, 439, 1647, 491]}, {"label": "pole", "bounding_box": [1585, 438, 1590, 489]}, {"label": "wall", "bounding_box": [1145, 430, 1226, 449]}, {"label": "pole", "bounding_box": [1534, 437, 1548, 488]}, {"label": "pole", "bounding_box": [1804, 0, 1844, 497]}, {"label": "pole", "bounding_box": [1428, 162, 1458, 547]}, {"label": "wall", "bounding_box": [1858, 423, 2047, 460]}, {"label": "static", "bounding_box": [1299, 424, 1337, 481]}, {"label": "person", "bounding_box": [0, 380, 21, 454]}, {"label": "car", "bounding_box": [870, 320, 1169, 598]}, {"label": "person", "bounding_box": [1148, 420, 1160, 446]}, {"label": "bicycle", "bounding_box": [1223, 432, 1245, 478]}, {"label": "rider", "bounding_box": [1220, 398, 1248, 467]}, {"label": "person", "bounding_box": [1320, 346, 1365, 535]}, {"label": "pole", "bounding_box": [717, 334, 727, 471]}, {"label": "person", "bounding_box": [1345, 322, 1425, 551]}, {"label": "person", "bounding_box": [1460, 345, 1522, 529]}, {"label": "bicycle", "bounding_box": [1878, 437, 1890, 466]}, {"label": "bicycle", "bounding_box": [1849, 436, 1858, 460]}, {"label": "rider", "bounding_box": [1873, 411, 1895, 460]}, {"label": "rider", "bounding_box": [1845, 418, 1861, 436]}, {"label": "person", "bounding_box": [1834, 416, 1849, 455]}, {"label": "persongroup", "bounding_box": [1519, 425, 1536, 442]}, {"label": "traffic light", "bounding_box": [409, 183, 463, 259]}, {"label": "traffic light", "bounding_box": [1383, 179, 1443, 258]}, {"label": "traffic light", "bounding_box": [1715, 200, 1764, 296]}, {"label": "traffic light", "bounding_box": [1787, 89, 1892, 255]}, {"label": "traffic sign", "bounding_box": [388, 135, 443, 176]}, {"label": "traffic sign", "bounding_box": [1624, 338, 1672, 381]}, {"label": "traffic sign", "bounding_box": [687, 309, 720, 356]}, {"label": "traffic sign", "bounding_box": [720, 296, 734, 308]}, {"label": "traffic sign", "bounding_box": [714, 307, 732, 339]}, {"label": "traffic sign", "bounding_box": [1449, 69, 1498, 101]}, {"label": "vegetation", "bounding_box": [1561, 147, 1734, 479]}, {"label": "traffic sign", "bounding_box": [1449, 97, 1505, 127]}, {"label": "traffic sign", "bounding_box": [1449, 133, 1498, 155]}, {"label": "traffic sign", "bounding_box": [1449, 150, 1497, 176]}, {"label": "traffic sign", "bounding_box": [1411, 109, 1484, 180]}, {"label": "traffic sign", "bounding_box": [1564, 351, 1573, 363]}, {"label": "traffic sign", "bounding_box": [1563, 312, 1575, 351]}, {"label": "traffic sign", "bounding_box": [1560, 352, 1596, 397]}, {"label": "traffic sign", "bounding_box": [1608, 350, 1623, 380]}, {"label": "traffic sign", "bounding_box": [1596, 377, 1621, 398]}, {"label": "pole", "bounding_box": [1693, 120, 1724, 523]}, {"label": "traffic sign", "bounding_box": [1577, 371, 1605, 395]}, {"label": "static", "bounding_box": [1651, 376, 1678, 418]}, {"label": "traffic sign", "bounding_box": [1513, 402, 1521, 422]}, {"label": "traffic sign", "bounding_box": [1512, 395, 1521, 403]}, {"label": "traffic light", "bounding_box": [1505, 367, 1515, 378]}, {"label": "static", "bounding_box": [655, 272, 683, 329]}, {"label": "pole", "bounding_box": [425, 306, 431, 400]}, {"label": "traffic sign", "bounding_box": [425, 333, 436, 358]}, {"label": "static", "bounding_box": [429, 314, 441, 343]}, {"label": "bus", "bounding_box": [1904, 402, 1990, 426]}, {"label": "static", "bounding_box": [1414, 264, 1438, 293]}, {"label": "ground", "bounding_box": [1936, 451, 2047, 464]}, {"label": "static", "bounding_box": [406, 261, 434, 289]}, {"label": "traffic sign", "bounding_box": [1927, 378, 1950, 397]}, {"label": "pole", "bounding_box": [1834, 440, 1840, 497]}, {"label": "pole", "bounding_box": [1943, 441, 1950, 497]}, {"label": "pole", "bounding_box": [1936, 399, 1940, 459]}, {"label": "pole", "bounding_box": [1968, 324, 1982, 470]}, {"label": "pole", "bounding_box": [1901, 375, 1905, 429]}, {"label": "pole", "bounding_box": [1955, 280, 1966, 466]}, {"label": "static", "bounding_box": [1987, 297, 2047, 424]}, {"label": "static", "bounding_box": [1963, 294, 1970, 357]}, {"label": "static", "bounding_box": [428, 354, 450, 410]}, {"label": "pole", "bounding_box": [1569, 267, 1583, 470]}, {"label": "traffic sign", "bounding_box": [1599, 400, 1616, 409]}, {"label": "vegetation", "bounding_box": [1851, 281, 1894, 297]}, {"label": "static", "bounding_box": [1907, 440, 1921, 466]}, {"label": "terrain", "bounding_box": [1727, 465, 1804, 480]}, {"label": "terrain", "bounding_box": [1947, 458, 2047, 476]}, {"label": "car", "bounding_box": [2008, 429, 2047, 455]}, {"label": "wall", "bounding_box": [1789, 452, 1807, 481]}, {"label": "static", "bounding_box": [1038, 290, 1072, 301]}, {"label": "pole", "bounding_box": [1765, 0, 1807, 570]}, {"label": "traffic light", "bounding_box": [1755, 129, 1794, 208]}, {"label": "static", "bounding_box": [1780, 208, 1809, 240]}, {"label": "static", "bounding_box": [606, 283, 632, 314]}, {"label": "traffic light", "bounding_box": [1996, 0, 2047, 76]}, {"label": "static", "bounding_box": [601, 282, 620, 297]}, {"label": "license plate", "bounding_box": [976, 489, 1065, 514]}, {"label": "ego vehicle", "bounding_box": [271, 844, 2028, 1023]}, {"label": "out of roi", "bounding_box": [0, 0, 2048, 1024]}]}