{"imgHeight": 1024, "imgWidth": 2048, "objects": [{"label": "traffic sign", "bounding_box": [954, 362, 978, 383]}, {"label": "sky", "bounding_box": [435, 0, 1100, 323]}, {"label": "building", "bounding_box": [0, 0, 2047, 479]}, {"label": "road", "bounding_box": [0, 447, 2047, 1023]}, {"label": "ground", "bounding_box": [541, 459, 1001, 519]}, {"label": "sidewalk", "bounding_box": [900, 417, 1013, 487]}, {"label": "sky", "bounding_box": [744, 0, 959, 184]}, {"label": "vegetation", "bounding_box": [0, 0, 965, 451]}, {"label": "building", "bounding_box": [819, 285, 919, 434]}, {"label": "building", "bounding_box": [718, 229, 772, 435]}, {"label": "building", "bounding_box": [759, 220, 824, 428]}, {"label": "pole", "bounding_box": [832, 304, 853, 414]}, {"label": "static", "bounding_box": [827, 382, 843, 396]}, {"label": "traffic sign", "bounding_box": [924, 298, 952, 330]}, {"label": "pole", "bounding_box": [744, 390, 747, 425]}, {"label": "traffic sign", "bounding_box": [905, 291, 962, 305]}, {"label": "traffic sign", "bounding_box": [918, 337, 928, 358]}, {"label": "parking", "bounding_box": [566, 443, 817, 486]}, {"label": "car", "bounding_box": [935, 414, 950, 424]}, {"label": "car", "bounding_box": [941, 417, 968, 456]}, {"label": "car", "bounding_box": [943, 423, 962, 457]}, {"label": "car", "bounding_box": [926, 417, 957, 458]}, {"label": "car", "bounding_box": [852, 400, 924, 471]}, {"label": "pole", "bounding_box": [868, 135, 922, 473]}, {"label": "traffic sign", "bounding_box": [906, 328, 929, 368]}, {"label": "person", "bounding_box": [912, 395, 945, 474]}, {"label": "terrain", "bounding_box": [680, 452, 711, 476]}, {"label": "car", "bounding_box": [880, 420, 915, 473]}, {"label": "car", "bounding_box": [811, 411, 847, 441]}, {"label": "car", "bounding_box": [807, 417, 906, 478]}, {"label": "license plate", "bounding_box": [832, 457, 857, 466]}, {"label": "car", "bounding_box": [755, 411, 807, 461]}, {"label": "terrain", "bounding_box": [753, 444, 770, 465]}, {"label": "license plate", "bounding_box": [756, 440, 771, 446]}, {"label": "car", "bounding_box": [721, 420, 761, 467]}, {"label": "car", "bounding_box": [672, 415, 738, 473]}, {"label": "license plate", "bounding_box": [683, 440, 700, 446]}, {"label": "car", "bounding_box": [643, 421, 689, 478]}, {"label": "car", "bounding_box": [578, 403, 656, 482]}, {"label": "car", "bounding_box": [537, 414, 628, 486]}, {"label": "pole", "bounding_box": [880, 351, 885, 475]}, {"label": "traffic sign", "bounding_box": [870, 311, 889, 354]}, {"label": "terrain", "bounding_box": [537, 554, 629, 592]}, {"label": "static", "bounding_box": [739, 366, 752, 392]}, {"label": "pole", "bounding_box": [488, 224, 500, 395]}, {"label": "traffic sign", "bounding_box": [408, 222, 487, 305]}, {"label": "car", "bounding_box": [34, 444, 105, 467]}, {"label": "car", "bounding_box": [203, 383, 597, 572]}, {"label": "car", "bounding_box": [34, 444, 105, 467]}, {"label": "car", "bounding_box": [63, 421, 549, 655]}, {"label": "car", "bounding_box": [0, 428, 374, 721]}, {"label": "traffic sign", "bounding_box": [954, 361, 971, 383]}, {"label": "pole", "bounding_box": [961, 281, 970, 462]}, {"label": "pole", "bounding_box": [974, 303, 983, 473]}, {"label": "traffic sign", "bounding_box": [965, 318, 989, 357]}, {"label": "rider", "bounding_box": [969, 385, 1037, 537]}, {"label": "motorcycle", "bounding_box": [990, 461, 1044, 537]}, {"label": "motorcycle", "bounding_box": [978, 442, 987, 453]}, {"label": "bus", "bounding_box": [1067, 267, 2047, 525]}, {"label": "person", "bounding_box": [1013, 386, 1108, 549]}, {"label": "terrain", "bounding_box": [1122, 523, 1690, 565]}, {"label": "pole", "bounding_box": [1212, 173, 1218, 542]}, {"label": "static", "bounding_box": [1164, 217, 1188, 310]}, {"label": "pole", "bounding_box": [1178, 214, 1184, 511]}, {"label": "traffic sign", "bounding_box": [1208, 173, 1321, 207]}, {"label": "static", "bounding_box": [1214, 209, 1226, 245]}, {"label": "traffic sign", "bounding_box": [1195, 245, 1237, 290]}, {"label": "pole", "bounding_box": [1254, 452, 1263, 526]}, {"label": "pole", "bounding_box": [1340, 450, 1351, 529]}, {"label": "static", "bounding_box": [1390, 345, 1419, 406]}, {"label": "pole", "bounding_box": [1455, 446, 1485, 532]}, {"label": "pole", "bounding_box": [1403, 0, 1414, 524]}, {"label": "pole", "bounding_box": [1564, 442, 1577, 517]}, {"label": "vegetation", "bounding_box": [1224, 424, 1658, 550]}, {"label": "static", "bounding_box": [1611, 499, 1683, 540]}, {"label": "pole", "bounding_box": [1697, 444, 1705, 490]}, {"label": "car", "bounding_box": [1671, 364, 2047, 613]}, {"label": "car", "bounding_box": [1809, 360, 2047, 597]}, {"label": "car", "bounding_box": [1833, 291, 2047, 786]}, {"label": "license plate", "bounding_box": [1676, 513, 1699, 542]}, {"label": "license plate", "bounding_box": [1814, 536, 1847, 561]}, {"label": "static", "bounding_box": [868, 157, 906, 180]}, {"label": "static", "bounding_box": [1153, 507, 1211, 546]}, {"label": "ego vehicle", "bounding_box": [271, 844, 2028, 1023]}, {"label": "out of roi", "bounding_box": [0, 0, 2048, 1024]}]}