{"imgHeight": 1024, "imgWidth": 2048, "objects": [{"label": "sky", "bounding_box": [35, 0, 1305, 389]}, {"label": "road", "bounding_box": [0, 336, 2047, 1023]}, {"label": "building", "bounding_box": [0, 0, 2047, 682]}, {"label": "sidewalk", "bounding_box": [1230, 475, 2047, 705]}, {"label": "dynamic", "bounding_box": [1172, 112, 1236, 131]}, {"label": "sidewalk", "bounding_box": [1147, 455, 1407, 467]}, {"label": "pole", "bounding_box": [879, 387, 882, 448]}, {"label": "pole", "bounding_box": [869, 393, 879, 428]}, {"label": "traffic light", "bounding_box": [844, 391, 849, 410]}, {"label": "traffic sign", "bounding_box": [881, 390, 889, 399]}, {"label": "traffic light", "bounding_box": [882, 404, 889, 418]}, {"label": "person", "bounding_box": [919, 419, 927, 447]}, {"label": "ground", "bounding_box": [880, 439, 943, 466]}, {"label": "person", "bounding_box": [881, 420, 910, 467]}, {"label": "vegetation", "bounding_box": [968, 351, 1020, 426]}, {"label": "traffic sign", "bounding_box": [977, 397, 998, 420]}, {"label": "vegetation", "bounding_box": [921, 5, 1227, 454]}, {"label": "vegetation", "bounding_box": [0, 0, 143, 142]}, {"label": "pole", "bounding_box": [1000, 215, 1362, 490]}, {"label": "static", "bounding_box": [781, 386, 787, 401]}, {"label": "vegetation", "bounding_box": [252, 45, 780, 488]}, {"label": "person", "bounding_box": [545, 420, 551, 435]}, {"label": "static", "bounding_box": [782, 412, 804, 437]}, {"label": "static", "bounding_box": [747, 352, 767, 371]}, {"label": "static", "bounding_box": [742, 370, 772, 400]}, {"label": "pole", "bounding_box": [755, 357, 761, 424]}, {"label": "static", "bounding_box": [621, 409, 636, 427]}, {"label": "car", "bounding_box": [521, 426, 581, 461]}, {"label": "car", "bounding_box": [645, 428, 685, 462]}, {"label": "car", "bounding_box": [593, 429, 660, 472]}, {"label": "static", "bounding_box": [647, 431, 673, 458]}, {"label": "pole", "bounding_box": [659, 434, 661, 474]}, {"label": "traffic sign", "bounding_box": [999, 349, 1032, 383]}, {"label": "traffic sign", "bounding_box": [1028, 397, 1041, 411]}, {"label": "traffic sign", "bounding_box": [1046, 378, 1070, 409]}, {"label": "static", "bounding_box": [1102, 279, 1121, 361]}, {"label": "traffic sign", "bounding_box": [1100, 361, 1133, 367]}, {"label": "pole", "bounding_box": [1098, 358, 1102, 448]}, {"label": "traffic sign", "bounding_box": [1102, 377, 1119, 394]}, {"label": "traffic light", "bounding_box": [1086, 375, 1098, 393]}, {"label": "pole", "bounding_box": [1223, 434, 1227, 461]}, {"label": "pole", "bounding_box": [1232, 432, 1235, 462]}, {"label": "static", "bounding_box": [1284, 235, 1311, 439]}, {"label": "traffic sign", "bounding_box": [1282, 288, 1293, 307]}, {"label": "pole", "bounding_box": [1251, 272, 1273, 464]}, {"label": "traffic light", "bounding_box": [1271, 263, 1290, 296]}, {"label": "rail track", "bounding_box": [0, 484, 546, 557]}, {"label": "pole", "bounding_box": [1282, 432, 1287, 463]}, {"label": "pole", "bounding_box": [1316, 432, 1319, 464]}, {"label": "traffic light", "bounding_box": [1251, 367, 1270, 399]}, {"label": "rail track", "bounding_box": [0, 475, 806, 722]}, {"label": "pole", "bounding_box": [1334, 306, 1343, 481]}, {"label": "static", "bounding_box": [1327, 306, 1351, 337]}, {"label": "traffic light", "bounding_box": [1348, 303, 1366, 325]}, {"label": "traffic sign", "bounding_box": [1360, 294, 1400, 336]}, {"label": "traffic sign", "bounding_box": [1338, 272, 1368, 303]}, {"label": "traffic sign", "bounding_box": [1355, 333, 1382, 358]}, {"label": "terrain", "bounding_box": [0, 468, 709, 588]}, {"label": "traffic light", "bounding_box": [1326, 334, 1358, 388]}, {"label": "static", "bounding_box": [1317, 434, 1326, 455]}, {"label": "person", "bounding_box": [1357, 410, 1375, 479]}, {"label": "person", "bounding_box": [1379, 417, 1403, 479]}, {"label": "person", "bounding_box": [1532, 392, 1581, 520]}, {"label": "pole", "bounding_box": [1842, 173, 1873, 581]}, {"label": "traffic sign", "bounding_box": [1778, 25, 1977, 242]}, {"label": "car", "bounding_box": [1050, 420, 1214, 476]}, {"label": "car", "bounding_box": [1003, 427, 1031, 453]}, {"label": "car", "bounding_box": [934, 404, 972, 452]}, {"label": "car", "bounding_box": [955, 422, 1025, 470]}, {"label": "license plate", "bounding_box": [996, 446, 1010, 451]}, {"label": "license plate", "bounding_box": [941, 430, 952, 434]}, {"label": "traffic sign", "bounding_box": [903, 415, 907, 420]}, {"label": "traffic sign", "bounding_box": [903, 423, 909, 429]}, {"label": "pole", "bounding_box": [843, 388, 875, 425]}, {"label": "traffic light", "bounding_box": [742, 370, 772, 400]}, {"label": "car", "bounding_box": [671, 413, 808, 477]}, {"label": "car", "bounding_box": [789, 415, 897, 505]}, {"label": "license plate", "bounding_box": [820, 478, 852, 485]}, {"label": "pole", "bounding_box": [604, 325, 610, 486]}, {"label": "traffic sign", "bounding_box": [590, 297, 621, 329]}, {"label": "traffic light", "bounding_box": [584, 329, 632, 377]}, {"label": "car", "bounding_box": [451, 427, 585, 484]}, {"label": "pole", "bounding_box": [405, 298, 558, 470]}, {"label": "traffic sign", "bounding_box": [401, 345, 417, 363]}, {"label": "sidewalk", "bounding_box": [4, 468, 346, 497]}, {"label": "traffic light", "bounding_box": [410, 383, 425, 409]}, {"label": "static", "bounding_box": [391, 386, 404, 406]}, {"label": "person", "bounding_box": [377, 437, 388, 467]}, {"label": "static", "bounding_box": [34, 436, 114, 490]}, {"label": "static", "bounding_box": [139, 448, 178, 483]}, {"label": "pole", "bounding_box": [374, 118, 398, 467]}, {"label": "vegetation", "bounding_box": [33, 466, 263, 491]}, {"label": "bicycle", "bounding_box": [254, 463, 288, 490]}, {"label": "person", "bounding_box": [188, 432, 216, 488]}, {"label": "pole", "bounding_box": [102, 371, 109, 495]}, {"label": "traffic sign", "bounding_box": [68, 374, 120, 383]}, {"label": "traffic sign", "bounding_box": [109, 392, 117, 410]}, {"label": "traffic light", "bounding_box": [86, 391, 106, 416]}, {"label": "static", "bounding_box": [0, 385, 11, 411]}, {"label": "terrain", "bounding_box": [0, 490, 46, 511]}, {"label": "rider", "bounding_box": [257, 430, 284, 485]}, {"label": "license plate", "bounding_box": [611, 455, 632, 462]}, {"label": "traffic light", "bounding_box": [988, 199, 1014, 241]}, {"label": "traffic light", "bounding_box": [554, 291, 562, 320]}, {"label": "static", "bounding_box": [954, 114, 974, 131]}, {"label": "ego vehicle", "bounding_box": [271, 844, 2028, 1023]}, {"label": "out of roi", "bounding_box": [0, 0, 2048, 1024]}]}