{"imgHeight": 1024, "imgWidth": 2048, "objects": [{"label": "sky", "bounding_box": [0, 0, 2047, 373]}, {"label": "pole", "bounding_box": [899, 156, 916, 261]}, {"label": "building", "bounding_box": [0, 0, 2047, 731]}, {"label": "vegetation", "bounding_box": [787, 61, 932, 390]}, {"label": "static", "bounding_box": [1202, 371, 1217, 381]}, {"label": "vegetation", "bounding_box": [1468, 0, 1780, 318]}, {"label": "road", "bounding_box": [0, 411, 2047, 1023]}, {"label": "static", "bounding_box": [1308, 400, 1340, 448]}, {"label": "pole", "bounding_box": [1266, 418, 1270, 439]}, {"label": "sidewalk", "bounding_box": [1175, 409, 1358, 490]}, {"label": "wall", "bounding_box": [1661, 312, 2047, 596]}, {"label": "terrain", "bounding_box": [1343, 423, 2047, 692]}, {"label": "vegetation", "bounding_box": [1284, 294, 2047, 643]}, {"label": "vegetation", "bounding_box": [1134, 357, 1186, 419]}, {"label": "vegetation", "bounding_box": [1196, 387, 1295, 452]}, {"label": "pole", "bounding_box": [1216, 333, 1222, 423]}, {"label": "pole", "bounding_box": [1304, 363, 1314, 437]}, {"label": "vegetation", "bounding_box": [1194, 196, 1395, 357]}, {"label": "car", "bounding_box": [929, 414, 967, 446]}, {"label": "traffic sign", "bounding_box": [1266, 351, 1319, 371]}, {"label": "static", "bounding_box": [1327, 377, 1350, 388]}, {"label": "traffic sign", "bounding_box": [1324, 348, 1353, 377]}, {"label": "pole", "bounding_box": [1277, 419, 1281, 455]}, {"label": "pole", "bounding_box": [1303, 424, 1309, 464]}, {"label": "static", "bounding_box": [1461, 271, 1541, 362]}, {"label": "static", "bounding_box": [1484, 367, 1532, 484]}, {"label": "static", "bounding_box": [1598, 252, 1646, 319]}, {"label": "pole", "bounding_box": [1596, 224, 1655, 537]}, {"label": "vegetation", "bounding_box": [1761, 0, 2047, 424]}, {"label": "pole", "bounding_box": [967, 234, 980, 426]}, {"label": "traffic light", "bounding_box": [1214, 368, 1222, 387]}, {"label": "static", "bounding_box": [922, 377, 943, 393]}, {"label": "ground", "bounding_box": [0, 476, 870, 564]}, {"label": "static", "bounding_box": [965, 385, 971, 398]}, {"label": "truck", "bounding_box": [979, 264, 1147, 470]}, {"label": "car", "bounding_box": [955, 399, 1146, 561]}, {"label": "license plate", "bounding_box": [1019, 468, 1075, 483]}, {"label": "static", "bounding_box": [720, 376, 736, 405]}, {"label": "pole", "bounding_box": [729, 0, 745, 431]}, {"label": "fence", "bounding_box": [0, 403, 242, 553]}, {"label": "fence", "bounding_box": [235, 470, 287, 527]}, {"label": "car", "bounding_box": [795, 389, 893, 477]}, {"label": "fence", "bounding_box": [376, 455, 540, 539]}, {"label": "license plate", "bounding_box": [934, 434, 948, 439]}, {"label": "static", "bounding_box": [735, 385, 776, 486]}, {"label": "car", "bounding_box": [547, 397, 716, 536]}, {"label": "fence", "bounding_box": [684, 389, 876, 524]}, {"label": "traffic sign", "bounding_box": [694, 428, 748, 531]}, {"label": "traffic sign", "bounding_box": [758, 440, 792, 516]}, {"label": "traffic sign", "bounding_box": [826, 429, 852, 502]}, {"label": "traffic sign", "bounding_box": [911, 420, 926, 473]}, {"label": "traffic sign", "bounding_box": [925, 418, 942, 468]}, {"label": "license plate", "bounding_box": [569, 466, 596, 475]}, {"label": "dynamic", "bounding_box": [1596, 482, 1660, 537]}, {"label": "static", "bounding_box": [1534, 422, 1556, 498]}, {"label": "pole", "bounding_box": [1571, 236, 1586, 491]}, {"label": "traffic sign", "bounding_box": [1559, 280, 1602, 330]}, {"label": "wall", "bounding_box": [1755, 369, 1837, 432]}, {"label": "wall", "bounding_box": [1708, 447, 1752, 522]}, {"label": "pole", "bounding_box": [1294, 424, 1297, 460]}, {"label": "pole", "bounding_box": [1251, 374, 1254, 437]}, {"label": "traffic sign", "bounding_box": [1245, 368, 1258, 385]}, {"label": "pole", "bounding_box": [1248, 418, 1256, 438]}, {"label": "ego vehicle", "bounding_box": [271, 844, 2028, 1023]}, {"label": "out of roi", "bounding_box": [0, 0, 2048, 1024]}]}