{"imgHeight": 1024, "imgWidth": 2048, "objects": [{"label": "sky", "bounding_box": [0, 0, 2047, 424]}, {"label": "road", "bounding_box": [0, 390, 2047, 1023]}, {"label": "sidewalk", "bounding_box": [970, 425, 1048, 437]}, {"label": "sidewalk", "bounding_box": [232, 416, 465, 431]}, {"label": "rail track", "bounding_box": [0, 431, 594, 612]}, {"label": "building", "bounding_box": [0, 7, 99, 393]}, {"label": "building", "bounding_box": [336, 193, 636, 417]}, {"label": "building", "bounding_box": [831, 282, 1109, 418]}, {"label": "vegetation", "bounding_box": [0, 105, 609, 419]}, {"label": "sidewalk", "bounding_box": [0, 443, 301, 522]}, {"label": "sidewalk", "bounding_box": [995, 436, 2047, 588]}, {"label": "vegetation", "bounding_box": [678, 283, 882, 410]}, {"label": "vegetation", "bounding_box": [597, 96, 740, 411]}, {"label": "vegetation", "bounding_box": [1032, 291, 1064, 308]}, {"label": "vegetation", "bounding_box": [993, 163, 1192, 409]}, {"label": "car", "bounding_box": [523, 395, 562, 423]}, {"label": "car", "bounding_box": [1126, 398, 1178, 427]}, {"label": "ground", "bounding_box": [1012, 423, 1041, 430]}, {"label": "wall", "bounding_box": [0, 404, 228, 492]}, {"label": "terrain", "bounding_box": [927, 420, 1022, 437]}, {"label": "building", "bounding_box": [1160, 0, 2047, 578]}, {"label": "bus", "bounding_box": [0, 353, 283, 426]}, {"label": "truck", "bounding_box": [434, 379, 478, 425]}, {"label": "car", "bounding_box": [646, 398, 696, 444]}, {"label": "car", "bounding_box": [543, 401, 598, 448]}, {"label": "vegetation", "bounding_box": [927, 420, 1022, 437]}, {"label": "car", "bounding_box": [674, 391, 748, 450]}, {"label": "car", "bounding_box": [722, 401, 795, 462]}, {"label": "car", "bounding_box": [914, 400, 949, 423]}, {"label": "vegetation", "bounding_box": [53, 341, 162, 423]}, {"label": "car", "bounding_box": [571, 401, 654, 453]}, {"label": "car", "bounding_box": [967, 398, 993, 415]}, {"label": "car", "bounding_box": [967, 390, 1059, 426]}, {"label": "bicycle", "bounding_box": [953, 426, 975, 485]}, {"label": "bicycle", "bounding_box": [1038, 444, 1116, 608]}, {"label": "person", "bounding_box": [56, 385, 96, 488]}, {"label": "person", "bounding_box": [130, 387, 156, 485]}, {"label": "person", "bounding_box": [106, 387, 134, 489]}, {"label": "person", "bounding_box": [88, 387, 121, 485]}, {"label": "pole", "bounding_box": [583, 251, 588, 400]}, {"label": "pole", "bounding_box": [470, 307, 474, 386]}, {"label": "pole", "bounding_box": [554, 376, 559, 405]}, {"label": "pole", "bounding_box": [514, 317, 519, 418]}, {"label": "traffic sign", "bounding_box": [356, 231, 363, 420]}, {"label": "pole", "bounding_box": [663, 356, 669, 400]}, {"label": "pole", "bounding_box": [356, 231, 363, 420]}, {"label": "building", "bounding_box": [779, 368, 819, 401]}, {"label": "pole", "bounding_box": [42, 180, 70, 356]}, {"label": "pole", "bounding_box": [78, 200, 95, 350]}, {"label": "pole", "bounding_box": [149, 273, 157, 361]}, {"label": "pole", "bounding_box": [156, 138, 174, 419]}, {"label": "pole", "bounding_box": [163, 0, 182, 413]}, {"label": "pole", "bounding_box": [636, 366, 641, 402]}, {"label": "person", "bounding_box": [133, 392, 171, 490]}, {"label": "pole", "bounding_box": [781, 340, 787, 402]}, {"label": "pole", "bounding_box": [794, 181, 805, 401]}, {"label": "pole", "bounding_box": [818, 337, 825, 397]}, {"label": "pole", "bounding_box": [877, 180, 886, 397]}, {"label": "pole", "bounding_box": [883, 240, 894, 402]}, {"label": "pole", "bounding_box": [898, 366, 902, 399]}, {"label": "pole", "bounding_box": [913, 333, 918, 404]}, {"label": "person", "bounding_box": [167, 387, 216, 483]}, {"label": "car", "bounding_box": [868, 400, 926, 449]}, {"label": "pole", "bounding_box": [924, 326, 930, 401]}, {"label": "fence", "bounding_box": [357, 402, 411, 420]}, {"label": "pole", "bounding_box": [954, 96, 968, 402]}, {"label": "car", "bounding_box": [767, 397, 881, 489]}, {"label": "pole", "bounding_box": [1004, 378, 1009, 427]}, {"label": "pole", "bounding_box": [1156, 370, 1159, 439]}, {"label": "vegetation", "bounding_box": [1346, 326, 1500, 488]}, {"label": "rider", "bounding_box": [1036, 337, 1134, 590]}, {"label": "pole", "bounding_box": [1404, 0, 1453, 511]}, {"label": "pole", "bounding_box": [375, 322, 383, 434]}, {"label": "pole", "bounding_box": [404, 113, 418, 427]}, {"label": "pole", "bounding_box": [415, 166, 436, 440]}, {"label": "pole", "bounding_box": [324, 368, 329, 419]}, {"label": "traffic sign", "bounding_box": [0, 296, 12, 346]}, {"label": "static", "bounding_box": [106, 88, 139, 114]}, {"label": "static", "bounding_box": [296, 263, 318, 282]}, {"label": "traffic sign", "bounding_box": [319, 366, 329, 376]}, {"label": "traffic sign", "bounding_box": [318, 356, 331, 365]}, {"label": "traffic sign", "bounding_box": [319, 345, 331, 356]}, {"label": "traffic sign", "bounding_box": [317, 322, 332, 346]}, {"label": "traffic sign", "bounding_box": [411, 328, 437, 358]}, {"label": "traffic sign", "bounding_box": [663, 348, 678, 356]}, {"label": "traffic sign", "bounding_box": [657, 345, 673, 357]}, {"label": "traffic sign", "bounding_box": [666, 341, 678, 345]}, {"label": "building", "bounding_box": [770, 241, 781, 303]}, {"label": "traffic sign", "bounding_box": [667, 336, 676, 341]}, {"label": "traffic sign", "bounding_box": [776, 327, 831, 343]}, {"label": "traffic sign", "bounding_box": [773, 305, 831, 326]}, {"label": "traffic sign", "bounding_box": [772, 293, 832, 305]}, {"label": "traffic sign", "bounding_box": [776, 271, 832, 292]}, {"label": "traffic sign", "bounding_box": [744, 352, 758, 369]}, {"label": "traffic light", "bounding_box": [817, 346, 827, 357]}, {"label": "traffic sign", "bounding_box": [826, 344, 845, 365]}, {"label": "traffic sign", "bounding_box": [860, 333, 899, 342]}, {"label": "traffic sign", "bounding_box": [861, 325, 898, 333]}, {"label": "traffic sign", "bounding_box": [860, 314, 898, 324]}, {"label": "traffic sign", "bounding_box": [890, 365, 905, 381]}, {"label": "traffic sign", "bounding_box": [912, 353, 932, 374]}, {"label": "traffic sign", "bounding_box": [1066, 337, 1083, 365]}, {"label": "traffic sign", "bounding_box": [1148, 353, 1163, 379]}, {"label": "traffic sign", "bounding_box": [1263, 307, 1287, 337]}, {"label": "traffic sign", "bounding_box": [1246, 284, 1269, 292]}, {"label": "traffic sign", "bounding_box": [1243, 277, 1272, 284]}, {"label": "traffic sign", "bounding_box": [1265, 339, 1284, 351]}, {"label": "person", "bounding_box": [1273, 352, 1278, 468]}, {"label": "pole", "bounding_box": [1273, 352, 1278, 468]}, {"label": "person", "bounding_box": [746, 378, 775, 401]}, {"label": "person", "bounding_box": [283, 391, 296, 417]}, {"label": "person", "bounding_box": [326, 392, 339, 420]}, {"label": "person", "bounding_box": [342, 392, 355, 420]}, {"label": "person", "bounding_box": [359, 395, 367, 422]}, {"label": "traffic sign", "bounding_box": [414, 358, 435, 373]}, {"label": "traffic sign", "bounding_box": [1398, 282, 1433, 333]}, {"label": "wall", "bounding_box": [1499, 363, 2047, 561]}, {"label": "fence", "bounding_box": [1515, 167, 2047, 407]}, {"label": "train", "bounding_box": [1534, 0, 2047, 497]}, {"label": "vegetation", "bounding_box": [1534, 0, 2047, 497]}, {"label": "static", "bounding_box": [706, 54, 731, 76]}, {"label": "pole", "bounding_box": [62, 283, 156, 291]}, {"label": "traffic light", "bounding_box": [441, 346, 452, 371]}, {"label": "traffic light", "bounding_box": [452, 342, 463, 370]}, {"label": "traffic light", "bounding_box": [466, 345, 476, 375]}, {"label": "traffic light", "bounding_box": [370, 345, 379, 354]}, {"label": "traffic light", "bounding_box": [784, 352, 796, 374]}, {"label": "traffic light", "bounding_box": [778, 353, 787, 377]}, {"label": "traffic light", "bounding_box": [719, 353, 729, 367]}, {"label": "traffic light", "bounding_box": [731, 353, 742, 377]}, {"label": "traffic light", "bounding_box": [868, 350, 886, 376]}, {"label": "traffic light", "bounding_box": [1002, 368, 1011, 382]}, {"label": "traffic light", "bounding_box": [995, 370, 1003, 381]}, {"label": "traffic light", "bounding_box": [915, 331, 925, 341]}, {"label": "traffic light", "bounding_box": [465, 345, 474, 364]}, {"label": "rider", "bounding_box": [943, 391, 978, 477]}, {"label": "pole", "bounding_box": [490, 405, 496, 418]}, {"label": "static", "bounding_box": [488, 380, 498, 406]}, {"label": "license plate", "bounding_box": [815, 448, 846, 458]}, {"label": "pole", "bounding_box": [1031, 399, 1035, 424]}, {"label": "ground", "bounding_box": [0, 539, 430, 651]}, {"label": "static", "bounding_box": [114, 282, 125, 294]}, {"label": "person", "bounding_box": [760, 379, 775, 401]}, {"label": "static", "bounding_box": [420, 138, 430, 167]}, {"label": "vegetation", "bounding_box": [765, 361, 768, 402]}, {"label": "static", "bounding_box": [740, 355, 751, 403]}, {"label": "ego vehicle", "bounding_box": [271, 844, 2028, 1023]}, {"label": "out of roi", "bounding_box": [0, 0, 2048, 1024]}]}