{"imgHeight": 1024, "imgWidth": 2048, "objects": [{"label": "road", "bounding_box": [0, 522, 2047, 1023]}, {"label": "sky", "bounding_box": [66, 0, 1782, 467]}, {"label": "building", "bounding_box": [1046, 0, 2047, 531]}, {"label": "sidewalk", "bounding_box": [692, 514, 2047, 864]}, {"label": "building", "bounding_box": [0, 0, 1348, 595]}, {"label": "bus", "bounding_box": [637, 516, 737, 554]}, {"label": "vegetation", "bounding_box": [486, 305, 932, 565]}, {"label": "pole", "bounding_box": [637, 437, 641, 538]}, {"label": "pole", "bounding_box": [660, 440, 666, 532]}, {"label": "sidewalk", "bounding_box": [0, 558, 572, 700]}, {"label": "pole", "bounding_box": [706, 513, 714, 551]}, {"label": "pole", "bounding_box": [481, 472, 586, 552]}, {"label": "traffic light", "bounding_box": [581, 464, 594, 480]}, {"label": "pole", "bounding_box": [584, 465, 693, 560]}, {"label": "car", "bounding_box": [764, 524, 805, 552]}, {"label": "traffic light", "bounding_box": [683, 509, 699, 529]}, {"label": "terrain", "bounding_box": [1324, 513, 2047, 585]}, {"label": "pole", "bounding_box": [484, 471, 585, 488]}, {"label": "traffic sign", "bounding_box": [683, 495, 696, 507]}, {"label": "pole", "bounding_box": [768, 503, 772, 559]}, {"label": "terrain", "bounding_box": [1205, 557, 1671, 592]}, {"label": "traffic sign", "bounding_box": [757, 484, 781, 509]}, {"label": "terrain", "bounding_box": [898, 523, 1217, 563]}, {"label": "car", "bounding_box": [829, 524, 865, 544]}, {"label": "pole", "bounding_box": [840, 481, 845, 559]}, {"label": "car", "bounding_box": [845, 516, 909, 553]}, {"label": "traffic sign", "bounding_box": [820, 475, 866, 492]}, {"label": "traffic sign", "bounding_box": [819, 463, 865, 477]}, {"label": "traffic sign", "bounding_box": [819, 450, 865, 464]}, {"label": "traffic sign", "bounding_box": [819, 438, 865, 451]}, {"label": "traffic sign", "bounding_box": [833, 493, 849, 510]}, {"label": "static", "bounding_box": [832, 512, 846, 533]}, {"label": "license plate", "bounding_box": [883, 528, 899, 533]}, {"label": "pole", "bounding_box": [864, 536, 869, 558]}, {"label": "traffic sign", "bounding_box": [684, 495, 696, 507]}, {"label": "vegetation", "bounding_box": [1218, 340, 1773, 558]}, {"label": "pole", "bounding_box": [354, 211, 370, 585]}, {"label": "static", "bounding_box": [699, 493, 720, 514]}, {"label": "traffic light", "bounding_box": [653, 427, 661, 440]}, {"label": "traffic light", "bounding_box": [626, 438, 636, 449]}, {"label": "car", "bounding_box": [553, 533, 617, 573]}, {"label": "pole", "bounding_box": [436, 398, 447, 583]}, {"label": "static", "bounding_box": [0, 504, 52, 569]}, {"label": "license plate", "bounding_box": [577, 554, 593, 560]}, {"label": "fence", "bounding_box": [1346, 455, 1597, 556]}, {"label": "vegetation", "bounding_box": [0, 0, 700, 607]}, {"label": "pole", "bounding_box": [41, 535, 68, 613]}, {"label": "pole", "bounding_box": [101, 536, 123, 607]}, {"label": "pole", "bounding_box": [245, 375, 257, 587]}, {"label": "pole", "bounding_box": [635, 439, 639, 539]}, {"label": "pole", "bounding_box": [254, 538, 264, 593]}, {"label": "pole", "bounding_box": [289, 535, 300, 588]}, {"label": "pole", "bounding_box": [382, 540, 389, 578]}, {"label": "pole", "bounding_box": [423, 540, 431, 576]}, {"label": "pole", "bounding_box": [452, 547, 467, 576]}, {"label": "vegetation", "bounding_box": [0, 554, 520, 635]}, {"label": "car", "bounding_box": [1146, 488, 1202, 538]}, {"label": "vegetation", "bounding_box": [782, 476, 866, 561]}, {"label": "pole", "bounding_box": [1143, 472, 1149, 522]}, {"label": "car", "bounding_box": [617, 520, 697, 582]}, {"label": "pole", "bounding_box": [1134, 513, 1155, 557]}, {"label": "pole", "bounding_box": [1031, 522, 1039, 545]}, {"label": "pole", "bounding_box": [1324, 329, 1352, 532]}, {"label": "pole", "bounding_box": [892, 488, 899, 554]}, {"label": "traffic sign", "bounding_box": [888, 484, 904, 489]}, {"label": "static", "bounding_box": [961, 523, 978, 545]}, {"label": "vegetation", "bounding_box": [809, 0, 1581, 570]}, {"label": "static", "bounding_box": [1221, 459, 1333, 560]}, {"label": "traffic sign", "bounding_box": [1136, 450, 1151, 476]}, {"label": "license plate", "bounding_box": [1163, 507, 1180, 514]}, {"label": "static", "bounding_box": [1283, 444, 1317, 510]}, {"label": "license plate", "bounding_box": [647, 559, 669, 565]}, {"label": "traffic sign", "bounding_box": [1319, 365, 1341, 386]}, {"label": "pole", "bounding_box": [1346, 499, 1360, 561]}, {"label": "pole", "bounding_box": [1292, 385, 1307, 553]}, {"label": "pole", "bounding_box": [1386, 501, 1401, 558]}, {"label": "traffic sign", "bounding_box": [1381, 275, 1440, 564]}, {"label": "traffic sign", "bounding_box": [1423, 254, 1485, 569]}, {"label": "traffic sign", "bounding_box": [434, 512, 447, 525]}, {"label": "traffic sign", "bounding_box": [1271, 344, 1307, 390]}, {"label": "terrain", "bounding_box": [1728, 583, 2047, 669]}, {"label": "static", "bounding_box": [1462, 405, 1632, 571]}, {"label": "traffic light", "bounding_box": [581, 462, 590, 480]}, {"label": "traffic light", "bounding_box": [632, 499, 638, 508]}, {"label": "traffic light", "bounding_box": [631, 470, 639, 477]}, {"label": "traffic light", "bounding_box": [630, 438, 636, 448]}, {"label": "vegetation", "bounding_box": [1936, 0, 2047, 600]}, {"label": "static", "bounding_box": [1806, 400, 2047, 622]}, {"label": "building", "bounding_box": [1049, 386, 1108, 450]}, {"label": "ego vehicle", "bounding_box": [271, 844, 2028, 1023]}, {"label": "out of roi", "bounding_box": [0, 0, 2048, 1024]}]}