{"imgHeight": 1024, "imgWidth": 2048, "objects": [{"label": "sky", "bounding_box": [0, 0, 2047, 283]}, {"label": "road", "bounding_box": [0, 415, 2047, 1023]}, {"label": "sidewalk", "bounding_box": [1379, 473, 2047, 520]}, {"label": "building", "bounding_box": [0, 0, 2047, 514]}, {"label": "pole", "bounding_box": [389, 0, 406, 475]}, {"label": "vegetation", "bounding_box": [0, 0, 461, 456]}, {"label": "static", "bounding_box": [565, 377, 728, 483]}, {"label": "dynamic", "bounding_box": [588, 0, 789, 533]}, {"label": "fence", "bounding_box": [519, 449, 791, 552]}, {"label": "fence", "bounding_box": [0, 368, 632, 587]}, {"label": "pole", "bounding_box": [427, 314, 432, 436]}, {"label": "traffic sign", "bounding_box": [435, 329, 468, 361]}, {"label": "traffic light", "bounding_box": [436, 388, 460, 418]}, {"label": "traffic sign", "bounding_box": [424, 425, 453, 456]}, {"label": "traffic sign", "bounding_box": [429, 459, 451, 471]}, {"label": "traffic sign", "bounding_box": [443, 488, 463, 557]}, {"label": "traffic sign", "bounding_box": [636, 495, 650, 554]}, {"label": "fence", "bounding_box": [731, 490, 820, 543]}, {"label": "static", "bounding_box": [904, 426, 918, 463]}, {"label": "static", "bounding_box": [904, 425, 919, 471]}, {"label": "car", "bounding_box": [814, 436, 913, 529]}, {"label": "traffic sign", "bounding_box": [1023, 407, 1043, 429]}, {"label": "traffic sign", "bounding_box": [1052, 398, 1076, 422]}, {"label": "traffic sign", "bounding_box": [1070, 387, 1094, 412]}, {"label": "pole", "bounding_box": [1192, 362, 1197, 413]}, {"label": "traffic sign", "bounding_box": [1184, 352, 1204, 365]}, {"label": "pole", "bounding_box": [1337, 240, 1489, 459]}, {"label": "traffic light", "bounding_box": [1485, 219, 1504, 265]}, {"label": "traffic light", "bounding_box": [1344, 376, 1367, 415]}, {"label": "traffic light", "bounding_box": [1336, 377, 1353, 404]}, {"label": "car", "bounding_box": [0, 502, 156, 593]}, {"label": "ground", "bounding_box": [1513, 508, 1641, 516]}, {"label": "ground", "bounding_box": [1929, 505, 2041, 519]}, {"label": "static", "bounding_box": [1599, 303, 1669, 320]}, {"label": "traffic light", "bounding_box": [1525, 209, 1549, 254]}, {"label": "pole", "bounding_box": [1522, 229, 1639, 510]}, {"label": "traffic light", "bounding_box": [1636, 328, 1674, 403]}, {"label": "traffic light", "bounding_box": [1610, 355, 1631, 389]}, {"label": "traffic light", "bounding_box": [1628, 353, 1659, 377]}, {"label": "pole", "bounding_box": [1016, 252, 1050, 484]}, {"label": "dynamic", "bounding_box": [1426, 493, 1448, 514]}, {"label": "person", "bounding_box": [1440, 444, 1462, 515]}, {"label": "persongroup", "bounding_box": [1459, 434, 1491, 514]}, {"label": "person", "bounding_box": [1459, 434, 1491, 514]}, {"label": "car", "bounding_box": [914, 431, 1031, 523]}, {"label": "dynamic", "bounding_box": [950, 0, 1000, 522]}, {"label": "person", "bounding_box": [925, 452, 951, 523]}, {"label": "person", "bounding_box": [995, 449, 1020, 486]}, {"label": "car", "bounding_box": [979, 463, 1059, 523]}, {"label": "wall", "bounding_box": [1675, 442, 1973, 504]}, {"label": "building", "bounding_box": [1958, 359, 2047, 487]}, {"label": "static", "bounding_box": [1929, 447, 1947, 487]}, {"label": "pole", "bounding_box": [1879, 443, 1886, 488]}, {"label": "traffic sign", "bounding_box": [1869, 349, 1894, 449]}, {"label": "person", "bounding_box": [1817, 424, 1842, 492]}, {"label": "person", "bounding_box": [1848, 411, 1887, 492]}, {"label": "static", "bounding_box": [2010, 446, 2047, 510]}, {"label": "ground", "bounding_box": [1971, 514, 2047, 529]}, {"label": "pole", "bounding_box": [1975, 474, 1982, 505]}, {"label": "traffic sign", "bounding_box": [1962, 444, 1995, 480]}, {"label": "pole", "bounding_box": [2023, 303, 2037, 510]}, {"label": "traffic light", "bounding_box": [1988, 336, 2021, 357]}, {"label": "traffic light", "bounding_box": [2012, 331, 2038, 355]}, {"label": "traffic sign", "bounding_box": [2019, 363, 2038, 380]}, {"label": "motorcycle", "bounding_box": [1714, 477, 1825, 629]}, {"label": "license plate", "bounding_box": [1768, 517, 1795, 538]}, {"label": "rider", "bounding_box": [1714, 389, 1816, 586]}, {"label": "traffic sign", "bounding_box": [1074, 413, 1089, 422]}, {"label": "car", "bounding_box": [1001, 409, 1410, 712]}, {"label": "license plate", "bounding_box": [1158, 543, 1281, 571]}, {"label": "static", "bounding_box": [1016, 270, 1039, 290]}, {"label": "vegetation", "bounding_box": [788, 224, 841, 454]}, {"label": "ego vehicle", "bounding_box": [271, 844, 2028, 1023]}, {"label": "out of roi", "bounding_box": [0, 0, 2048, 1024]}]}