{"imgHeight": 1024, "imgWidth": 2048, "objects": [{"label": "sky", "bounding_box": [1453, 0, 1733, 309]}, {"label": "road", "bounding_box": [0, 427, 2048, 1024]}, {"label": "building", "bounding_box": [1465, 1, 2048, 547]}, {"label": "sidewalk", "bounding_box": [531, 451, 1500, 507]}, {"label": "static", "bounding_box": [1485, 293, 1750, 487]}, {"label": "vegetation", "bounding_box": [1742, 304, 1810, 431]}, {"label": "traffic light", "bounding_box": [1775, 359, 1790, 397]}, {"label": "traffic sign", "bounding_box": [1799, 337, 1827, 364]}, {"label": "traffic sign", "bounding_box": [1793, 364, 1826, 394]}, {"label": "vegetation", "bounding_box": [1687, 5, 1868, 311]}, {"label": "static", "bounding_box": [1788, 142, 1876, 431]}, {"label": "building", "bounding_box": [0, 1, 1488, 602]}, {"label": "traffic light", "bounding_box": [1483, 367, 1501, 403]}, {"label": "pole", "bounding_box": [1481, 392, 1487, 485]}, {"label": "traffic light", "bounding_box": [1473, 365, 1488, 403]}, {"label": "car", "bounding_box": [1495, 428, 1604, 497]}, {"label": "traffic sign", "bounding_box": [1312, 381, 1339, 392]}, {"label": "traffic light", "bounding_box": [1315, 391, 1325, 418]}, {"label": "traffic sign", "bounding_box": [1266, 352, 1293, 380]}, {"label": "traffic sign", "bounding_box": [1262, 376, 1299, 412]}, {"label": "static", "bounding_box": [1320, 444, 1363, 477]}, {"label": "static", "bounding_box": [1276, 416, 1295, 477]}, {"label": "car", "bounding_box": [1322, 439, 1472, 491]}, {"label": "static", "bounding_box": [1191, 322, 1271, 499]}, {"label": "ground", "bounding_box": [1233, 492, 1450, 505]}, {"label": "pole", "bounding_box": [1299, 471, 1303, 495]}, {"label": "traffic sign", "bounding_box": [1288, 446, 1314, 480]}, {"label": "pole", "bounding_box": [1114, 245, 1261, 495]}, {"label": "traffic light", "bounding_box": [1100, 237, 1121, 280]}, {"label": "traffic light", "bounding_box": [1243, 367, 1266, 405]}, {"label": "pole", "bounding_box": [792, 333, 799, 498]}, {"label": "static", "bounding_box": [793, 324, 808, 423]}, {"label": "persongroup", "bounding_box": [806, 438, 825, 496]}, {"label": "car", "bounding_box": [938, 449, 1082, 498]}, {"label": "pole", "bounding_box": [583, 476, 587, 515]}, {"label": "pole", "bounding_box": [637, 473, 641, 500]}, {"label": "pole", "bounding_box": [647, 477, 650, 507]}, {"label": "sidewalk", "bounding_box": [0, 512, 894, 1023]}, {"label": "pole", "bounding_box": [724, 263, 730, 419]}, {"label": "traffic sign", "bounding_box": [684, 349, 725, 362]}, {"label": "pole", "bounding_box": [711, 363, 721, 534]}, {"label": "traffic sign", "bounding_box": [706, 336, 725, 364]}, {"label": "traffic sign", "bounding_box": [707, 364, 726, 379]}, {"label": "traffic light", "bounding_box": [723, 311, 738, 353]}, {"label": "traffic light", "bounding_box": [724, 372, 739, 418]}, {"label": "static", "bounding_box": [677, 411, 738, 535]}, {"label": "dynamic", "bounding_box": [519, 464, 580, 516]}, {"label": "dynamic", "bounding_box": [450, 461, 494, 520]}, {"label": "car", "bounding_box": [1483, 432, 1682, 579]}, {"label": "car", "bounding_box": [1598, 417, 1923, 628]}, {"label": "car", "bounding_box": [1813, 382, 2048, 701]}, {"label": "ground", "bounding_box": [0, 531, 880, 1023]}, {"label": "ego vehicle", "bounding_box": [271, 844, 2028, 1023]}, {"label": "out of roi", "bounding_box": [0, 0, 2048, 1024]}]}