{"imgHeight": 1024, "imgWidth": 2048, "objects": [{"label": "sky", "bounding_box": [458, 0, 961, 274]}, {"label": "road", "bounding_box": [0, 450, 2048, 1024]}, {"label": "sidewalk", "bounding_box": [1094, 449, 2048, 975]}, {"label": "building", "bounding_box": [0, 0, 2048, 641]}, {"label": "vegetation", "bounding_box": [731, 0, 908, 446]}, {"label": "pole", "bounding_box": [837, 321, 846, 428]}, {"label": "pole", "bounding_box": [854, 380, 862, 423]}, {"label": "static", "bounding_box": [850, 371, 863, 386]}, {"label": "vegetation", "bounding_box": [854, 105, 966, 436]}, {"label": "traffic sign", "bounding_box": [928, 406, 936, 429]}, {"label": "vegetation", "bounding_box": [922, 141, 1017, 441]}, {"label": "traffic light", "bounding_box": [950, 376, 962, 394]}, {"label": "pole", "bounding_box": [967, 410, 971, 449]}, {"label": "traffic sign", "bounding_box": [966, 408, 983, 414]}, {"label": "pole", "bounding_box": [988, 401, 992, 444]}, {"label": "traffic sign", "bounding_box": [984, 391, 995, 415]}, {"label": "vegetation", "bounding_box": [953, 151, 1069, 438]}, {"label": "static", "bounding_box": [1055, 409, 1067, 439]}, {"label": "vegetation", "bounding_box": [1024, 16, 1190, 431]}, {"label": "static", "bounding_box": [1144, 381, 1175, 469]}, {"label": "static", "bounding_box": [1187, 374, 1229, 466]}, {"label": "vegetation", "bounding_box": [1146, 116, 1309, 460]}, {"label": "static", "bounding_box": [1277, 405, 1301, 468]}, {"label": "car", "bounding_box": [953, 434, 977, 465]}, {"label": "car", "bounding_box": [963, 436, 991, 467]}, {"label": "car", "bounding_box": [981, 432, 1004, 468]}, {"label": "car", "bounding_box": [990, 431, 1025, 470]}, {"label": "car", "bounding_box": [1007, 431, 1059, 472]}, {"label": "car", "bounding_box": [1048, 425, 1091, 476]}, {"label": "car", "bounding_box": [1073, 434, 1123, 476]}, {"label": "person", "bounding_box": [1145, 418, 1163, 469]}, {"label": "polegroup", "bounding_box": [1114, 445, 1155, 488]}, {"label": "pole", "bounding_box": [1158, 444, 1165, 490]}, {"label": "pole", "bounding_box": [1169, 456, 1179, 498]}, {"label": "pole", "bounding_box": [1171, 141, 1188, 502]}, {"label": "pole", "bounding_box": [1187, 456, 1197, 503]}, {"label": "pole", "bounding_box": [1197, 457, 1210, 510]}, {"label": "traffic sign", "bounding_box": [1169, 314, 1188, 339]}, {"label": "static", "bounding_box": [1141, 134, 1171, 150]}, {"label": "pole", "bounding_box": [1222, 469, 1234, 519]}, {"label": "pole", "bounding_box": [1252, 462, 1269, 531]}, {"label": "static", "bounding_box": [1267, 262, 1278, 291]}, {"label": "pole", "bounding_box": [1249, 0, 1289, 537]}, {"label": "static", "bounding_box": [1252, 262, 1265, 297]}, {"label": "static", "bounding_box": [1252, 426, 1291, 497]}, {"label": "pole", "bounding_box": [1295, 448, 1308, 547]}, {"label": "pole", "bounding_box": [1314, 444, 1331, 558]}, {"label": "static", "bounding_box": [1428, 298, 1494, 494]}, {"label": "dynamic", "bounding_box": [1571, 73, 1723, 522]}, {"label": "pole", "bounding_box": [1354, 450, 1370, 574]}, {"label": "pole", "bounding_box": [1400, 449, 1413, 588]}, {"label": "pole", "bounding_box": [1460, 466, 1541, 608]}, {"label": "pole", "bounding_box": [1535, 463, 1556, 639]}, {"label": "terrain", "bounding_box": [1649, 704, 2048, 905]}, {"label": "pole", "bounding_box": [1654, 470, 1683, 680]}, {"label": "static", "bounding_box": [1750, 0, 1948, 83]}, {"label": "pole", "bounding_box": [1837, 0, 1890, 745]}, {"label": "pole", "bounding_box": [1950, 69, 2014, 723]}, {"label": "static", "bounding_box": [1962, 61, 2048, 450]}, {"label": "person", "bounding_box": [1179, 377, 1258, 547]}, {"label": "person", "bounding_box": [1100, 361, 1153, 543]}, {"label": "person", "bounding_box": [1057, 366, 1148, 550]}, {"label": "car", "bounding_box": [922, 428, 966, 483]}, {"label": "car", "bounding_box": [913, 430, 948, 487]}, {"label": "car", "bounding_box": [898, 426, 939, 495]}, {"label": "car", "bounding_box": [835, 418, 923, 499]}, {"label": "car", "bounding_box": [837, 422, 920, 513]}, {"label": "car", "bounding_box": [738, 425, 905, 528]}, {"label": "person", "bounding_box": [717, 398, 760, 477]}, {"label": "static", "bounding_box": [579, 127, 631, 164]}, {"label": "pole", "bounding_box": [604, 194, 614, 417]}, {"label": "traffic sign", "bounding_box": [595, 277, 629, 318]}, {"label": "traffic sign", "bounding_box": [595, 198, 624, 284]}, {"label": "static", "bounding_box": [75, 0, 326, 333]}, {"label": "car", "bounding_box": [505, 399, 778, 622]}, {"label": "car", "bounding_box": [0, 271, 637, 829]}, {"label": "car", "bounding_box": [0, 638, 160, 1024]}, {"label": "license plate", "bounding_box": [791, 492, 831, 505]}, {"label": "ego vehicle", "bounding_box": [271, 844, 2028, 1023]}, {"label": "out of roi", "bounding_box": [0, 0, 2048, 1024]}]}