{"imgHeight": 1024, "imgWidth": 2048, "objects": [{"label": "road", "bounding_box": [0, 193, 2048, 1024]}, {"label": "sidewalk", "bounding_box": [1073, 457, 2048, 846]}, {"label": "sidewalk", "bounding_box": [865, 445, 975, 459]}, {"label": "sidewalk", "bounding_box": [0, 448, 895, 811]}, {"label": "parking", "bounding_box": [0, 465, 766, 819]}, {"label": "sky", "bounding_box": [671, 0, 1238, 262]}, {"label": "building", "bounding_box": [0, 0, 2048, 591]}, {"label": "vegetation", "bounding_box": [253, 0, 732, 381]}, {"label": "pole", "bounding_box": [753, 205, 847, 466]}, {"label": "motorcycle", "bounding_box": [732, 406, 765, 486]}, {"label": "static", "bounding_box": [826, 199, 863, 215]}, {"label": "car", "bounding_box": [684, 411, 753, 506]}, {"label": "car", "bounding_box": [576, 400, 718, 518]}, {"label": "car", "bounding_box": [445, 401, 612, 556]}, {"label": "car", "bounding_box": [458, 469, 529, 550]}, {"label": "terrain", "bounding_box": [476, 526, 553, 569]}, {"label": "car", "bounding_box": [243, 359, 487, 614]}, {"label": "car", "bounding_box": [0, 355, 345, 704]}, {"label": "bus", "bounding_box": [808, 391, 891, 452]}, {"label": "static", "bounding_box": [867, 411, 972, 454]}, {"label": "car", "bounding_box": [820, 435, 872, 463]}, {"label": "pole", "bounding_box": [834, 221, 845, 464]}, {"label": "traffic sign", "bounding_box": [822, 375, 851, 409]}, {"label": "pole", "bounding_box": [929, 277, 938, 457]}, {"label": "static", "bounding_box": [854, 350, 882, 382]}, {"label": "pole", "bounding_box": [857, 289, 924, 470]}, {"label": "static", "bounding_box": [920, 284, 938, 294]}, {"label": "pole", "bounding_box": [997, 330, 1034, 437]}, {"label": "static", "bounding_box": [989, 327, 1006, 335]}, {"label": "traffic sign", "bounding_box": [1029, 403, 1039, 417]}, {"label": "traffic sign", "bounding_box": [1024, 392, 1041, 411]}, {"label": "pole", "bounding_box": [992, 365, 997, 463]}, {"label": "traffic light", "bounding_box": [992, 354, 1002, 377]}, {"label": "traffic sign", "bounding_box": [998, 399, 1015, 412]}, {"label": "traffic light", "bounding_box": [986, 399, 1000, 419]}, {"label": "traffic sign", "bounding_box": [1001, 386, 1012, 399]}, {"label": "car", "bounding_box": [999, 429, 1061, 474]}, {"label": "traffic sign", "bounding_box": [959, 390, 973, 416]}, {"label": "pole", "bounding_box": [948, 281, 979, 463]}, {"label": "static", "bounding_box": [936, 279, 954, 285]}, {"label": "sidewalk", "bounding_box": [894, 462, 962, 468]}, {"label": "pole", "bounding_box": [862, 391, 873, 460]}, {"label": "static", "bounding_box": [866, 385, 878, 394]}, {"label": "bicycle", "bounding_box": [865, 444, 881, 468]}, {"label": "pole", "bounding_box": [1108, 310, 1155, 432]}, {"label": "traffic sign", "bounding_box": [1141, 377, 1168, 404]}, {"label": "traffic sign", "bounding_box": [1147, 402, 1158, 414]}, {"label": "static", "bounding_box": [1096, 306, 1116, 315]}, {"label": "ground", "bounding_box": [1085, 473, 2047, 849]}, {"label": "parking", "bounding_box": [1085, 473, 2047, 849]}, {"label": "vegetation", "bounding_box": [1173, 339, 1227, 432]}, {"label": "dynamic", "bounding_box": [1173, 393, 1223, 412]}, {"label": "car", "bounding_box": [1072, 426, 1116, 476]}, {"label": "car", "bounding_box": [1082, 426, 1146, 480]}, {"label": "car", "bounding_box": [1123, 421, 1246, 513]}, {"label": "person", "bounding_box": [1234, 405, 1274, 489]}, {"label": "person", "bounding_box": [1269, 414, 1307, 486]}, {"label": "vegetation", "bounding_box": [1297, 386, 1407, 486]}, {"label": "static", "bounding_box": [1287, 480, 1325, 539]}, {"label": "car", "bounding_box": [1298, 404, 1497, 590]}, {"label": "car", "bounding_box": [1390, 394, 1806, 649]}, {"label": "vegetation", "bounding_box": [1484, 0, 1889, 540]}, {"label": "bicycle", "bounding_box": [1569, 444, 1898, 664]}, {"label": "terrain", "bounding_box": [1589, 564, 1853, 692]}, {"label": "bicycle", "bounding_box": [1890, 441, 1996, 530]}, {"label": "car", "bounding_box": [1827, 411, 2048, 784]}, {"label": "static", "bounding_box": [978, 429, 987, 461]}, {"label": "ego vehicle", "bounding_box": [271, 844, 2028, 1023]}, {"label": "out of roi", "bounding_box": [0, 0, 2048, 1024]}]}