{"imgHeight": 1024, "imgWidth": 2048, "objects": [{"label": "sky", "bounding_box": [0, 0, 1165, 469]}, {"label": "road", "bounding_box": [0, 425, 2048, 1024]}, {"label": "ground", "bounding_box": [1100, 468, 1370, 519]}, {"label": "static", "bounding_box": [962, 324, 980, 412]}, {"label": "building", "bounding_box": [0, 288, 1082, 473]}, {"label": "pole", "bounding_box": [193, 370, 199, 410]}, {"label": "static", "bounding_box": [183, 368, 198, 373]}, {"label": "sidewalk", "bounding_box": [1017, 435, 2048, 581]}, {"label": "vegetation", "bounding_box": [68, 129, 1078, 472]}, {"label": "static", "bounding_box": [929, 398, 978, 436]}, {"label": "building", "bounding_box": [990, 0, 2048, 466]}, {"label": "pole", "bounding_box": [1022, 320, 1037, 457]}, {"label": "static", "bounding_box": [1021, 318, 1032, 322]}, {"label": "static", "bounding_box": [1021, 328, 1036, 336]}, {"label": "traffic sign", "bounding_box": [1025, 399, 1045, 422]}, {"label": "pole", "bounding_box": [1045, 443, 1049, 464]}, {"label": "pole", "bounding_box": [1056, 403, 1064, 469]}, {"label": "traffic sign", "bounding_box": [1050, 401, 1065, 419]}, {"label": "pole", "bounding_box": [1071, 444, 1075, 469]}, {"label": "pole", "bounding_box": [1086, 441, 1090, 470]}, {"label": "pole", "bounding_box": [1115, 369, 1121, 476]}, {"label": "traffic sign", "bounding_box": [1114, 349, 1140, 361]}, {"label": "traffic sign", "bounding_box": [1107, 358, 1126, 379]}, {"label": "traffic sign", "bounding_box": [1103, 376, 1132, 402]}, {"label": "pole", "bounding_box": [1137, 368, 1140, 460]}, {"label": "static", "bounding_box": [1129, 363, 1145, 378]}, {"label": "pole", "bounding_box": [1175, 355, 1179, 460]}, {"label": "static", "bounding_box": [1165, 348, 1180, 362]}, {"label": "static", "bounding_box": [1174, 390, 1198, 461]}, {"label": "static", "bounding_box": [1182, 429, 1194, 457]}, {"label": "traffic sign", "bounding_box": [1180, 361, 1194, 394]}, {"label": "vegetation", "bounding_box": [1206, 350, 1403, 476]}, {"label": "vegetation", "bounding_box": [1711, 0, 2048, 326]}, {"label": "pole", "bounding_box": [1460, 292, 1466, 377]}, {"label": "pole", "bounding_box": [1382, 272, 1388, 408]}, {"label": "static", "bounding_box": [1457, 286, 1471, 295]}, {"label": "pole", "bounding_box": [1248, 330, 1252, 442]}, {"label": "traffic sign", "bounding_box": [1243, 373, 1252, 389]}, {"label": "static", "bounding_box": [1235, 319, 1262, 341]}, {"label": "person", "bounding_box": [1234, 408, 1255, 474]}, {"label": "person", "bounding_box": [1212, 411, 1234, 473]}, {"label": "person", "bounding_box": [1259, 412, 1284, 474]}, {"label": "person", "bounding_box": [1224, 417, 1245, 477]}, {"label": "fence", "bounding_box": [1343, 279, 2048, 492]}, {"label": "terrain", "bounding_box": [1378, 395, 2048, 527]}, {"label": "static", "bounding_box": [1364, 252, 1403, 284]}, {"label": "person", "bounding_box": [1370, 393, 1401, 493]}, {"label": "person", "bounding_box": [1400, 388, 1439, 493]}, {"label": "person", "bounding_box": [1435, 377, 1484, 490]}, {"label": "pole", "bounding_box": [1395, 325, 1407, 495]}, {"label": "traffic sign", "bounding_box": [1383, 282, 1411, 339]}, {"label": "static", "bounding_box": [1935, 356, 2041, 509]}, {"label": "pole", "bounding_box": [1865, 49, 1878, 494]}, {"label": "static", "bounding_box": [1826, 7, 1916, 80]}, {"label": "dynamic", "bounding_box": [1570, 341, 1588, 418]}, {"label": "dynamic", "bounding_box": [1509, 350, 1566, 408]}, {"label": "pole", "bounding_box": [1297, 448, 1304, 520]}, {"label": "pole", "bounding_box": [1352, 450, 1360, 530]}, {"label": "pole", "bounding_box": [1379, 440, 1386, 530]}, {"label": "pole", "bounding_box": [1412, 442, 1420, 534]}, {"label": "pole", "bounding_box": [1446, 440, 1458, 542]}, {"label": "pole", "bounding_box": [1491, 443, 1501, 547]}, {"label": "pole", "bounding_box": [1558, 441, 1570, 560]}, {"label": "pole", "bounding_box": [1733, 446, 1765, 566]}, {"label": "ground", "bounding_box": [798, 436, 983, 456]}, {"label": "car", "bounding_box": [978, 429, 1015, 442]}, {"label": "car", "bounding_box": [991, 433, 1022, 450]}, {"label": "car", "bounding_box": [965, 436, 989, 454]}, {"label": "car", "bounding_box": [980, 432, 1014, 462]}, {"label": "ground", "bounding_box": [0, 439, 945, 768]}, {"label": "pole", "bounding_box": [920, 375, 924, 444]}, {"label": "static", "bounding_box": [909, 391, 921, 411]}, {"label": "static", "bounding_box": [915, 364, 923, 375]}, {"label": "pole", "bounding_box": [924, 340, 931, 450]}, {"label": "fence", "bounding_box": [519, 439, 945, 476]}, {"label": "pole", "bounding_box": [697, 323, 701, 410]}, {"label": "static", "bounding_box": [687, 321, 711, 327]}, {"label": "static", "bounding_box": [673, 404, 705, 420]}, {"label": "pole", "bounding_box": [674, 405, 679, 476]}, {"label": "pole", "bounding_box": [653, 377, 656, 430]}, {"label": "static", "bounding_box": [646, 371, 658, 382]}, {"label": "static", "bounding_box": [636, 418, 664, 461]}, {"label": "pole", "bounding_box": [630, 364, 637, 473]}, {"label": "static", "bounding_box": [624, 356, 642, 372]}, {"label": "traffic light", "bounding_box": [637, 396, 652, 414]}, {"label": "person", "bounding_box": [643, 422, 659, 468]}, {"label": "pole", "bounding_box": [710, 285, 720, 477]}, {"label": "vegetation", "bounding_box": [649, 21, 905, 493]}, {"label": "static", "bounding_box": [843, 413, 870, 473]}, {"label": "static", "bounding_box": [828, 407, 850, 460]}, {"label": "static", "bounding_box": [809, 402, 836, 469]}, {"label": "pole", "bounding_box": [886, 325, 894, 479]}, {"label": "static", "bounding_box": [884, 377, 903, 396]}, {"label": "static", "bounding_box": [875, 313, 900, 338]}, {"label": "pole", "bounding_box": [853, 284, 862, 488]}, {"label": "static", "bounding_box": [838, 267, 874, 302]}, {"label": "pole", "bounding_box": [591, 172, 613, 485]}, {"label": "ground", "bounding_box": [0, 512, 851, 557]}, {"label": "pole", "bounding_box": [21, 328, 35, 436]}, {"label": "pole", "bounding_box": [74, 366, 82, 440]}, {"label": "pole", "bounding_box": [7, 399, 12, 437]}, {"label": "static", "bounding_box": [12, 390, 20, 402]}, {"label": "traffic sign", "bounding_box": [10, 416, 35, 443]}, {"label": "static", "bounding_box": [44, 382, 62, 428]}, {"label": "fence", "bounding_box": [0, 425, 523, 480]}, {"label": "vegetation", "bounding_box": [0, 439, 505, 513]}, {"label": "pole", "bounding_box": [230, 285, 238, 491]}, {"label": "static", "bounding_box": [223, 362, 241, 383]}, {"label": "static", "bounding_box": [211, 271, 249, 300]}, {"label": "static", "bounding_box": [213, 407, 237, 489]}, {"label": "static", "bounding_box": [88, 396, 129, 503]}, {"label": "vegetation", "bounding_box": [34, 134, 159, 513]}, {"label": "vegetation", "bounding_box": [0, 165, 25, 317]}, {"label": "fence", "bounding_box": [0, 446, 26, 532]}, {"label": "static", "bounding_box": [48, 479, 76, 519]}, {"label": "pole", "bounding_box": [58, 476, 67, 566]}, {"label": "pole", "bounding_box": [291, 0, 333, 527]}, {"label": "pole", "bounding_box": [313, 86, 574, 92]}, {"label": "pole", "bounding_box": [97, 87, 297, 92]}, {"label": "pole", "bounding_box": [500, 138, 517, 545]}, {"label": "fence", "bounding_box": [396, 427, 826, 561]}, {"label": "traffic light", "bounding_box": [506, 260, 529, 283]}, {"label": "traffic light", "bounding_box": [454, 244, 492, 327]}, {"label": "traffic light", "bounding_box": [483, 225, 513, 256]}, {"label": "static", "bounding_box": [524, 210, 583, 284]}, {"label": "static", "bounding_box": [462, 84, 545, 151]}, {"label": "pole", "bounding_box": [266, 491, 274, 533]}, {"label": "static", "bounding_box": [256, 469, 282, 502]}, {"label": "static", "bounding_box": [1075, 335, 1099, 441]}, {"label": "static", "bounding_box": [1188, 392, 1199, 470]}, {"label": "ego vehicle", "bounding_box": [271, 844, 2028, 1023]}, {"label": "out of roi", "bounding_box": [0, 0, 2048, 1024]}]}