{"imgHeight": 1024, "imgWidth": 2048, "objects": [{"label": "road", "bounding_box": [0, 324, 2048, 1024]}, {"label": "sidewalk", "bounding_box": [0, 392, 528, 500]}, {"label": "sky", "bounding_box": [407, 0, 934, 327]}, {"label": "sky", "bounding_box": [1663, 0, 2048, 333]}, {"label": "sidewalk", "bounding_box": [920, 396, 2013, 489]}, {"label": "building", "bounding_box": [0, 0, 2048, 468]}, {"label": "sidewalk", "bounding_box": [1001, 481, 1405, 516]}, {"label": "pole", "bounding_box": [1927, 302, 1977, 433]}, {"label": "static", "bounding_box": [1974, 296, 1994, 305]}, {"label": "pole", "bounding_box": [1998, 342, 2035, 427]}, {"label": "static", "bounding_box": [2033, 338, 2045, 346]}, {"label": "cargroup", "bounding_box": [1721, 413, 2048, 481]}, {"label": "static", "bounding_box": [1704, 304, 1738, 342]}, {"label": "static", "bounding_box": [1733, 354, 1749, 373]}, {"label": "pole", "bounding_box": [1737, 359, 1741, 473]}, {"label": "pole", "bounding_box": [1716, 181, 1810, 431]}, {"label": "static", "bounding_box": [1801, 167, 1838, 188]}, {"label": "static", "bounding_box": [1526, 282, 1557, 331]}, {"label": "pole", "bounding_box": [1530, 23, 1542, 444]}, {"label": "static", "bounding_box": [1533, 1, 1555, 31]}, {"label": "static", "bounding_box": [1440, 237, 1487, 282]}, {"label": "static", "bounding_box": [1356, 404, 1378, 460]}, {"label": "pole", "bounding_box": [1363, 396, 1374, 487]}, {"label": "car", "bounding_box": [1506, 410, 1733, 498]}, {"label": "sidewalk", "bounding_box": [1604, 613, 2048, 944]}, {"label": "person", "bounding_box": [1177, 373, 1230, 491]}, {"label": "person", "bounding_box": [1231, 377, 1286, 492]}, {"label": "traffic sign", "bounding_box": [1134, 395, 1167, 466]}, {"label": "vegetation", "bounding_box": [1146, 443, 1184, 501]}, {"label": "static", "bounding_box": [1207, 224, 1267, 282]}, {"label": "pole", "bounding_box": [1252, 216, 1270, 501]}, {"label": "traffic sign", "bounding_box": [1213, 172, 1328, 228]}, {"label": "traffic light", "bounding_box": [1244, 237, 1263, 263]}, {"label": "traffic light", "bounding_box": [1266, 233, 1300, 309]}, {"label": "static", "bounding_box": [1103, 235, 1146, 280]}, {"label": "traffic sign", "bounding_box": [1088, 176, 1103, 204]}, {"label": "traffic sign", "bounding_box": [1133, 216, 1160, 231]}, {"label": "traffic sign", "bounding_box": [1107, 198, 1186, 223]}, {"label": "traffic sign", "bounding_box": [1090, 312, 1111, 347]}, {"label": "pole", "bounding_box": [1086, 168, 1109, 496]}, {"label": "traffic light", "bounding_box": [1075, 238, 1098, 305]}, {"label": "traffic light", "bounding_box": [1087, 232, 1115, 264]}, {"label": "vegetation", "bounding_box": [785, 44, 1071, 425]}, {"label": "car", "bounding_box": [918, 381, 989, 446]}, {"label": "terrain", "bounding_box": [937, 442, 1011, 458]}, {"label": "bicycle", "bounding_box": [943, 411, 991, 457]}, {"label": "dynamic", "bounding_box": [941, 414, 963, 444]}, {"label": "traffic sign", "bounding_box": [943, 279, 964, 305]}, {"label": "traffic sign", "bounding_box": [942, 308, 964, 338]}, {"label": "traffic sign", "bounding_box": [941, 301, 964, 314]}, {"label": "traffic sign", "bounding_box": [941, 333, 963, 347]}, {"label": "vegetation", "bounding_box": [738, 302, 780, 388]}, {"label": "car", "bounding_box": [709, 372, 749, 412]}, {"label": "cargroup", "bounding_box": [741, 381, 785, 433]}, {"label": "car", "bounding_box": [743, 366, 949, 531]}, {"label": "license plate", "bounding_box": [832, 462, 891, 477]}, {"label": "vegetation", "bounding_box": [650, 305, 700, 395]}, {"label": "fence", "bounding_box": [655, 387, 698, 400]}, {"label": "vegetation", "bounding_box": [575, 376, 639, 398]}, {"label": "vegetation", "bounding_box": [0, 0, 611, 443]}, {"label": "car", "bounding_box": [361, 373, 437, 425]}, {"label": "car", "bounding_box": [375, 381, 420, 429]}, {"label": "car", "bounding_box": [381, 392, 397, 422]}, {"label": "car", "bounding_box": [310, 375, 389, 431]}, {"label": "car", "bounding_box": [324, 382, 377, 430]}, {"label": "car", "bounding_box": [291, 383, 363, 436]}, {"label": "car", "bounding_box": [256, 378, 336, 440]}, {"label": "car", "bounding_box": [267, 382, 319, 442]}, {"label": "car", "bounding_box": [232, 384, 299, 447]}, {"label": "car", "bounding_box": [121, 362, 265, 448]}, {"label": "car", "bounding_box": [42, 372, 221, 449]}, {"label": "car", "bounding_box": [576, 371, 588, 411]}, {"label": "truck", "bounding_box": [522, 340, 583, 414]}, {"label": "cargroup", "bounding_box": [463, 365, 557, 417]}, {"label": "car", "bounding_box": [502, 379, 551, 420]}, {"label": "car", "bounding_box": [422, 383, 494, 430]}, {"label": "vegetation", "bounding_box": [21, 371, 110, 456]}, {"label": "static", "bounding_box": [0, 380, 55, 449]}, {"label": "pole", "bounding_box": [46, 404, 56, 479]}, {"label": "pole", "bounding_box": [76, 401, 82, 472]}, {"label": "pole", "bounding_box": [103, 401, 111, 468]}, {"label": "pole", "bounding_box": [129, 399, 139, 465]}, {"label": "pole", "bounding_box": [181, 397, 188, 456]}, {"label": "pole", "bounding_box": [203, 397, 209, 456]}, {"label": "person", "bounding_box": [585, 382, 597, 411]}, {"label": "static", "bounding_box": [710, 263, 722, 268]}, {"label": "static", "bounding_box": [711, 236, 726, 241]}, {"label": "static", "bounding_box": [723, 196, 740, 201]}, {"label": "static", "bounding_box": [745, 149, 767, 156]}, {"label": "static", "bounding_box": [786, 11, 820, 24]}, {"label": "vegetation", "bounding_box": [1717, 473, 2036, 641]}, {"label": "pole", "bounding_box": [1897, 485, 1929, 773]}, {"label": "pole", "bounding_box": [1764, 480, 1781, 690]}, {"label": "pole", "bounding_box": [1858, 466, 1879, 655]}, {"label": "ego vehicle", "bounding_box": [271, 844, 2028, 1023]}, {"label": "out of roi", "bounding_box": [0, 0, 2048, 1024]}]}