{"imgHeight": 1024, "imgWidth": 2048, "objects": [{"label": "sky", "bounding_box": [538, 0, 1245, 277]}, {"label": "road", "bounding_box": [0, 473, 2048, 1024]}, {"label": "sidewalk", "bounding_box": [1086, 486, 2048, 566]}, {"label": "ground", "bounding_box": [1553, 680, 2047, 1023]}, {"label": "sidewalk", "bounding_box": [1406, 588, 2048, 751]}, {"label": "sidewalk", "bounding_box": [792, 482, 1153, 498]}, {"label": "sidewalk", "bounding_box": [88, 485, 814, 559]}, {"label": "sidewalk", "bounding_box": [0, 571, 265, 669]}, {"label": "building", "bounding_box": [0, 0, 1222, 533]}, {"label": "vegetation", "bounding_box": [971, 191, 1207, 427]}, {"label": "pole", "bounding_box": [1115, 436, 1122, 495]}, {"label": "traffic light", "bounding_box": [1113, 423, 1123, 450]}, {"label": "pole", "bounding_box": [1128, 430, 1135, 480]}, {"label": "traffic sign", "bounding_box": [1124, 411, 1138, 425]}, {"label": "traffic sign", "bounding_box": [1122, 423, 1135, 438]}, {"label": "static", "bounding_box": [1154, 418, 1189, 435]}, {"label": "traffic sign", "bounding_box": [1172, 396, 1195, 434]}, {"label": "car", "bounding_box": [1122, 457, 1169, 495]}, {"label": "building", "bounding_box": [1172, 0, 2048, 525]}, {"label": "static", "bounding_box": [1000, 128, 1031, 138]}, {"label": "pole", "bounding_box": [969, 437, 974, 497]}, {"label": "static", "bounding_box": [963, 436, 979, 449]}, {"label": "pole", "bounding_box": [895, 436, 899, 496]}, {"label": "traffic light", "bounding_box": [887, 441, 895, 457]}, {"label": "vegetation", "bounding_box": [758, 402, 817, 505]}, {"label": "car", "bounding_box": [1138, 453, 1215, 512]}, {"label": "car", "bounding_box": [1166, 460, 1252, 514]}, {"label": "static", "bounding_box": [1257, 489, 1275, 507]}, {"label": "terrain", "bounding_box": [1253, 446, 1275, 491]}, {"label": "static", "bounding_box": [1290, 483, 1320, 505]}, {"label": "terrain", "bounding_box": [1289, 466, 1322, 491]}, {"label": "pole", "bounding_box": [1293, 390, 1307, 517]}, {"label": "pole", "bounding_box": [1329, 49, 1338, 521]}, {"label": "bicyclegroup", "bounding_box": [1305, 456, 1383, 520]}, {"label": "static", "bounding_box": [1299, 42, 1333, 54]}, {"label": "traffic sign", "bounding_box": [1321, 391, 1344, 412]}, {"label": "pole", "bounding_box": [1370, 344, 1380, 528]}, {"label": "traffic light", "bounding_box": [1350, 364, 1372, 404]}, {"label": "dynamic", "bounding_box": [1427, 475, 1572, 520]}, {"label": "static", "bounding_box": [1396, 307, 1557, 376]}, {"label": "bicyclegroup", "bounding_box": [1443, 457, 1526, 537]}, {"label": "pole", "bounding_box": [1386, 477, 1391, 529]}, {"label": "pole", "bounding_box": [1422, 479, 1430, 533]}, {"label": "pole", "bounding_box": [1466, 502, 1472, 533]}, {"label": "pole", "bounding_box": [1507, 478, 1514, 538]}, {"label": "bicycle", "bounding_box": [1529, 464, 1603, 538]}, {"label": "pole", "bounding_box": [1560, 479, 1567, 540]}, {"label": "bicycle", "bounding_box": [1603, 463, 1695, 541]}, {"label": "pole", "bounding_box": [1681, 476, 1689, 544]}, {"label": "bicycle", "bounding_box": [1765, 510, 1816, 546]}, {"label": "pole", "bounding_box": [1855, 475, 1872, 536]}, {"label": "pole", "bounding_box": [1960, 468, 1969, 529]}, {"label": "pole", "bounding_box": [1617, 0, 1643, 636]}, {"label": "static", "bounding_box": [1582, 116, 1622, 143]}, {"label": "traffic light", "bounding_box": [1542, 154, 1608, 294]}, {"label": "traffic light", "bounding_box": [1609, 153, 1656, 289]}, {"label": "static", "bounding_box": [1698, 322, 1716, 368]}, {"label": "static", "bounding_box": [1695, 255, 1726, 322]}, {"label": "pole", "bounding_box": [1709, 0, 1779, 616]}, {"label": "static", "bounding_box": [1771, 110, 1780, 123]}, {"label": "static", "bounding_box": [1769, 147, 1783, 179]}, {"label": "static", "bounding_box": [1771, 192, 1781, 214]}, {"label": "traffic light", "bounding_box": [1771, 238, 1811, 319]}, {"label": "static", "bounding_box": [1773, 375, 1800, 450]}, {"label": "static", "bounding_box": [1693, 383, 1735, 490]}, {"label": "static", "bounding_box": [1695, 514, 1716, 585]}, {"label": "traffic sign", "bounding_box": [1667, 197, 1757, 287]}, {"label": "pole", "bounding_box": [720, 290, 732, 423]}, {"label": "static", "bounding_box": [743, 402, 787, 428]}, {"label": "traffic sign", "bounding_box": [721, 382, 753, 436]}, {"label": "building", "bounding_box": [707, 422, 803, 518]}, {"label": "static", "bounding_box": [700, 443, 729, 519]}, {"label": "person", "bounding_box": [683, 444, 713, 517]}, {"label": "pole", "bounding_box": [687, 225, 865, 537]}, {"label": "traffic light", "bounding_box": [856, 217, 881, 270]}, {"label": "traffic light", "bounding_box": [699, 317, 724, 376]}, {"label": "static", "bounding_box": [654, 397, 683, 426]}, {"label": "static", "bounding_box": [657, 369, 685, 403]}, {"label": "traffic sign", "bounding_box": [656, 334, 696, 350]}, {"label": "traffic light", "bounding_box": [687, 376, 709, 423]}, {"label": "static", "bounding_box": [611, 487, 640, 522]}, {"label": "pole", "bounding_box": [552, 230, 616, 539]}, {"label": "static", "bounding_box": [544, 265, 570, 282]}, {"label": "static", "bounding_box": [604, 263, 626, 284]}, {"label": "static", "bounding_box": [589, 263, 613, 282]}, {"label": "pole", "bounding_box": [378, 360, 391, 546]}, {"label": "traffic light", "bounding_box": [356, 375, 380, 419]}, {"label": "traffic sign", "bounding_box": [370, 397, 399, 423]}, {"label": "static", "bounding_box": [242, 503, 272, 532]}, {"label": "terrain", "bounding_box": [226, 458, 271, 507]}, {"label": "pole", "bounding_box": [225, 155, 241, 539]}, {"label": "pole", "bounding_box": [153, 0, 170, 506]}, {"label": "traffic sign", "bounding_box": [125, 212, 170, 254]}, {"label": "traffic sign", "bounding_box": [92, 270, 166, 316]}, {"label": "static", "bounding_box": [142, 310, 180, 388]}, {"label": "person", "bounding_box": [42, 463, 69, 493]}, {"label": "person", "bounding_box": [53, 454, 93, 501]}, {"label": "bicyclegroup", "bounding_box": [0, 476, 267, 619]}, {"label": "vegetation", "bounding_box": [0, 235, 140, 439]}, {"label": "traffic sign", "bounding_box": [125, 212, 170, 254]}, {"label": "traffic sign", "bounding_box": [92, 270, 166, 316]}, {"label": "ego vehicle", "bounding_box": [271, 844, 2028, 1023]}, {"label": "out of roi", "bounding_box": [0, 0, 2048, 1024]}]}