{"imgHeight": 1024, "imgWidth": 2048, "objects": [{"label": "road", "bounding_box": [0, 185, 2048, 1024]}, {"label": "sidewalk", "bounding_box": [1680, 487, 1984, 578]}, {"label": "sky", "bounding_box": [617, 0, 1549, 401]}, {"label": "sidewalk", "bounding_box": [0, 468, 929, 602]}, {"label": "building", "bounding_box": [0, 0, 2048, 573]}, {"label": "vegetation", "bounding_box": [1027, 338, 1248, 449]}, {"label": "vegetation", "bounding_box": [1252, 274, 1326, 443]}, {"label": "pole", "bounding_box": [844, 209, 928, 448]}, {"label": "pole", "bounding_box": [943, 271, 1006, 437]}, {"label": "cargroup", "bounding_box": [953, 436, 1053, 479]}, {"label": "car", "bounding_box": [866, 412, 933, 464]}, {"label": "cargroup", "bounding_box": [841, 443, 908, 493]}, {"label": "car", "bounding_box": [886, 431, 975, 501]}, {"label": "car", "bounding_box": [782, 443, 863, 500]}, {"label": "pole", "bounding_box": [661, 92, 786, 453]}, {"label": "car", "bounding_box": [707, 447, 791, 509]}, {"label": "car", "bounding_box": [624, 447, 743, 520]}, {"label": "car", "bounding_box": [464, 447, 615, 540]}, {"label": "bicyclegroup", "bounding_box": [69, 454, 319, 569]}, {"label": "car", "bounding_box": [0, 447, 82, 609]}, {"label": "pole", "bounding_box": [107, 0, 121, 572]}, {"label": "car", "bounding_box": [254, 449, 476, 571]}, {"label": "pole", "bounding_box": [1034, 311, 1075, 441]}, {"label": "static", "bounding_box": [1216, 427, 1225, 440]}, {"label": "cargroup", "bounding_box": [1207, 436, 1223, 468]}, {"label": "traffic sign", "bounding_box": [1168, 409, 1176, 418]}, {"label": "car", "bounding_box": [1172, 422, 1217, 499]}, {"label": "car", "bounding_box": [1004, 412, 1212, 580]}, {"label": "license plate", "bounding_box": [1073, 513, 1137, 529]}, {"label": "pole", "bounding_box": [1299, 350, 1302, 432]}, {"label": "car", "bounding_box": [1233, 440, 1258, 464]}, {"label": "car", "bounding_box": [1249, 437, 1272, 470]}, {"label": "car", "bounding_box": [1261, 428, 1316, 481]}, {"label": "car", "bounding_box": [1275, 434, 1349, 495]}, {"label": "pole", "bounding_box": [1380, 157, 1478, 437]}, {"label": "traffic sign", "bounding_box": [1465, 378, 1486, 400]}, {"label": "pole", "bounding_box": [1327, 247, 1396, 429]}, {"label": "traffic sign", "bounding_box": [1388, 399, 1398, 417]}, {"label": "car", "bounding_box": [1436, 430, 1517, 505]}, {"label": "pole", "bounding_box": [1316, 344, 1319, 422]}, {"label": "pole", "bounding_box": [1302, 290, 1357, 429]}, {"label": "car", "bounding_box": [1312, 425, 1466, 540]}, {"label": "pole", "bounding_box": [1633, 0, 1644, 394]}, {"label": "dynamic", "bounding_box": [1627, 375, 1722, 513]}, {"label": "dynamic", "bounding_box": [1723, 440, 1778, 506]}, {"label": "car", "bounding_box": [1495, 427, 1599, 518]}, {"label": "car", "bounding_box": [1561, 421, 1695, 533]}, {"label": "car", "bounding_box": [1926, 419, 2048, 616]}, {"label": "license plate", "bounding_box": [1381, 468, 1424, 480]}, {"label": "ego vehicle", "bounding_box": [271, 844, 2028, 1023]}, {"label": "out of roi", "bounding_box": [0, 0, 2048, 1024]}]}