{"imgHeight": 1024, "imgWidth": 2048, "objects": [{"label": "road", "bounding_box": [0, 331, 2048, 1024]}, {"label": "sky", "bounding_box": [497, 0, 1372, 355]}, {"label": "sidewalk", "bounding_box": [0, 465, 851, 577]}, {"label": "sidewalk", "bounding_box": [1189, 471, 2048, 787]}, {"label": "building", "bounding_box": [0, 0, 2048, 608]}, {"label": "pole", "bounding_box": [1286, 247, 1297, 448]}, {"label": "vegetation", "bounding_box": [721, 0, 2048, 472]}, {"label": "terrain", "bounding_box": [1185, 460, 1247, 477]}, {"label": "cargroup", "bounding_box": [1134, 443, 1194, 475]}, {"label": "pole", "bounding_box": [1208, 420, 1212, 468]}, {"label": "traffic sign", "bounding_box": [1207, 388, 1223, 414]}, {"label": "traffic sign", "bounding_box": [1206, 406, 1219, 427]}, {"label": "pole", "bounding_box": [1412, 396, 1418, 446]}, {"label": "person", "bounding_box": [1369, 425, 1383, 451]}, {"label": "static", "bounding_box": [1418, 421, 1431, 445]}, {"label": "static", "bounding_box": [1583, 400, 1602, 432]}, {"label": "static", "bounding_box": [1493, 413, 1508, 445]}, {"label": "pole", "bounding_box": [1526, 174, 1536, 454]}, {"label": "traffic sign", "bounding_box": [1511, 311, 1552, 355]}, {"label": "traffic sign", "bounding_box": [1511, 350, 1551, 378]}, {"label": "traffic sign", "bounding_box": [1406, 377, 1431, 403]}, {"label": "pole", "bounding_box": [1125, 254, 1224, 476]}, {"label": "car", "bounding_box": [1235, 438, 1290, 481]}, {"label": "car", "bounding_box": [1258, 438, 1329, 520]}, {"label": "car", "bounding_box": [1292, 439, 1360, 529]}, {"label": "car", "bounding_box": [1326, 439, 1438, 544]}, {"label": "car", "bounding_box": [1389, 440, 1550, 568]}, {"label": "pole", "bounding_box": [1727, 315, 1744, 439]}, {"label": "car", "bounding_box": [1476, 425, 1769, 627]}, {"label": "car", "bounding_box": [1645, 412, 2048, 709]}, {"label": "traffic sign", "bounding_box": [1705, 213, 1757, 324]}, {"label": "cargroup", "bounding_box": [964, 448, 1037, 467]}, {"label": "static", "bounding_box": [958, 421, 970, 468]}, {"label": "car", "bounding_box": [829, 440, 956, 475]}, {"label": "pole", "bounding_box": [952, 400, 956, 447]}, {"label": "traffic sign", "bounding_box": [949, 459, 963, 491]}, {"label": "traffic sign", "bounding_box": [947, 442, 964, 460]}, {"label": "static", "bounding_box": [980, 436, 992, 449]}, {"label": "static", "bounding_box": [979, 447, 991, 470]}, {"label": "pole", "bounding_box": [984, 435, 987, 478]}, {"label": "traffic sign", "bounding_box": [935, 363, 969, 393]}, {"label": "traffic sign", "bounding_box": [942, 390, 966, 405]}, {"label": "static", "bounding_box": [745, 463, 794, 477]}, {"label": "vegetation", "bounding_box": [741, 429, 805, 473]}, {"label": "static", "bounding_box": [731, 378, 752, 399]}, {"label": "pole", "bounding_box": [739, 376, 744, 476]}, {"label": "traffic sign", "bounding_box": [719, 379, 740, 387]}, {"label": "static", "bounding_box": [709, 390, 734, 415]}, {"label": "vegetation", "bounding_box": [707, 427, 733, 469]}, {"label": "static", "bounding_box": [618, 451, 704, 479]}, {"label": "polegroup", "bounding_box": [702, 452, 730, 482]}, {"label": "static", "bounding_box": [493, 379, 517, 409]}, {"label": "pole", "bounding_box": [562, 213, 619, 482]}, {"label": "traffic sign", "bounding_box": [613, 383, 626, 404]}, {"label": "pole", "bounding_box": [572, 408, 574, 432]}, {"label": "traffic sign", "bounding_box": [567, 397, 583, 416]}, {"label": "static", "bounding_box": [551, 427, 582, 495]}, {"label": "static", "bounding_box": [441, 366, 464, 400]}, {"label": "pole", "bounding_box": [451, 377, 455, 422]}, {"label": "static", "bounding_box": [518, 365, 542, 409]}, {"label": "pole", "bounding_box": [534, 369, 536, 428]}, {"label": "static", "bounding_box": [563, 434, 630, 493]}, {"label": "car", "bounding_box": [534, 436, 574, 512]}, {"label": "car", "bounding_box": [373, 419, 551, 529]}, {"label": "vegetation", "bounding_box": [163, 0, 714, 438]}, {"label": "car", "bounding_box": [150, 423, 373, 552]}, {"label": "car", "bounding_box": [0, 448, 44, 584]}, {"label": "car", "bounding_box": [1004, 435, 1154, 550]}, {"label": "ego vehicle", "bounding_box": [271, 844, 2028, 1023]}, {"label": "out of roi", "bounding_box": [0, 0, 2048, 1024]}]}