{"imgHeight": 1024, "imgWidth": 2048, "objects": [{"label": "sky", "bounding_box": [934, 1, 1199, 290]}, {"label": "road", "bounding_box": [0, 415, 2048, 1024]}, {"label": "vegetation", "bounding_box": [0, 0, 1126, 474]}, {"label": "building", "bounding_box": [1105, 1, 2048, 453]}, {"label": "bridge", "bounding_box": [933, 360, 1065, 409]}, {"label": "static", "bounding_box": [974, 350, 1158, 455]}, {"label": "cargroup", "bounding_box": [930, 403, 989, 438]}, {"label": "traffic light", "bounding_box": [927, 359, 935, 377]}, {"label": "traffic sign", "bounding_box": [1137, 356, 1150, 371]}, {"label": "traffic sign", "bounding_box": [1138, 370, 1150, 383]}, {"label": "car", "bounding_box": [1014, 407, 1050, 444]}, {"label": "pole", "bounding_box": [1036, 289, 1140, 455]}, {"label": "traffic light", "bounding_box": [1125, 365, 1133, 387]}, {"label": "traffic light", "bounding_box": [1027, 283, 1039, 311]}, {"label": "vegetation", "bounding_box": [1003, 0, 2048, 421]}, {"label": "car", "bounding_box": [1148, 398, 1264, 462]}, {"label": "car", "bounding_box": [1167, 404, 1292, 464]}, {"label": "traffic light", "bounding_box": [1274, 362, 1283, 382]}, {"label": "sidewalk", "bounding_box": [1149, 456, 1265, 473]}, {"label": "vegetation", "bounding_box": [1210, 319, 1235, 458]}, {"label": "pole", "bounding_box": [1245, 421, 1251, 457]}, {"label": "sidewalk", "bounding_box": [1167, 470, 1252, 483]}, {"label": "pole", "bounding_box": [1192, 71, 1208, 472]}, {"label": "static", "bounding_box": [1188, 224, 1240, 301]}, {"label": "static", "bounding_box": [1189, 304, 1239, 323]}, {"label": "car", "bounding_box": [1005, 407, 1132, 509]}, {"label": "license plate", "bounding_box": [1056, 452, 1093, 461]}, {"label": "traffic light", "bounding_box": [738, 366, 746, 386]}, {"label": "car", "bounding_box": [892, 402, 953, 459]}, {"label": "car", "bounding_box": [847, 403, 935, 458]}, {"label": "car", "bounding_box": [903, 418, 922, 457]}, {"label": "ground", "bounding_box": [1190, 490, 2047, 836]}, {"label": "car", "bounding_box": [859, 412, 916, 471]}, {"label": "car", "bounding_box": [696, 391, 881, 493]}, {"label": "car", "bounding_box": [757, 417, 846, 497]}, {"label": "car", "bounding_box": [675, 404, 794, 500]}, {"label": "car", "bounding_box": [676, 404, 773, 519]}, {"label": "car", "bounding_box": [566, 397, 751, 547]}, {"label": "license plate", "bounding_box": [702, 493, 736, 506]}, {"label": "pole", "bounding_box": [370, 291, 381, 384]}, {"label": "static", "bounding_box": [327, 188, 412, 295]}, {"label": "car", "bounding_box": [562, 397, 635, 558]}, {"label": "parking", "bounding_box": [1190, 490, 2047, 836]}, {"label": "car", "bounding_box": [359, 381, 629, 581]}, {"label": "license plate", "bounding_box": [529, 482, 587, 499]}, {"label": "car", "bounding_box": [198, 370, 466, 615]}, {"label": "license plate", "bounding_box": [342, 478, 416, 500]}, {"label": "car", "bounding_box": [0, 358, 329, 656]}, {"label": "license plate", "bounding_box": [150, 511, 244, 545]}, {"label": "sidewalk", "bounding_box": [1250, 490, 1303, 503]}, {"label": "motorcycle", "bounding_box": [1257, 389, 1289, 441]}, {"label": "car", "bounding_box": [1256, 398, 1388, 494]}, {"label": "car", "bounding_box": [1271, 410, 1366, 525]}, {"label": "car", "bounding_box": [1319, 406, 1398, 539]}, {"label": "license plate", "bounding_box": [1291, 453, 1321, 464]}, {"label": "license plate", "bounding_box": [1340, 459, 1363, 471]}, {"label": "car", "bounding_box": [1350, 363, 1603, 548]}, {"label": "license plate", "bounding_box": [1368, 477, 1404, 491]}, {"label": "car", "bounding_box": [1409, 367, 1732, 595]}, {"label": "license plate", "bounding_box": [1457, 476, 1519, 497]}, {"label": "car", "bounding_box": [1684, 346, 2048, 624]}, {"label": "license plate", "bounding_box": [1735, 476, 1822, 501]}, {"label": "car", "bounding_box": [1788, 359, 2048, 686]}, {"label": "license plate", "bounding_box": [1868, 579, 1991, 606]}, {"label": "ground", "bounding_box": [1827, 743, 2048, 949]}, {"label": "ego vehicle", "bounding_box": [271, 844, 2028, 1023]}, {"label": "out of roi", "bounding_box": [0, 0, 2048, 1024]}]}