{"imgHeight": 1024, "imgWidth": 2048, "objects": [{"label": "sky", "bounding_box": [142, 0, 1703, 254]}, {"label": "road", "bounding_box": [0, 395, 2048, 1024]}, {"label": "terrain", "bounding_box": [0, 414, 1186, 544]}, {"label": "terrain", "bounding_box": [0, 483, 754, 699]}, {"label": "terrain", "bounding_box": [1077, 411, 1451, 458]}, {"label": "sidewalk", "bounding_box": [1404, 410, 2048, 482]}, {"label": "sidewalk", "bounding_box": [1329, 504, 2048, 983]}, {"label": "terrain", "bounding_box": [1387, 555, 2048, 933]}, {"label": "building", "bounding_box": [0, 0, 2048, 450]}, {"label": "pole", "bounding_box": [1383, 298, 1391, 422]}, {"label": "traffic light", "bounding_box": [1391, 298, 1400, 319]}, {"label": "static", "bounding_box": [1378, 345, 1399, 367]}, {"label": "pole", "bounding_box": [1397, 400, 1400, 422]}, {"label": "pole", "bounding_box": [1404, 402, 1409, 420]}, {"label": "pole", "bounding_box": [1342, 374, 1345, 421]}, {"label": "static", "bounding_box": [1336, 365, 1352, 376]}, {"label": "static", "bounding_box": [1337, 376, 1347, 384]}, {"label": "vegetation", "bounding_box": [1315, 137, 1483, 422]}, {"label": "vegetation", "bounding_box": [1285, 165, 1379, 425]}, {"label": "pole", "bounding_box": [1504, 304, 1511, 353]}, {"label": "vegetation", "bounding_box": [1472, 258, 1569, 356]}, {"label": "pole", "bounding_box": [1591, 364, 1595, 403]}, {"label": "static", "bounding_box": [1586, 362, 1598, 374]}, {"label": "pole", "bounding_box": [1549, 362, 1555, 401]}, {"label": "traffic sign", "bounding_box": [1544, 363, 1557, 371]}, {"label": "traffic sign", "bounding_box": [1544, 352, 1557, 364]}, {"label": "static", "bounding_box": [1560, 363, 1579, 382]}, {"label": "car", "bounding_box": [1568, 394, 1607, 424]}, {"label": "person", "bounding_box": [1564, 388, 1576, 427]}, {"label": "static", "bounding_box": [1443, 332, 1458, 354]}, {"label": "bus", "bounding_box": [1432, 344, 1543, 427]}, {"label": "car", "bounding_box": [1529, 394, 1570, 432]}, {"label": "car", "bounding_box": [1484, 393, 1543, 438]}, {"label": "static", "bounding_box": [1584, 398, 1616, 426]}, {"label": "pole", "bounding_box": [1632, 239, 1637, 369]}, {"label": "static", "bounding_box": [1621, 234, 1636, 241]}, {"label": "building", "bounding_box": [1603, 356, 1642, 430]}, {"label": "static", "bounding_box": [1624, 312, 1643, 359]}, {"label": "pole", "bounding_box": [1626, 174, 1631, 432]}, {"label": "static", "bounding_box": [1608, 170, 1631, 178]}, {"label": "traffic sign", "bounding_box": [1600, 308, 1626, 353]}, {"label": "vegetation", "bounding_box": [1275, 0, 2048, 454]}, {"label": "static", "bounding_box": [1852, 238, 1898, 281]}, {"label": "rider", "bounding_box": [1854, 338, 1938, 505]}, {"label": "bicycle", "bounding_box": [1842, 408, 1958, 509]}, {"label": "rider", "bounding_box": [1739, 339, 1831, 508]}, {"label": "bicycle", "bounding_box": [1726, 414, 1825, 525]}, {"label": "pole", "bounding_box": [1858, 247, 1878, 519]}, {"label": "vegetation", "bounding_box": [1798, 0, 1882, 655]}, {"label": "pole", "bounding_box": [1480, 268, 1487, 455]}, {"label": "pole", "bounding_box": [1466, 59, 1476, 453]}, {"label": "static", "bounding_box": [1441, 48, 1474, 61]}, {"label": "traffic sign", "bounding_box": [1472, 285, 1495, 309]}, {"label": "traffic sign", "bounding_box": [1470, 311, 1493, 333]}, {"label": "pole", "bounding_box": [1565, 433, 1576, 525]}, {"label": "pole", "bounding_box": [1517, 433, 1527, 533]}, {"label": "pole", "bounding_box": [1485, 439, 1493, 542]}, {"label": "pole", "bounding_box": [1444, 464, 1459, 544]}, {"label": "pole", "bounding_box": [1435, 446, 1448, 563]}, {"label": "static", "bounding_box": [1432, 4, 1460, 76]}, {"label": "pole", "bounding_box": [1442, 0, 1472, 558]}, {"label": "traffic sign", "bounding_box": [1456, 107, 1528, 142]}, {"label": "traffic light", "bounding_box": [1419, 174, 1468, 275]}, {"label": "traffic sign", "bounding_box": [1487, 219, 1551, 287]}, {"label": "pole", "bounding_box": [1262, 268, 1269, 418]}, {"label": "static", "bounding_box": [1266, 284, 1285, 307]}, {"label": "traffic light", "bounding_box": [1267, 362, 1276, 381]}, {"label": "traffic light", "bounding_box": [1254, 363, 1263, 380]}, {"label": "vegetation", "bounding_box": [1212, 109, 1317, 434]}, {"label": "static", "bounding_box": [1210, 398, 1216, 405]}, {"label": "vegetation", "bounding_box": [1150, 170, 1238, 442]}, {"label": "pole", "bounding_box": [1159, 326, 1165, 433]}, {"label": "static", "bounding_box": [1152, 388, 1172, 419]}, {"label": "pole", "bounding_box": [1068, 367, 1072, 422]}, {"label": "pole", "bounding_box": [1084, 369, 1091, 411]}, {"label": "static", "bounding_box": [1097, 381, 1105, 397]}, {"label": "static", "bounding_box": [1070, 405, 1103, 425]}, {"label": "sidewalk", "bounding_box": [0, 427, 1128, 513]}, {"label": "sidewalk", "bounding_box": [420, 514, 709, 562]}, {"label": "vegetation", "bounding_box": [1068, 143, 1180, 432]}, {"label": "vegetation", "bounding_box": [1059, 205, 1195, 433]}, {"label": "pole", "bounding_box": [1023, 256, 1031, 430]}, {"label": "pole", "bounding_box": [1127, 405, 1131, 444]}, {"label": "traffic sign", "bounding_box": [1119, 391, 1138, 414]}, {"label": "static", "bounding_box": [934, 426, 980, 442]}, {"label": "building", "bounding_box": [974, 365, 1090, 441]}, {"label": "pole", "bounding_box": [952, 191, 961, 443]}, {"label": "static", "bounding_box": [954, 187, 971, 194]}, {"label": "pole", "bounding_box": [880, 364, 884, 424]}, {"label": "static", "bounding_box": [868, 366, 884, 374]}, {"label": "static", "bounding_box": [880, 374, 891, 380]}, {"label": "traffic light", "bounding_box": [876, 379, 886, 394]}, {"label": "person", "bounding_box": [881, 392, 894, 429]}, {"label": "pole", "bounding_box": [763, 318, 768, 415]}, {"label": "traffic light", "bounding_box": [757, 374, 771, 393]}, {"label": "traffic sign", "bounding_box": [959, 322, 981, 366]}, {"label": "static", "bounding_box": [787, 321, 798, 337]}, {"label": "static", "bounding_box": [782, 339, 794, 367]}, {"label": "pole", "bounding_box": [770, 325, 793, 411]}, {"label": "pole", "bounding_box": [690, 328, 697, 380]}, {"label": "static", "bounding_box": [709, 348, 726, 378]}, {"label": "pole", "bounding_box": [705, 274, 714, 390]}, {"label": "static", "bounding_box": [602, 368, 735, 446]}, {"label": "vegetation", "bounding_box": [557, 209, 721, 428]}, {"label": "vegetation", "bounding_box": [398, 230, 574, 435]}, {"label": "pole", "bounding_box": [449, 373, 453, 430]}, {"label": "pole", "bounding_box": [252, 311, 261, 440]}, {"label": "static", "bounding_box": [252, 307, 270, 313]}, {"label": "vegetation", "bounding_box": [36, 172, 290, 454]}, {"label": "static", "bounding_box": [908, 428, 932, 442]}, {"label": "static", "bounding_box": [880, 428, 909, 445]}, {"label": "static", "bounding_box": [854, 432, 882, 445]}, {"label": "static", "bounding_box": [823, 432, 852, 445]}, {"label": "static", "bounding_box": [733, 404, 765, 419]}, {"label": "car", "bounding_box": [704, 408, 830, 469]}, {"label": "car", "bounding_box": [555, 410, 712, 479]}, {"label": "pole", "bounding_box": [534, 67, 561, 474]}, {"label": "static", "bounding_box": [533, 61, 561, 72]}, {"label": "static", "bounding_box": [550, 299, 561, 355]}, {"label": "static", "bounding_box": [529, 307, 547, 329]}, {"label": "static", "bounding_box": [530, 386, 585, 477]}, {"label": "static", "bounding_box": [649, 364, 677, 392]}, {"label": "pole", "bounding_box": [654, 355, 666, 485]}, {"label": "static", "bounding_box": [636, 380, 679, 455]}, {"label": "static", "bounding_box": [460, 451, 478, 466]}, {"label": "static", "bounding_box": [406, 454, 461, 469]}, {"label": "static", "bounding_box": [335, 458, 394, 472]}, {"label": "static", "bounding_box": [261, 459, 326, 476]}, {"label": "static", "bounding_box": [180, 465, 248, 483]}, {"label": "static", "bounding_box": [92, 468, 170, 489]}, {"label": "static", "bounding_box": [0, 473, 78, 488]}, {"label": "pole", "bounding_box": [495, 129, 520, 536]}, {"label": "traffic sign", "bounding_box": [449, 127, 498, 163]}, {"label": "static", "bounding_box": [1488, 557, 1569, 612]}, {"label": "static", "bounding_box": [1735, 620, 1925, 725]}, {"label": "traffic light", "bounding_box": [512, 210, 558, 302]}, {"label": "traffic light", "bounding_box": [447, 212, 491, 302]}, {"label": "traffic light", "bounding_box": [489, 214, 516, 299]}, {"label": "ego vehicle", "bounding_box": [271, 844, 2028, 1023]}, {"label": "out of roi", "bounding_box": [0, 0, 2048, 1024]}]}