{"imgHeight": 1024, "imgWidth": 2048, "objects": [{"label": "road", "bounding_box": [0, 358, 2048, 1024]}, {"label": "sky", "bounding_box": [517, 0, 1915, 370]}, {"label": "sidewalk", "bounding_box": [0, 465, 714, 576]}, {"label": "vegetation", "bounding_box": [0, 0, 854, 537]}, {"label": "vegetation", "bounding_box": [804, 239, 1468, 377]}, {"label": "building", "bounding_box": [727, 224, 1817, 453]}, {"label": "terrain", "bounding_box": [0, 491, 652, 561]}, {"label": "static", "bounding_box": [531, 354, 571, 388]}, {"label": "pole", "bounding_box": [540, 356, 548, 491]}, {"label": "static", "bounding_box": [528, 436, 545, 493]}, {"label": "pole", "bounding_box": [356, 159, 371, 509]}, {"label": "dynamic", "bounding_box": [320, 408, 396, 514]}, {"label": "static", "bounding_box": [713, 240, 864, 442]}, {"label": "static", "bounding_box": [612, 429, 721, 462]}, {"label": "vegetation", "bounding_box": [711, 419, 1055, 460]}, {"label": "pole", "bounding_box": [725, 293, 741, 453]}, {"label": "car", "bounding_box": [682, 437, 728, 459]}, {"label": "guard rail", "bounding_box": [618, 446, 1047, 471]}, {"label": "pole", "bounding_box": [1196, 256, 1208, 393]}, {"label": "traffic light", "bounding_box": [1188, 216, 1213, 261]}, {"label": "vegetation", "bounding_box": [997, 168, 1410, 511]}, {"label": "wall", "bounding_box": [1209, 424, 1302, 448]}, {"label": "pole", "bounding_box": [662, 279, 677, 492]}, {"label": "traffic light", "bounding_box": [755, 244, 772, 288]}, {"label": "traffic light", "bounding_box": [645, 375, 661, 402]}, {"label": "pole", "bounding_box": [639, 259, 771, 494]}, {"label": "traffic light", "bounding_box": [640, 375, 649, 405]}, {"label": "traffic sign", "bounding_box": [631, 348, 653, 365]}, {"label": "pole", "bounding_box": [1044, 236, 1060, 421]}, {"label": "pole", "bounding_box": [1054, 441, 1060, 487]}, {"label": "traffic sign", "bounding_box": [1044, 414, 1073, 448]}, {"label": "static", "bounding_box": [1064, 307, 1088, 338]}, {"label": "pole", "bounding_box": [1074, 307, 1082, 473]}, {"label": "traffic light", "bounding_box": [1055, 354, 1077, 389]}, {"label": "traffic light", "bounding_box": [1077, 354, 1099, 389]}, {"label": "traffic light", "bounding_box": [1071, 353, 1083, 389]}, {"label": "traffic sign", "bounding_box": [1061, 315, 1094, 344]}, {"label": "car", "bounding_box": [1087, 421, 1123, 454]}, {"label": "pole", "bounding_box": [1221, 389, 1224, 435]}, {"label": "pole", "bounding_box": [1265, 409, 1270, 428]}, {"label": "traffic sign", "bounding_box": [1261, 392, 1273, 413]}, {"label": "dynamic", "bounding_box": [1234, 420, 1280, 447]}, {"label": "pole", "bounding_box": [1301, 386, 1310, 413]}, {"label": "traffic sign", "bounding_box": [1293, 369, 1308, 391]}, {"label": "traffic sign", "bounding_box": [1334, 375, 1354, 408]}, {"label": "vegetation", "bounding_box": [1378, 378, 1560, 441]}, {"label": "terrain", "bounding_box": [1235, 437, 1697, 464]}, {"label": "pole", "bounding_box": [1367, 103, 1386, 445]}, {"label": "traffic sign", "bounding_box": [1367, 347, 1386, 366]}, {"label": "traffic sign", "bounding_box": [1369, 365, 1388, 382]}, {"label": "car", "bounding_box": [1285, 405, 1378, 473]}, {"label": "car", "bounding_box": [1094, 412, 1248, 531]}, {"label": "static", "bounding_box": [959, 247, 976, 253]}, {"label": "static", "bounding_box": [1105, 170, 1127, 180]}, {"label": "pole", "bounding_box": [1426, 373, 1432, 441]}, {"label": "traffic sign", "bounding_box": [1415, 330, 1449, 380]}, {"label": "pole", "bounding_box": [1463, 361, 1471, 439]}, {"label": "vegetation", "bounding_box": [1430, 0, 2048, 570]}, {"label": "traffic sign", "bounding_box": [1457, 328, 1472, 368]}, {"label": "static", "bounding_box": [1534, 342, 1600, 440]}, {"label": "pole", "bounding_box": [1527, 370, 1536, 443]}, {"label": "static", "bounding_box": [1496, 421, 1511, 439]}, {"label": "static", "bounding_box": [1510, 305, 1557, 375]}, {"label": "pole", "bounding_box": [1423, 45, 1565, 447]}, {"label": "traffic light", "bounding_box": [1540, 333, 1559, 368]}, {"label": "traffic light", "bounding_box": [1555, 335, 1565, 371]}, {"label": "traffic sign", "bounding_box": [1538, 270, 1575, 303]}, {"label": "pole", "bounding_box": [2022, 317, 2030, 417]}, {"label": "traffic sign", "bounding_box": [1995, 235, 2048, 326]}, {"label": "sidewalk", "bounding_box": [1706, 485, 2048, 575]}, {"label": "pole", "bounding_box": [1702, 333, 1716, 447]}, {"label": "license plate", "bounding_box": [1141, 482, 1188, 493]}, {"label": "ego vehicle", "bounding_box": [271, 844, 2028, 1023]}, {"label": "out of roi", "bounding_box": [0, 0, 2048, 1024]}]}