{"imgHeight": 1024, "imgWidth": 2048, "objects": [{"label": "sidewalk", "bounding_box": [176, 479, 957, 534]}, {"label": "sky", "bounding_box": [938, 0, 1363, 384]}, {"label": "road", "bounding_box": [0, 403, 2048, 1024]}, {"label": "sidewalk", "bounding_box": [0, 409, 1074, 491]}, {"label": "building", "bounding_box": [0, 1, 1062, 468]}, {"label": "static", "bounding_box": [445, 374, 501, 474]}, {"label": "pole", "bounding_box": [463, 345, 469, 473]}, {"label": "static", "bounding_box": [455, 350, 478, 366]}, {"label": "traffic sign", "bounding_box": [453, 338, 478, 356]}, {"label": "traffic sign", "bounding_box": [454, 320, 479, 340]}, {"label": "traffic sign", "bounding_box": [454, 298, 480, 321]}, {"label": "vegetation", "bounding_box": [0, 0, 196, 234]}, {"label": "car", "bounding_box": [54, 394, 356, 484]}, {"label": "sidewalk", "bounding_box": [1, 507, 610, 746]}, {"label": "traffic sign", "bounding_box": [42, 223, 113, 254]}, {"label": "pole", "bounding_box": [97, 0, 158, 664]}, {"label": "traffic sign", "bounding_box": [69, 101, 187, 200]}, {"label": "traffic sign", "bounding_box": [70, 196, 186, 255]}, {"label": "traffic light", "bounding_box": [683, 272, 696, 338]}, {"label": "traffic light", "bounding_box": [643, 270, 680, 335]}, {"label": "static", "bounding_box": [673, 401, 705, 444]}, {"label": "static", "bounding_box": [797, 275, 864, 467]}, {"label": "pole", "bounding_box": [745, 288, 755, 486]}, {"label": "static", "bounding_box": [754, 288, 762, 305]}, {"label": "static", "bounding_box": [753, 317, 761, 343]}, {"label": "traffic sign", "bounding_box": [751, 345, 760, 371]}, {"label": "traffic light", "bounding_box": [731, 300, 751, 351]}, {"label": "static", "bounding_box": [1052, 357, 1131, 430]}, {"label": "building", "bounding_box": [1118, 1, 2047, 494]}, {"label": "bridge", "bounding_box": [1059, 387, 1189, 431]}, {"label": "static", "bounding_box": [1002, 425, 1025, 439]}, {"label": "vegetation", "bounding_box": [967, 286, 1069, 439]}, {"label": "static", "bounding_box": [970, 416, 987, 446]}, {"label": "static", "bounding_box": [969, 389, 975, 403]}, {"label": "pole", "bounding_box": [933, 394, 936, 451]}, {"label": "traffic sign", "bounding_box": [928, 385, 940, 398]}, {"label": "traffic light", "bounding_box": [940, 319, 961, 360]}, {"label": "pole", "bounding_box": [938, 305, 948, 477]}, {"label": "traffic sign", "bounding_box": [935, 334, 955, 355]}, {"label": "pole", "bounding_box": [902, 257, 912, 470]}, {"label": "static", "bounding_box": [900, 346, 913, 365]}, {"label": "traffic sign", "bounding_box": [875, 263, 944, 320]}, {"label": "traffic sign", "bounding_box": [900, 317, 939, 332]}, {"label": "pole", "bounding_box": [855, 467, 862, 519]}, {"label": "static", "bounding_box": [1097, 423, 1102, 437]}, {"label": "static", "bounding_box": [997, 400, 1012, 405]}, {"label": "car", "bounding_box": [1107, 420, 1129, 438]}, {"label": "sidewalk", "bounding_box": [1177, 434, 1245, 445]}, {"label": "vegetation", "bounding_box": [1120, 265, 1268, 439]}, {"label": "traffic light", "bounding_box": [1057, 368, 1063, 379]}, {"label": "traffic light", "bounding_box": [1135, 368, 1143, 381]}, {"label": "static", "bounding_box": [1159, 394, 1212, 441]}, {"label": "sidewalk", "bounding_box": [1209, 434, 1521, 489]}, {"label": "traffic sign", "bounding_box": [1260, 387, 1268, 404]}, {"label": "car", "bounding_box": [1221, 419, 1261, 451]}, {"label": "bicycle", "bounding_box": [1269, 432, 1304, 454]}, {"label": "pole", "bounding_box": [1307, 398, 1309, 430]}, {"label": "traffic light", "bounding_box": [811, 244, 866, 319]}, {"label": "traffic sign", "bounding_box": [1304, 381, 1313, 403]}, {"label": "static", "bounding_box": [1298, 427, 1491, 471]}, {"label": "pole", "bounding_box": [1348, 373, 1351, 464]}, {"label": "traffic sign", "bounding_box": [1343, 362, 1354, 376]}, {"label": "pole", "bounding_box": [1354, 299, 1375, 469]}, {"label": "traffic sign", "bounding_box": [1373, 299, 1417, 343]}, {"label": "static", "bounding_box": [1370, 360, 1483, 404]}, {"label": "pole", "bounding_box": [1500, 437, 1504, 472]}, {"label": "polegroup", "bounding_box": [1455, 436, 1474, 485]}, {"label": "pole", "bounding_box": [1595, 247, 1603, 407]}, {"label": "traffic sign", "bounding_box": [1562, 278, 1638, 337]}, {"label": "sidewalk", "bounding_box": [1719, 474, 2048, 511]}, {"label": "sidewalk", "bounding_box": [1733, 512, 2048, 574]}, {"label": "pole", "bounding_box": [1954, 451, 1959, 506]}, {"label": "traffic light", "bounding_box": [1647, 331, 1665, 374]}, {"label": "pole", "bounding_box": [1662, 321, 1668, 404]}, {"label": "static", "bounding_box": [1648, 398, 1698, 429]}, {"label": "traffic light", "bounding_box": [1798, 313, 1829, 364]}, {"label": "pole", "bounding_box": [1785, 301, 1802, 499]}, {"label": "traffic light", "bounding_box": [1778, 313, 1797, 363]}, {"label": "traffic light", "bounding_box": [2025, 282, 2048, 351]}, {"label": "pole", "bounding_box": [1671, 2, 1950, 532]}, {"label": "traffic sign", "bounding_box": [1912, 210, 1939, 248]}, {"label": "static", "bounding_box": [1946, 250, 1971, 319]}, {"label": "traffic light", "bounding_box": [1903, 256, 1939, 328]}, {"label": "traffic light", "bounding_box": [1931, 252, 1959, 332]}, {"label": "traffic sign", "bounding_box": [1957, 228, 2005, 281]}, {"label": "traffic sign", "bounding_box": [1959, 279, 2005, 324]}, {"label": "traffic light", "bounding_box": [1632, 0, 1677, 66]}, {"label": "car", "bounding_box": [1497, 404, 1732, 549]}, {"label": "license plate", "bounding_box": [1632, 465, 1686, 481]}, {"label": "ground", "bounding_box": [176, 479, 957, 534]}, {"label": "sidewalk", "bounding_box": [361, 491, 950, 531]}, {"label": "pole", "bounding_box": [849, 114, 866, 511]}, {"label": "traffic sign", "bounding_box": [834, 406, 885, 481]}, {"label": "traffic light", "bounding_box": [864, 114, 890, 191]}, {"label": "traffic light", "bounding_box": [832, 114, 860, 192]}, {"label": "traffic sign", "bounding_box": [765, 191, 858, 234]}, {"label": "traffic light", "bounding_box": [842, 240, 873, 318]}, {"label": "traffic light", "bounding_box": [862, 244, 892, 318]}, {"label": "pole", "bounding_box": [673, 254, 687, 495]}, {"label": "ego vehicle", "bounding_box": [271, 844, 2028, 1023]}, {"label": "out of roi", "bounding_box": [0, 0, 2048, 1024]}]}