{"imgHeight": 1024, "imgWidth": 2048, "objects": [{"label": "sky", "bounding_box": [607, 0, 1363, 417]}, {"label": "road", "bounding_box": [0, 477, 2048, 1024]}, {"label": "sidewalk", "bounding_box": [1210, 497, 2048, 745]}, {"label": "sidewalk", "bounding_box": [0, 491, 731, 619]}, {"label": "building", "bounding_box": [0, 0, 2048, 604]}, {"label": "vegetation", "bounding_box": [850, 227, 897, 271]}, {"label": "car", "bounding_box": [847, 473, 881, 499]}, {"label": "vegetation", "bounding_box": [822, 321, 1045, 495]}, {"label": "vegetation", "bounding_box": [1004, 100, 1212, 480]}, {"label": "static", "bounding_box": [1009, 287, 1021, 294]}, {"label": "static", "bounding_box": [986, 256, 1002, 262]}, {"label": "static", "bounding_box": [941, 168, 968, 175]}, {"label": "traffic light", "bounding_box": [1074, 381, 1086, 401]}, {"label": "static", "bounding_box": [1138, 434, 1157, 454]}, {"label": "static", "bounding_box": [1176, 437, 1197, 457]}, {"label": "static", "bounding_box": [1286, 437, 1296, 457]}, {"label": "static", "bounding_box": [1225, 456, 1271, 483]}, {"label": "pole", "bounding_box": [1182, 452, 1189, 477]}, {"label": "car", "bounding_box": [1155, 466, 1209, 513]}, {"label": "vegetation", "bounding_box": [1010, 0, 1258, 472]}, {"label": "car", "bounding_box": [1190, 462, 1262, 526]}, {"label": "vegetation", "bounding_box": [1197, 0, 1401, 499]}, {"label": "car", "bounding_box": [1205, 467, 1245, 533]}, {"label": "car", "bounding_box": [1214, 463, 1317, 539]}, {"label": "pole", "bounding_box": [1362, 410, 1368, 542]}, {"label": "traffic sign", "bounding_box": [1352, 378, 1372, 399]}, {"label": "traffic sign", "bounding_box": [1356, 399, 1369, 415]}, {"label": "traffic sign", "bounding_box": [1351, 414, 1373, 428]}, {"label": "pole", "bounding_box": [1438, 404, 1444, 552]}, {"label": "traffic sign", "bounding_box": [1426, 363, 1456, 394]}, {"label": "traffic sign", "bounding_box": [1431, 390, 1452, 406]}, {"label": "traffic sign", "bounding_box": [1427, 406, 1455, 422]}, {"label": "static", "bounding_box": [1485, 73, 1601, 136]}, {"label": "static", "bounding_box": [1538, 22, 1600, 67]}, {"label": "static", "bounding_box": [1538, 0, 1599, 15]}, {"label": "motorcycle", "bounding_box": [1592, 442, 1687, 602]}, {"label": "pole", "bounding_box": [2020, 0, 2048, 696]}, {"label": "traffic light", "bounding_box": [1948, 135, 2029, 293]}, {"label": "car", "bounding_box": [1084, 460, 1170, 541]}, {"label": "car", "bounding_box": [830, 472, 859, 506]}, {"label": "car", "bounding_box": [785, 459, 840, 509]}, {"label": "pole", "bounding_box": [778, 431, 782, 480]}, {"label": "static", "bounding_box": [775, 462, 788, 479]}, {"label": "static", "bounding_box": [768, 416, 785, 438]}, {"label": "static", "bounding_box": [691, 428, 712, 445]}, {"label": "vegetation", "bounding_box": [648, 263, 795, 489]}, {"label": "car", "bounding_box": [753, 467, 807, 519]}, {"label": "pole", "bounding_box": [767, 435, 770, 505]}, {"label": "static", "bounding_box": [759, 414, 777, 450]}, {"label": "car", "bounding_box": [735, 474, 777, 520]}, {"label": "car", "bounding_box": [699, 472, 763, 526]}, {"label": "car", "bounding_box": [643, 467, 714, 533]}, {"label": "vegetation", "bounding_box": [565, 475, 602, 505]}, {"label": "car", "bounding_box": [574, 471, 682, 539]}, {"label": "static", "bounding_box": [559, 224, 587, 369]}, {"label": "parking", "bounding_box": [234, 534, 490, 585]}, {"label": "static", "bounding_box": [595, 408, 614, 428]}, {"label": "pole", "bounding_box": [598, 408, 606, 539]}, {"label": "static", "bounding_box": [576, 404, 594, 422]}, {"label": "static", "bounding_box": [544, 464, 577, 538]}, {"label": "bicycle", "bounding_box": [572, 474, 604, 540]}, {"label": "pole", "bounding_box": [569, 491, 577, 540]}, {"label": "person", "bounding_box": [489, 452, 520, 530]}, {"label": "pole", "bounding_box": [509, 480, 518, 539]}, {"label": "car", "bounding_box": [850, 424, 1109, 652]}, {"label": "vegetation", "bounding_box": [331, 129, 517, 547]}, {"label": "static", "bounding_box": [438, 512, 488, 553]}, {"label": "bicycle", "bounding_box": [393, 481, 477, 561]}, {"label": "car", "bounding_box": [220, 472, 412, 574]}, {"label": "bicycle", "bounding_box": [128, 492, 267, 571]}, {"label": "vegetation", "bounding_box": [33, 0, 347, 567]}, {"label": "bicycle", "bounding_box": [48, 475, 178, 580]}, {"label": "static", "bounding_box": [131, 338, 179, 387]}, {"label": "pole", "bounding_box": [147, 330, 158, 588]}, {"label": "license plate", "bounding_box": [935, 544, 1020, 565]}, {"label": "ego vehicle", "bounding_box": [271, 844, 2028, 1023]}, {"label": "out of roi", "bounding_box": [0, 0, 2048, 1024]}]}