{"imgHeight": 1024, "imgWidth": 2048, "objects": [{"label": "sky", "bounding_box": [649, 0, 1364, 287]}, {"label": "road", "bounding_box": [0, 408, 2048, 1024]}, {"label": "parking", "bounding_box": [0, 443, 985, 851]}, {"label": "building", "bounding_box": [0, 0, 2048, 635]}, {"label": "terrain", "bounding_box": [1439, 560, 1593, 612]}, {"label": "vegetation", "bounding_box": [994, 208, 1153, 436]}, {"label": "car", "bounding_box": [1083, 421, 1111, 440]}, {"label": "car", "bounding_box": [1058, 421, 1086, 442]}, {"label": "car", "bounding_box": [1053, 425, 1081, 452]}, {"label": "car", "bounding_box": [1102, 425, 1127, 441]}, {"label": "static", "bounding_box": [1135, 396, 1142, 432]}, {"label": "pole", "bounding_box": [1045, 406, 1050, 440]}, {"label": "static", "bounding_box": [1045, 397, 1050, 414]}, {"label": "pole", "bounding_box": [1034, 398, 1039, 438]}, {"label": "static", "bounding_box": [1031, 393, 1042, 408]}, {"label": "vegetation", "bounding_box": [1062, 137, 1170, 432]}, {"label": "static", "bounding_box": [1170, 355, 1195, 420]}, {"label": "vegetation", "bounding_box": [1089, 71, 1199, 421]}, {"label": "ground", "bounding_box": [1168, 447, 2047, 931]}, {"label": "vegetation", "bounding_box": [1081, 0, 1231, 423]}, {"label": "parking", "bounding_box": [1163, 439, 2047, 1023]}, {"label": "vegetation", "bounding_box": [1162, 0, 1316, 440]}, {"label": "vegetation", "bounding_box": [1302, 234, 1408, 409]}, {"label": "pole", "bounding_box": [1290, 237, 1305, 394]}, {"label": "vegetation", "bounding_box": [1227, 0, 1464, 394]}, {"label": "static", "bounding_box": [1418, 278, 1461, 322]}, {"label": "car", "bounding_box": [1131, 425, 1152, 448]}, {"label": "car", "bounding_box": [1138, 417, 1175, 457]}, {"label": "car", "bounding_box": [1153, 411, 1207, 464]}, {"label": "car", "bounding_box": [1169, 421, 1207, 472]}, {"label": "car", "bounding_box": [1183, 411, 1239, 473]}, {"label": "car", "bounding_box": [1194, 412, 1252, 480]}, {"label": "car", "bounding_box": [1214, 412, 1269, 487]}, {"label": "car", "bounding_box": [1238, 382, 1379, 519]}, {"label": "car", "bounding_box": [1291, 394, 1384, 532]}, {"label": "car", "bounding_box": [1338, 377, 1488, 551]}, {"label": "car", "bounding_box": [1368, 380, 1611, 575]}, {"label": "vegetation", "bounding_box": [1525, 0, 1765, 502]}, {"label": "vegetation", "bounding_box": [1415, 0, 1666, 128]}, {"label": "vegetation", "bounding_box": [954, 111, 1050, 438]}, {"label": "pole", "bounding_box": [964, 362, 980, 433]}, {"label": "vegetation", "bounding_box": [893, 19, 1045, 442]}, {"label": "person", "bounding_box": [907, 408, 934, 461]}, {"label": "person", "bounding_box": [892, 415, 907, 466]}, {"label": "person", "bounding_box": [877, 409, 901, 473]}, {"label": "person", "bounding_box": [846, 414, 868, 472]}, {"label": "person", "bounding_box": [862, 417, 881, 473]}, {"label": "vegetation", "bounding_box": [863, 3, 947, 475]}, {"label": "vegetation", "bounding_box": [801, 0, 912, 477]}, {"label": "pole", "bounding_box": [884, 383, 890, 475]}, {"label": "traffic sign", "bounding_box": [879, 370, 893, 391]}, {"label": "vegetation", "bounding_box": [592, 0, 860, 449]}, {"label": "pole", "bounding_box": [673, 277, 688, 427]}, {"label": "static", "bounding_box": [680, 278, 717, 293]}, {"label": "parking", "bounding_box": [757, 517, 890, 547]}, {"label": "static", "bounding_box": [633, 298, 725, 328]}, {"label": "static", "bounding_box": [634, 315, 679, 358]}, {"label": "vegetation", "bounding_box": [574, 0, 832, 449]}, {"label": "car", "bounding_box": [1022, 427, 1047, 455]}, {"label": "car", "bounding_box": [1012, 427, 1034, 459]}, {"label": "car", "bounding_box": [1002, 428, 1026, 462]}, {"label": "car", "bounding_box": [989, 427, 1022, 460]}, {"label": "car", "bounding_box": [930, 425, 1005, 477]}, {"label": "static", "bounding_box": [926, 444, 945, 481]}, {"label": "static", "bounding_box": [900, 445, 937, 480]}, {"label": "car", "bounding_box": [734, 428, 858, 540]}, {"label": "license plate", "bounding_box": [773, 496, 817, 507]}, {"label": "bicycle", "bounding_box": [722, 447, 777, 536]}, {"label": "car", "bounding_box": [518, 411, 758, 570]}, {"label": "car", "bounding_box": [0, 394, 479, 686]}, {"label": "terrain", "bounding_box": [0, 695, 291, 821]}, {"label": "vegetation", "bounding_box": [0, 422, 172, 668]}, {"label": "vegetation", "bounding_box": [0, 0, 477, 138]}, {"label": "static", "bounding_box": [0, 566, 95, 716]}, {"label": "car", "bounding_box": [1532, 336, 2048, 726]}, {"label": "car", "bounding_box": [2005, 569, 2048, 770]}, {"label": "license plate", "bounding_box": [573, 509, 635, 521]}, {"label": "ego vehicle", "bounding_box": [271, 844, 2028, 1023]}, {"label": "out of roi", "bounding_box": [0, 0, 2048, 1024]}]}