{"imgHeight": 1024, "imgWidth": 2048, "objects": [{"label": "sky", "bounding_box": [761, 0, 1370, 430]}, {"label": "road", "bounding_box": [0, 453, 2048, 1024]}, {"label": "sidewalk", "bounding_box": [1266, 490, 2048, 804]}, {"label": "building", "bounding_box": [0, 0, 2048, 573]}, {"label": "static", "bounding_box": [1113, 351, 1122, 356]}, {"label": "static", "bounding_box": [1121, 313, 1132, 319]}, {"label": "static", "bounding_box": [1121, 263, 1136, 270]}, {"label": "static", "bounding_box": [1121, 195, 1139, 203]}, {"label": "static", "bounding_box": [1100, 67, 1126, 76]}, {"label": "car", "bounding_box": [1132, 448, 1142, 458]}, {"label": "car", "bounding_box": [1120, 438, 1134, 457]}, {"label": "static", "bounding_box": [1071, 432, 1100, 466]}, {"label": "traffic light", "bounding_box": [1102, 399, 1108, 420]}, {"label": "train", "bounding_box": [1095, 428, 1125, 471]}, {"label": "vegetation", "bounding_box": [1128, 351, 1195, 457]}, {"label": "traffic light", "bounding_box": [1145, 387, 1151, 401]}, {"label": "car", "bounding_box": [1130, 450, 1155, 477]}, {"label": "vegetation", "bounding_box": [1146, 272, 1257, 448]}, {"label": "static", "bounding_box": [1168, 419, 1189, 444]}, {"label": "traffic light", "bounding_box": [1180, 431, 1185, 447]}, {"label": "vegetation", "bounding_box": [1178, 348, 1205, 449]}, {"label": "vegetation", "bounding_box": [1186, 296, 1264, 452]}, {"label": "vegetation", "bounding_box": [1181, 214, 1251, 443]}, {"label": "static", "bounding_box": [1207, 414, 1219, 433]}, {"label": "vegetation", "bounding_box": [1220, 229, 1306, 444]}, {"label": "vegetation", "bounding_box": [1222, 135, 1341, 438]}, {"label": "static", "bounding_box": [1259, 385, 1273, 406]}, {"label": "traffic sign", "bounding_box": [1257, 400, 1278, 420]}, {"label": "bicycle", "bounding_box": [1273, 364, 1333, 402]}, {"label": "ground", "bounding_box": [1247, 504, 1509, 625]}, {"label": "parking", "bounding_box": [1247, 504, 1509, 625]}, {"label": "pole", "bounding_box": [1287, 380, 1293, 430]}, {"label": "static", "bounding_box": [1281, 402, 1287, 423]}, {"label": "pole", "bounding_box": [1324, 400, 1328, 440]}, {"label": "pole", "bounding_box": [1364, 386, 1367, 443]}, {"label": "traffic sign", "bounding_box": [1354, 339, 1371, 393]}, {"label": "vegetation", "bounding_box": [1194, 13, 1497, 463]}, {"label": "car", "bounding_box": [1204, 434, 1247, 472]}, {"label": "car", "bounding_box": [1236, 424, 1335, 510]}, {"label": "static", "bounding_box": [1288, 454, 1356, 522]}, {"label": "car", "bounding_box": [1128, 442, 1250, 530]}, {"label": "car", "bounding_box": [1324, 438, 1404, 550]}, {"label": "car", "bounding_box": [1348, 444, 1421, 559]}, {"label": "car", "bounding_box": [1369, 444, 1464, 601]}, {"label": "static", "bounding_box": [1677, 203, 1750, 270]}, {"label": "static", "bounding_box": [1807, 144, 1896, 270]}, {"label": "person", "bounding_box": [1849, 387, 1946, 561]}, {"label": "vegetation", "bounding_box": [1382, 215, 1972, 685]}, {"label": "vegetation", "bounding_box": [1401, 0, 1845, 305]}, {"label": "pole", "bounding_box": [1642, 270, 1656, 598]}, {"label": "traffic sign", "bounding_box": [1611, 209, 1688, 283]}, {"label": "vegetation", "bounding_box": [1487, 0, 1681, 576]}, {"label": "pole", "bounding_box": [1897, 0, 1937, 717]}, {"label": "traffic light", "bounding_box": [1829, 17, 1903, 205]}, {"label": "pole", "bounding_box": [1058, 391, 1062, 454]}, {"label": "vegetation", "bounding_box": [1028, 268, 1104, 440]}, {"label": "pole", "bounding_box": [1041, 337, 1047, 435]}, {"label": "pole", "bounding_box": [1036, 388, 1080, 438]}, {"label": "traffic light", "bounding_box": [1077, 384, 1084, 400]}, {"label": "car", "bounding_box": [1054, 449, 1094, 484]}, {"label": "static", "bounding_box": [1009, 416, 1017, 436]}, {"label": "static", "bounding_box": [958, 407, 977, 423]}, {"label": "pole", "bounding_box": [789, 356, 793, 444]}, {"label": "traffic sign", "bounding_box": [782, 344, 798, 362]}, {"label": "traffic sign", "bounding_box": [781, 361, 799, 375]}, {"label": "traffic sign", "bounding_box": [781, 374, 800, 394]}, {"label": "traffic sign", "bounding_box": [760, 375, 780, 395]}, {"label": "traffic sign", "bounding_box": [781, 393, 799, 403]}, {"label": "static", "bounding_box": [737, 313, 780, 354]}, {"label": "static", "bounding_box": [726, 322, 749, 350]}, {"label": "static", "bounding_box": [708, 321, 729, 350]}, {"label": "static", "bounding_box": [674, 316, 711, 360]}, {"label": "static", "bounding_box": [668, 364, 699, 388]}, {"label": "car", "bounding_box": [1007, 431, 1072, 499]}, {"label": "car", "bounding_box": [947, 440, 1003, 499]}, {"label": "car", "bounding_box": [970, 446, 1060, 508]}, {"label": "car", "bounding_box": [752, 436, 849, 520]}, {"label": "car", "bounding_box": [818, 423, 984, 553]}, {"label": "car", "bounding_box": [665, 436, 781, 538]}, {"label": "car", "bounding_box": [508, 405, 719, 563]}, {"label": "static", "bounding_box": [325, 325, 366, 373]}, {"label": "car", "bounding_box": [345, 423, 601, 594]}, {"label": "car", "bounding_box": [0, 414, 457, 657]}, {"label": "license plate", "bounding_box": [51, 503, 147, 526]}, {"label": "license plate", "bounding_box": [861, 507, 908, 519]}, {"label": "ego vehicle", "bounding_box": [271, 844, 2028, 1023]}, {"label": "out of roi", "bounding_box": [0, 0, 2048, 1024]}]}