{"imgHeight": 1024, "imgWidth": 2048, "objects": [{"label": "sky", "bounding_box": [1115, 1, 1784, 272]}, {"label": "road", "bounding_box": [0, 450, 2048, 1024]}, {"label": "building", "bounding_box": [1249, 208, 1678, 464]}, {"label": "sidewalk", "bounding_box": [1568, 462, 2048, 568]}, {"label": "building", "bounding_box": [1673, 0, 2048, 505]}, {"label": "sidewalk", "bounding_box": [0, 477, 934, 570]}, {"label": "building", "bounding_box": [1, 1, 1284, 525]}, {"label": "pole", "bounding_box": [1448, 331, 1454, 434]}, {"label": "pole", "bounding_box": [1479, 311, 1483, 431]}, {"label": "vegetation", "bounding_box": [1221, 185, 1476, 450]}, {"label": "pole", "bounding_box": [1259, 380, 1265, 457]}, {"label": "static", "bounding_box": [1253, 377, 1267, 390]}, {"label": "static", "bounding_box": [1254, 392, 1269, 416]}, {"label": "fence", "bounding_box": [1305, 434, 1339, 467]}, {"label": "cargroup", "bounding_box": [1305, 434, 1339, 467]}, {"label": "car", "bounding_box": [1272, 442, 1320, 477]}, {"label": "dynamic", "bounding_box": [1225, 413, 1284, 478]}, {"label": "car", "bounding_box": [1225, 439, 1271, 481]}, {"label": "car", "bounding_box": [1187, 441, 1255, 481]}, {"label": "pole", "bounding_box": [1189, 378, 1195, 462]}, {"label": "pole", "bounding_box": [1181, 381, 1185, 449]}, {"label": "vegetation", "bounding_box": [1158, 23, 1432, 477]}, {"label": "pole", "bounding_box": [1102, 139, 1116, 454]}, {"label": "car", "bounding_box": [1134, 436, 1197, 487]}, {"label": "car", "bounding_box": [1075, 436, 1148, 491]}, {"label": "vegetation", "bounding_box": [1013, 209, 1192, 491]}, {"label": "car", "bounding_box": [1029, 429, 1094, 497]}, {"label": "car", "bounding_box": [867, 431, 962, 502]}, {"label": "vegetation", "bounding_box": [735, 0, 1319, 505]}, {"label": "car", "bounding_box": [911, 423, 1059, 517]}, {"label": "car", "bounding_box": [746, 429, 865, 484]}, {"label": "car", "bounding_box": [673, 436, 867, 538]}, {"label": "traffic sign", "bounding_box": [656, 282, 680, 313]}, {"label": "pole", "bounding_box": [652, 273, 659, 533]}, {"label": "static", "bounding_box": [580, 262, 635, 350]}, {"label": "static", "bounding_box": [665, 320, 724, 353]}, {"label": "static", "bounding_box": [492, 315, 535, 353]}, {"label": "car", "bounding_box": [260, 422, 655, 560]}, {"label": "persongroup", "bounding_box": [5, 392, 74, 533]}, {"label": "person", "bounding_box": [80, 393, 125, 531]}, {"label": "person", "bounding_box": [155, 401, 200, 523]}, {"label": "person", "bounding_box": [123, 385, 166, 525]}, {"label": "static", "bounding_box": [1375, 410, 1388, 438]}, {"label": "pole", "bounding_box": [1398, 377, 1440, 455]}, {"label": "traffic light", "bounding_box": [1394, 376, 1401, 389]}, {"label": "vegetation", "bounding_box": [1438, 0, 1791, 446]}, {"label": "static", "bounding_box": [1648, 393, 1683, 439]}, {"label": "pole", "bounding_box": [1668, 408, 1671, 432]}, {"label": "traffic sign", "bounding_box": [1663, 385, 1675, 414]}, {"label": "static", "bounding_box": [1682, 399, 1701, 424]}, {"label": "traffic sign", "bounding_box": [1684, 374, 1695, 412]}, {"label": "static", "bounding_box": [1709, 397, 1720, 451]}, {"label": "static", "bounding_box": [1710, 346, 1744, 384]}, {"label": "car", "bounding_box": [1526, 429, 1583, 489]}, {"label": "car", "bounding_box": [1575, 425, 1702, 515]}, {"label": "pole", "bounding_box": [1727, 255, 1735, 477]}, {"label": "traffic sign", "bounding_box": [1734, 273, 1798, 304]}, {"label": "traffic sign", "bounding_box": [1716, 344, 1744, 367]}, {"label": "traffic sign", "bounding_box": [1716, 333, 1743, 346]}, {"label": "traffic sign", "bounding_box": [1718, 319, 1744, 333]}, {"label": "traffic sign", "bounding_box": [1715, 291, 1742, 321]}, {"label": "pole", "bounding_box": [1622, 275, 1644, 483]}, {"label": "bicyclegroup", "bounding_box": [1703, 431, 1777, 522]}, {"label": "bicycle", "bounding_box": [1656, 439, 1738, 521]}, {"label": "bicycle", "bounding_box": [1628, 451, 1676, 518]}, {"label": "bicycle", "bounding_box": [1588, 444, 1646, 540]}, {"label": "pole", "bounding_box": [1592, 244, 1621, 537]}, {"label": "traffic sign", "bounding_box": [1591, 356, 1617, 370]}, {"label": "traffic sign", "bounding_box": [1588, 324, 1624, 356]}, {"label": "traffic sign", "bounding_box": [1591, 304, 1615, 326]}, {"label": "traffic sign", "bounding_box": [1581, 271, 1620, 306]}, {"label": "static", "bounding_box": [1846, 199, 2048, 296]}, {"label": "car", "bounding_box": [1814, 418, 2048, 588]}, {"label": "car", "bounding_box": [1320, 431, 1415, 496]}, {"label": "car", "bounding_box": [1422, 421, 1568, 537]}, {"label": "license plate", "bounding_box": [1467, 471, 1511, 480]}, {"label": "traffic sign", "bounding_box": [599, 300, 659, 319]}, {"label": "ego vehicle", "bounding_box": [271, 844, 2028, 1023]}, {"label": "out of roi", "bounding_box": [0, 0, 2048, 1024]}]}