{"imgHeight": 1024, "imgWidth": 2048, "objects": [{"label": "sky", "bounding_box": [159, 0, 1153, 256]}, {"label": "road", "bounding_box": [0, 383, 2048, 1024]}, {"label": "vegetation", "bounding_box": [829, 48, 885, 143]}, {"label": "building", "bounding_box": [0, 0, 1884, 436]}, {"label": "terrain", "bounding_box": [391, 391, 640, 491]}, {"label": "terrain", "bounding_box": [21, 389, 392, 417]}, {"label": "vegetation", "bounding_box": [296, 242, 435, 381]}, {"label": "vegetation", "bounding_box": [232, 368, 393, 392]}, {"label": "vegetation", "bounding_box": [30, 0, 363, 370]}, {"label": "car", "bounding_box": [36, 363, 118, 396]}, {"label": "car", "bounding_box": [104, 339, 149, 394]}, {"label": "pole", "bounding_box": [146, 228, 156, 330]}, {"label": "pole", "bounding_box": [87, 201, 102, 408]}, {"label": "traffic light", "bounding_box": [214, 219, 228, 244]}, {"label": "pole", "bounding_box": [96, 222, 220, 250]}, {"label": "fence", "bounding_box": [226, 377, 290, 396]}, {"label": "fence", "bounding_box": [313, 368, 421, 400]}, {"label": "pole", "bounding_box": [309, 321, 312, 394]}, {"label": "static", "bounding_box": [305, 320, 313, 328]}, {"label": "pole", "bounding_box": [331, 339, 336, 395]}, {"label": "car", "bounding_box": [420, 374, 443, 390]}, {"label": "car", "bounding_box": [424, 373, 478, 397]}, {"label": "pole", "bounding_box": [604, 26, 617, 399]}, {"label": "vegetation", "bounding_box": [421, 182, 662, 404]}, {"label": "static", "bounding_box": [596, 21, 633, 30]}, {"label": "car", "bounding_box": [619, 380, 659, 395]}, {"label": "dynamic", "bounding_box": [617, 384, 663, 402]}, {"label": "car", "bounding_box": [663, 383, 702, 401]}, {"label": "traffic light", "bounding_box": [604, 341, 616, 358]}, {"label": "traffic sign", "bounding_box": [602, 358, 618, 371]}, {"label": "car", "bounding_box": [498, 371, 533, 396]}, {"label": "fence", "bounding_box": [424, 372, 507, 400]}, {"label": "static", "bounding_box": [531, 280, 585, 410]}, {"label": "pole", "bounding_box": [561, 178, 577, 418]}, {"label": "traffic sign", "bounding_box": [553, 289, 599, 329]}, {"label": "pole", "bounding_box": [525, 355, 531, 430]}, {"label": "traffic sign", "bounding_box": [496, 272, 561, 362]}, {"label": "pole", "bounding_box": [484, 296, 491, 465]}, {"label": "traffic sign", "bounding_box": [467, 263, 508, 306]}, {"label": "car", "bounding_box": [376, 373, 436, 412]}, {"label": "terrain", "bounding_box": [766, 399, 1086, 418]}, {"label": "pole", "bounding_box": [652, 291, 685, 298]}, {"label": "traffic light", "bounding_box": [679, 285, 693, 310]}, {"label": "pole", "bounding_box": [740, 350, 744, 389]}, {"label": "static", "bounding_box": [738, 344, 747, 359]}, {"label": "traffic light", "bounding_box": [734, 359, 741, 369]}, {"label": "pole", "bounding_box": [771, 313, 809, 403]}, {"label": "traffic sign", "bounding_box": [773, 344, 787, 349]}, {"label": "traffic light", "bounding_box": [772, 358, 779, 372]}, {"label": "traffic light", "bounding_box": [807, 311, 812, 325]}, {"label": "pole", "bounding_box": [865, 357, 871, 398]}, {"label": "static", "bounding_box": [863, 347, 875, 359]}, {"label": "traffic light", "bounding_box": [863, 360, 868, 373]}, {"label": "person", "bounding_box": [849, 376, 862, 406]}, {"label": "static", "bounding_box": [875, 369, 891, 407]}, {"label": "static", "bounding_box": [373, 112, 491, 219]}, {"label": "static", "bounding_box": [221, 103, 364, 216]}, {"label": "static", "bounding_box": [36, 98, 191, 210]}, {"label": "terrain", "bounding_box": [0, 464, 687, 1024]}, {"label": "pole", "bounding_box": [29, 145, 592, 183]}, {"label": "static", "bounding_box": [154, 128, 230, 212]}, {"label": "pole", "bounding_box": [175, 140, 199, 360]}, {"label": "static", "bounding_box": [137, 317, 260, 498]}, {"label": "pole", "bounding_box": [0, 107, 91, 572]}, {"label": "static", "bounding_box": [0, 0, 184, 147]}, {"label": "car", "bounding_box": [717, 385, 749, 418]}, {"label": "car", "bounding_box": [726, 385, 775, 420]}, {"label": "car", "bounding_box": [787, 387, 832, 423]}, {"label": "static", "bounding_box": [901, 363, 912, 404]}, {"label": "vegetation", "bounding_box": [1748, 0, 2048, 405]}, {"label": "static", "bounding_box": [1900, 358, 2048, 431]}, {"label": "static", "bounding_box": [1972, 368, 2048, 411]}, {"label": "car", "bounding_box": [1938, 394, 2048, 447]}, {"label": "terrain", "bounding_box": [900, 409, 2048, 513]}, {"label": "pole", "bounding_box": [1671, 318, 1679, 393]}, {"label": "pole", "bounding_box": [837, 288, 919, 420]}, {"label": "traffic light", "bounding_box": [833, 284, 845, 307]}, {"label": "traffic sign", "bounding_box": [906, 345, 926, 353]}, {"label": "traffic light", "bounding_box": [901, 354, 910, 376]}, {"label": "traffic sign", "bounding_box": [908, 355, 922, 366]}, {"label": "traffic sign", "bounding_box": [909, 366, 922, 378]}, {"label": "polegroup", "bounding_box": [906, 403, 934, 422]}, {"label": "vegetation", "bounding_box": [819, 136, 1031, 427]}, {"label": "static", "bounding_box": [950, 359, 965, 370]}, {"label": "pole", "bounding_box": [953, 360, 962, 421]}, {"label": "pole", "bounding_box": [969, 353, 972, 404]}, {"label": "static", "bounding_box": [967, 359, 974, 373]}, {"label": "pole", "bounding_box": [949, 408, 956, 423]}, {"label": "pole", "bounding_box": [966, 408, 972, 423]}, {"label": "pole", "bounding_box": [975, 405, 978, 425]}, {"label": "pole", "bounding_box": [1003, 366, 1007, 406]}, {"label": "traffic sign", "bounding_box": [999, 360, 1011, 374]}, {"label": "vegetation", "bounding_box": [987, 361, 1006, 382]}, {"label": "pole", "bounding_box": [990, 406, 993, 426]}, {"label": "pole", "bounding_box": [1001, 403, 1003, 423]}, {"label": "pole", "bounding_box": [1010, 405, 1013, 426]}, {"label": "pole", "bounding_box": [1018, 404, 1022, 426]}, {"label": "vegetation", "bounding_box": [1026, 365, 1052, 401]}, {"label": "static", "bounding_box": [1042, 393, 1060, 418]}, {"label": "person", "bounding_box": [1029, 389, 1045, 416]}, {"label": "pole", "bounding_box": [1032, 407, 1034, 426]}, {"label": "pole", "bounding_box": [1040, 405, 1044, 428]}, {"label": "pole", "bounding_box": [1049, 405, 1053, 428]}, {"label": "vegetation", "bounding_box": [1014, 0, 1370, 422]}, {"label": "pole", "bounding_box": [1057, 281, 1064, 426]}, {"label": "static", "bounding_box": [1054, 340, 1067, 350]}, {"label": "static", "bounding_box": [1042, 351, 1061, 381]}, {"label": "traffic sign", "bounding_box": [1052, 350, 1068, 366]}, {"label": "pole", "bounding_box": [1071, 405, 1075, 428]}, {"label": "pole", "bounding_box": [1082, 406, 1087, 432]}, {"label": "pole", "bounding_box": [1099, 406, 1104, 429]}, {"label": "static", "bounding_box": [1113, 386, 1150, 421]}, {"label": "pole", "bounding_box": [587, 168, 1162, 425]}, {"label": "vegetation", "bounding_box": [1316, 0, 2048, 438]}, {"label": "static", "bounding_box": [1450, 264, 1597, 337]}, {"label": "traffic sign", "bounding_box": [1656, 286, 1696, 327]}, {"label": "pole", "bounding_box": [1870, 190, 1884, 379]}, {"label": "traffic light", "bounding_box": [1879, 251, 1918, 316]}, {"label": "traffic light", "bounding_box": [1846, 254, 1867, 317]}, {"label": "traffic sign", "bounding_box": [662, 144, 850, 217]}, {"label": "traffic sign", "bounding_box": [905, 157, 1098, 228]}, {"label": "car", "bounding_box": [850, 391, 893, 423]}, {"label": "car", "bounding_box": [1605, 367, 1978, 561]}, {"label": "license plate", "bounding_box": [1835, 464, 1914, 482]}, {"label": "car", "bounding_box": [1149, 284, 1651, 658]}, {"label": "license plate", "bounding_box": [1400, 479, 1523, 513]}, {"label": "ego vehicle", "bounding_box": [271, 844, 2028, 1023]}, {"label": "out of roi", "bounding_box": [0, 0, 2048, 1024]}]}