{"imgHeight": 1024, "imgWidth": 2048, "objects": [{"label": "sky", "bounding_box": [152, 0, 442, 94]}, {"label": "sky", "bounding_box": [823, 0, 1346, 370]}, {"label": "road", "bounding_box": [0, 411, 2048, 1024]}, {"label": "building", "bounding_box": [1140, 1, 2048, 550]}, {"label": "building", "bounding_box": [0, 155, 614, 479]}, {"label": "sidewalk", "bounding_box": [0, 452, 903, 490]}, {"label": "sidewalk", "bounding_box": [0, 498, 583, 620]}, {"label": "sidewalk", "bounding_box": [1095, 453, 1214, 482]}, {"label": "sidewalk", "bounding_box": [1170, 488, 2047, 675]}, {"label": "vegetation", "bounding_box": [975, 348, 1089, 445]}, {"label": "static", "bounding_box": [967, 403, 1117, 461]}, {"label": "traffic light", "bounding_box": [1030, 381, 1036, 396]}, {"label": "vegetation", "bounding_box": [1029, 63, 1288, 449]}, {"label": "cargroup", "bounding_box": [1066, 430, 1132, 470]}, {"label": "traffic sign", "bounding_box": [1110, 391, 1121, 402]}, {"label": "traffic sign", "bounding_box": [1111, 401, 1121, 416]}, {"label": "static", "bounding_box": [1147, 406, 1183, 459]}, {"label": "traffic sign", "bounding_box": [1139, 394, 1154, 409]}, {"label": "static", "bounding_box": [1115, 419, 1215, 482]}, {"label": "pole", "bounding_box": [1219, 367, 1223, 445]}, {"label": "traffic sign", "bounding_box": [1222, 369, 1242, 399]}, {"label": "static", "bounding_box": [1240, 367, 1262, 457]}, {"label": "persongroup", "bounding_box": [1252, 414, 1312, 451]}, {"label": "car", "bounding_box": [1022, 439, 1073, 477]}, {"label": "vegetation", "bounding_box": [0, 0, 1026, 477]}, {"label": "static", "bounding_box": [970, 361, 998, 428]}, {"label": "wall", "bounding_box": [0, 291, 509, 481]}, {"label": "vegetation", "bounding_box": [246, 405, 299, 483]}, {"label": "pole", "bounding_box": [311, 209, 376, 505]}, {"label": "static", "bounding_box": [288, 314, 358, 401]}, {"label": "static", "bounding_box": [372, 210, 390, 411]}, {"label": "static", "bounding_box": [406, 193, 420, 437]}, {"label": "pole", "bounding_box": [533, 366, 542, 483]}, {"label": "traffic sign", "bounding_box": [528, 355, 542, 366]}, {"label": "traffic sign", "bounding_box": [526, 340, 541, 356]}, {"label": "traffic light", "bounding_box": [537, 375, 550, 405]}, {"label": "static", "bounding_box": [479, 471, 495, 506]}, {"label": "pole", "bounding_box": [37, 294, 43, 513]}, {"label": "pole", "bounding_box": [87, 287, 99, 505]}, {"label": "static", "bounding_box": [48, 83, 95, 301]}, {"label": "traffic sign", "bounding_box": [0, 295, 43, 310]}, {"label": "traffic sign", "bounding_box": [37, 309, 102, 323]}, {"label": "traffic sign", "bounding_box": [11, 317, 44, 339]}, {"label": "traffic sign", "bounding_box": [36, 337, 83, 364]}, {"label": "pole", "bounding_box": [354, 441, 357, 481]}, {"label": "rider", "bounding_box": [356, 422, 397, 504]}, {"label": "bicycle", "bounding_box": [364, 460, 384, 507]}, {"label": "rider", "bounding_box": [396, 420, 438, 499]}, {"label": "bicycle", "bounding_box": [404, 462, 425, 510]}, {"label": "pole", "bounding_box": [452, 296, 482, 516]}, {"label": "static", "bounding_box": [413, 288, 509, 348]}, {"label": "pole", "bounding_box": [515, 385, 526, 510]}, {"label": "traffic light", "bounding_box": [517, 351, 537, 394]}, {"label": "traffic light", "bounding_box": [503, 346, 521, 394]}, {"label": "static", "bounding_box": [442, 474, 460, 520]}, {"label": "static", "bounding_box": [417, 480, 432, 521]}, {"label": "static", "bounding_box": [388, 483, 404, 526]}, {"label": "static", "bounding_box": [351, 487, 376, 541]}, {"label": "static", "bounding_box": [320, 490, 340, 546]}, {"label": "static", "bounding_box": [275, 493, 321, 550]}, {"label": "static", "bounding_box": [177, 495, 266, 563]}, {"label": "static", "bounding_box": [81, 502, 178, 580]}, {"label": "car", "bounding_box": [0, 521, 106, 676]}, {"label": "static", "bounding_box": [841, 399, 852, 420]}, {"label": "car", "bounding_box": [824, 410, 941, 466]}, {"label": "static", "bounding_box": [713, 339, 787, 474]}, {"label": "bicyclegroup", "bounding_box": [716, 440, 899, 478]}, {"label": "pole", "bounding_box": [885, 368, 891, 453]}, {"label": "traffic light", "bounding_box": [885, 380, 897, 413]}, {"label": "pole", "bounding_box": [699, 367, 711, 479]}, {"label": "static", "bounding_box": [706, 452, 720, 480]}, {"label": "static", "bounding_box": [680, 343, 731, 378]}, {"label": "pole", "bounding_box": [752, 360, 757, 478]}, {"label": "traffic sign", "bounding_box": [717, 354, 754, 366]}, {"label": "traffic sign", "bounding_box": [752, 364, 790, 374]}, {"label": "traffic sign", "bounding_box": [744, 372, 754, 383]}, {"label": "traffic sign", "bounding_box": [752, 382, 758, 392]}, {"label": "persongroup", "bounding_box": [800, 405, 854, 505]}, {"label": "car", "bounding_box": [882, 429, 1004, 528]}, {"label": "license plate", "bounding_box": [922, 474, 957, 483]}, {"label": "pole", "bounding_box": [1041, 190, 1270, 452]}, {"label": "traffic light", "bounding_box": [1014, 175, 1043, 231]}, {"label": "traffic light", "bounding_box": [1245, 345, 1266, 392]}, {"label": "traffic light", "bounding_box": [1258, 344, 1274, 393]}, {"label": "persongroup", "bounding_box": [1362, 406, 1395, 447]}, {"label": "pole", "bounding_box": [1378, 356, 1383, 443]}, {"label": "static", "bounding_box": [1363, 349, 1391, 360]}, {"label": "person", "bounding_box": [1407, 412, 1431, 451]}, {"label": "pole", "bounding_box": [1451, 231, 1494, 442]}, {"label": "traffic sign", "bounding_box": [1455, 321, 1481, 342]}, {"label": "traffic light", "bounding_box": [1459, 362, 1474, 394]}, {"label": "traffic light", "bounding_box": [1431, 359, 1450, 396]}, {"label": "traffic light", "bounding_box": [1450, 361, 1463, 399]}, {"label": "person", "bounding_box": [1480, 412, 1495, 445]}, {"label": "dynamic", "bounding_box": [1469, 406, 1498, 424]}, {"label": "person", "bounding_box": [1494, 417, 1517, 445]}, {"label": "dynamic", "bounding_box": [1494, 411, 1529, 422]}, {"label": "pole", "bounding_box": [1549, 221, 1556, 394]}, {"label": "static", "bounding_box": [1555, 229, 1572, 280]}, {"label": "traffic sign", "bounding_box": [1277, 345, 1298, 375]}, {"label": "static", "bounding_box": [1202, 436, 1558, 530]}, {"label": "traffic sign", "bounding_box": [1611, 317, 1641, 343]}, {"label": "traffic light", "bounding_box": [1609, 342, 1636, 391]}, {"label": "vegetation", "bounding_box": [1220, 0, 1928, 494]}, {"label": "static", "bounding_box": [1267, 482, 1287, 540]}, {"label": "static", "bounding_box": [1281, 484, 1309, 545]}, {"label": "pole", "bounding_box": [1304, 322, 1321, 548]}, {"label": "traffic sign", "bounding_box": [1290, 339, 1320, 377]}, {"label": "traffic light", "bounding_box": [1493, 231, 1508, 267]}, {"label": "traffic sign", "bounding_box": [1281, 154, 1460, 337]}, {"label": "pole", "bounding_box": [1671, 284, 1681, 480]}, {"label": "person", "bounding_box": [1756, 395, 1796, 470]}, {"label": "person", "bounding_box": [1794, 401, 1831, 477]}, {"label": "persongroup", "bounding_box": [1929, 380, 2048, 519]}, {"label": "static", "bounding_box": [1421, 481, 1459, 550]}, {"label": "dynamic", "bounding_box": [1516, 451, 2048, 638]}, {"label": "static", "bounding_box": [1491, 484, 1533, 561]}, {"label": "static", "bounding_box": [1538, 487, 1586, 576]}, {"label": "static", "bounding_box": [1599, 496, 1653, 593]}, {"label": "static", "bounding_box": [1895, 525, 1923, 586]}, {"label": "static", "bounding_box": [1680, 504, 1742, 615]}, {"label": "static", "bounding_box": [1765, 513, 1815, 637]}, {"label": "pole", "bounding_box": [1895, 525, 1923, 586]}, {"label": "pole", "bounding_box": [1765, 513, 1815, 637]}, {"label": "car", "bounding_box": [1783, 523, 2048, 906]}, {"label": "static", "bounding_box": [1807, 49, 1951, 200]}, {"label": "static", "bounding_box": [1725, 101, 1780, 204]}, {"label": "dynamic", "bounding_box": [1500, 130, 2048, 339]}, {"label": "pole", "bounding_box": [1832, 260, 1854, 486]}, {"label": "pole", "bounding_box": [1267, 482, 1287, 540]}, {"label": "pole", "bounding_box": [1281, 484, 1309, 545]}, {"label": "pole", "bounding_box": [1421, 481, 1459, 550]}, {"label": "pole", "bounding_box": [1491, 484, 1533, 561]}, {"label": "pole", "bounding_box": [1538, 487, 1586, 576]}, {"label": "pole", "bounding_box": [1599, 496, 1653, 593]}, {"label": "pole", "bounding_box": [1680, 504, 1742, 615]}, {"label": "ego vehicle", "bounding_box": [271, 844, 2028, 1023]}, {"label": "out of roi", "bounding_box": [0, 0, 2048, 1024]}]}