{"imgHeight": 1024, "imgWidth": 2048, "objects": [{"label": "sky", "bounding_box": [945, 0, 1195, 201]}, {"label": "road", "bounding_box": [0, 420, 2048, 1024]}, {"label": "parking", "bounding_box": [0, 466, 928, 940]}, {"label": "parking", "bounding_box": [1131, 462, 2047, 1023]}, {"label": "sidewalk", "bounding_box": [0, 466, 944, 712]}, {"label": "sidewalk", "bounding_box": [1110, 450, 1216, 477]}, {"label": "sidewalk", "bounding_box": [1164, 485, 1193, 496]}, {"label": "terrain", "bounding_box": [897, 431, 1230, 464]}, {"label": "building", "bounding_box": [687, 0, 1233, 461]}, {"label": "pole", "bounding_box": [1084, 332, 1094, 446]}, {"label": "vegetation", "bounding_box": [909, 0, 1157, 453]}, {"label": "pole", "bounding_box": [1105, 340, 1113, 440]}, {"label": "static", "bounding_box": [1049, 406, 1080, 440]}, {"label": "pole", "bounding_box": [1027, 407, 1032, 451]}, {"label": "static", "bounding_box": [1031, 404, 1036, 419]}, {"label": "vegetation", "bounding_box": [1164, 287, 1235, 410]}, {"label": "building", "bounding_box": [1100, 0, 2048, 614]}, {"label": "vegetation", "bounding_box": [1072, 32, 1171, 462]}, {"label": "static", "bounding_box": [1114, 439, 1136, 470]}, {"label": "bicycle", "bounding_box": [1139, 436, 1190, 475]}, {"label": "pole", "bounding_box": [1188, 385, 1192, 453]}, {"label": "traffic sign", "bounding_box": [1182, 359, 1196, 398]}, {"label": "vegetation", "bounding_box": [1132, 0, 1338, 430]}, {"label": "pole", "bounding_box": [1260, 208, 1268, 423]}, {"label": "static", "bounding_box": [1232, 198, 1265, 216]}, {"label": "traffic sign", "bounding_box": [1250, 346, 1297, 364]}, {"label": "vegetation", "bounding_box": [1227, 0, 1550, 409]}, {"label": "pole", "bounding_box": [1328, 307, 1341, 427]}, {"label": "traffic sign", "bounding_box": [1308, 228, 1352, 331]}, {"label": "static", "bounding_box": [1560, 272, 1643, 402]}, {"label": "pole", "bounding_box": [947, 388, 952, 460]}, {"label": "traffic sign", "bounding_box": [931, 372, 965, 394]}, {"label": "traffic sign", "bounding_box": [937, 394, 961, 402]}, {"label": "polegroup", "bounding_box": [963, 439, 976, 454]}, {"label": "pole", "bounding_box": [907, 285, 917, 459]}, {"label": "static", "bounding_box": [907, 390, 920, 405]}, {"label": "static", "bounding_box": [912, 439, 933, 477]}, {"label": "vegetation", "bounding_box": [793, 0, 1023, 446]}, {"label": "vegetation", "bounding_box": [748, 261, 895, 429]}, {"label": "static", "bounding_box": [753, 381, 762, 409]}, {"label": "vegetation", "bounding_box": [749, 409, 782, 430]}, {"label": "traffic sign", "bounding_box": [810, 385, 824, 413]}, {"label": "building", "bounding_box": [0, 0, 752, 602]}, {"label": "vegetation", "bounding_box": [584, 0, 880, 440]}, {"label": "car", "bounding_box": [881, 430, 926, 493]}, {"label": "car", "bounding_box": [832, 430, 906, 499]}, {"label": "car", "bounding_box": [836, 434, 879, 515]}, {"label": "pole", "bounding_box": [792, 405, 794, 431]}, {"label": "static", "bounding_box": [788, 404, 799, 414]}, {"label": "static", "bounding_box": [772, 394, 780, 430]}, {"label": "car", "bounding_box": [741, 420, 856, 527]}, {"label": "car", "bounding_box": [639, 425, 807, 543]}, {"label": "bicycle", "bounding_box": [633, 436, 721, 548]}, {"label": "pole", "bounding_box": [581, 53, 608, 436]}, {"label": "vegetation", "bounding_box": [317, 0, 635, 448]}, {"label": "static", "bounding_box": [587, 49, 630, 74]}, {"label": "car", "bounding_box": [517, 419, 687, 591]}, {"label": "car", "bounding_box": [190, 385, 618, 665]}, {"label": "car", "bounding_box": [1180, 425, 1220, 511]}, {"label": "car", "bounding_box": [1183, 422, 1248, 515]}, {"label": "car", "bounding_box": [1212, 411, 1294, 523]}, {"label": "car", "bounding_box": [1235, 409, 1343, 539]}, {"label": "sidewalk", "bounding_box": [1267, 528, 1311, 551]}, {"label": "car", "bounding_box": [1289, 394, 1436, 584]}, {"label": "car", "bounding_box": [1356, 376, 1634, 635]}, {"label": "car", "bounding_box": [1485, 353, 2048, 733]}, {"label": "license plate", "bounding_box": [276, 503, 369, 528]}, {"label": "license plate", "bounding_box": [1858, 528, 2007, 561]}, {"label": "traffic light", "bounding_box": [1114, 439, 1136, 470]}, {"label": "polegroup", "bounding_box": [1114, 439, 1136, 470]}, {"label": "ego vehicle", "bounding_box": [271, 844, 2028, 1023]}, {"label": "out of roi", "bounding_box": [0, 0, 2048, 1024]}]}