{"imgHeight": 1024, "imgWidth": 2048, "objects": [{"label": "sky", "bounding_box": [0, 0, 2048, 334]}, {"label": "road", "bounding_box": [0, 446, 2048, 1024]}, {"label": "building", "bounding_box": [4, 22, 2048, 457]}, {"label": "vegetation", "bounding_box": [295, 287, 1178, 437]}, {"label": "terrain", "bounding_box": [15, 266, 2048, 790]}, {"label": "sidewalk", "bounding_box": [1003, 480, 1862, 630]}, {"label": "vegetation", "bounding_box": [0, 171, 368, 470]}, {"label": "vegetation", "bounding_box": [40, 440, 70, 457]}, {"label": "static", "bounding_box": [82, 417, 94, 430]}, {"label": "pole", "bounding_box": [83, 422, 87, 468]}, {"label": "pole", "bounding_box": [48, 417, 53, 464]}, {"label": "traffic sign", "bounding_box": [21, 423, 31, 434]}, {"label": "pole", "bounding_box": [140, 393, 145, 454]}, {"label": "traffic light", "bounding_box": [137, 416, 146, 427]}, {"label": "terrain", "bounding_box": [0, 464, 588, 542]}, {"label": "vegetation", "bounding_box": [268, 355, 2048, 545]}, {"label": "static", "bounding_box": [195, 408, 304, 473]}, {"label": "vegetation", "bounding_box": [322, 180, 437, 462]}, {"label": "static", "bounding_box": [0, 262, 297, 348]}, {"label": "pole", "bounding_box": [0, 296, 362, 471]}, {"label": "car", "bounding_box": [86, 445, 161, 500]}, {"label": "vegetation", "bounding_box": [403, 211, 554, 468]}, {"label": "pole", "bounding_box": [505, 356, 510, 470]}, {"label": "pole", "bounding_box": [731, 293, 737, 434]}, {"label": "pole", "bounding_box": [748, 307, 754, 427]}, {"label": "pole", "bounding_box": [1110, 353, 1115, 383]}, {"label": "static", "bounding_box": [1099, 331, 1132, 362]}, {"label": "pole", "bounding_box": [659, 362, 665, 470]}, {"label": "vegetation", "bounding_box": [502, 138, 782, 477]}, {"label": "pole", "bounding_box": [832, 352, 837, 450]}, {"label": "traffic sign", "bounding_box": [826, 403, 842, 422]}, {"label": "vegetation", "bounding_box": [732, 57, 969, 477]}, {"label": "pole", "bounding_box": [1092, 247, 1100, 512]}, {"label": "vegetation", "bounding_box": [919, 0, 1336, 518]}, {"label": "static", "bounding_box": [1154, 492, 1163, 522]}, {"label": "static", "bounding_box": [1311, 509, 1325, 559]}, {"label": "vegetation", "bounding_box": [1280, 95, 1536, 559]}, {"label": "static", "bounding_box": [1353, 423, 1378, 559]}, {"label": "vegetation", "bounding_box": [1529, 105, 1841, 323]}, {"label": "vegetation", "bounding_box": [1750, 0, 1960, 505]}, {"label": "pole", "bounding_box": [1663, 0, 1699, 607]}, {"label": "static", "bounding_box": [498, 235, 552, 310]}, {"label": "traffic sign", "bounding_box": [485, 324, 521, 362]}, {"label": "traffic light", "bounding_box": [276, 105, 311, 177]}, {"label": "pole", "bounding_box": [295, 119, 531, 536]}, {"label": "car", "bounding_box": [796, 417, 1002, 590]}, {"label": "license plate", "bounding_box": [884, 505, 942, 519]}, {"label": "car", "bounding_box": [1633, 414, 2048, 954]}, {"label": "ego vehicle", "bounding_box": [271, 844, 2028, 1023]}, {"label": "out of roi", "bounding_box": [0, 0, 2048, 1024]}]}