{"imgHeight": 1024, "imgWidth": 2048, "objects": [{"label": "sky", "bounding_box": [135, 0, 1930, 421]}, {"label": "road", "bounding_box": [0, 442, 2048, 1024]}, {"label": "ground", "bounding_box": [0, 456, 918, 746]}, {"label": "parking", "bounding_box": [0, 456, 918, 746]}, {"label": "ground", "bounding_box": [1203, 483, 2047, 1023]}, {"label": "parking", "bounding_box": [1203, 483, 2047, 1023]}, {"label": "terrain", "bounding_box": [793, 442, 827, 469]}, {"label": "terrain", "bounding_box": [253, 460, 764, 571]}, {"label": "sidewalk", "bounding_box": [326, 464, 839, 565]}, {"label": "vegetation", "bounding_box": [1448, 125, 1635, 251]}, {"label": "building", "bounding_box": [1159, 69, 2048, 491]}, {"label": "building", "bounding_box": [0, 174, 1045, 501]}, {"label": "vegetation", "bounding_box": [803, 196, 1230, 449]}, {"label": "pole", "bounding_box": [807, 364, 815, 479]}, {"label": "pole", "bounding_box": [794, 242, 800, 414]}, {"label": "static", "bounding_box": [795, 237, 823, 245]}, {"label": "vegetation", "bounding_box": [0, 311, 776, 519]}, {"label": "fence", "bounding_box": [325, 445, 676, 493]}, {"label": "static", "bounding_box": [653, 388, 807, 516]}, {"label": "vegetation", "bounding_box": [0, 0, 922, 507]}, {"label": "pole", "bounding_box": [477, 288, 486, 486]}, {"label": "pole", "bounding_box": [458, 0, 477, 532]}, {"label": "pole", "bounding_box": [970, 359, 973, 441]}, {"label": "static", "bounding_box": [972, 355, 983, 362]}, {"label": "cargroup", "bounding_box": [950, 431, 1113, 466]}, {"label": "traffic light", "bounding_box": [1091, 403, 1098, 414]}, {"label": "car", "bounding_box": [1117, 433, 1149, 454]}, {"label": "pole", "bounding_box": [1129, 414, 1132, 442]}, {"label": "traffic sign", "bounding_box": [1121, 405, 1141, 421]}, {"label": "car", "bounding_box": [1124, 429, 1177, 468]}, {"label": "static", "bounding_box": [1110, 436, 1118, 458]}, {"label": "vegetation", "bounding_box": [1182, 179, 1303, 447]}, {"label": "pole", "bounding_box": [1285, 284, 1289, 425]}, {"label": "car", "bounding_box": [1144, 427, 1214, 475]}, {"label": "terrain", "bounding_box": [1140, 470, 1204, 482]}, {"label": "static", "bounding_box": [1267, 283, 1286, 289]}, {"label": "car", "bounding_box": [1175, 428, 1261, 484]}, {"label": "static", "bounding_box": [1289, 373, 1329, 396]}, {"label": "vegetation", "bounding_box": [1239, 16, 1437, 368]}, {"label": "vegetation", "bounding_box": [1354, 307, 1502, 376]}, {"label": "pole", "bounding_box": [1435, 173, 1441, 367]}, {"label": "static", "bounding_box": [1402, 168, 1438, 181]}, {"label": "car", "bounding_box": [1204, 397, 1333, 501]}, {"label": "terrain", "bounding_box": [1203, 498, 1322, 515]}, {"label": "trailer", "bounding_box": [1234, 354, 1548, 529]}, {"label": "static", "bounding_box": [1548, 387, 1585, 422]}, {"label": "vegetation", "bounding_box": [1598, 0, 2048, 487]}, {"label": "fence", "bounding_box": [1704, 395, 1985, 477]}, {"label": "static", "bounding_box": [1642, 319, 1662, 358]}, {"label": "pole", "bounding_box": [1643, 330, 1650, 411]}, {"label": "pole", "bounding_box": [1678, 258, 1683, 415]}, {"label": "traffic sign", "bounding_box": [1672, 269, 1686, 301]}, {"label": "traffic sign", "bounding_box": [1671, 300, 1686, 338]}, {"label": "traffic sign", "bounding_box": [1671, 338, 1685, 364]}, {"label": "car", "bounding_box": [1302, 398, 1804, 568]}, {"label": "car", "bounding_box": [1574, 366, 2048, 687]}, {"label": "terrain", "bounding_box": [1581, 656, 2048, 781]}, {"label": "car", "bounding_box": [1006, 427, 1102, 469]}, {"label": "car", "bounding_box": [942, 436, 964, 471]}, {"label": "trailer", "bounding_box": [906, 411, 954, 469]}, {"label": "car", "bounding_box": [906, 427, 953, 469]}, {"label": "static", "bounding_box": [938, 443, 956, 476]}, {"label": "static", "bounding_box": [864, 362, 895, 381]}, {"label": "terrain", "bounding_box": [910, 468, 962, 478]}, {"label": "static", "bounding_box": [914, 444, 942, 476]}, {"label": "truck", "bounding_box": [810, 369, 918, 494]}, {"label": "car", "bounding_box": [0, 387, 368, 676]}, {"label": "traffic sign", "bounding_box": [1672, 269, 1686, 301]}, {"label": "traffic sign", "bounding_box": [1671, 338, 1685, 364]}, {"label": "static", "bounding_box": [557, 490, 619, 525]}, {"label": "ego vehicle", "bounding_box": [271, 844, 2028, 1023]}, {"label": "out of roi", "bounding_box": [0, 0, 2048, 1024]}]}