{"imgHeight": 1024, "imgWidth": 2048, "objects": [{"label": "sky", "bounding_box": [626, 1, 1265, 289]}, {"label": "road", "bounding_box": [0, 489, 2048, 1024]}, {"label": "building", "bounding_box": [1004, 227, 1165, 450]}, {"label": "ground", "bounding_box": [2, 440, 2048, 561]}, {"label": "building", "bounding_box": [0, 0, 1072, 479]}, {"label": "building", "bounding_box": [1114, 0, 2048, 561]}, {"label": "vegetation", "bounding_box": [1051, 341, 1110, 433]}, {"label": "persongroup", "bounding_box": [1072, 424, 1103, 475]}, {"label": "persongroup", "bounding_box": [1099, 419, 1133, 477]}, {"label": "pole", "bounding_box": [1192, 371, 1200, 515]}, {"label": "traffic sign", "bounding_box": [1177, 355, 1215, 377]}, {"label": "traffic sign", "bounding_box": [1172, 306, 1223, 357]}, {"label": "dynamic", "bounding_box": [1304, 387, 1877, 536]}, {"label": "static", "bounding_box": [1313, 431, 1366, 525]}, {"label": "polegroup", "bounding_box": [1671, 461, 1712, 533]}, {"label": "persongroup", "bounding_box": [1043, 423, 1080, 480]}, {"label": "person", "bounding_box": [1140, 430, 1169, 507]}, {"label": "person", "bounding_box": [1169, 427, 1186, 505]}, {"label": "person", "bounding_box": [1173, 421, 1208, 507]}, {"label": "person", "bounding_box": [1176, 380, 1222, 538]}, {"label": "person", "bounding_box": [1251, 391, 1322, 541]}, {"label": "pole", "bounding_box": [1420, 284, 1436, 551]}, {"label": "motorcycle", "bounding_box": [1514, 442, 1694, 531]}, {"label": "traffic sign", "bounding_box": [1429, 265, 1448, 331]}, {"label": "pole", "bounding_box": [1798, 84, 1817, 355]}, {"label": "static", "bounding_box": [1777, 29, 1847, 87]}, {"label": "traffic sign", "bounding_box": [1779, 200, 1824, 311]}, {"label": "traffic sign", "bounding_box": [1786, 149, 1820, 206]}, {"label": "dynamic", "bounding_box": [1708, 349, 1848, 549]}, {"label": "person", "bounding_box": [1746, 394, 1823, 476]}, {"label": "fence", "bounding_box": [1846, 208, 2048, 509]}, {"label": "person", "bounding_box": [1864, 382, 1944, 486]}, {"label": "sidewalk", "bounding_box": [1722, 672, 2048, 980]}, {"label": "fence", "bounding_box": [1716, 450, 2048, 765]}, {"label": "dynamic", "bounding_box": [844, 439, 937, 466]}, {"label": "dynamic", "bounding_box": [940, 445, 968, 466]}, {"label": "truck", "bounding_box": [957, 398, 1024, 476]}, {"label": "person", "bounding_box": [1016, 416, 1046, 492]}, {"label": "car", "bounding_box": [810, 408, 842, 469]}, {"label": "dynamic", "bounding_box": [814, 441, 830, 467]}, {"label": "pole", "bounding_box": [804, 312, 813, 390]}, {"label": "static", "bounding_box": [785, 383, 820, 468]}, {"label": "bicyclegroup", "bounding_box": [622, 425, 698, 475]}, {"label": "pole", "bounding_box": [613, 248, 626, 482]}, {"label": "static", "bounding_box": [701, 220, 774, 484]}, {"label": "static", "bounding_box": [712, 100, 730, 140]}, {"label": "pole", "bounding_box": [491, 200, 509, 489]}, {"label": "static", "bounding_box": [427, 400, 467, 476]}, {"label": "pole", "bounding_box": [407, 346, 415, 477]}, {"label": "static", "bounding_box": [381, 426, 402, 477]}, {"label": "static", "bounding_box": [418, 420, 437, 444]}, {"label": "pole", "bounding_box": [413, 362, 438, 497]}, {"label": "traffic sign", "bounding_box": [414, 347, 450, 369]}, {"label": "traffic sign", "bounding_box": [412, 300, 463, 351]}, {"label": "static", "bounding_box": [462, 281, 498, 502]}, {"label": "static", "bounding_box": [26, 389, 85, 484]}, {"label": "vegetation", "bounding_box": [0, 0, 610, 481]}, {"label": "dynamic", "bounding_box": [84, 345, 160, 485]}, {"label": "pole", "bounding_box": [100, 425, 165, 491]}, {"label": "person", "bounding_box": [775, 398, 814, 510]}, {"label": "static", "bounding_box": [2013, 110, 2048, 236]}, {"label": "sidewalk", "bounding_box": [0, 508, 89, 534]}, {"label": "pole", "bounding_box": [1551, 466, 1565, 546]}, {"label": "pole", "bounding_box": [1685, 468, 1698, 544]}, {"label": "ego vehicle", "bounding_box": [271, 844, 2028, 1023]}, {"label": "out of roi", "bounding_box": [0, 0, 2048, 1024]}]}