{"imgHeight": 1024, "imgWidth": 2048, "objects": [{"label": "sky", "bounding_box": [188, 0, 1777, 364]}, {"label": "road", "bounding_box": [0, 431, 2048, 1024]}, {"label": "sidewalk", "bounding_box": [0, 473, 1142, 692]}, {"label": "sidewalk", "bounding_box": [1114, 505, 2048, 1024]}, {"label": "vegetation", "bounding_box": [795, 178, 983, 285]}, {"label": "vegetation", "bounding_box": [725, 230, 810, 289]}, {"label": "vegetation", "bounding_box": [1282, 179, 1446, 255]}, {"label": "building", "bounding_box": [438, 148, 754, 392]}, {"label": "building", "bounding_box": [798, 173, 1553, 503]}, {"label": "vegetation", "bounding_box": [996, 376, 1071, 499]}, {"label": "building", "bounding_box": [507, 260, 1035, 504]}, {"label": "car", "bounding_box": [554, 437, 609, 502]}, {"label": "building", "bounding_box": [0, 0, 574, 535]}, {"label": "pole", "bounding_box": [858, 286, 873, 505]}, {"label": "static", "bounding_box": [774, 380, 802, 420]}, {"label": "pole", "bounding_box": [782, 359, 790, 508]}, {"label": "static", "bounding_box": [769, 331, 793, 372]}, {"label": "static", "bounding_box": [785, 337, 810, 370]}, {"label": "bicycle", "bounding_box": [726, 455, 768, 504]}, {"label": "static", "bounding_box": [652, 433, 724, 505]}, {"label": "pole", "bounding_box": [597, 208, 621, 505]}, {"label": "static", "bounding_box": [529, 453, 563, 520]}, {"label": "static", "bounding_box": [436, 322, 492, 395]}, {"label": "pole", "bounding_box": [454, 263, 464, 540]}, {"label": "static", "bounding_box": [424, 209, 500, 300]}, {"label": "static", "bounding_box": [362, 427, 429, 530]}, {"label": "person", "bounding_box": [360, 407, 387, 450]}, {"label": "static", "bounding_box": [150, 385, 220, 486]}, {"label": "static", "bounding_box": [81, 495, 151, 567]}, {"label": "vegetation", "bounding_box": [0, 271, 255, 498]}, {"label": "person", "bounding_box": [304, 402, 371, 558]}, {"label": "person", "bounding_box": [239, 409, 308, 559]}, {"label": "person", "bounding_box": [330, 393, 429, 560]}, {"label": "person", "bounding_box": [436, 390, 499, 556]}, {"label": "person", "bounding_box": [0, 339, 129, 701]}, {"label": "vegetation", "bounding_box": [1281, 224, 1468, 367]}, {"label": "vegetation", "bounding_box": [1323, 0, 2048, 349]}, {"label": "wall", "bounding_box": [1226, 354, 2048, 621]}, {"label": "fence", "bounding_box": [1248, 206, 2048, 529]}, {"label": "person", "bounding_box": [1215, 415, 1259, 524]}, {"label": "person", "bounding_box": [1166, 405, 1208, 487]}, {"label": "dynamic", "bounding_box": [1170, 465, 1214, 526]}, {"label": "pole", "bounding_box": [1695, 197, 1757, 616]}, {"label": "traffic sign", "bounding_box": [1619, 163, 1713, 249]}, {"label": "static", "bounding_box": [1766, 458, 1845, 613]}, {"label": "ego vehicle", "bounding_box": [271, 844, 2028, 1023]}, {"label": "out of roi", "bounding_box": [0, 0, 2048, 1024]}]}