{"imgHeight": 1024, "imgWidth": 2048, "objects": [{"label": "sky", "bounding_box": [482, 0, 1666, 338]}, {"label": "road", "bounding_box": [0, 378, 2048, 1024]}, {"label": "building", "bounding_box": [999, 270, 1241, 441]}, {"label": "building", "bounding_box": [0, 2, 1026, 550]}, {"label": "vegetation", "bounding_box": [0, 0, 1064, 575]}, {"label": "static", "bounding_box": [1049, 353, 1165, 434]}, {"label": "static", "bounding_box": [1154, 348, 1229, 423]}, {"label": "pole", "bounding_box": [1185, 320, 1210, 350]}, {"label": "static", "bounding_box": [1181, 335, 1189, 344]}, {"label": "pole", "bounding_box": [1179, 298, 1215, 354]}, {"label": "pole", "bounding_box": [1193, 326, 1200, 412]}, {"label": "pole", "bounding_box": [1182, 285, 1187, 373]}, {"label": "pole", "bounding_box": [1148, 264, 1192, 381]}, {"label": "static", "bounding_box": [1142, 287, 1155, 301]}, {"label": "car", "bounding_box": [1141, 406, 1206, 438]}, {"label": "car", "bounding_box": [1109, 409, 1125, 419]}, {"label": "car", "bounding_box": [1081, 417, 1107, 452]}, {"label": "car", "bounding_box": [1071, 430, 1094, 455]}, {"label": "car", "bounding_box": [1057, 430, 1084, 456]}, {"label": "car", "bounding_box": [1024, 425, 1059, 441]}, {"label": "car", "bounding_box": [1014, 432, 1047, 462]}, {"label": "car", "bounding_box": [1005, 433, 1035, 464]}, {"label": "car", "bounding_box": [956, 424, 1010, 466]}, {"label": "car", "bounding_box": [1029, 429, 1074, 463]}, {"label": "car", "bounding_box": [944, 435, 974, 471]}, {"label": "car", "bounding_box": [932, 435, 955, 472]}, {"label": "car", "bounding_box": [924, 435, 948, 474]}, {"label": "car", "bounding_box": [903, 433, 937, 479]}, {"label": "car", "bounding_box": [851, 428, 915, 485]}, {"label": "car", "bounding_box": [817, 430, 838, 447]}, {"label": "car", "bounding_box": [810, 437, 861, 492]}, {"label": "car", "bounding_box": [680, 431, 699, 449]}, {"label": "static", "bounding_box": [621, 322, 666, 367]}, {"label": "static", "bounding_box": [629, 366, 662, 399]}, {"label": "pole", "bounding_box": [640, 322, 652, 441]}, {"label": "car", "bounding_box": [620, 438, 707, 497]}, {"label": "sidewalk", "bounding_box": [461, 506, 640, 554]}, {"label": "wall", "bounding_box": [465, 472, 568, 526]}, {"label": "fence", "bounding_box": [150, 459, 575, 520]}, {"label": "static", "bounding_box": [233, 459, 260, 482]}, {"label": "car", "bounding_box": [522, 443, 690, 539]}, {"label": "license plate", "bounding_box": [559, 509, 597, 519]}, {"label": "sidewalk", "bounding_box": [63, 559, 392, 660]}, {"label": "pole", "bounding_box": [356, 373, 367, 440]}, {"label": "traffic sign", "bounding_box": [350, 335, 368, 383]}, {"label": "static", "bounding_box": [128, 334, 155, 382]}, {"label": "static", "bounding_box": [118, 306, 153, 333]}, {"label": "static", "bounding_box": [141, 256, 194, 336]}, {"label": "static", "bounding_box": [148, 333, 196, 363]}, {"label": "pole", "bounding_box": [161, 288, 182, 505]}, {"label": "pole", "bounding_box": [133, 276, 155, 492]}, {"label": "traffic sign", "bounding_box": [111, 293, 138, 311]}, {"label": "traffic sign", "bounding_box": [56, 279, 137, 298]}, {"label": "car", "bounding_box": [184, 431, 482, 606]}, {"label": "license plate", "bounding_box": [241, 545, 299, 560]}, {"label": "car", "bounding_box": [0, 438, 212, 684]}, {"label": "car", "bounding_box": [665, 411, 849, 560]}, {"label": "license plate", "bounding_box": [710, 509, 763, 523]}, {"label": "pole", "bounding_box": [1107, 205, 1167, 418]}, {"label": "static", "bounding_box": [1101, 234, 1118, 254]}, {"label": "car", "bounding_box": [1137, 411, 1192, 480]}, {"label": "pole", "bounding_box": [1078, 72, 1177, 438]}, {"label": "static", "bounding_box": [1067, 120, 1094, 148]}, {"label": "traffic sign", "bounding_box": [1168, 371, 1180, 390]}, {"label": "vegetation", "bounding_box": [1179, 0, 2048, 503]}, {"label": "sidewalk", "bounding_box": [1132, 464, 2048, 1024]}, {"label": "ground", "bounding_box": [1132, 464, 2048, 1024]}, {"label": "static", "bounding_box": [1417, 232, 1568, 412]}, {"label": "car", "bounding_box": [1146, 424, 1177, 490]}, {"label": "car", "bounding_box": [1156, 417, 1213, 497]}, {"label": "car", "bounding_box": [1174, 419, 1228, 503]}, {"label": "car", "bounding_box": [1185, 410, 1242, 513]}, {"label": "car", "bounding_box": [1201, 401, 1353, 530]}, {"label": "terrain", "bounding_box": [1218, 503, 1319, 542]}, {"label": "pole", "bounding_box": [1288, 0, 1315, 516]}, {"label": "static", "bounding_box": [1308, 225, 1372, 314]}, {"label": "static", "bounding_box": [1278, 321, 1333, 402]}, {"label": "car", "bounding_box": [1291, 385, 1455, 574]}, {"label": "car", "bounding_box": [1370, 359, 1737, 637]}, {"label": "car", "bounding_box": [1633, 309, 2048, 808]}, {"label": "ego vehicle", "bounding_box": [271, 844, 2028, 1023]}, {"label": "out of roi", "bounding_box": [0, 0, 2048, 1024]}]}