{"imgHeight": 1024, "imgWidth": 2048, "objects": [{"label": "sky", "bounding_box": [679, 0, 1252, 190]}, {"label": "road", "bounding_box": [0, 377, 2048, 1024]}, {"label": "parking", "bounding_box": [0, 444, 895, 747]}, {"label": "ground", "bounding_box": [868, 402, 2048, 1024]}, {"label": "sidewalk", "bounding_box": [374, 445, 670, 523]}, {"label": "parking", "bounding_box": [1121, 455, 1454, 685]}, {"label": "building", "bounding_box": [706, 0, 1501, 447]}, {"label": "vegetation", "bounding_box": [741, 136, 885, 432]}, {"label": "pole", "bounding_box": [780, 361, 784, 417]}, {"label": "static", "bounding_box": [776, 388, 791, 412]}, {"label": "pole", "bounding_box": [839, 347, 845, 419]}, {"label": "static", "bounding_box": [833, 357, 852, 408]}, {"label": "static", "bounding_box": [832, 330, 854, 350]}, {"label": "pole", "bounding_box": [872, 351, 880, 434]}, {"label": "building", "bounding_box": [0, 0, 770, 557]}, {"label": "car", "bounding_box": [838, 408, 889, 468]}, {"label": "car", "bounding_box": [814, 408, 884, 473]}, {"label": "static", "bounding_box": [804, 317, 826, 363]}, {"label": "pole", "bounding_box": [813, 319, 818, 448]}, {"label": "vegetation", "bounding_box": [650, 0, 983, 433]}, {"label": "static", "bounding_box": [752, 321, 768, 339]}, {"label": "static", "bounding_box": [752, 339, 767, 367]}, {"label": "pole", "bounding_box": [756, 322, 760, 412]}, {"label": "car", "bounding_box": [730, 403, 830, 488]}, {"label": "static", "bounding_box": [835, 446, 853, 479]}, {"label": "vegetation", "bounding_box": [560, 0, 860, 449]}, {"label": "pole", "bounding_box": [771, 430, 781, 492]}, {"label": "car", "bounding_box": [599, 399, 753, 506]}, {"label": "pole", "bounding_box": [576, 438, 588, 544]}, {"label": "pole", "bounding_box": [543, 442, 561, 547]}, {"label": "vegetation", "bounding_box": [499, 0, 523, 479]}, {"label": "pole", "bounding_box": [452, 0, 482, 450]}, {"label": "car", "bounding_box": [320, 375, 539, 587]}, {"label": "car", "bounding_box": [0, 357, 394, 661]}, {"label": "pole", "bounding_box": [0, 478, 19, 696]}, {"label": "pole", "bounding_box": [932, 368, 936, 444]}, {"label": "traffic light", "bounding_box": [925, 357, 942, 385]}, {"label": "traffic sign", "bounding_box": [956, 369, 976, 387]}, {"label": "car", "bounding_box": [999, 407, 1079, 466]}, {"label": "pole", "bounding_box": [1183, 211, 1193, 424]}, {"label": "pole", "bounding_box": [1181, 368, 1185, 412]}, {"label": "traffic sign", "bounding_box": [1175, 355, 1193, 376]}, {"label": "car", "bounding_box": [1123, 404, 1163, 464]}, {"label": "car", "bounding_box": [1131, 405, 1183, 469]}, {"label": "car", "bounding_box": [1152, 407, 1215, 480]}, {"label": "pole", "bounding_box": [1243, 365, 1248, 415]}, {"label": "traffic sign", "bounding_box": [1242, 344, 1247, 356]}, {"label": "static", "bounding_box": [1242, 358, 1248, 368]}, {"label": "pole", "bounding_box": [1274, 307, 1279, 416]}, {"label": "traffic sign", "bounding_box": [1269, 319, 1287, 337]}, {"label": "static", "bounding_box": [1249, 285, 1293, 325]}, {"label": "car", "bounding_box": [1308, 391, 1360, 446]}, {"label": "pole", "bounding_box": [1325, 370, 1331, 450]}, {"label": "traffic sign", "bounding_box": [1323, 344, 1333, 361]}, {"label": "traffic sign", "bounding_box": [1324, 361, 1333, 372]}, {"label": "car", "bounding_box": [1170, 400, 1290, 496]}, {"label": "car", "bounding_box": [1216, 410, 1335, 514]}, {"label": "building", "bounding_box": [1312, 0, 2048, 713]}, {"label": "vegetation", "bounding_box": [1293, 173, 1402, 428]}, {"label": "pole", "bounding_box": [1342, 304, 1355, 505]}, {"label": "traffic sign", "bounding_box": [1326, 221, 1363, 312]}, {"label": "traffic sign", "bounding_box": [1266, 339, 1286, 354]}, {"label": "person", "bounding_box": [1354, 379, 1401, 489]}, {"label": "person", "bounding_box": [1392, 401, 1426, 504]}, {"label": "pole", "bounding_box": [1398, 219, 1405, 491]}, {"label": "static", "bounding_box": [1377, 331, 1428, 413]}, {"label": "static", "bounding_box": [1377, 171, 1427, 240]}, {"label": "static", "bounding_box": [1378, 260, 1433, 336]}, {"label": "person", "bounding_box": [1420, 419, 1456, 514]}, {"label": "bicycle", "bounding_box": [1496, 405, 1551, 466]}, {"label": "person", "bounding_box": [1443, 367, 1490, 512]}, {"label": "person", "bounding_box": [1474, 414, 1506, 513]}, {"label": "dynamic", "bounding_box": [1561, 403, 1592, 476]}, {"label": "bicycle", "bounding_box": [1338, 422, 1429, 521]}, {"label": "bicycle", "bounding_box": [1597, 398, 1709, 483]}, {"label": "bicycle", "bounding_box": [1599, 388, 1659, 490]}, {"label": "building", "bounding_box": [1651, 85, 1682, 501]}, {"label": "license plate", "bounding_box": [637, 467, 680, 480]}, {"label": "license plate", "bounding_box": [1261, 463, 1306, 479]}, {"label": "ego vehicle", "bounding_box": [271, 844, 2028, 1023]}, {"label": "out of roi", "bounding_box": [0, 0, 2048, 1024]}]}