{"imgHeight": 1024, "imgWidth": 2048, "objects": [{"label": "sky", "bounding_box": [495, 1, 1566, 460]}, {"label": "road", "bounding_box": [0, 450, 2048, 1024]}, {"label": "building", "bounding_box": [982, 107, 1358, 477]}, {"label": "building", "bounding_box": [0, 1, 1018, 492]}, {"label": "pole", "bounding_box": [1271, 400, 1273, 428]}, {"label": "static", "bounding_box": [1263, 372, 1289, 416]}, {"label": "vegetation", "bounding_box": [999, 372, 1049, 406]}, {"label": "pole", "bounding_box": [984, 180, 1061, 398]}, {"label": "pole", "bounding_box": [1127, 188, 1174, 438]}, {"label": "pole", "bounding_box": [1089, 368, 1181, 440]}, {"label": "traffic light", "bounding_box": [1083, 358, 1096, 385]}, {"label": "traffic sign", "bounding_box": [1178, 369, 1221, 380]}, {"label": "traffic sign", "bounding_box": [1164, 398, 1193, 423]}, {"label": "static", "bounding_box": [1176, 379, 1209, 408]}, {"label": "traffic sign", "bounding_box": [1209, 378, 1232, 386]}, {"label": "pole", "bounding_box": [1149, 79, 1211, 438]}, {"label": "static", "bounding_box": [1133, 75, 1158, 90]}, {"label": "static", "bounding_box": [1123, 187, 1144, 199]}, {"label": "traffic sign", "bounding_box": [1193, 386, 1222, 412]}, {"label": "pole", "bounding_box": [1148, 367, 1154, 444]}, {"label": "traffic sign", "bounding_box": [1137, 348, 1163, 374]}, {"label": "traffic sign", "bounding_box": [1130, 310, 1169, 347]}, {"label": "vegetation", "bounding_box": [1174, 0, 2048, 621]}, {"label": "traffic light", "bounding_box": [1738, 99, 1815, 254]}, {"label": "pole", "bounding_box": [1806, 77, 1842, 566]}, {"label": "sidewalk", "bounding_box": [1112, 488, 2048, 699]}, {"label": "fence", "bounding_box": [1133, 397, 2048, 603]}, {"label": "pole", "bounding_box": [1721, 239, 1733, 602]}, {"label": "traffic sign", "bounding_box": [1681, 149, 1780, 251]}, {"label": "terrain", "bounding_box": [643, 438, 757, 473]}, {"label": "sidewalk", "bounding_box": [602, 466, 829, 500]}, {"label": "terrain", "bounding_box": [682, 468, 824, 488]}, {"label": "vegetation", "bounding_box": [771, 312, 984, 477]}, {"label": "static", "bounding_box": [836, 420, 848, 431]}, {"label": "pole", "bounding_box": [845, 408, 848, 448]}, {"label": "vegetation", "bounding_box": [768, 291, 914, 475]}, {"label": "pole", "bounding_box": [763, 371, 768, 458]}, {"label": "static", "bounding_box": [746, 449, 777, 471]}, {"label": "pole", "bounding_box": [733, 421, 735, 460]}, {"label": "traffic light", "bounding_box": [730, 419, 741, 430]}, {"label": "vegetation", "bounding_box": [633, 428, 717, 467]}, {"label": "vegetation", "bounding_box": [586, 215, 828, 479]}, {"label": "static", "bounding_box": [721, 392, 740, 432]}, {"label": "pole", "bounding_box": [726, 392, 731, 477]}, {"label": "static", "bounding_box": [666, 415, 697, 469]}, {"label": "static", "bounding_box": [672, 382, 695, 409]}, {"label": "pole", "bounding_box": [682, 372, 685, 482]}, {"label": "static", "bounding_box": [611, 312, 669, 335]}, {"label": "static", "bounding_box": [606, 329, 674, 375]}, {"label": "static", "bounding_box": [605, 375, 674, 412]}, {"label": "pole", "bounding_box": [651, 309, 658, 464]}, {"label": "vegetation", "bounding_box": [243, 1, 715, 437]}, {"label": "vegetation", "bounding_box": [0, 1, 244, 448]}, {"label": "sidewalk", "bounding_box": [0, 506, 309, 581]}, {"label": "fence", "bounding_box": [0, 419, 256, 539]}, {"label": "car", "bounding_box": [813, 434, 877, 491]}, {"label": "car", "bounding_box": [574, 417, 667, 507]}, {"label": "static", "bounding_box": [456, 349, 491, 381]}, {"label": "pole", "bounding_box": [471, 363, 479, 404]}, {"label": "car", "bounding_box": [468, 417, 623, 519]}, {"label": "car", "bounding_box": [220, 366, 492, 552]}, {"label": "car", "bounding_box": [824, 385, 1132, 643]}, {"label": "license plate", "bounding_box": [933, 567, 1028, 587]}, {"label": "license plate", "bounding_box": [279, 500, 325, 513]}, {"label": "ego vehicle", "bounding_box": [271, 844, 2028, 1023]}, {"label": "out of roi", "bounding_box": [0, 0, 2048, 1024]}]}