{"imgHeight": 1024, "imgWidth": 2048, "objects": [{"label": "terrain", "bounding_box": [438, 466, 996, 548]}, {"label": "sky", "bounding_box": [0, 0, 2048, 473]}, {"label": "road", "bounding_box": [0, 376, 2048, 1024]}, {"label": "vegetation", "bounding_box": [1092, 24, 2048, 767]}, {"label": "building", "bounding_box": [1048, 368, 1198, 482]}, {"label": "pole", "bounding_box": [1190, 360, 1194, 454]}, {"label": "traffic sign", "bounding_box": [1187, 423, 1196, 433]}, {"label": "pole", "bounding_box": [1207, 326, 1211, 442]}, {"label": "static", "bounding_box": [1197, 324, 1208, 330]}, {"label": "pole", "bounding_box": [1241, 266, 1248, 491]}, {"label": "static", "bounding_box": [1228, 262, 1244, 271]}, {"label": "pole", "bounding_box": [1335, 56, 1347, 418]}, {"label": "static", "bounding_box": [1307, 50, 1341, 64]}, {"label": "vegetation", "bounding_box": [0, 0, 240, 227]}, {"label": "vegetation", "bounding_box": [329, 0, 1100, 533]}, {"label": "cargroup", "bounding_box": [455, 449, 593, 483]}, {"label": "vegetation", "bounding_box": [570, 398, 578, 481]}, {"label": "vegetation", "bounding_box": [516, 364, 531, 493]}, {"label": "sidewalk", "bounding_box": [0, 545, 601, 769]}, {"label": "sidewalk", "bounding_box": [1184, 486, 2048, 1024]}, {"label": "pole", "bounding_box": [1807, 139, 1839, 678]}, {"label": "traffic sign", "bounding_box": [1736, 1, 1889, 179]}, {"label": "car", "bounding_box": [1106, 444, 1128, 467]}, {"label": "car", "bounding_box": [1099, 448, 1136, 515]}, {"label": "car", "bounding_box": [1110, 430, 1207, 520]}, {"label": "car", "bounding_box": [1123, 443, 1212, 527]}, {"label": "license plate", "bounding_box": [1153, 490, 1185, 498]}, {"label": "static", "bounding_box": [601, 336, 669, 499]}, {"label": "vegetation", "bounding_box": [438, 466, 996, 548]}, {"label": "building", "bounding_box": [0, 166, 459, 583]}, {"label": "terrain", "bounding_box": [0, 520, 517, 739]}, {"label": "traffic sign", "bounding_box": [1331, 354, 1355, 391]}, {"label": "ego vehicle", "bounding_box": [271, 844, 2028, 1023]}, {"label": "out of roi", "bounding_box": [0, 0, 2048, 1024]}]}