{"imgHeight": 1024, "imgWidth": 2048, "objects": [{"label": "sky", "bounding_box": [0, 1, 1199, 263]}, {"label": "static", "bounding_box": [669, 73, 717, 227]}, {"label": "road", "bounding_box": [0, 397, 2048, 1024]}, {"label": "building", "bounding_box": [0, 154, 1146, 539]}, {"label": "sidewalk", "bounding_box": [0, 448, 1002, 591]}, {"label": "road", "bounding_box": [0, 449, 2048, 1024]}, {"label": "vegetation", "bounding_box": [0, 0, 1149, 525]}, {"label": "terrain", "bounding_box": [107, 468, 634, 511]}, {"label": "fence", "bounding_box": [660, 423, 881, 460]}, {"label": "terrain", "bounding_box": [807, 449, 989, 469]}, {"label": "fence", "bounding_box": [878, 415, 999, 460]}, {"label": "pole", "bounding_box": [1011, 382, 1015, 410]}, {"label": "traffic sign", "bounding_box": [1003, 367, 1020, 384]}, {"label": "fence", "bounding_box": [1113, 405, 1135, 425]}, {"label": "car", "bounding_box": [981, 396, 1139, 505]}, {"label": "license plate", "bounding_box": [1002, 439, 1028, 451]}, {"label": "sidewalk", "bounding_box": [782, 471, 2047, 554]}, {"label": "sidewalk", "bounding_box": [1544, 639, 2047, 1023]}, {"label": "pole", "bounding_box": [795, 248, 811, 463]}, {"label": "static", "bounding_box": [799, 250, 818, 259]}, {"label": "static", "bounding_box": [791, 305, 812, 337]}, {"label": "static", "bounding_box": [794, 336, 810, 370]}, {"label": "static", "bounding_box": [0, 141, 54, 558]}, {"label": "person", "bounding_box": [76, 449, 113, 533]}, {"label": "traffic sign", "bounding_box": [11, 400, 85, 425]}, {"label": "pole", "bounding_box": [157, 501, 167, 554]}, {"label": "pole", "bounding_box": [265, 493, 273, 543]}, {"label": "pole", "bounding_box": [332, 488, 341, 537]}, {"label": "pole", "bounding_box": [457, 477, 465, 523]}, {"label": "pole", "bounding_box": [510, 472, 519, 518]}, {"label": "pole", "bounding_box": [565, 467, 573, 512]}, {"label": "traffic light", "bounding_box": [564, 152, 598, 233]}, {"label": "pole", "bounding_box": [372, 186, 571, 531]}, {"label": "static", "bounding_box": [980, 335, 1015, 357]}, {"label": "static", "bounding_box": [971, 290, 1020, 339]}, {"label": "pole", "bounding_box": [909, 42, 997, 522]}, {"label": "static", "bounding_box": [956, 434, 965, 447]}, {"label": "static", "bounding_box": [878, 94, 922, 109]}, {"label": "static", "bounding_box": [866, 45, 931, 73]}, {"label": "traffic sign", "bounding_box": [907, 270, 943, 316]}, {"label": "traffic sign", "bounding_box": [911, 315, 945, 341]}, {"label": "traffic sign", "bounding_box": [910, 339, 949, 365]}, {"label": "car", "bounding_box": [576, 442, 837, 564]}, {"label": "license plate", "bounding_box": [766, 510, 804, 524]}, {"label": "building", "bounding_box": [885, 0, 2048, 536]}, {"label": "car", "bounding_box": [1156, 412, 1604, 566]}, {"label": "pole", "bounding_box": [1997, 456, 2032, 677]}, {"label": "vegetation", "bounding_box": [1686, 1, 1953, 774]}, {"label": "ego vehicle", "bounding_box": [271, 844, 2028, 1023]}, {"label": "out of roi", "bounding_box": [0, 0, 2048, 1024]}]}