{"imgHeight": 1024, "imgWidth": 2048, "objects": [{"label": "building", "bounding_box": [596, 0, 1444, 561]}, {"label": "road", "bounding_box": [20, 455, 1869, 1024]}, {"label": "static", "bounding_box": [681, 312, 695, 318]}, {"label": "pole", "bounding_box": [691, 317, 697, 437]}, {"label": "pole", "bounding_box": [713, 310, 719, 421]}, {"label": "static", "bounding_box": [703, 300, 723, 312]}, {"label": "vegetation", "bounding_box": [645, 392, 962, 435]}, {"label": "fence", "bounding_box": [645, 404, 1124, 469]}, {"label": "terrain", "bounding_box": [1027, 429, 1110, 452]}, {"label": "sidewalk", "bounding_box": [705, 466, 1114, 487]}, {"label": "vegetation", "bounding_box": [1027, 429, 1110, 452]}, {"label": "wall", "bounding_box": [698, 447, 1113, 486]}, {"label": "static", "bounding_box": [647, 458, 717, 497]}, {"label": "vegetation", "bounding_box": [686, 421, 719, 468]}, {"label": "sidewalk", "bounding_box": [984, 474, 2047, 1023]}, {"label": "sidewalk", "bounding_box": [0, 486, 824, 1023]}, {"label": "pole", "bounding_box": [651, 327, 662, 538]}, {"label": "static", "bounding_box": [650, 531, 681, 547]}, {"label": "traffic sign", "bounding_box": [645, 328, 667, 354]}, {"label": "traffic sign", "bounding_box": [645, 355, 667, 369]}, {"label": "person", "bounding_box": [699, 394, 751, 550]}, {"label": "vegetation", "bounding_box": [990, 425, 1045, 487]}, {"label": "static", "bounding_box": [991, 477, 1045, 494]}, {"label": "pole", "bounding_box": [1046, 357, 1050, 479]}, {"label": "traffic sign", "bounding_box": [1049, 356, 1068, 362]}, {"label": "static", "bounding_box": [1041, 368, 1046, 391]}, {"label": "pole", "bounding_box": [1106, 333, 1121, 495]}, {"label": "vegetation", "bounding_box": [1103, 389, 1121, 432]}, {"label": "static", "bounding_box": [1090, 299, 1129, 347]}, {"label": "person", "bounding_box": [1146, 401, 1173, 494]}, {"label": "person", "bounding_box": [1121, 409, 1150, 483]}, {"label": "polegroup", "bounding_box": [1114, 451, 1180, 517]}, {"label": "building", "bounding_box": [852, 0, 2047, 910]}, {"label": "building", "bounding_box": [0, 0, 666, 881]}, {"label": "static", "bounding_box": [525, 42, 638, 170]}, {"label": "vegetation", "bounding_box": [975, 1, 1560, 582]}, {"label": "ego vehicle", "bounding_box": [271, 844, 2028, 1023]}, {"label": "out of roi", "bounding_box": [0, 0, 2048, 1024]}]}