{"imgHeight": 1024, "imgWidth": 2048, "objects": [{"label": "sky", "bounding_box": [778, 2, 2048, 377]}, {"label": "road", "bounding_box": [0, 439, 2048, 1024]}, {"label": "sidewalk", "bounding_box": [869, 447, 1451, 486]}, {"label": "building", "bounding_box": [944, 156, 1419, 430]}, {"label": "vegetation", "bounding_box": [810, 217, 1046, 448]}, {"label": "fence", "bounding_box": [936, 433, 1005, 454]}, {"label": "car", "bounding_box": [836, 432, 850, 450]}, {"label": "vegetation", "bounding_box": [862, 310, 923, 453]}, {"label": "car", "bounding_box": [853, 433, 879, 453]}, {"label": "pole", "bounding_box": [851, 394, 855, 452]}, {"label": "pole", "bounding_box": [906, 414, 909, 445]}, {"label": "static", "bounding_box": [900, 408, 915, 422]}, {"label": "car", "bounding_box": [889, 435, 920, 455]}, {"label": "car", "bounding_box": [913, 434, 945, 459]}, {"label": "vegetation", "bounding_box": [909, 289, 969, 458]}, {"label": "pole", "bounding_box": [955, 389, 961, 441]}, {"label": "car", "bounding_box": [945, 435, 977, 461]}, {"label": "vegetation", "bounding_box": [943, 259, 1064, 463]}, {"label": "vegetation", "bounding_box": [992, 369, 1170, 443]}, {"label": "pole", "bounding_box": [1019, 397, 1022, 441]}, {"label": "car", "bounding_box": [994, 429, 1035, 464]}, {"label": "car", "bounding_box": [1013, 432, 1051, 470]}, {"label": "vegetation", "bounding_box": [991, 39, 1349, 435]}, {"label": "vegetation", "bounding_box": [976, 249, 1071, 465]}, {"label": "fence", "bounding_box": [1088, 402, 1201, 472]}, {"label": "vegetation", "bounding_box": [1029, 224, 1090, 439]}, {"label": "static", "bounding_box": [1053, 421, 1064, 449]}, {"label": "car", "bounding_box": [1045, 429, 1102, 476]}, {"label": "vegetation", "bounding_box": [1056, 187, 1156, 476]}, {"label": "pole", "bounding_box": [1190, 228, 1195, 313]}, {"label": "static", "bounding_box": [1168, 222, 1194, 237]}, {"label": "vegetation", "bounding_box": [1145, 256, 1339, 422]}, {"label": "building", "bounding_box": [1317, 57, 1986, 462]}, {"label": "static", "bounding_box": [1728, 312, 1803, 406]}, {"label": "pole", "bounding_box": [1457, 78, 1465, 311]}, {"label": "static", "bounding_box": [1423, 69, 1463, 90]}, {"label": "vegetation", "bounding_box": [1434, 165, 1744, 427]}, {"label": "fence", "bounding_box": [1200, 408, 1723, 477]}, {"label": "pole", "bounding_box": [1282, 374, 1287, 460]}, {"label": "static", "bounding_box": [1285, 376, 1322, 409]}, {"label": "pole", "bounding_box": [1136, 379, 1140, 476]}, {"label": "traffic sign", "bounding_box": [1127, 364, 1147, 386]}, {"label": "traffic sign", "bounding_box": [1228, 330, 1281, 339]}, {"label": "pole", "bounding_box": [1226, 329, 1233, 493]}, {"label": "traffic sign", "bounding_box": [1208, 339, 1249, 380]}, {"label": "vegetation", "bounding_box": [1446, 1, 2048, 467]}, {"label": "sidewalk", "bounding_box": [1140, 489, 2048, 917]}, {"label": "bicycle", "bounding_box": [1431, 439, 1451, 495]}, {"label": "wall", "bounding_box": [1444, 307, 2048, 597]}, {"label": "sidewalk", "bounding_box": [729, 451, 924, 492]}, {"label": "sidewalk", "bounding_box": [0, 497, 899, 903]}, {"label": "vegetation", "bounding_box": [383, 1, 996, 460]}, {"label": "static", "bounding_box": [527, 339, 541, 372]}, {"label": "pole", "bounding_box": [530, 333, 534, 439]}, {"label": "fence", "bounding_box": [519, 402, 838, 482]}, {"label": "building", "bounding_box": [0, 188, 507, 475]}, {"label": "vegetation", "bounding_box": [805, 323, 870, 480]}, {"label": "static", "bounding_box": [780, 326, 814, 363]}, {"label": "static", "bounding_box": [812, 326, 849, 365]}, {"label": "pole", "bounding_box": [780, 343, 832, 501]}, {"label": "vegetation", "bounding_box": [0, 1, 675, 500]}, {"label": "traffic sign", "bounding_box": [657, 371, 685, 381]}, {"label": "wall", "bounding_box": [0, 301, 740, 638]}, {"label": "person", "bounding_box": [1507, 387, 1548, 516]}, {"label": "person", "bounding_box": [533, 356, 616, 546]}, {"label": "ground", "bounding_box": [1656, 806, 2047, 1023]}, {"label": "ego vehicle", "bounding_box": [271, 844, 2028, 1023]}, {"label": "out of roi", "bounding_box": [0, 0, 2048, 1024]}]}