{"imgHeight": 1024, "imgWidth": 2048, "objects": [{"label": "building", "bounding_box": [585, 262, 875, 477]}, {"label": "sky", "bounding_box": [408, 0, 752, 178]}, {"label": "road", "bounding_box": [0, 466, 1730, 1024]}, {"label": "sidewalk", "bounding_box": [765, 464, 2048, 1024]}, {"label": "building", "bounding_box": [0, 0, 629, 500]}, {"label": "vegetation", "bounding_box": [599, 0, 1032, 399]}, {"label": "pole", "bounding_box": [648, 402, 650, 435]}, {"label": "traffic sign", "bounding_box": [642, 389, 655, 404]}, {"label": "traffic sign", "bounding_box": [646, 404, 655, 414]}, {"label": "wall", "bounding_box": [661, 363, 853, 485]}, {"label": "pole", "bounding_box": [683, 375, 687, 426]}, {"label": "static", "bounding_box": [675, 360, 690, 379]}, {"label": "static", "bounding_box": [680, 392, 689, 417]}, {"label": "static", "bounding_box": [742, 381, 768, 413]}, {"label": "static", "bounding_box": [603, 423, 678, 488]}, {"label": "rider", "bounding_box": [620, 419, 648, 470]}, {"label": "static", "bounding_box": [451, 282, 476, 310]}, {"label": "static", "bounding_box": [417, 223, 474, 284]}, {"label": "static", "bounding_box": [51, 34, 172, 162]}, {"label": "car", "bounding_box": [657, 421, 749, 494]}, {"label": "car", "bounding_box": [688, 431, 751, 499]}, {"label": "parking", "bounding_box": [0, 460, 656, 1023]}, {"label": "car", "bounding_box": [586, 424, 655, 521]}, {"label": "car", "bounding_box": [719, 428, 833, 508]}, {"label": "license plate", "bounding_box": [778, 462, 807, 470]}, {"label": "building", "bounding_box": [814, 47, 1138, 499]}, {"label": "wall", "bounding_box": [1021, 420, 1069, 502]}, {"label": "building", "bounding_box": [1058, 1, 2048, 810]}, {"label": "vegetation", "bounding_box": [968, 1, 1062, 420]}, {"label": "person", "bounding_box": [1267, 339, 1354, 626]}, {"label": "person", "bounding_box": [1180, 342, 1280, 636]}, {"label": "car", "bounding_box": [456, 414, 658, 596]}, {"label": "car", "bounding_box": [0, 248, 534, 825]}, {"label": "car", "bounding_box": [0, 586, 198, 1023]}, {"label": "ego vehicle", "bounding_box": [271, 844, 2028, 1023]}, {"label": "out of roi", "bounding_box": [0, 0, 2048, 1024]}]}