{"imgHeight": 1024, "imgWidth": 2048, "objects": [{"label": "sky", "bounding_box": [1042, 1, 1551, 127]}, {"label": "building", "bounding_box": [0, 1, 2031, 578]}, {"label": "sidewalk", "bounding_box": [399, 425, 1898, 506]}, {"label": "road", "bounding_box": [0, 431, 2048, 1024]}, {"label": "static", "bounding_box": [51, 328, 115, 451]}, {"label": "car", "bounding_box": [54, 431, 132, 496]}, {"label": "static", "bounding_box": [129, 462, 149, 490]}, {"label": "pole", "bounding_box": [155, 355, 162, 486]}, {"label": "static", "bounding_box": [0, 418, 70, 499]}, {"label": "vegetation", "bounding_box": [0, 0, 315, 497]}, {"label": "pole", "bounding_box": [1066, 361, 1069, 420]}, {"label": "traffic sign", "bounding_box": [1062, 363, 1073, 375]}, {"label": "traffic sign", "bounding_box": [1063, 376, 1074, 382]}, {"label": "static", "bounding_box": [1301, 361, 1325, 386]}, {"label": "pole", "bounding_box": [1311, 363, 1317, 452]}, {"label": "car", "bounding_box": [1035, 415, 1131, 460]}, {"label": "car", "bounding_box": [963, 420, 1051, 464]}, {"label": "car", "bounding_box": [905, 422, 993, 467]}, {"label": "car", "bounding_box": [847, 417, 926, 470]}, {"label": "car", "bounding_box": [808, 423, 900, 473]}, {"label": "car", "bounding_box": [698, 429, 752, 476]}, {"label": "car", "bounding_box": [611, 432, 647, 477]}, {"label": "car", "bounding_box": [730, 424, 827, 474]}, {"label": "car", "bounding_box": [632, 426, 729, 477]}, {"label": "car", "bounding_box": [529, 435, 564, 467]}, {"label": "car", "bounding_box": [538, 430, 629, 479]}, {"label": "car", "bounding_box": [405, 437, 473, 485]}, {"label": "car", "bounding_box": [443, 431, 541, 484]}, {"label": "car", "bounding_box": [322, 439, 428, 488]}, {"label": "static", "bounding_box": [391, 333, 423, 354]}, {"label": "pole", "bounding_box": [405, 324, 410, 488]}, {"label": "static", "bounding_box": [492, 314, 515, 349]}, {"label": "static", "bounding_box": [496, 349, 513, 378]}, {"label": "pole", "bounding_box": [504, 315, 511, 481]}, {"label": "pole", "bounding_box": [441, 356, 447, 486]}, {"label": "traffic sign", "bounding_box": [444, 370, 459, 384]}, {"label": "traffic sign", "bounding_box": [445, 383, 459, 401]}, {"label": "traffic sign", "bounding_box": [421, 358, 441, 364]}, {"label": "static", "bounding_box": [600, 347, 627, 378]}, {"label": "pole", "bounding_box": [610, 330, 616, 478]}, {"label": "traffic sign", "bounding_box": [589, 329, 610, 340]}, {"label": "traffic sign", "bounding_box": [567, 339, 610, 351]}, {"label": "terrain", "bounding_box": [0, 478, 386, 512]}, {"label": "sidewalk", "bounding_box": [0, 483, 683, 533]}, {"label": "pole", "bounding_box": [287, 0, 314, 501]}, {"label": "static", "bounding_box": [231, 287, 268, 328]}, {"label": "static", "bounding_box": [236, 328, 263, 349]}, {"label": "pole", "bounding_box": [246, 308, 295, 349]}, {"label": "static", "bounding_box": [1990, 348, 2048, 405]}, {"label": "pole", "bounding_box": [2019, 349, 2047, 400]}, {"label": "traffic light", "bounding_box": [2037, 374, 2042, 389]}, {"label": "pole", "bounding_box": [1968, 345, 1972, 383]}, {"label": "static", "bounding_box": [1965, 382, 1976, 398]}, {"label": "pole", "bounding_box": [1810, 358, 1813, 429]}, {"label": "traffic sign", "bounding_box": [1808, 387, 1815, 397]}, {"label": "person", "bounding_box": [1410, 404, 1423, 444]}, {"label": "car", "bounding_box": [1811, 410, 1876, 440]}, {"label": "terrain", "bounding_box": [1429, 434, 2048, 1024]}, {"label": "vegetation", "bounding_box": [1869, 390, 2048, 453]}, {"label": "pole", "bounding_box": [1579, 246, 1593, 462]}, {"label": "static", "bounding_box": [1583, 324, 1602, 353]}, {"label": "static", "bounding_box": [1557, 339, 1590, 359]}, {"label": "pole", "bounding_box": [1576, 393, 1587, 466]}, {"label": "traffic sign", "bounding_box": [1558, 349, 1593, 400]}, {"label": "traffic sign", "bounding_box": [1561, 322, 1590, 338]}, {"label": "traffic sign", "bounding_box": [1561, 331, 1593, 349]}, {"label": "pole", "bounding_box": [1596, 244, 1610, 470]}, {"label": "traffic sign", "bounding_box": [1563, 246, 1654, 266]}, {"label": "traffic sign", "bounding_box": [1563, 264, 1655, 299]}, {"label": "traffic sign", "bounding_box": [1562, 298, 1655, 332]}, {"label": "static", "bounding_box": [1561, 459, 1601, 477]}, {"label": "vegetation", "bounding_box": [1389, 1, 2048, 536]}, {"label": "pole", "bounding_box": [1703, 1, 1763, 640]}, {"label": "traffic sign", "bounding_box": [1682, 1, 1778, 33]}, {"label": "traffic sign", "bounding_box": [1683, 31, 1781, 85]}, {"label": "traffic sign", "bounding_box": [1682, 84, 1783, 142]}, {"label": "ego vehicle", "bounding_box": [271, 844, 2028, 1023]}, {"label": "out of roi", "bounding_box": [0, 0, 2048, 1024]}]}