{"imgHeight": 1024, "imgWidth": 2048, "objects": [{"label": "sky", "bounding_box": [0, 0, 1916, 411]}, {"label": "pole", "bounding_box": [550, 240, 609, 297]}, {"label": "road", "bounding_box": [0, 381, 2047, 1023]}, {"label": "sidewalk", "bounding_box": [1735, 368, 2047, 650]}, {"label": "ground", "bounding_box": [1144, 403, 1468, 466]}, {"label": "building", "bounding_box": [650, 59, 997, 451]}, {"label": "building", "bounding_box": [45, 0, 338, 146]}, {"label": "vegetation", "bounding_box": [821, 0, 2047, 406]}, {"label": "vegetation", "bounding_box": [0, 1, 575, 472]}, {"label": "vegetation", "bounding_box": [557, 333, 699, 401]}, {"label": "traffic sign", "bounding_box": [618, 357, 655, 387]}, {"label": "static", "bounding_box": [566, 366, 584, 399]}, {"label": "pole", "bounding_box": [517, 0, 580, 397]}, {"label": "pole", "bounding_box": [549, 366, 558, 402]}, {"label": "vegetation", "bounding_box": [70, 423, 99, 470]}, {"label": "traffic sign", "bounding_box": [529, 333, 565, 369]}, {"label": "pole", "bounding_box": [348, 182, 462, 413]}, {"label": "static", "bounding_box": [345, 327, 385, 362]}, {"label": "traffic light", "bounding_box": [183, 236, 204, 283]}, {"label": "pole", "bounding_box": [179, 242, 381, 422]}, {"label": "traffic sign", "bounding_box": [356, 366, 386, 394]}, {"label": "static", "bounding_box": [260, 298, 337, 366]}, {"label": "pole", "bounding_box": [293, 326, 304, 440]}, {"label": "static", "bounding_box": [0, 356, 95, 479]}, {"label": "car", "bounding_box": [0, 407, 39, 481]}, {"label": "car", "bounding_box": [234, 450, 292, 499]}, {"label": "car", "bounding_box": [73, 455, 145, 509]}, {"label": "car", "bounding_box": [99, 431, 236, 510]}, {"label": "license plate", "bounding_box": [118, 490, 144, 498]}, {"label": "car", "bounding_box": [0, 460, 94, 519]}, {"label": "license plate", "bounding_box": [0, 498, 15, 507]}, {"label": "car", "bounding_box": [133, 451, 254, 514]}, {"label": "license plate", "bounding_box": [150, 490, 174, 499]}, {"label": "terrain", "bounding_box": [0, 527, 247, 589]}, {"label": "vegetation", "bounding_box": [777, 310, 1015, 437]}, {"label": "truck", "bounding_box": [758, 400, 789, 438]}, {"label": "static", "bounding_box": [735, 362, 770, 437]}, {"label": "pole", "bounding_box": [788, 393, 791, 435]}, {"label": "traffic sign", "bounding_box": [780, 413, 790, 434]}, {"label": "traffic light", "bounding_box": [789, 409, 794, 417]}, {"label": "traffic sign", "bounding_box": [789, 418, 796, 424]}, {"label": "static", "bounding_box": [758, 369, 858, 397]}, {"label": "traffic sign", "bounding_box": [824, 399, 836, 406]}, {"label": "pole", "bounding_box": [822, 334, 832, 428]}, {"label": "pole", "bounding_box": [801, 333, 808, 438]}, {"label": "static", "bounding_box": [675, 318, 1009, 402]}, {"label": "traffic sign", "bounding_box": [714, 294, 767, 344]}, {"label": "traffic sign", "bounding_box": [793, 290, 841, 341]}, {"label": "traffic sign", "bounding_box": [877, 285, 976, 338]}, {"label": "traffic sign", "bounding_box": [794, 405, 806, 418]}, {"label": "cargroup", "bounding_box": [799, 424, 836, 453]}, {"label": "car", "bounding_box": [778, 427, 803, 453]}, {"label": "motorcycle", "bounding_box": [804, 435, 815, 455]}, {"label": "rider", "bounding_box": [802, 424, 815, 452]}, {"label": "static", "bounding_box": [834, 402, 875, 425]}, {"label": "traffic light", "bounding_box": [924, 374, 931, 389]}, {"label": "pole", "bounding_box": [899, 377, 927, 432]}, {"label": "static", "bounding_box": [864, 387, 903, 418]}, {"label": "pole", "bounding_box": [877, 371, 926, 429]}, {"label": "traffic light", "bounding_box": [871, 368, 879, 385]}, {"label": "traffic sign", "bounding_box": [916, 393, 928, 406]}, {"label": "car", "bounding_box": [892, 425, 931, 460]}, {"label": "license plate", "bounding_box": [899, 443, 923, 449]}, {"label": "car", "bounding_box": [809, 414, 907, 493]}, {"label": "license plate", "bounding_box": [840, 461, 873, 470]}, {"label": "bus", "bounding_box": [925, 388, 991, 450]}, {"label": "car", "bounding_box": [909, 420, 1004, 481]}, {"label": "license plate", "bounding_box": [952, 442, 980, 450]}, {"label": "car", "bounding_box": [752, 423, 793, 466]}, {"label": "traffic light", "bounding_box": [711, 404, 718, 415]}, {"label": "pole", "bounding_box": [907, 143, 1041, 266]}, {"label": "pole", "bounding_box": [702, 399, 737, 429]}, {"label": "car", "bounding_box": [709, 420, 778, 491]}, {"label": "license plate", "bounding_box": [720, 451, 747, 459]}, {"label": "car", "bounding_box": [586, 377, 731, 505]}, {"label": "car", "bounding_box": [204, 387, 709, 672]}, {"label": "license plate", "bounding_box": [307, 516, 425, 550]}, {"label": "vegetation", "bounding_box": [976, 192, 1357, 452]}, {"label": "traffic sign", "bounding_box": [1044, 371, 1073, 393]}, {"label": "car", "bounding_box": [980, 403, 1044, 496]}, {"label": "terrain", "bounding_box": [1145, 440, 1321, 464]}, {"label": "pole", "bounding_box": [1921, 180, 1928, 210]}, {"label": "static", "bounding_box": [1147, 442, 1171, 455]}, {"label": "ground", "bounding_box": [1151, 459, 1308, 466]}, {"label": "car", "bounding_box": [987, 386, 1158, 523]}, {"label": "license plate", "bounding_box": [1051, 446, 1102, 460]}, {"label": "pole", "bounding_box": [1190, 375, 1202, 455]}, {"label": "static", "bounding_box": [1254, 297, 1314, 455]}, {"label": "vegetation", "bounding_box": [1276, 246, 1334, 386]}, {"label": "static", "bounding_box": [1185, 441, 1227, 459]}, {"label": "static", "bounding_box": [1244, 439, 1292, 456]}, {"label": "vegetation", "bounding_box": [1846, 188, 2009, 328]}, {"label": "pole", "bounding_box": [1512, 0, 1547, 215]}, {"label": "traffic sign", "bounding_box": [1500, 141, 1571, 164]}, {"label": "vegetation", "bounding_box": [1719, 292, 1851, 436]}, {"label": "person", "bounding_box": [1696, 370, 1721, 399]}, {"label": "person", "bounding_box": [1684, 374, 1719, 430]}, {"label": "person", "bounding_box": [1751, 376, 1782, 436]}, {"label": "person", "bounding_box": [1734, 373, 1763, 435]}, {"label": "person", "bounding_box": [1700, 367, 1756, 437]}, {"label": "person", "bounding_box": [1804, 368, 1839, 434]}, {"label": "person", "bounding_box": [1767, 356, 1806, 436]}, {"label": "person", "bounding_box": [1825, 354, 1854, 434]}, {"label": "vegetation", "bounding_box": [1845, 284, 2047, 349]}, {"label": "fence", "bounding_box": [1854, 318, 2047, 427]}, {"label": "vegetation", "bounding_box": [1856, 343, 2047, 447]}, {"label": "person", "bounding_box": [1858, 357, 1881, 435]}, {"label": "pole", "bounding_box": [1906, 315, 1924, 402]}, {"label": "traffic sign", "bounding_box": [1905, 325, 1931, 350]}, {"label": "traffic sign", "bounding_box": [1824, 218, 1854, 247]}, {"label": "person", "bounding_box": [1902, 367, 1931, 405]}, {"label": "pole", "bounding_box": [1819, 205, 1832, 272]}, {"label": "person", "bounding_box": [1864, 353, 1906, 437]}, {"label": "static", "bounding_box": [1893, 382, 1966, 440]}, {"label": "person", "bounding_box": [1989, 356, 2023, 436]}, {"label": "person", "bounding_box": [2022, 359, 2047, 416]}, {"label": "car", "bounding_box": [2015, 405, 2047, 452]}, {"label": "traffic sign", "bounding_box": [1887, 111, 1966, 185]}, {"label": "traffic sign", "bounding_box": [1820, 251, 1870, 293]}, {"label": "static", "bounding_box": [1861, 313, 1879, 321]}, {"label": "traffic sign", "bounding_box": [1821, 288, 1875, 320]}, {"label": "static", "bounding_box": [1824, 300, 1845, 333]}, {"label": "traffic sign", "bounding_box": [1869, 212, 1940, 246]}, {"label": "static", "bounding_box": [1796, 186, 1845, 209]}, {"label": "traffic light", "bounding_box": [1794, 193, 1846, 254]}, {"label": "pole", "bounding_box": [1824, 0, 1878, 448]}, {"label": "traffic sign", "bounding_box": [1805, 68, 1886, 146]}, {"label": "pole", "bounding_box": [1970, 565, 1986, 592]}, {"label": "traffic light", "bounding_box": [1830, 144, 1876, 269]}, {"label": "static", "bounding_box": [2019, 564, 2047, 601]}, {"label": "truck", "bounding_box": [1256, 156, 2047, 634]}, {"label": "license plate", "bounding_box": [1502, 504, 1626, 537]}, {"label": "ego vehicle", "bounding_box": [24, 796, 2047, 1023]}, {"label": "rectification border", "bounding_box": [416, 0, 2047, 28]}, {"label": "rectification border", "bounding_box": [2037, 509, 2047, 1023]}, {"label": "rectification border", "bounding_box": [0, 0, 17, 474]}, {"label": "rectification border", "bounding_box": [0, 977, 1937, 1023]}, {"label": "out of roi", "bounding_box": [0, 0, 2048, 1024]}]}