{"imgHeight": 1024, "imgWidth": 2048, "objects": [{"label": "sky", "bounding_box": [480, 0, 1039, 80]}, {"label": "road", "bounding_box": [0, 377, 2047, 1023]}, {"label": "parking", "bounding_box": [233, 430, 573, 529]}, {"label": "sidewalk", "bounding_box": [0, 346, 519, 571]}, {"label": "parking", "bounding_box": [764, 456, 1083, 537]}, {"label": "sidewalk", "bounding_box": [917, 388, 2047, 600]}, {"label": "building", "bounding_box": [0, 0, 2047, 528]}, {"label": "static", "bounding_box": [336, 337, 357, 382]}, {"label": "traffic sign", "bounding_box": [342, 336, 351, 380]}, {"label": "vegetation", "bounding_box": [723, 325, 734, 427]}, {"label": "vegetation", "bounding_box": [776, 332, 785, 399]}, {"label": "vegetation", "bounding_box": [790, 340, 799, 414]}, {"label": "static", "bounding_box": [783, 398, 803, 411]}, {"label": "static", "bounding_box": [767, 390, 789, 429]}, {"label": "dynamic", "bounding_box": [717, 376, 789, 398]}, {"label": "static", "bounding_box": [733, 369, 772, 435]}, {"label": "vegetation", "bounding_box": [743, 331, 777, 438]}, {"label": "pole", "bounding_box": [732, 371, 745, 432]}, {"label": "static", "bounding_box": [655, 374, 685, 389]}, {"label": "pole", "bounding_box": [742, 426, 746, 451]}, {"label": "person", "bounding_box": [714, 397, 734, 450]}, {"label": "vegetation", "bounding_box": [702, 330, 722, 438]}, {"label": "pole", "bounding_box": [687, 358, 703, 416]}, {"label": "person", "bounding_box": [694, 403, 709, 450]}, {"label": "persongroup", "bounding_box": [658, 392, 690, 434]}, {"label": "static", "bounding_box": [659, 405, 697, 448]}, {"label": "pole", "bounding_box": [688, 424, 693, 450]}, {"label": "static", "bounding_box": [626, 393, 653, 429]}, {"label": "vegetation", "bounding_box": [647, 346, 659, 429]}, {"label": "pole", "bounding_box": [648, 366, 663, 431]}, {"label": "traffic sign", "bounding_box": [499, 319, 523, 351]}, {"label": "dynamic", "bounding_box": [564, 368, 631, 432]}, {"label": "vegetation", "bounding_box": [621, 342, 641, 435]}, {"label": "pole", "bounding_box": [606, 366, 622, 422]}, {"label": "person", "bounding_box": [581, 410, 600, 440]}, {"label": "vegetation", "bounding_box": [583, 352, 621, 446]}, {"label": "vegetation", "bounding_box": [549, 348, 574, 442]}, {"label": "person", "bounding_box": [561, 409, 584, 438]}, {"label": "pole", "bounding_box": [635, 422, 639, 449]}, {"label": "pole", "bounding_box": [581, 418, 585, 449]}, {"label": "vegetation", "bounding_box": [529, 324, 546, 397]}, {"label": "vegetation", "bounding_box": [446, 333, 468, 383]}, {"label": "pole", "bounding_box": [498, 333, 502, 391]}, {"label": "pole", "bounding_box": [531, 318, 538, 389]}, {"label": "pole", "bounding_box": [520, 359, 525, 390]}, {"label": "vegetation", "bounding_box": [301, 0, 960, 379]}, {"label": "building", "bounding_box": [921, 280, 930, 328]}, {"label": "pole", "bounding_box": [715, 62, 913, 329]}, {"label": "pole", "bounding_box": [904, 333, 914, 395]}, {"label": "pole", "bounding_box": [877, 356, 883, 391]}, {"label": "pole", "bounding_box": [800, 340, 806, 407]}, {"label": "traffic sign", "bounding_box": [881, 320, 936, 338]}, {"label": "traffic sign", "bounding_box": [868, 324, 889, 350]}, {"label": "traffic sign", "bounding_box": [870, 349, 886, 369]}, {"label": "pole", "bounding_box": [950, 348, 959, 410]}, {"label": "traffic sign", "bounding_box": [912, 351, 1020, 374]}, {"label": "pole", "bounding_box": [956, 338, 961, 413]}, {"label": "traffic sign", "bounding_box": [966, 308, 993, 343]}, {"label": "traffic sign", "bounding_box": [964, 342, 990, 362]}, {"label": "pole", "bounding_box": [971, 348, 978, 409]}, {"label": "traffic sign", "bounding_box": [947, 289, 967, 351]}, {"label": "person", "bounding_box": [1023, 402, 1037, 432]}, {"label": "person", "bounding_box": [993, 405, 1014, 428]}, {"label": "vegetation", "bounding_box": [1037, 403, 1094, 460]}, {"label": "static", "bounding_box": [1043, 418, 1082, 460]}, {"label": "dynamic", "bounding_box": [993, 413, 1049, 483]}, {"label": "vegetation", "bounding_box": [1101, 410, 1132, 466]}, {"label": "traffic sign", "bounding_box": [1105, 325, 1121, 380]}, {"label": "traffic sign", "bounding_box": [1110, 381, 1121, 423]}, {"label": "car", "bounding_box": [770, 393, 843, 470]}, {"label": "car", "bounding_box": [781, 393, 852, 480]}, {"label": "car", "bounding_box": [809, 379, 962, 501]}, {"label": "car", "bounding_box": [842, 393, 1019, 525]}, {"label": "license plate", "bounding_box": [923, 450, 975, 466]}, {"label": "dynamic", "bounding_box": [1089, 501, 1183, 525]}, {"label": "pole", "bounding_box": [1117, 148, 1126, 543]}, {"label": "traffic sign", "bounding_box": [1082, 76, 1161, 153]}, {"label": "traffic sign", "bounding_box": [1092, 149, 1149, 232]}, {"label": "bicycle", "bounding_box": [1135, 406, 1218, 524]}, {"label": "pole", "bounding_box": [1155, 325, 1166, 526]}, {"label": "traffic sign", "bounding_box": [1141, 233, 1180, 328]}, {"label": "pole", "bounding_box": [1228, 0, 1251, 524]}, {"label": "person", "bounding_box": [1332, 337, 1418, 514]}, {"label": "static", "bounding_box": [1273, 364, 1338, 460]}, {"label": "pole", "bounding_box": [1297, 106, 1311, 563]}, {"label": "static", "bounding_box": [379, 305, 394, 345]}, {"label": "traffic sign", "bounding_box": [1309, 130, 1389, 158]}, {"label": "traffic sign", "bounding_box": [1300, 156, 1313, 202]}, {"label": "bicyclegroup", "bounding_box": [1153, 405, 1410, 569]}, {"label": "bicycle", "bounding_box": [1447, 416, 1523, 514]}, {"label": "person", "bounding_box": [1393, 344, 1468, 572]}, {"label": "person", "bounding_box": [1827, 359, 1927, 618]}, {"label": "person", "bounding_box": [1770, 344, 1879, 626]}, {"label": "pole", "bounding_box": [386, 332, 391, 388]}, {"label": "pole", "bounding_box": [463, 350, 475, 389]}, {"label": "static", "bounding_box": [322, 367, 338, 387]}, {"label": "traffic sign", "bounding_box": [468, 324, 487, 353]}, {"label": "pole", "bounding_box": [429, 325, 440, 388]}, {"label": "car", "bounding_box": [488, 378, 575, 468]}, {"label": "license plate", "bounding_box": [514, 425, 533, 434]}, {"label": "car", "bounding_box": [409, 367, 529, 478]}, {"label": "car", "bounding_box": [474, 394, 516, 486]}, {"label": "car", "bounding_box": [404, 368, 500, 500]}, {"label": "car", "bounding_box": [260, 371, 458, 517]}, {"label": "license plate", "bounding_box": [315, 473, 369, 490]}, {"label": "pole", "bounding_box": [192, 350, 208, 505]}, {"label": "traffic sign", "bounding_box": [197, 298, 216, 407]}, {"label": "static", "bounding_box": [0, 5, 210, 147]}, {"label": "dynamic", "bounding_box": [150, 489, 235, 519]}, {"label": "pole", "bounding_box": [174, 206, 183, 515]}, {"label": "traffic sign", "bounding_box": [175, 163, 184, 211]}, {"label": "traffic sign", "bounding_box": [142, 304, 179, 318]}, {"label": "static", "bounding_box": [36, 363, 160, 539]}, {"label": "static", "bounding_box": [81, 0, 190, 93]}, {"label": "pole", "bounding_box": [113, 42, 144, 540]}, {"label": "traffic sign", "bounding_box": [92, 49, 170, 132]}, {"label": "traffic sign", "bounding_box": [101, 127, 163, 167]}, {"label": "static", "bounding_box": [207, 157, 393, 248]}, {"label": "static", "bounding_box": [1069, 428, 1093, 458]}, {"label": "static", "bounding_box": [1104, 430, 1131, 464]}, {"label": "static", "bounding_box": [732, 371, 745, 388]}, {"label": "static", "bounding_box": [687, 358, 703, 378]}, {"label": "static", "bounding_box": [648, 366, 663, 381]}, {"label": "static", "bounding_box": [607, 366, 622, 383]}, {"label": "static", "bounding_box": [614, 325, 630, 340]}, {"label": "static", "bounding_box": [573, 332, 584, 348]}, {"label": "static", "bounding_box": [504, 350, 520, 367]}, {"label": "ego vehicle", "bounding_box": [24, 796, 2047, 1023]}, {"label": "rectification border", "bounding_box": [416, 0, 2047, 28]}, {"label": "rectification border", "bounding_box": [2037, 509, 2047, 1023]}, {"label": "rectification border", "bounding_box": [0, 0, 17, 474]}, {"label": "rectification border", "bounding_box": [0, 977, 1937, 1023]}, {"label": "out of roi", "bounding_box": [0, 0, 2048, 1024]}]}