{"imgHeight": 1024, "imgWidth": 2048, "objects": [{"label": "sky", "bounding_box": [0, 0, 1331, 324]}, {"label": "vegetation", "bounding_box": [912, 207, 1029, 344]}, {"label": "building", "bounding_box": [159, 72, 175, 146]}, {"label": "road", "bounding_box": [0, 414, 2047, 1023]}, {"label": "ground", "bounding_box": [0, 425, 925, 680]}, {"label": "parking", "bounding_box": [1085, 422, 1659, 607]}, {"label": "sidewalk", "bounding_box": [1218, 390, 2047, 706]}, {"label": "building", "bounding_box": [0, 132, 911, 453]}, {"label": "static", "bounding_box": [0, 329, 496, 493]}, {"label": "pole", "bounding_box": [730, 363, 736, 406]}, {"label": "static", "bounding_box": [573, 381, 654, 437]}, {"label": "pole", "bounding_box": [540, 411, 544, 446]}, {"label": "vegetation", "bounding_box": [343, 324, 443, 451]}, {"label": "building", "bounding_box": [1173, 0, 2047, 449]}, {"label": "vegetation", "bounding_box": [688, 362, 707, 425]}, {"label": "building", "bounding_box": [936, 216, 1095, 413]}, {"label": "person", "bounding_box": [679, 395, 694, 424]}, {"label": "vegetation", "bounding_box": [1024, 387, 1034, 412]}, {"label": "vegetation", "bounding_box": [1005, 390, 1011, 418]}, {"label": "vegetation", "bounding_box": [936, 155, 1263, 414]}, {"label": "pole", "bounding_box": [988, 397, 993, 415]}, {"label": "car", "bounding_box": [1060, 411, 1081, 432]}, {"label": "traffic light", "bounding_box": [987, 389, 996, 400]}, {"label": "static", "bounding_box": [688, 381, 704, 423]}, {"label": "car", "bounding_box": [983, 400, 1005, 420]}, {"label": "cargroup", "bounding_box": [976, 401, 1001, 434]}, {"label": "car", "bounding_box": [1023, 395, 1065, 424]}, {"label": "pole", "bounding_box": [1083, 379, 1092, 420]}, {"label": "pole", "bounding_box": [1028, 348, 1092, 424]}, {"label": "person", "bounding_box": [1077, 403, 1089, 424]}, {"label": "traffic light", "bounding_box": [1023, 341, 1032, 361]}, {"label": "pole", "bounding_box": [1096, 391, 1098, 415]}, {"label": "traffic sign", "bounding_box": [1090, 379, 1105, 394]}, {"label": "traffic light", "bounding_box": [1082, 381, 1094, 397]}, {"label": "traffic sign", "bounding_box": [1082, 371, 1093, 382]}, {"label": "person", "bounding_box": [1094, 398, 1108, 415]}, {"label": "pole", "bounding_box": [1107, 391, 1110, 411]}, {"label": "traffic sign", "bounding_box": [1102, 373, 1113, 393]}, {"label": "static", "bounding_box": [1224, 337, 1281, 402]}, {"label": "static", "bounding_box": [1085, 413, 1095, 428]}, {"label": "car", "bounding_box": [1088, 401, 1122, 436]}, {"label": "car", "bounding_box": [1099, 403, 1132, 442]}, {"label": "pole", "bounding_box": [1130, 220, 1156, 383]}, {"label": "persongroup", "bounding_box": [1200, 378, 1221, 402]}, {"label": "persongroup", "bounding_box": [1223, 381, 1249, 426]}, {"label": "person", "bounding_box": [1203, 385, 1228, 425]}, {"label": "person", "bounding_box": [1245, 382, 1260, 434]}, {"label": "dynamic", "bounding_box": [1229, 401, 1251, 436]}, {"label": "person", "bounding_box": [1238, 385, 1257, 436]}, {"label": "person", "bounding_box": [1268, 381, 1295, 436]}, {"label": "person", "bounding_box": [1246, 382, 1277, 441]}, {"label": "person", "bounding_box": [1280, 379, 1301, 436]}, {"label": "person", "bounding_box": [1308, 376, 1328, 439]}, {"label": "person", "bounding_box": [1300, 377, 1324, 439]}, {"label": "static", "bounding_box": [1306, 205, 1341, 247]}, {"label": "static", "bounding_box": [1279, 77, 1370, 136]}, {"label": "static", "bounding_box": [1485, 344, 1513, 368]}, {"label": "pole", "bounding_box": [1245, 348, 1301, 382]}, {"label": "static", "bounding_box": [1257, 275, 1336, 357]}, {"label": "traffic sign", "bounding_box": [1291, 353, 1312, 373]}, {"label": "pole", "bounding_box": [1168, 144, 1203, 400]}, {"label": "traffic sign", "bounding_box": [1187, 322, 1200, 361]}, {"label": "pole", "bounding_box": [107, 246, 115, 340]}, {"label": "car", "bounding_box": [1113, 365, 1204, 451]}, {"label": "trailer", "bounding_box": [1129, 395, 1209, 450]}, {"label": "static", "bounding_box": [1449, 350, 1537, 486]}, {"label": "car", "bounding_box": [1138, 392, 1226, 456]}, {"label": "license plate", "bounding_box": [1175, 429, 1203, 437]}, {"label": "dynamic", "bounding_box": [1324, 403, 1343, 438]}, {"label": "pole", "bounding_box": [1249, 0, 1307, 454]}, {"label": "bicycle", "bounding_box": [1289, 404, 1324, 455]}, {"label": "person", "bounding_box": [1326, 358, 1365, 442]}, {"label": "person", "bounding_box": [1388, 353, 1423, 423]}, {"label": "person", "bounding_box": [1341, 348, 1394, 484]}, {"label": "vegetation", "bounding_box": [88, 281, 217, 412]}, {"label": "static", "bounding_box": [1332, 285, 1357, 306]}, {"label": "person", "bounding_box": [1378, 368, 1427, 526]}, {"label": "person", "bounding_box": [1416, 376, 1467, 529]}, {"label": "person", "bounding_box": [1451, 366, 1503, 529]}, {"label": "person", "bounding_box": [1508, 341, 1584, 522]}, {"label": "static", "bounding_box": [650, 414, 665, 435]}, {"label": "person", "bounding_box": [1569, 354, 1588, 522]}, {"label": "dynamic", "bounding_box": [1709, 427, 1755, 461]}, {"label": "static", "bounding_box": [0, 366, 26, 483]}, {"label": "static", "bounding_box": [493, 390, 519, 437]}, {"label": "person", "bounding_box": [1503, 359, 1560, 532]}, {"label": "static", "bounding_box": [229, 374, 314, 458]}, {"label": "static", "bounding_box": [344, 379, 420, 455]}, {"label": "static", "bounding_box": [430, 381, 481, 449]}, {"label": "static", "bounding_box": [87, 371, 209, 476]}, {"label": "vegetation", "bounding_box": [516, 282, 536, 449]}, {"label": "vegetation", "bounding_box": [480, 266, 502, 443]}, {"label": "person", "bounding_box": [1638, 314, 1695, 491]}, {"label": "vegetation", "bounding_box": [545, 287, 563, 454]}, {"label": "persongroup", "bounding_box": [1610, 364, 1756, 456]}, {"label": "person", "bounding_box": [1604, 316, 1689, 541]}, {"label": "pole", "bounding_box": [1738, 0, 1780, 527]}, {"label": "dynamic", "bounding_box": [1673, 463, 1754, 553]}, {"label": "dynamic", "bounding_box": [1718, 438, 1739, 488]}, {"label": "person", "bounding_box": [1641, 293, 1736, 574]}, {"label": "person", "bounding_box": [1568, 353, 1622, 549]}, {"label": "static", "bounding_box": [827, 398, 901, 427]}, {"label": "vegetation", "bounding_box": [0, 405, 958, 553]}, {"label": "traffic sign", "bounding_box": [1708, 17, 1793, 182]}, {"label": "person", "bounding_box": [1904, 325, 1934, 478]}, {"label": "person", "bounding_box": [1539, 367, 1607, 560]}, {"label": "static", "bounding_box": [1773, 297, 1916, 553]}, {"label": "static", "bounding_box": [1916, 86, 2047, 568]}, {"label": "person", "bounding_box": [2009, 510, 2047, 578]}, {"label": "car", "bounding_box": [996, 400, 1077, 459]}, {"label": "license plate", "bounding_box": [1025, 425, 1049, 432]}, {"label": "pole", "bounding_box": [962, 300, 971, 403]}, {"label": "vegetation", "bounding_box": [874, 386, 889, 424]}, {"label": "vegetation", "bounding_box": [871, 373, 879, 426]}, {"label": "vegetation", "bounding_box": [881, 381, 888, 419]}, {"label": "vegetation", "bounding_box": [893, 379, 904, 423]}, {"label": "vegetation", "bounding_box": [895, 390, 906, 420]}, {"label": "vegetation", "bounding_box": [855, 378, 867, 422]}, {"label": "vegetation", "bounding_box": [772, 365, 785, 422]}, {"label": "vegetation", "bounding_box": [781, 341, 799, 430]}, {"label": "pole", "bounding_box": [752, 333, 759, 423]}, {"label": "traffic sign", "bounding_box": [727, 404, 741, 418]}, {"label": "pole", "bounding_box": [731, 391, 737, 435]}, {"label": "traffic light", "bounding_box": [734, 391, 742, 409]}, {"label": "traffic light", "bounding_box": [755, 379, 761, 401]}, {"label": "pole", "bounding_box": [711, 392, 716, 434]}, {"label": "person", "bounding_box": [700, 405, 711, 432]}, {"label": "pole", "bounding_box": [698, 385, 703, 426]}, {"label": "vegetation", "bounding_box": [666, 363, 685, 424]}, {"label": "pole", "bounding_box": [657, 395, 667, 440]}, {"label": "pole", "bounding_box": [636, 402, 643, 436]}, {"label": "vegetation", "bounding_box": [621, 365, 646, 440]}, {"label": "pole", "bounding_box": [610, 388, 618, 438]}, {"label": "pole", "bounding_box": [848, 389, 852, 417]}, {"label": "vegetation", "bounding_box": [821, 369, 828, 416]}, {"label": "vegetation", "bounding_box": [399, 0, 963, 423]}, {"label": "pole", "bounding_box": [841, 393, 850, 418]}, {"label": "vegetation", "bounding_box": [0, 0, 135, 481]}, {"label": "pole", "bounding_box": [71, 356, 81, 481]}, {"label": "pole", "bounding_box": [203, 364, 214, 468]}, {"label": "pole", "bounding_box": [157, 380, 206, 473]}, {"label": "static", "bounding_box": [199, 301, 258, 342]}, {"label": "pole", "bounding_box": [202, 0, 263, 455]}, {"label": "traffic sign", "bounding_box": [214, 379, 239, 393]}, {"label": "vegetation", "bounding_box": [218, 0, 381, 468]}, {"label": "pole", "bounding_box": [583, 386, 588, 447]}, {"label": "pole", "bounding_box": [407, 374, 416, 453]}, {"label": "pole", "bounding_box": [708, 382, 718, 397]}, {"label": "pole", "bounding_box": [754, 336, 757, 378]}, {"label": "car", "bounding_box": [943, 386, 993, 440]}, {"label": "car", "bounding_box": [916, 392, 983, 450]}, {"label": "license plate", "bounding_box": [938, 416, 955, 422]}, {"label": "static", "bounding_box": [1428, 23, 1456, 195]}, {"label": "ego vehicle", "bounding_box": [24, 796, 2047, 1023]}, {"label": "rectification border", "bounding_box": [416, 0, 2047, 28]}, {"label": "rectification border", "bounding_box": [2037, 509, 2047, 1023]}, {"label": "rectification border", "bounding_box": [0, 0, 17, 474]}, {"label": "rectification border", "bounding_box": [0, 977, 1937, 1023]}, {"label": "out of roi", "bounding_box": [0, 0, 2048, 1024]}]}