{"imgHeight": 1024, "imgWidth": 2048, "objects": [{"label": "static", "bounding_box": [1366, 342, 1465, 390]}, {"label": "sky", "bounding_box": [508, 0, 2047, 413]}, {"label": "building", "bounding_box": [522, 0, 2047, 436]}, {"label": "static", "bounding_box": [1331, 217, 1341, 343]}, {"label": "road", "bounding_box": [0, 383, 2047, 1023]}, {"label": "persongroup", "bounding_box": [1041, 373, 1074, 398]}, {"label": "vegetation", "bounding_box": [1284, 290, 1565, 392]}, {"label": "sidewalk", "bounding_box": [1039, 409, 1486, 436]}, {"label": "sidewalk", "bounding_box": [1571, 412, 2047, 475]}, {"label": "parking", "bounding_box": [0, 450, 834, 1023]}, {"label": "person", "bounding_box": [1043, 373, 1063, 422]}, {"label": "wall", "bounding_box": [1022, 371, 1436, 428]}, {"label": "bridge", "bounding_box": [0, 0, 594, 522]}, {"label": "static", "bounding_box": [1366, 342, 1465, 419]}, {"label": "traffic sign", "bounding_box": [580, 154, 632, 205]}, {"label": "static", "bounding_box": [557, 205, 632, 217]}, {"label": "person", "bounding_box": [202, 312, 245, 358]}, {"label": "wall", "bounding_box": [784, 400, 820, 429]}, {"label": "person", "bounding_box": [10, 368, 59, 451]}, {"label": "person", "bounding_box": [52, 349, 106, 438]}, {"label": "car", "bounding_box": [0, 395, 85, 521]}, {"label": "pole", "bounding_box": [1244, 123, 1249, 234]}, {"label": "traffic sign", "bounding_box": [1014, 343, 1029, 366]}, {"label": "pole", "bounding_box": [582, 252, 764, 363]}, {"label": "static", "bounding_box": [1226, 117, 1251, 126]}, {"label": "pole", "bounding_box": [1898, 0, 1913, 449]}, {"label": "vegetation", "bounding_box": [637, 354, 828, 404]}, {"label": "vegetation", "bounding_box": [590, 356, 610, 381]}, {"label": "vegetation", "bounding_box": [1721, 151, 2022, 357]}, {"label": "traffic sign", "bounding_box": [612, 336, 657, 369]}, {"label": "pole", "bounding_box": [764, 370, 768, 409]}, {"label": "traffic sign", "bounding_box": [578, 332, 595, 350]}, {"label": "pole", "bounding_box": [770, 366, 776, 422]}, {"label": "traffic light", "bounding_box": [772, 362, 785, 376]}, {"label": "traffic sign", "bounding_box": [766, 366, 769, 374]}, {"label": "traffic sign", "bounding_box": [779, 345, 787, 359]}, {"label": "pole", "bounding_box": [746, 281, 789, 401]}, {"label": "traffic sign", "bounding_box": [781, 320, 791, 333]}, {"label": "traffic sign", "bounding_box": [779, 332, 793, 348]}, {"label": "static", "bounding_box": [726, 331, 740, 351]}, {"label": "sidewalk", "bounding_box": [784, 426, 805, 435]}, {"label": "traffic light", "bounding_box": [790, 354, 800, 376]}, {"label": "pole", "bounding_box": [719, 71, 1086, 450]}, {"label": "traffic light", "bounding_box": [1075, 62, 1101, 126]}, {"label": "traffic light", "bounding_box": [758, 247, 768, 266]}, {"label": "traffic light", "bounding_box": [582, 342, 597, 380]}, {"label": "static", "bounding_box": [715, 297, 735, 314]}, {"label": "traffic light", "bounding_box": [733, 273, 785, 338]}, {"label": "static", "bounding_box": [743, 391, 790, 487]}, {"label": "car", "bounding_box": [569, 334, 795, 557]}, {"label": "static", "bounding_box": [1809, 308, 1862, 343]}, {"label": "car", "bounding_box": [0, 339, 623, 747]}, {"label": "license plate", "bounding_box": [115, 507, 284, 547]}, {"label": "license plate", "bounding_box": [637, 463, 706, 483]}, {"label": "bridge", "bounding_box": [834, 195, 1772, 394]}, {"label": "pole", "bounding_box": [1507, 270, 1510, 386]}, {"label": "pole", "bounding_box": [1034, 291, 1040, 418]}, {"label": "bridge", "bounding_box": [909, 289, 1082, 397]}, {"label": "traffic light", "bounding_box": [1020, 345, 1044, 366]}, {"label": "pole", "bounding_box": [1527, 298, 1529, 377]}, {"label": "pole", "bounding_box": [1012, 342, 1015, 391]}, {"label": "bridge", "bounding_box": [1454, 377, 1549, 411]}, {"label": "pole", "bounding_box": [1005, 352, 1009, 387]}, {"label": "static", "bounding_box": [999, 342, 1012, 359]}, {"label": "person", "bounding_box": [1449, 359, 1472, 422]}, {"label": "traffic sign", "bounding_box": [1001, 343, 1010, 354]}, {"label": "persongroup", "bounding_box": [813, 383, 837, 406]}, {"label": "persongroup", "bounding_box": [858, 381, 901, 413]}, {"label": "person", "bounding_box": [1412, 355, 1430, 423]}, {"label": "person", "bounding_box": [1397, 356, 1419, 426]}, {"label": "static", "bounding_box": [1337, 359, 1346, 367]}, {"label": "person", "bounding_box": [1385, 361, 1416, 428]}, {"label": "person", "bounding_box": [1429, 363, 1452, 424]}, {"label": "bridge", "bounding_box": [1639, 137, 2047, 382]}, {"label": "bridge", "bounding_box": [1663, 361, 1742, 395]}, {"label": "bridge", "bounding_box": [1910, 212, 2047, 345]}, {"label": "pole", "bounding_box": [1343, 301, 1352, 429]}, {"label": "traffic light", "bounding_box": [1340, 315, 1365, 342]}, {"label": "pole", "bounding_box": [1301, 253, 1312, 407]}, {"label": "traffic sign", "bounding_box": [1275, 261, 1332, 319]}, {"label": "traffic sign", "bounding_box": [1279, 320, 1320, 334]}, {"label": "traffic sign", "bounding_box": [1300, 342, 1309, 350]}, {"label": "static", "bounding_box": [1293, 398, 1318, 432]}, {"label": "pole", "bounding_box": [1639, 298, 1646, 388]}, {"label": "car", "bounding_box": [1519, 353, 1645, 427]}, {"label": "person", "bounding_box": [1639, 346, 1662, 390]}, {"label": "pole", "bounding_box": [1342, 87, 1639, 427]}, {"label": "static", "bounding_box": [1780, 334, 1819, 363]}, {"label": "static", "bounding_box": [1634, 386, 1665, 425]}, {"label": "person", "bounding_box": [952, 378, 968, 406]}, {"label": "traffic light", "bounding_box": [1349, 77, 1368, 136]}, {"label": "person", "bounding_box": [1649, 331, 1693, 436]}, {"label": "traffic light", "bounding_box": [1438, 93, 1459, 148]}, {"label": "traffic light", "bounding_box": [1608, 272, 1646, 320]}, {"label": "pole", "bounding_box": [906, 220, 913, 398]}, {"label": "static", "bounding_box": [1747, 247, 1813, 345]}, {"label": "dynamic", "bounding_box": [1773, 113, 1834, 344]}, {"label": "bridge", "bounding_box": [1828, 294, 2047, 441]}, {"label": "fence", "bounding_box": [1736, 351, 1904, 447]}, {"label": "bus", "bounding_box": [1064, 214, 1301, 471]}, {"label": "car", "bounding_box": [800, 385, 891, 449]}, {"label": "car", "bounding_box": [879, 385, 960, 458]}, {"label": "car", "bounding_box": [934, 386, 1056, 481]}, {"label": "pole", "bounding_box": [1898, 0, 1913, 449]}, {"label": "static", "bounding_box": [893, 216, 911, 221]}, {"label": "license plate", "bounding_box": [1539, 386, 1561, 392]}, {"label": "sidewalk", "bounding_box": [0, 760, 326, 1023]}, {"label": "static", "bounding_box": [1507, 260, 1552, 273]}, {"label": "static", "bounding_box": [1528, 301, 1551, 306]}, {"label": "traffic sign", "bounding_box": [1522, 351, 1534, 358]}, {"label": "license plate", "bounding_box": [984, 450, 1017, 458]}, {"label": "license plate", "bounding_box": [1202, 415, 1238, 424]}, {"label": "person", "bounding_box": [1452, 359, 1470, 423]}, {"label": "static", "bounding_box": [1952, 401, 1980, 439]}, {"label": "traffic sign", "bounding_box": [51, 260, 231, 290]}, {"label": "static", "bounding_box": [0, 374, 56, 414]}, {"label": "static", "bounding_box": [1736, 355, 1772, 434]}, {"label": "pole", "bounding_box": [1951, 413, 2032, 439]}, {"label": "ego vehicle", "bounding_box": [24, 796, 2047, 1023]}, {"label": "rectification border", "bounding_box": [416, 0, 2047, 28]}, {"label": "rectification border", "bounding_box": [2037, 509, 2047, 1023]}, {"label": "rectification border", "bounding_box": [0, 0, 17, 474]}, {"label": "rectification border", "bounding_box": [0, 977, 1937, 1023]}, {"label": "out of roi", "bounding_box": [0, 0, 2048, 1024]}]}