{"imgHeight": 1024, "imgWidth": 2048, "objects": [{"label": "sky", "bounding_box": [1732, 0, 2047, 260]}, {"label": "building", "bounding_box": [1739, 154, 2047, 453]}, {"label": "building", "bounding_box": [0, 0, 1831, 533]}, {"label": "vegetation", "bounding_box": [1769, 183, 2047, 499]}, {"label": "pole", "bounding_box": [1955, 248, 1962, 361]}, {"label": "road", "bounding_box": [0, 491, 2047, 1023]}, {"label": "static", "bounding_box": [1938, 349, 1986, 361]}, {"label": "pole", "bounding_box": [1814, 370, 1830, 449]}, {"label": "static", "bounding_box": [1806, 358, 1851, 380]}, {"label": "person", "bounding_box": [1820, 431, 1837, 448]}, {"label": "person", "bounding_box": [1767, 420, 1816, 468]}, {"label": "pole", "bounding_box": [1771, 205, 1856, 461]}, {"label": "dynamic", "bounding_box": [1763, 459, 1807, 486]}, {"label": "person", "bounding_box": [1799, 419, 1824, 442]}, {"label": "person", "bounding_box": [1814, 426, 1824, 449]}, {"label": "person", "bounding_box": [1799, 420, 1807, 439]}, {"label": "person", "bounding_box": [1778, 418, 1831, 486]}, {"label": "pole", "bounding_box": [1862, 272, 1867, 367]}, {"label": "wall", "bounding_box": [1251, 475, 2047, 534]}, {"label": "traffic light", "bounding_box": [1829, 182, 1891, 271]}, {"label": "person", "bounding_box": [1426, 434, 1480, 493]}, {"label": "person", "bounding_box": [1441, 420, 1483, 466]}, {"label": "person", "bounding_box": [1307, 431, 1342, 488]}, {"label": "pole", "bounding_box": [1544, 319, 1557, 440]}, {"label": "dynamic", "bounding_box": [1427, 282, 1882, 376]}, {"label": "vegetation", "bounding_box": [1600, 340, 1758, 438]}, {"label": "sidewalk", "bounding_box": [0, 475, 2047, 549]}, {"label": "person", "bounding_box": [1550, 353, 1606, 531]}, {"label": "person", "bounding_box": [1205, 415, 1226, 495]}, {"label": "person", "bounding_box": [1222, 412, 1256, 500]}, {"label": "person", "bounding_box": [1205, 415, 1236, 503]}, {"label": "wall", "bounding_box": [854, 437, 978, 509]}, {"label": "vegetation", "bounding_box": [1246, 336, 1485, 496]}, {"label": "fence", "bounding_box": [1462, 413, 1771, 544]}, {"label": "person", "bounding_box": [1895, 357, 1986, 543]}, {"label": "pole", "bounding_box": [1864, 54, 1903, 540]}, {"label": "person", "bounding_box": [1837, 341, 1909, 541]}, {"label": "traffic sign", "bounding_box": [1858, 57, 1921, 146]}, {"label": "traffic light", "bounding_box": [1870, 209, 1911, 278]}, {"label": "static", "bounding_box": [1892, 181, 1938, 207]}, {"label": "person", "bounding_box": [1306, 341, 1421, 534]}, {"label": "person", "bounding_box": [1330, 371, 1389, 535]}, {"label": "person", "bounding_box": [1174, 414, 1198, 466]}, {"label": "person", "bounding_box": [1391, 349, 1453, 536]}, {"label": "person", "bounding_box": [1125, 407, 1150, 500]}, {"label": "static", "bounding_box": [1276, 241, 1315, 517]}, {"label": "person", "bounding_box": [1268, 319, 1327, 533]}, {"label": "person", "bounding_box": [1135, 345, 1210, 521]}, {"label": "person", "bounding_box": [941, 400, 982, 439]}, {"label": "car", "bounding_box": [950, 370, 1121, 517]}, {"label": "person", "bounding_box": [976, 357, 1033, 525]}, {"label": "person", "bounding_box": [1021, 348, 1096, 532]}, {"label": "person", "bounding_box": [1126, 353, 1187, 534]}, {"label": "person", "bounding_box": [1085, 354, 1143, 531]}, {"label": "bicycle", "bounding_box": [879, 448, 951, 512]}, {"label": "person", "bounding_box": [606, 409, 620, 443]}, {"label": "person", "bounding_box": [584, 410, 602, 443]}, {"label": "person", "bounding_box": [612, 410, 637, 441]}, {"label": "person", "bounding_box": [600, 415, 613, 440]}, {"label": "person", "bounding_box": [562, 405, 584, 437]}, {"label": "person", "bounding_box": [546, 417, 566, 448]}, {"label": "person", "bounding_box": [525, 402, 563, 449]}, {"label": "person", "bounding_box": [219, 402, 241, 443]}, {"label": "person", "bounding_box": [205, 399, 229, 446]}, {"label": "person", "bounding_box": [242, 393, 267, 440]}, {"label": "person", "bounding_box": [212, 403, 244, 444]}, {"label": "person", "bounding_box": [0, 412, 9, 444]}, {"label": "bicycle", "bounding_box": [20, 473, 76, 507]}, {"label": "motorcycle", "bounding_box": [332, 491, 361, 508]}, {"label": "bicycle", "bounding_box": [423, 484, 444, 508]}, {"label": "bicycle", "bounding_box": [534, 439, 599, 509]}, {"label": "bicyclegroup", "bounding_box": [705, 478, 754, 510]}, {"label": "bicyclegroup", "bounding_box": [769, 480, 831, 510]}, {"label": "pole", "bounding_box": [931, 303, 959, 515]}, {"label": "traffic sign", "bounding_box": [952, 242, 975, 302]}, {"label": "traffic sign", "bounding_box": [951, 287, 971, 320]}, {"label": "static", "bounding_box": [432, 141, 489, 419]}, {"label": "car", "bounding_box": [560, 354, 923, 516]}, {"label": "license plate", "bounding_box": [911, 466, 922, 476]}, {"label": "pole", "bounding_box": [78, 322, 90, 431]}, {"label": "traffic sign", "bounding_box": [56, 284, 103, 330]}, {"label": "traffic sign", "bounding_box": [65, 325, 98, 340]}, {"label": "car", "bounding_box": [0, 403, 212, 509]}, {"label": "car", "bounding_box": [162, 392, 551, 514]}, {"label": "license plate", "bounding_box": [503, 447, 533, 458]}, {"label": "traffic sign", "bounding_box": [452, 141, 487, 262]}, {"label": "person", "bounding_box": [1565, 375, 1581, 389]}, {"label": "ego vehicle", "bounding_box": [24, 796, 2047, 1023]}, {"label": "rectification border", "bounding_box": [416, 0, 2047, 28]}, {"label": "rectification border", "bounding_box": [2037, 509, 2047, 1023]}, {"label": "rectification border", "bounding_box": [0, 0, 17, 474]}, {"label": "rectification border", "bounding_box": [0, 977, 1937, 1023]}, {"label": "out of roi", "bounding_box": [0, 0, 2048, 1024]}]}