{"imgHeight": 1024, "imgWidth": 2048, "objects": [{"label": "sky", "bounding_box": [0, 0, 1108, 342]}, {"label": "road", "bounding_box": [0, 325, 2047, 1023]}, {"label": "sidewalk", "bounding_box": [879, 339, 2047, 446]}, {"label": "sidewalk", "bounding_box": [0, 348, 563, 438]}, {"label": "building", "bounding_box": [0, 0, 723, 421]}, {"label": "vegetation", "bounding_box": [0, 10, 978, 411]}, {"label": "building", "bounding_box": [917, 0, 2047, 416]}, {"label": "static", "bounding_box": [1778, 285, 1808, 405]}, {"label": "vegetation", "bounding_box": [1110, 0, 2047, 486]}, {"label": "static", "bounding_box": [1942, 192, 2030, 431]}, {"label": "pole", "bounding_box": [1906, 385, 1914, 462]}, {"label": "bicycle", "bounding_box": [2018, 443, 2047, 538]}, {"label": "bicyclegroup", "bounding_box": [1610, 368, 1685, 408]}, {"label": "bicyclegroup", "bounding_box": [1556, 367, 1597, 408]}, {"label": "person", "bounding_box": [1536, 355, 1569, 444]}, {"label": "person", "bounding_box": [1445, 353, 1485, 436]}, {"label": "traffic light", "bounding_box": [1267, 161, 1301, 209]}, {"label": "person", "bounding_box": [1397, 360, 1432, 424]}, {"label": "static", "bounding_box": [1265, 367, 1290, 400]}, {"label": "person", "bounding_box": [1234, 357, 1247, 410]}, {"label": "persongroup", "bounding_box": [1206, 358, 1227, 416]}, {"label": "pole", "bounding_box": [1206, 382, 1211, 424]}, {"label": "pole", "bounding_box": [1222, 385, 1229, 416]}, {"label": "pole", "bounding_box": [1240, 385, 1245, 416]}, {"label": "pole", "bounding_box": [1176, 185, 1212, 423]}, {"label": "pole", "bounding_box": [1267, 168, 1313, 396]}, {"label": "pole", "bounding_box": [1138, 0, 1356, 398]}, {"label": "traffic sign", "bounding_box": [1321, 159, 1371, 203]}, {"label": "traffic light", "bounding_box": [1297, 215, 1386, 294]}, {"label": "traffic light", "bounding_box": [1303, 289, 1338, 330]}, {"label": "traffic light", "bounding_box": [1288, 284, 1303, 302]}, {"label": "car", "bounding_box": [1204, 377, 1467, 471]}, {"label": "static", "bounding_box": [938, 307, 974, 345]}, {"label": "traffic sign", "bounding_box": [948, 319, 984, 339]}, {"label": "traffic sign", "bounding_box": [930, 327, 948, 340]}, {"label": "car", "bounding_box": [951, 294, 1163, 494]}, {"label": "pole", "bounding_box": [945, 317, 950, 408]}, {"label": "pole", "bounding_box": [927, 325, 930, 405]}, {"label": "static", "bounding_box": [920, 388, 930, 405]}, {"label": "traffic sign", "bounding_box": [915, 345, 928, 363]}, {"label": "person", "bounding_box": [933, 368, 946, 411]}, {"label": "sidewalk", "bounding_box": [1207, 456, 2047, 989]}, {"label": "pole", "bounding_box": [743, 114, 857, 350]}, {"label": "pole", "bounding_box": [763, 190, 844, 342]}, {"label": "pole", "bounding_box": [763, 231, 829, 337]}, {"label": "pole", "bounding_box": [755, 254, 806, 339]}, {"label": "bus", "bounding_box": [758, 306, 892, 436]}, {"label": "motorcycle", "bounding_box": [785, 386, 818, 453]}, {"label": "rider", "bounding_box": [780, 355, 823, 411]}, {"label": "rider", "bounding_box": [778, 362, 819, 433]}, {"label": "static", "bounding_box": [1858, 405, 1895, 460]}, {"label": "car", "bounding_box": [709, 377, 758, 408]}, {"label": "car", "bounding_box": [689, 372, 735, 423]}, {"label": "static", "bounding_box": [618, 335, 664, 378]}, {"label": "car", "bounding_box": [463, 377, 543, 441]}, {"label": "car", "bounding_box": [613, 367, 713, 434]}, {"label": "traffic light", "bounding_box": [489, 224, 502, 256]}, {"label": "car", "bounding_box": [504, 329, 662, 462]}, {"label": "pole", "bounding_box": [674, 287, 707, 386]}, {"label": "static", "bounding_box": [588, 246, 672, 256]}, {"label": "static", "bounding_box": [588, 258, 671, 269]}, {"label": "static", "bounding_box": [586, 246, 671, 256]}, {"label": "static", "bounding_box": [613, 284, 649, 294]}, {"label": "pole", "bounding_box": [624, 0, 638, 368]}, {"label": "pole", "bounding_box": [491, 223, 618, 325]}, {"label": "traffic sign", "bounding_box": [596, 306, 631, 317]}, {"label": "rider", "bounding_box": [568, 311, 656, 510]}, {"label": "bicycle", "bounding_box": [570, 410, 624, 545]}, {"label": "car", "bounding_box": [344, 377, 444, 444]}, {"label": "bicycle", "bounding_box": [235, 431, 517, 865]}, {"label": "pole", "bounding_box": [124, 241, 254, 415]}, {"label": "car", "bounding_box": [246, 388, 337, 438]}, {"label": "static", "bounding_box": [68, 282, 121, 420]}, {"label": "car", "bounding_box": [81, 375, 210, 451]}, {"label": "rider", "bounding_box": [264, 218, 510, 781]}, {"label": "traffic light", "bounding_box": [248, 235, 259, 268]}, {"label": "static", "bounding_box": [1281, 448, 1311, 490]}, {"label": "static", "bounding_box": [155, 382, 197, 423]}, {"label": "sidewalk", "bounding_box": [0, 451, 254, 487]}, {"label": "pole", "bounding_box": [170, 292, 180, 456]}, {"label": "traffic sign", "bounding_box": [152, 269, 195, 309]}, {"label": "car", "bounding_box": [0, 382, 50, 448]}, {"label": "pole", "bounding_box": [58, 40, 355, 474]}, {"label": "person", "bounding_box": [1318, 334, 1364, 477]}, {"label": "traffic light", "bounding_box": [336, 15, 358, 86]}, {"label": "static", "bounding_box": [1292, 449, 1328, 495]}, {"label": "traffic light", "bounding_box": [73, 261, 111, 311]}, {"label": "traffic light", "bounding_box": [18, 243, 68, 307]}, {"label": "license plate", "bounding_box": [977, 434, 1025, 446]}, {"label": "static", "bounding_box": [1823, 565, 1927, 700]}, {"label": "static", "bounding_box": [1316, 455, 1352, 510]}, {"label": "static", "bounding_box": [1679, 531, 1757, 638]}, {"label": "static", "bounding_box": [1574, 512, 1641, 605]}, {"label": "static", "bounding_box": [1494, 497, 1550, 574]}, {"label": "static", "bounding_box": [1494, 496, 1549, 575]}, {"label": "static", "bounding_box": [1437, 484, 1486, 553]}, {"label": "static", "bounding_box": [1935, 279, 1956, 414]}, {"label": "static", "bounding_box": [1346, 465, 1388, 523]}, {"label": "static", "bounding_box": [1386, 470, 1430, 532]}, {"label": "terrain", "bounding_box": [1540, 581, 1654, 631]}, {"label": "terrain", "bounding_box": [1785, 671, 1934, 733]}, {"label": "terrain", "bounding_box": [1391, 519, 1437, 553]}, {"label": "terrain", "bounding_box": [1276, 459, 1325, 513]}, {"label": "terrain", "bounding_box": [1367, 465, 1388, 520]}, {"label": "pole", "bounding_box": [1517, 240, 1529, 465]}, {"label": "vegetation", "bounding_box": [1693, 443, 1724, 486]}, {"label": "terrain", "bounding_box": [1636, 485, 1802, 493]}, {"label": "terrain", "bounding_box": [1689, 470, 1789, 493]}, {"label": "vegetation", "bounding_box": [1754, 442, 1850, 467]}, {"label": "traffic light", "bounding_box": [1192, 185, 1212, 228]}, {"label": "traffic light", "bounding_box": [1025, 0, 1049, 51]}, {"label": "license plate", "bounding_box": [103, 425, 132, 432]}, {"label": "bicycle", "bounding_box": [2013, 444, 2047, 540]}, {"label": "static", "bounding_box": [1857, 253, 1887, 291]}, {"label": "license plate", "bounding_box": [1226, 418, 1258, 428]}, {"label": "ego vehicle", "bounding_box": [24, 796, 2047, 1023]}, {"label": "rectification border", "bounding_box": [416, 0, 2047, 28]}, {"label": "rectification border", "bounding_box": [2037, 509, 2047, 1023]}, {"label": "rectification border", "bounding_box": [0, 0, 17, 474]}, {"label": "rectification border", "bounding_box": [0, 977, 1937, 1023]}, {"label": "out of roi", "bounding_box": [0, 0, 2048, 1024]}]}