{"imgHeight": 1024, "imgWidth": 2048, "objects": [{"label": "sky", "bounding_box": [437, 0, 1468, 283]}, {"label": "road", "bounding_box": [0, 393, 2047, 1023]}, {"label": "sidewalk", "bounding_box": [899, 394, 1231, 446]}, {"label": "parking", "bounding_box": [1459, 545, 2047, 793]}, {"label": "building", "bounding_box": [0, 0, 2047, 587]}, {"label": "terrain", "bounding_box": [817, 368, 1188, 412]}, {"label": "vegetation", "bounding_box": [0, 0, 1458, 430]}, {"label": "static", "bounding_box": [585, 253, 668, 322]}, {"label": "traffic sign", "bounding_box": [688, 272, 711, 322]}, {"label": "static", "bounding_box": [515, 246, 541, 296]}, {"label": "pole", "bounding_box": [527, 248, 533, 322]}, {"label": "pole", "bounding_box": [432, 0, 449, 338]}, {"label": "parking", "bounding_box": [0, 430, 963, 1023]}, {"label": "static", "bounding_box": [822, 319, 857, 397]}, {"label": "terrain", "bounding_box": [862, 422, 965, 456]}, {"label": "traffic sign", "bounding_box": [1541, 205, 1588, 299]}, {"label": "pole", "bounding_box": [864, 412, 890, 440]}, {"label": "bicycle", "bounding_box": [852, 398, 879, 443]}, {"label": "building", "bounding_box": [87, 193, 168, 332]}, {"label": "car", "bounding_box": [794, 368, 852, 422]}, {"label": "car", "bounding_box": [760, 349, 806, 395]}, {"label": "car", "bounding_box": [449, 310, 770, 393]}, {"label": "person", "bounding_box": [537, 316, 576, 362]}, {"label": "car", "bounding_box": [576, 356, 875, 519]}, {"label": "traffic sign", "bounding_box": [209, 313, 234, 329]}, {"label": "car", "bounding_box": [302, 310, 625, 523]}, {"label": "vegetation", "bounding_box": [1374, 0, 1702, 411]}, {"label": "sidewalk", "bounding_box": [1174, 446, 1232, 458]}, {"label": "car", "bounding_box": [209, 332, 491, 545]}, {"label": "car", "bounding_box": [0, 318, 388, 593]}, {"label": "parking", "bounding_box": [1191, 438, 1476, 507]}, {"label": "license plate", "bounding_box": [804, 435, 845, 446]}, {"label": "license plate", "bounding_box": [533, 403, 585, 418]}, {"label": "sidewalk", "bounding_box": [1315, 477, 2047, 620]}, {"label": "license plate", "bounding_box": [375, 419, 431, 438]}, {"label": "license plate", "bounding_box": [220, 442, 320, 468]}, {"label": "traffic sign", "bounding_box": [828, 324, 855, 344]}, {"label": "pole", "bounding_box": [968, 229, 980, 411]}, {"label": "pole", "bounding_box": [953, 327, 958, 418]}, {"label": "traffic sign", "bounding_box": [956, 328, 975, 358]}, {"label": "person", "bounding_box": [1610, 348, 1653, 424]}, {"label": "static", "bounding_box": [950, 376, 965, 399]}, {"label": "pole", "bounding_box": [1040, 352, 1051, 415]}, {"label": "person", "bounding_box": [1198, 357, 1207, 387]}, {"label": "person", "bounding_box": [1235, 362, 1243, 385]}, {"label": "person", "bounding_box": [1157, 369, 1184, 403]}, {"label": "person", "bounding_box": [1170, 369, 1184, 393]}, {"label": "person", "bounding_box": [1144, 370, 1161, 404]}, {"label": "person", "bounding_box": [1130, 368, 1146, 404]}, {"label": "car", "bounding_box": [1098, 382, 1248, 446]}, {"label": "pole", "bounding_box": [1222, 314, 1230, 392]}, {"label": "traffic sign", "bounding_box": [1214, 307, 1241, 351]}, {"label": "pole", "bounding_box": [1268, 259, 1281, 388]}, {"label": "person", "bounding_box": [1580, 326, 1639, 429]}, {"label": "vegetation", "bounding_box": [1673, 346, 1776, 478]}, {"label": "bicycle", "bounding_box": [1209, 419, 1221, 451]}, {"label": "static", "bounding_box": [1724, 448, 1771, 486]}, {"label": "person", "bounding_box": [1645, 340, 1708, 435]}, {"label": "traffic sign", "bounding_box": [1214, 374, 1232, 395]}, {"label": "car", "bounding_box": [1224, 363, 1283, 470]}, {"label": "traffic sign", "bounding_box": [1336, 290, 1369, 342]}, {"label": "traffic sign", "bounding_box": [1337, 256, 1370, 290]}, {"label": "person", "bounding_box": [1437, 362, 1465, 406]}, {"label": "person", "bounding_box": [1405, 358, 1435, 413]}, {"label": "car", "bounding_box": [1251, 345, 1418, 480]}, {"label": "motorcycle", "bounding_box": [1326, 371, 1486, 497]}, {"label": "bicyclegroup", "bounding_box": [1423, 383, 1771, 548]}, {"label": "dynamic", "bounding_box": [1926, 526, 2047, 573]}, {"label": "pole", "bounding_box": [1959, 160, 1975, 545]}, {"label": "pole", "bounding_box": [1991, 257, 2014, 534]}, {"label": "traffic sign", "bounding_box": [1925, 22, 2024, 118]}, {"label": "traffic sign", "bounding_box": [1925, 114, 2023, 168]}, {"label": "traffic sign", "bounding_box": [1956, 171, 2037, 269]}, {"label": "traffic sign", "bounding_box": [1968, 275, 2025, 313]}, {"label": "traffic sign", "bounding_box": [1974, 317, 2026, 355]}, {"label": "pole", "bounding_box": [1231, 316, 1234, 394]}, {"label": "sky", "bounding_box": [351, 237, 407, 291]}, {"label": "pole", "bounding_box": [1563, 293, 1568, 386]}, {"label": "static", "bounding_box": [1788, 443, 1850, 500]}, {"label": "vegetation", "bounding_box": [1781, 334, 1863, 477]}, {"label": "static", "bounding_box": [1849, 277, 1925, 548]}, {"label": "building", "bounding_box": [173, 203, 196, 265]}, {"label": "building", "bounding_box": [174, 270, 202, 316]}, {"label": "building", "bounding_box": [0, 93, 56, 169]}, {"label": "bicycle", "bounding_box": [1464, 400, 1624, 539]}, {"label": "bicycle", "bounding_box": [1520, 401, 1770, 547]}, {"label": "pole", "bounding_box": [1221, 266, 1227, 455]}, {"label": "traffic sign", "bounding_box": [1200, 297, 1247, 339]}, {"label": "ego vehicle", "bounding_box": [24, 796, 2047, 1023]}, {"label": "rectification border", "bounding_box": [416, 0, 2047, 28]}, {"label": "rectification border", "bounding_box": [2037, 509, 2047, 1023]}, {"label": "rectification border", "bounding_box": [0, 0, 17, 474]}, {"label": "rectification border", "bounding_box": [0, 977, 1937, 1023]}, {"label": "out of roi", "bounding_box": [0, 0, 2048, 1024]}]}