{"imgHeight": 1024, "imgWidth": 2048, "objects": [{"label": "sky", "bounding_box": [325, 0, 2047, 345]}, {"label": "traffic light", "bounding_box": [1001, 0, 1033, 42]}, {"label": "road", "bounding_box": [0, 388, 2047, 1023]}, {"label": "building", "bounding_box": [0, 0, 2047, 552]}, {"label": "ground", "bounding_box": [0, 420, 1014, 890]}, {"label": "sidewalk", "bounding_box": [1160, 117, 2047, 1023]}, {"label": "ground", "bounding_box": [1389, 580, 1756, 717]}, {"label": "vegetation", "bounding_box": [308, 259, 447, 419]}, {"label": "vegetation", "bounding_box": [520, 314, 588, 394]}, {"label": "fence", "bounding_box": [141, 301, 478, 341]}, {"label": "bridge", "bounding_box": [183, 337, 517, 345]}, {"label": "vegetation", "bounding_box": [204, 236, 410, 379]}, {"label": "vegetation", "bounding_box": [300, 247, 389, 427]}, {"label": "vegetation", "bounding_box": [436, 333, 460, 376]}, {"label": "static", "bounding_box": [192, 306, 206, 342]}, {"label": "pole", "bounding_box": [198, 306, 202, 388]}, {"label": "fence", "bounding_box": [204, 364, 306, 427]}, {"label": "pole", "bounding_box": [322, 370, 325, 402]}, {"label": "pole", "bounding_box": [339, 371, 341, 416]}, {"label": "static", "bounding_box": [348, 338, 363, 366]}, {"label": "static", "bounding_box": [348, 363, 363, 381]}, {"label": "pole", "bounding_box": [355, 338, 358, 427]}, {"label": "pole", "bounding_box": [367, 367, 371, 407]}, {"label": "static", "bounding_box": [688, 235, 705, 259]}, {"label": "pole", "bounding_box": [375, 361, 378, 401]}, {"label": "traffic sign", "bounding_box": [363, 344, 389, 369]}, {"label": "pole", "bounding_box": [390, 370, 394, 404]}, {"label": "pole", "bounding_box": [296, 376, 301, 401]}, {"label": "bridge", "bounding_box": [0, 0, 739, 435]}, {"label": "pole", "bounding_box": [74, 236, 92, 391]}, {"label": "vegetation", "bounding_box": [0, 0, 275, 369]}, {"label": "fence", "bounding_box": [127, 362, 212, 429]}, {"label": "fence", "bounding_box": [92, 359, 160, 429]}, {"label": "fence", "bounding_box": [0, 302, 54, 427]}, {"label": "fence", "bounding_box": [35, 305, 65, 417]}, {"label": "fence", "bounding_box": [42, 354, 98, 425]}, {"label": "static", "bounding_box": [59, 370, 89, 430]}, {"label": "static", "bounding_box": [113, 227, 157, 427]}, {"label": "fence", "bounding_box": [390, 379, 462, 436]}, {"label": "fence", "bounding_box": [475, 386, 543, 431]}, {"label": "static", "bounding_box": [595, 398, 648, 451]}, {"label": "dynamic", "bounding_box": [13, 394, 41, 451]}, {"label": "dynamic", "bounding_box": [691, 404, 706, 437]}, {"label": "pole", "bounding_box": [692, 222, 698, 295]}, {"label": "pole", "bounding_box": [704, 231, 732, 272]}, {"label": "fence", "bounding_box": [524, 410, 557, 443]}, {"label": "fence", "bounding_box": [596, 423, 651, 456]}, {"label": "person", "bounding_box": [581, 356, 615, 454]}, {"label": "fence", "bounding_box": [476, 391, 500, 427]}, {"label": "traffic sign", "bounding_box": [505, 403, 516, 432]}, {"label": "fence", "bounding_box": [481, 406, 511, 441]}, {"label": "person", "bounding_box": [438, 393, 455, 418]}, {"label": "dynamic", "bounding_box": [432, 410, 461, 434]}, {"label": "fence", "bounding_box": [330, 405, 368, 440]}, {"label": "static", "bounding_box": [0, 395, 327, 407]}, {"label": "fence", "bounding_box": [0, 407, 32, 441]}, {"label": "fence", "bounding_box": [29, 406, 182, 525]}, {"label": "fence", "bounding_box": [184, 413, 371, 468]}, {"label": "fence", "bounding_box": [432, 413, 572, 458]}, {"label": "person", "bounding_box": [559, 362, 602, 464]}, {"label": "fence", "bounding_box": [0, 412, 44, 552]}, {"label": "static", "bounding_box": [1013, 332, 1135, 397]}, {"label": "fence", "bounding_box": [1431, 210, 1829, 431]}, {"label": "fence", "bounding_box": [41, 413, 324, 554]}, {"label": "fence", "bounding_box": [697, 402, 733, 450]}, {"label": "fence", "bounding_box": [284, 426, 582, 564]}, {"label": "fence", "bounding_box": [492, 432, 672, 581]}, {"label": "pole", "bounding_box": [101, 130, 127, 551]}, {"label": "static", "bounding_box": [0, 592, 24, 639]}, {"label": "pole", "bounding_box": [53, 584, 68, 805]}, {"label": "pole", "bounding_box": [315, 532, 325, 721]}, {"label": "traffic sign", "bounding_box": [321, 380, 484, 734]}, {"label": "pole", "bounding_box": [790, 229, 813, 296]}, {"label": "pole", "bounding_box": [839, 276, 842, 322]}, {"label": "static", "bounding_box": [830, 257, 852, 288]}, {"label": "pole", "bounding_box": [842, 242, 864, 289]}, {"label": "static", "bounding_box": [878, 273, 928, 302]}, {"label": "pole", "bounding_box": [905, 259, 910, 305]}, {"label": "pole", "bounding_box": [940, 270, 944, 308]}, {"label": "bridge", "bounding_box": [756, 278, 936, 321]}, {"label": "static", "bounding_box": [993, 283, 1023, 419]}, {"label": "traffic sign", "bounding_box": [924, 344, 952, 377]}, {"label": "car", "bounding_box": [1039, 375, 1094, 409]}, {"label": "pole", "bounding_box": [1085, 331, 1105, 401]}, {"label": "traffic light", "bounding_box": [1062, 345, 1068, 354]}, {"label": "traffic light", "bounding_box": [1108, 343, 1112, 354]}, {"label": "car", "bounding_box": [1075, 388, 1097, 406]}, {"label": "pole", "bounding_box": [1129, 331, 1131, 374]}, {"label": "pole", "bounding_box": [1077, 295, 1086, 410]}, {"label": "traffic sign", "bounding_box": [1111, 364, 1125, 379]}, {"label": "pole", "bounding_box": [1126, 377, 1130, 404]}, {"label": "static", "bounding_box": [1118, 355, 1136, 381]}, {"label": "car", "bounding_box": [1011, 392, 1046, 413]}, {"label": "pole", "bounding_box": [1041, 332, 1048, 417]}, {"label": "traffic light", "bounding_box": [1036, 370, 1045, 389]}, {"label": "static", "bounding_box": [972, 348, 979, 359]}, {"label": "car", "bounding_box": [1050, 393, 1076, 414]}, {"label": "car", "bounding_box": [966, 386, 1021, 440]}, {"label": "car", "bounding_box": [1016, 405, 1062, 448]}, {"label": "license plate", "bounding_box": [1035, 429, 1047, 435]}, {"label": "pole", "bounding_box": [997, 383, 1001, 448]}, {"label": "license plate", "bounding_box": [977, 418, 995, 423]}, {"label": "traffic sign", "bounding_box": [990, 364, 1009, 391]}, {"label": "traffic sign", "bounding_box": [1025, 422, 1046, 467]}, {"label": "bridge", "bounding_box": [768, 293, 1162, 338]}, {"label": "bridge", "bounding_box": [770, 327, 1162, 345]}, {"label": "pole", "bounding_box": [890, 303, 898, 416]}, {"label": "traffic sign", "bounding_box": [887, 351, 901, 365]}, {"label": "static", "bounding_box": [879, 404, 907, 432]}, {"label": "vegetation", "bounding_box": [711, 308, 905, 439]}, {"label": "traffic light", "bounding_box": [895, 377, 910, 389]}, {"label": "car", "bounding_box": [890, 338, 997, 481]}, {"label": "traffic sign", "bounding_box": [997, 404, 1027, 479]}, {"label": "traffic sign", "bounding_box": [937, 410, 974, 502]}, {"label": "traffic sign", "bounding_box": [838, 377, 898, 540]}, {"label": "static", "bounding_box": [767, 341, 784, 413]}, {"label": "person", "bounding_box": [767, 355, 787, 406]}, {"label": "static", "bounding_box": [771, 364, 794, 414]}, {"label": "static", "bounding_box": [718, 141, 748, 196]}, {"label": "pole", "bounding_box": [787, 359, 794, 412]}, {"label": "traffic sign", "bounding_box": [781, 341, 800, 381]}, {"label": "static", "bounding_box": [807, 420, 855, 442]}, {"label": "pole", "bounding_box": [802, 269, 810, 440]}, {"label": "static", "bounding_box": [793, 235, 818, 296]}, {"label": "pole", "bounding_box": [704, 192, 737, 219]}, {"label": "pole", "bounding_box": [724, 0, 747, 436]}, {"label": "static", "bounding_box": [718, 136, 746, 151]}, {"label": "pole", "bounding_box": [751, 212, 778, 231]}, {"label": "traffic light", "bounding_box": [751, 216, 788, 318]}, {"label": "traffic light", "bounding_box": [722, 210, 756, 319]}, {"label": "dynamic", "bounding_box": [734, 400, 795, 564]}, {"label": "traffic sign", "bounding_box": [719, 394, 802, 583]}, {"label": "fence", "bounding_box": [659, 424, 753, 604]}, {"label": "pole", "bounding_box": [1120, 230, 1139, 417]}, {"label": "pole", "bounding_box": [1426, 168, 1436, 200]}, {"label": "static", "bounding_box": [1207, 428, 1234, 454]}, {"label": "pole", "bounding_box": [1153, 265, 1167, 414]}, {"label": "car", "bounding_box": [1107, 390, 1199, 430]}, {"label": "car", "bounding_box": [1031, 382, 1219, 543]}, {"label": "license plate", "bounding_box": [1094, 486, 1150, 500]}, {"label": "pole", "bounding_box": [1222, 117, 1258, 471]}, {"label": "pole", "bounding_box": [1352, 145, 1357, 195]}, {"label": "pole", "bounding_box": [1379, 127, 1382, 198]}, {"label": "person", "bounding_box": [1422, 122, 1453, 210]}, {"label": "person", "bounding_box": [1476, 166, 1490, 185]}, {"label": "dynamic", "bounding_box": [1451, 175, 1489, 212]}, {"label": "person", "bounding_box": [1507, 159, 1528, 188]}, {"label": "person", "bounding_box": [1486, 123, 1520, 170]}, {"label": "pole", "bounding_box": [1550, 156, 1560, 181]}, {"label": "pole", "bounding_box": [1570, 153, 1583, 187]}, {"label": "static", "bounding_box": [1561, 174, 1586, 193]}, {"label": "static", "bounding_box": [1538, 166, 1569, 198]}, {"label": "dynamic", "bounding_box": [1507, 173, 1540, 204]}, {"label": "dynamic", "bounding_box": [1489, 180, 1504, 206]}, {"label": "dynamic", "bounding_box": [1487, 164, 1507, 207]}, {"label": "static", "bounding_box": [1619, 150, 1642, 176]}, {"label": "static", "bounding_box": [1651, 160, 1695, 180]}, {"label": "dynamic", "bounding_box": [1480, 59, 1767, 176]}, {"label": "static", "bounding_box": [1872, 65, 1900, 132]}, {"label": "dynamic", "bounding_box": [1612, 172, 1666, 187]}, {"label": "person", "bounding_box": [1585, 135, 1626, 184]}, {"label": "dynamic", "bounding_box": [1587, 159, 1620, 191]}, {"label": "person", "bounding_box": [2025, 89, 2047, 119]}, {"label": "person", "bounding_box": [1990, 57, 2022, 125]}, {"label": "dynamic", "bounding_box": [2004, 97, 2035, 121]}, {"label": "person", "bounding_box": [1899, 83, 1938, 135]}, {"label": "person", "bounding_box": [1861, 109, 1885, 147]}, {"label": "dynamic", "bounding_box": [1839, 131, 1885, 139]}, {"label": "dynamic", "bounding_box": [1876, 119, 1894, 144]}, {"label": "person", "bounding_box": [1797, 108, 1820, 156]}, {"label": "person", "bounding_box": [1823, 101, 1858, 151]}, {"label": "dynamic", "bounding_box": [1813, 125, 1840, 155]}, {"label": "dynamic", "bounding_box": [1602, 0, 1940, 146]}, {"label": "dynamic", "bounding_box": [1728, 145, 1781, 158]}, {"label": "person", "bounding_box": [1674, 147, 1711, 176]}, {"label": "person", "bounding_box": [1708, 115, 1753, 168]}, {"label": "dynamic", "bounding_box": [1703, 141, 1731, 171]}, {"label": "person", "bounding_box": [1757, 114, 1792, 157]}, {"label": "dynamic", "bounding_box": [1765, 138, 1800, 162]}, {"label": "dynamic", "bounding_box": [1776, 0, 2047, 134]}, {"label": "dynamic", "bounding_box": [1926, 114, 1966, 135]}, {"label": "dynamic", "bounding_box": [1893, 111, 1923, 141]}, {"label": "fence", "bounding_box": [1294, 412, 1381, 501]}, {"label": "dynamic", "bounding_box": [1979, 100, 2016, 127]}, {"label": "pole", "bounding_box": [1328, 210, 1352, 496]}, {"label": "traffic sign", "bounding_box": [1318, 183, 1443, 223]}, {"label": "traffic sign", "bounding_box": [1319, 227, 1409, 265]}, {"label": "traffic sign", "bounding_box": [1318, 266, 1444, 310]}, {"label": "fence", "bounding_box": [1364, 409, 1502, 520]}, {"label": "fence", "bounding_box": [1329, 412, 1374, 539]}, {"label": "pole", "bounding_box": [1393, 0, 1414, 501]}, {"label": "static", "bounding_box": [1390, 102, 1430, 180]}, {"label": "pole", "bounding_box": [1402, 0, 1440, 490]}, {"label": "fence", "bounding_box": [1508, 383, 1732, 528]}, {"label": "dynamic", "bounding_box": [1372, 467, 1507, 538]}, {"label": "person", "bounding_box": [1561, 332, 1600, 438]}, {"label": "person", "bounding_box": [1507, 340, 1555, 534]}, {"label": "pole", "bounding_box": [1491, 295, 1504, 385]}, {"label": "traffic sign", "bounding_box": [1460, 243, 1523, 310]}, {"label": "pole", "bounding_box": [1498, 131, 1513, 383]}, {"label": "person", "bounding_box": [1426, 339, 1497, 550]}, {"label": "person", "bounding_box": [1471, 326, 1537, 557]}, {"label": "person", "bounding_box": [1524, 322, 1587, 545]}, {"label": "traffic light", "bounding_box": [1367, 186, 1417, 296]}, {"label": "traffic light", "bounding_box": [1411, 183, 1444, 295]}, {"label": "pole", "bounding_box": [1428, 264, 1585, 598]}, {"label": "dynamic", "bounding_box": [1447, 571, 1585, 598]}, {"label": "pole", "bounding_box": [1684, 353, 1709, 458]}, {"label": "fence", "bounding_box": [1538, 368, 1928, 692]}, {"label": "traffic sign", "bounding_box": [1428, 354, 1524, 423]}, {"label": "static", "bounding_box": [1222, 117, 1249, 127]}, {"label": "static", "bounding_box": [1153, 265, 1167, 273]}, {"label": "static", "bounding_box": [1120, 230, 1138, 238]}, {"label": "static", "bounding_box": [1077, 295, 1086, 301]}, {"label": "static", "bounding_box": [704, 192, 718, 199]}, {"label": "static", "bounding_box": [790, 229, 798, 239]}, {"label": "static", "bounding_box": [842, 242, 851, 251]}, {"label": "ego vehicle", "bounding_box": [24, 796, 2047, 1023]}, {"label": "rectification border", "bounding_box": [416, 0, 2047, 28]}, {"label": "rectification border", "bounding_box": [2037, 509, 2047, 1023]}, {"label": "rectification border", "bounding_box": [0, 0, 17, 474]}, {"label": "rectification border", "bounding_box": [0, 977, 1937, 1023]}, {"label": "out of roi", "bounding_box": [0, 0, 2048, 1024]}]}