{"imgHeight": 1024, "imgWidth": 2048, "objects": [{"label": "road", "bounding_box": [0, 402, 2047, 1023]}, {"label": "ground", "bounding_box": [1062, 394, 2047, 888]}, {"label": "parking", "bounding_box": [0, 424, 739, 662]}, {"label": "sky", "bounding_box": [537, 0, 727, 85]}, {"label": "vegetation", "bounding_box": [249, 0, 1744, 459]}, {"label": "bus", "bounding_box": [289, 355, 373, 404]}, {"label": "pole", "bounding_box": [517, 277, 523, 364]}, {"label": "traffic sign", "bounding_box": [514, 343, 525, 363]}, {"label": "bus", "bounding_box": [492, 354, 594, 390]}, {"label": "bridge", "bounding_box": [0, 113, 1365, 427]}, {"label": "sidewalk", "bounding_box": [857, 420, 1191, 455]}, {"label": "terrain", "bounding_box": [909, 410, 1130, 429]}, {"label": "vegetation", "bounding_box": [0, 0, 660, 401]}, {"label": "bus", "bounding_box": [587, 327, 787, 436]}, {"label": "car", "bounding_box": [763, 398, 849, 437]}, {"label": "license plate", "bounding_box": [816, 412, 833, 416]}, {"label": "car", "bounding_box": [824, 395, 917, 440]}, {"label": "person", "bounding_box": [759, 379, 781, 450]}, {"label": "person", "bounding_box": [730, 382, 754, 451]}, {"label": "car", "bounding_box": [661, 391, 737, 466]}, {"label": "car", "bounding_box": [651, 391, 722, 476]}, {"label": "car", "bounding_box": [601, 391, 692, 488]}, {"label": "car", "bounding_box": [498, 371, 638, 505]}, {"label": "car", "bounding_box": [298, 355, 544, 540]}, {"label": "license plate", "bounding_box": [343, 487, 376, 503]}, {"label": "car", "bounding_box": [81, 388, 371, 582]}, {"label": "license plate", "bounding_box": [118, 521, 148, 540]}, {"label": "car", "bounding_box": [0, 302, 123, 629]}, {"label": "bus", "bounding_box": [1099, 253, 1291, 467]}, {"label": "bus", "bounding_box": [1241, 62, 1692, 543]}, {"label": "license plate", "bounding_box": [1534, 399, 1572, 418]}, {"label": "caravan", "bounding_box": [1526, 0, 2047, 761]}, {"label": "pole", "bounding_box": [962, 8, 1036, 171]}, {"label": "pole", "bounding_box": [882, 69, 1040, 430]}, {"label": "traffic sign", "bounding_box": [1028, 321, 1041, 334]}, {"label": "traffic sign", "bounding_box": [1029, 333, 1041, 342]}, {"label": "license plate", "bounding_box": [890, 416, 905, 422]}, {"label": "ego vehicle", "bounding_box": [24, 796, 2047, 1023]}, {"label": "rectification border", "bounding_box": [416, 0, 2047, 28]}, {"label": "rectification border", "bounding_box": [2037, 509, 2047, 1023]}, {"label": "rectification border", "bounding_box": [0, 0, 17, 474]}, {"label": "rectification border", "bounding_box": [0, 977, 1937, 1023]}, {"label": "out of roi", "bounding_box": [0, 0, 2048, 1024]}]}