{"imgHeight": 1024, "imgWidth": 2048, "objects": [{"label": "road", "bounding_box": [0, 498, 2047, 1023]}, {"label": "sidewalk", "bounding_box": [0, 333, 2047, 670]}, {"label": "building", "bounding_box": [0, 0, 2047, 588]}, {"label": "person", "bounding_box": [87, 411, 122, 461]}, {"label": "person", "bounding_box": [216, 398, 242, 457]}, {"label": "person", "bounding_box": [199, 398, 237, 461]}, {"label": "wall", "bounding_box": [47, 436, 760, 514]}, {"label": "person", "bounding_box": [251, 400, 286, 514]}, {"label": "person", "bounding_box": [267, 373, 324, 544]}, {"label": "motorcycle", "bounding_box": [318, 452, 416, 517]}, {"label": "traffic sign", "bounding_box": [322, 104, 422, 518]}, {"label": "person", "bounding_box": [381, 395, 427, 534]}, {"label": "person", "bounding_box": [338, 422, 368, 534]}, {"label": "person", "bounding_box": [346, 398, 397, 548]}, {"label": "person", "bounding_box": [398, 376, 458, 548]}, {"label": "person", "bounding_box": [14, 405, 49, 501]}, {"label": "dynamic", "bounding_box": [496, 480, 533, 518]}, {"label": "person", "bounding_box": [548, 382, 588, 525]}, {"label": "person", "bounding_box": [529, 370, 575, 556]}, {"label": "person", "bounding_box": [506, 379, 563, 559]}, {"label": "person", "bounding_box": [449, 378, 507, 558]}, {"label": "person", "bounding_box": [577, 392, 638, 542]}, {"label": "person", "bounding_box": [705, 435, 752, 507]}, {"label": "dynamic", "bounding_box": [697, 480, 725, 509]}, {"label": "person", "bounding_box": [665, 397, 703, 510]}, {"label": "person", "bounding_box": [596, 370, 651, 567]}, {"label": "person", "bounding_box": [634, 375, 686, 566]}, {"label": "traffic light", "bounding_box": [623, 226, 680, 302]}, {"label": "traffic sign", "bounding_box": [608, 160, 654, 231]}, {"label": "pole", "bounding_box": [668, 180, 702, 567]}, {"label": "person", "bounding_box": [964, 390, 994, 493]}, {"label": "person", "bounding_box": [847, 395, 896, 490]}, {"label": "person", "bounding_box": [768, 379, 847, 582]}, {"label": "person", "bounding_box": [887, 390, 928, 498]}, {"label": "person", "bounding_box": [855, 387, 899, 556]}, {"label": "person", "bounding_box": [828, 378, 896, 583]}, {"label": "person", "bounding_box": [923, 378, 975, 558]}, {"label": "person", "bounding_box": [1048, 397, 1070, 431]}, {"label": "person", "bounding_box": [1049, 403, 1087, 503]}, {"label": "person", "bounding_box": [1021, 403, 1068, 520]}, {"label": "person", "bounding_box": [1117, 392, 1161, 523]}, {"label": "person", "bounding_box": [1073, 422, 1116, 525]}, {"label": "person", "bounding_box": [1068, 381, 1150, 531]}, {"label": "person", "bounding_box": [1196, 384, 1237, 488]}, {"label": "person", "bounding_box": [1127, 352, 1223, 578]}, {"label": "persongroup", "bounding_box": [1248, 386, 1327, 471]}, {"label": "person", "bounding_box": [1321, 392, 1354, 479]}, {"label": "person", "bounding_box": [1289, 392, 1331, 484]}, {"label": "person", "bounding_box": [1269, 389, 1310, 485]}, {"label": "person", "bounding_box": [1192, 359, 1283, 602]}, {"label": "person", "bounding_box": [1359, 373, 1422, 436]}, {"label": "person", "bounding_box": [1357, 386, 1414, 577]}, {"label": "person", "bounding_box": [1539, 359, 1609, 578]}, {"label": "dynamic", "bounding_box": [1591, 240, 2047, 367]}, {"label": "static", "bounding_box": [1762, 476, 1806, 515]}, {"label": "dynamic", "bounding_box": [1643, 471, 1757, 542]}, {"label": "static", "bounding_box": [1673, 488, 1741, 555]}, {"label": "vegetation", "bounding_box": [1621, 354, 1850, 498]}, {"label": "pole", "bounding_box": [1800, 363, 1808, 523]}, {"label": "dynamic", "bounding_box": [1765, 463, 1939, 553]}, {"label": "static", "bounding_box": [1391, 412, 1553, 587]}, {"label": "person", "bounding_box": [1318, 340, 1417, 605]}, {"label": "person", "bounding_box": [1876, 346, 2016, 607]}, {"label": "person", "bounding_box": [1410, 318, 1503, 613]}, {"label": "person", "bounding_box": [1478, 344, 1574, 616]}, {"label": "pole", "bounding_box": [2023, 0, 2047, 645]}, {"label": "person", "bounding_box": [1593, 354, 1670, 575]}, {"label": "ego vehicle", "bounding_box": [24, 796, 2047, 1023]}, {"label": "rectification border", "bounding_box": [416, 0, 2047, 28]}, {"label": "rectification border", "bounding_box": [2037, 509, 2047, 1023]}, {"label": "rectification border", "bounding_box": [0, 0, 17, 474]}, {"label": "rectification border", "bounding_box": [0, 977, 1937, 1023]}, {"label": "out of roi", "bounding_box": [0, 0, 2048, 1024]}]}