{"imgHeight": 1024, "imgWidth": 2048, "objects": [{"label": "sky", "bounding_box": [0, 0, 1614, 395]}, {"label": "road", "bounding_box": [0, 362, 2047, 1023]}, {"label": "building", "bounding_box": [0, 0, 2047, 504]}, {"label": "terrain", "bounding_box": [230, 439, 692, 481]}, {"label": "vegetation", "bounding_box": [405, 126, 695, 453]}, {"label": "static", "bounding_box": [717, 322, 753, 334]}, {"label": "vegetation", "bounding_box": [578, 352, 728, 453]}, {"label": "static", "bounding_box": [700, 348, 717, 364]}, {"label": "vegetation", "bounding_box": [743, 306, 836, 400]}, {"label": "pole", "bounding_box": [29, 332, 41, 440]}, {"label": "vegetation", "bounding_box": [872, 0, 973, 241]}, {"label": "vegetation", "bounding_box": [168, 208, 284, 424]}, {"label": "vegetation", "bounding_box": [299, 301, 334, 396]}, {"label": "pole", "bounding_box": [79, 375, 84, 448]}, {"label": "traffic light", "bounding_box": [63, 377, 84, 403]}, {"label": "pole", "bounding_box": [61, 386, 69, 438]}, {"label": "traffic light", "bounding_box": [56, 368, 71, 405]}, {"label": "static", "bounding_box": [31, 358, 50, 400]}, {"label": "traffic light", "bounding_box": [43, 350, 59, 398]}, {"label": "traffic sign", "bounding_box": [154, 374, 166, 390]}, {"label": "person", "bounding_box": [47, 413, 89, 464]}, {"label": "sidewalk", "bounding_box": [0, 476, 340, 692]}, {"label": "person", "bounding_box": [40, 420, 62, 451]}, {"label": "static", "bounding_box": [147, 404, 184, 423]}, {"label": "sidewalk", "bounding_box": [618, 431, 1305, 562]}, {"label": "parking", "bounding_box": [634, 486, 2047, 1023]}, {"label": "pole", "bounding_box": [264, 362, 268, 449]}, {"label": "traffic sign", "bounding_box": [261, 352, 273, 370]}, {"label": "traffic sign", "bounding_box": [152, 385, 166, 403]}, {"label": "dynamic", "bounding_box": [53, 334, 274, 424]}, {"label": "vegetation", "bounding_box": [0, 405, 264, 530]}, {"label": "static", "bounding_box": [0, 466, 254, 562]}, {"label": "pole", "bounding_box": [183, 249, 205, 578]}, {"label": "person", "bounding_box": [291, 415, 314, 453]}, {"label": "traffic sign", "bounding_box": [157, 177, 221, 258]}, {"label": "static", "bounding_box": [718, 332, 751, 342]}, {"label": "car", "bounding_box": [296, 312, 567, 588]}, {"label": "pole", "bounding_box": [743, 218, 758, 388]}, {"label": "license plate", "bounding_box": [391, 467, 469, 486]}, {"label": "dynamic", "bounding_box": [713, 370, 788, 421]}, {"label": "pole", "bounding_box": [699, 251, 718, 448]}, {"label": "traffic sign", "bounding_box": [694, 317, 728, 348]}, {"label": "car", "bounding_box": [651, 410, 723, 487]}, {"label": "car", "bounding_box": [697, 382, 847, 492]}, {"label": "license plate", "bounding_box": [776, 439, 808, 448]}, {"label": "pole", "bounding_box": [636, 40, 860, 362]}, {"label": "static", "bounding_box": [859, 132, 1123, 388]}, {"label": "trailer", "bounding_box": [818, 335, 971, 512]}, {"label": "car", "bounding_box": [897, 386, 1138, 532]}, {"label": "license plate", "bounding_box": [1041, 444, 1092, 459]}, {"label": "pole", "bounding_box": [1617, 187, 1632, 289]}, {"label": "traffic sign", "bounding_box": [1587, 122, 1650, 195]}, {"label": "traffic sign", "bounding_box": [1572, 33, 1662, 130]}, {"label": "static", "bounding_box": [1784, 121, 1880, 167]}, {"label": "car", "bounding_box": [1150, 239, 1708, 646]}, {"label": "person", "bounding_box": [1553, 315, 1607, 386]}, {"label": "person", "bounding_box": [1427, 345, 1572, 652]}, {"label": "person", "bounding_box": [1242, 314, 1348, 664]}, {"label": "dynamic", "bounding_box": [1346, 568, 1422, 659]}, {"label": "person", "bounding_box": [1282, 281, 1392, 674]}, {"label": "person", "bounding_box": [276, 416, 286, 454]}, {"label": "car", "bounding_box": [1462, 188, 2047, 859]}, {"label": "static", "bounding_box": [742, 339, 753, 353]}, {"label": "traffic sign", "bounding_box": [699, 352, 726, 377]}, {"label": "vegetation", "bounding_box": [712, 377, 732, 395]}, {"label": "ego vehicle", "bounding_box": [24, 796, 2047, 1023]}, {"label": "rectification border", "bounding_box": [416, 0, 2047, 28]}, {"label": "rectification border", "bounding_box": [2037, 509, 2047, 1023]}, {"label": "rectification border", "bounding_box": [0, 0, 17, 474]}, {"label": "rectification border", "bounding_box": [0, 977, 1937, 1023]}, {"label": "out of roi", "bounding_box": [0, 0, 2048, 1024]}]}