{"imgHeight": 1024, "imgWidth": 2048, "objects": [{"label": "sky", "bounding_box": [0, 0, 1982, 410]}, {"label": "pole", "bounding_box": [538, 288, 543, 319]}, {"label": "road", "bounding_box": [0, 256, 2047, 1023]}, {"label": "pole", "bounding_box": [590, 290, 594, 324]}, {"label": "pole", "bounding_box": [545, 292, 551, 315]}, {"label": "building", "bounding_box": [0, 96, 769, 422]}, {"label": "building", "bounding_box": [809, 0, 2047, 460]}, {"label": "pole", "bounding_box": [381, 255, 385, 307]}, {"label": "pole", "bounding_box": [398, 260, 401, 307]}, {"label": "pole", "bounding_box": [413, 260, 417, 302]}, {"label": "sidewalk", "bounding_box": [1574, 464, 2047, 855]}, {"label": "pole", "bounding_box": [797, 242, 804, 306]}, {"label": "pole", "bounding_box": [0, 113, 134, 122]}, {"label": "traffic light", "bounding_box": [129, 107, 148, 146]}, {"label": "vegetation", "bounding_box": [379, 326, 509, 399]}, {"label": "vegetation", "bounding_box": [0, 282, 351, 388]}, {"label": "truck", "bounding_box": [499, 317, 751, 413]}, {"label": "sidewalk", "bounding_box": [295, 407, 1808, 516]}, {"label": "vegetation", "bounding_box": [1340, 297, 1543, 352]}, {"label": "vegetation", "bounding_box": [1760, 130, 2047, 417]}, {"label": "pole", "bounding_box": [0, 241, 25, 373]}, {"label": "pole", "bounding_box": [123, 283, 125, 375]}, {"label": "static", "bounding_box": [120, 230, 129, 292]}, {"label": "wall", "bounding_box": [115, 359, 244, 398]}, {"label": "fence", "bounding_box": [241, 361, 365, 405]}, {"label": "bridge", "bounding_box": [346, 391, 449, 426]}, {"label": "sidewalk", "bounding_box": [258, 416, 438, 429]}, {"label": "static", "bounding_box": [951, 222, 1226, 345]}, {"label": "bridge", "bounding_box": [565, 136, 1901, 417]}, {"label": "vegetation", "bounding_box": [1142, 340, 1183, 362]}, {"label": "fence", "bounding_box": [1677, 367, 2047, 459]}, {"label": "bridge", "bounding_box": [1711, 113, 2047, 430]}, {"label": "pole", "bounding_box": [1767, 0, 1826, 580]}, {"label": "traffic light", "bounding_box": [1736, 155, 1797, 221]}, {"label": "traffic light", "bounding_box": [1729, 85, 1802, 192]}, {"label": "traffic light", "bounding_box": [1812, 32, 1870, 191]}, {"label": "static", "bounding_box": [1801, 436, 1912, 582]}, {"label": "person", "bounding_box": [1878, 221, 2047, 667]}, {"label": "person", "bounding_box": [1675, 334, 1755, 534]}, {"label": "truck", "bounding_box": [1291, 340, 1528, 430]}, {"label": "person", "bounding_box": [1624, 287, 1699, 611]}, {"label": "fence", "bounding_box": [1329, 401, 1598, 462]}, {"label": "person", "bounding_box": [1505, 339, 1536, 386]}, {"label": "person", "bounding_box": [1501, 343, 1552, 478]}, {"label": "person", "bounding_box": [1505, 409, 1581, 538]}, {"label": "person", "bounding_box": [1475, 389, 1522, 540]}, {"label": "person", "bounding_box": [1606, 334, 1638, 375]}, {"label": "person", "bounding_box": [1561, 322, 1634, 536]}, {"label": "person", "bounding_box": [1568, 279, 1722, 626]}, {"label": "person", "bounding_box": [1717, 303, 1895, 638]}, {"label": "static", "bounding_box": [448, 346, 500, 394]}, {"label": "static", "bounding_box": [1162, 317, 1357, 476]}, {"label": "wall", "bounding_box": [438, 370, 1232, 474]}, {"label": "person", "bounding_box": [452, 358, 488, 440]}, {"label": "person", "bounding_box": [475, 371, 501, 443]}, {"label": "person", "bounding_box": [497, 367, 532, 443]}, {"label": "static", "bounding_box": [559, 366, 572, 404]}, {"label": "pole", "bounding_box": [552, 315, 585, 460]}, {"label": "traffic sign", "bounding_box": [552, 295, 574, 327]}, {"label": "traffic light", "bounding_box": [594, 303, 625, 337]}, {"label": "static", "bounding_box": [621, 403, 630, 417]}, {"label": "pole", "bounding_box": [614, 284, 629, 458]}, {"label": "traffic light", "bounding_box": [614, 304, 636, 336]}, {"label": "static", "bounding_box": [732, 280, 829, 471]}, {"label": "person", "bounding_box": [1360, 349, 1440, 500]}, {"label": "person", "bounding_box": [1319, 349, 1377, 503]}, {"label": "person", "bounding_box": [1292, 338, 1367, 511]}, {"label": "person", "bounding_box": [1257, 349, 1319, 513]}, {"label": "pole", "bounding_box": [1148, 374, 1160, 473]}, {"label": "traffic sign", "bounding_box": [1000, 253, 1037, 276]}, {"label": "traffic sign", "bounding_box": [982, 271, 1071, 295]}, {"label": "pole", "bounding_box": [1025, 243, 1045, 472]}, {"label": "static", "bounding_box": [1032, 410, 1041, 428]}, {"label": "pole", "bounding_box": [1034, 197, 1063, 498]}, {"label": "pole", "bounding_box": [159, 184, 166, 315]}, {"label": "traffic light", "bounding_box": [1052, 230, 1090, 290]}, {"label": "pole", "bounding_box": [942, 93, 961, 456]}, {"label": "traffic sign", "bounding_box": [901, 94, 1022, 143]}, {"label": "traffic sign", "bounding_box": [901, 131, 1021, 171]}, {"label": "traffic sign", "bounding_box": [899, 166, 1022, 209]}, {"label": "traffic sign", "bounding_box": [899, 199, 1019, 236]}, {"label": "traffic sign", "bounding_box": [916, 239, 990, 267]}, {"label": "static", "bounding_box": [937, 290, 964, 308]}, {"label": "static", "bounding_box": [943, 308, 961, 364]}, {"label": "static", "bounding_box": [910, 422, 967, 501]}, {"label": "pole", "bounding_box": [814, 0, 838, 498]}, {"label": "traffic sign", "bounding_box": [800, 389, 849, 460]}, {"label": "pole", "bounding_box": [289, 345, 296, 429]}, {"label": "traffic light", "bounding_box": [296, 321, 313, 351]}, {"label": "traffic light", "bounding_box": [289, 324, 298, 350]}, {"label": "person", "bounding_box": [237, 357, 251, 385]}, {"label": "pole", "bounding_box": [454, 83, 487, 444]}, {"label": "person", "bounding_box": [220, 356, 237, 392]}, {"label": "vegetation", "bounding_box": [160, 389, 187, 411]}, {"label": "person", "bounding_box": [100, 346, 111, 366]}, {"label": "person", "bounding_box": [110, 345, 124, 364]}, {"label": "wall", "bounding_box": [100, 394, 176, 425]}, {"label": "pole", "bounding_box": [122, 175, 143, 394]}, {"label": "person", "bounding_box": [25, 350, 36, 366]}, {"label": "pole", "bounding_box": [158, 322, 171, 404]}, {"label": "pole", "bounding_box": [170, 341, 173, 394]}, {"label": "traffic sign", "bounding_box": [162, 278, 229, 333]}, {"label": "traffic sign", "bounding_box": [163, 331, 180, 350]}, {"label": "pole", "bounding_box": [66, 317, 70, 373]}, {"label": "fence", "bounding_box": [0, 354, 174, 419]}, {"label": "car", "bounding_box": [0, 374, 62, 436]}, {"label": "person", "bounding_box": [0, 373, 16, 448]}, {"label": "person", "bounding_box": [41, 371, 76, 447]}, {"label": "person", "bounding_box": [97, 364, 120, 443]}, {"label": "person", "bounding_box": [44, 366, 86, 449]}, {"label": "person", "bounding_box": [17, 366, 73, 462]}, {"label": "person", "bounding_box": [94, 367, 129, 461]}, {"label": "person", "bounding_box": [74, 363, 113, 462]}, {"label": "pole", "bounding_box": [388, 376, 392, 415]}, {"label": "car", "bounding_box": [206, 379, 385, 436]}, {"label": "traffic light", "bounding_box": [326, 321, 349, 345]}, {"label": "pole", "bounding_box": [315, 200, 353, 432]}, {"label": "traffic light", "bounding_box": [322, 200, 339, 230]}, {"label": "traffic light", "bounding_box": [353, 314, 374, 343]}, {"label": "traffic sign", "bounding_box": [340, 257, 363, 284]}, {"label": "traffic sign", "bounding_box": [338, 278, 365, 304]}, {"label": "person", "bounding_box": [233, 365, 263, 465]}, {"label": "person", "bounding_box": [214, 368, 251, 464]}, {"label": "static", "bounding_box": [454, 83, 487, 98]}, {"label": "static", "bounding_box": [122, 175, 143, 186]}, {"label": "ego vehicle", "bounding_box": [24, 796, 2047, 1023]}, {"label": "rectification border", "bounding_box": [416, 0, 2047, 28]}, {"label": "rectification border", "bounding_box": [2037, 509, 2047, 1023]}, {"label": "rectification border", "bounding_box": [0, 0, 17, 474]}, {"label": "rectification border", "bounding_box": [0, 977, 1937, 1023]}, {"label": "out of roi", "bounding_box": [0, 0, 2048, 1024]}]}