{"imgHeight": 1024, "imgWidth": 2048, "objects": [{"label": "sky", "bounding_box": [0, 0, 1170, 181]}, {"label": "road", "bounding_box": [0, 399, 2047, 1023]}, {"label": "sidewalk", "bounding_box": [1015, 426, 1899, 489]}, {"label": "sidewalk", "bounding_box": [0, 361, 871, 488]}, {"label": "sidewalk", "bounding_box": [1401, 545, 2047, 1023]}, {"label": "ground", "bounding_box": [1083, 488, 1902, 520]}, {"label": "building", "bounding_box": [0, 0, 1110, 465]}, {"label": "static", "bounding_box": [1021, 308, 1044, 338]}, {"label": "building", "bounding_box": [1026, 0, 1960, 476]}, {"label": "pole", "bounding_box": [415, 310, 434, 429]}, {"label": "building", "bounding_box": [1879, 0, 2047, 659]}, {"label": "vegetation", "bounding_box": [296, 187, 426, 393]}, {"label": "vegetation", "bounding_box": [74, 166, 276, 389]}, {"label": "terrain", "bounding_box": [0, 453, 114, 473]}, {"label": "wall", "bounding_box": [0, 393, 305, 463]}, {"label": "vegetation", "bounding_box": [0, 225, 94, 468]}, {"label": "car", "bounding_box": [202, 411, 264, 487]}, {"label": "car", "bounding_box": [352, 425, 401, 479]}, {"label": "car", "bounding_box": [328, 416, 370, 480]}, {"label": "terrain", "bounding_box": [484, 449, 670, 454]}, {"label": "pole", "bounding_box": [460, 406, 462, 443]}, {"label": "traffic sign", "bounding_box": [404, 382, 420, 388]}, {"label": "pole", "bounding_box": [418, 381, 425, 426]}, {"label": "traffic sign", "bounding_box": [450, 391, 468, 411]}, {"label": "vegetation", "bounding_box": [489, 341, 678, 451]}, {"label": "vegetation", "bounding_box": [480, 428, 572, 453]}, {"label": "car", "bounding_box": [354, 417, 489, 480]}, {"label": "license plate", "bounding_box": [367, 458, 389, 467]}, {"label": "vegetation", "bounding_box": [486, 369, 498, 467]}, {"label": "pole", "bounding_box": [548, 361, 557, 465]}, {"label": "vegetation", "bounding_box": [599, 390, 607, 463]}, {"label": "vegetation", "bounding_box": [375, 61, 914, 398]}, {"label": "cargroup", "bounding_box": [1033, 403, 1092, 459]}, {"label": "car", "bounding_box": [1011, 415, 1072, 464]}, {"label": "building", "bounding_box": [1032, 351, 1045, 466]}, {"label": "pole", "bounding_box": [1008, 77, 1020, 322]}, {"label": "pole", "bounding_box": [1011, 333, 1021, 467]}, {"label": "traffic sign", "bounding_box": [1000, 310, 1028, 367]}, {"label": "traffic sign", "bounding_box": [1000, 339, 1029, 367]}, {"label": "building", "bounding_box": [1012, 334, 1039, 342]}, {"label": "person", "bounding_box": [1055, 391, 1084, 468]}, {"label": "traffic sign", "bounding_box": [1009, 374, 1022, 386]}, {"label": "traffic light", "bounding_box": [975, 288, 1014, 387]}, {"label": "person", "bounding_box": [1080, 410, 1096, 466]}, {"label": "person", "bounding_box": [1121, 399, 1159, 471]}, {"label": "traffic sign", "bounding_box": [1087, 342, 1122, 352]}, {"label": "person", "bounding_box": [1099, 397, 1130, 487]}, {"label": "bicycle", "bounding_box": [1112, 426, 1177, 492]}, {"label": "rider", "bounding_box": [1122, 390, 1175, 485]}, {"label": "car", "bounding_box": [1268, 376, 1620, 504]}, {"label": "license plate", "bounding_box": [1271, 455, 1285, 467]}, {"label": "car", "bounding_box": [1433, 390, 1771, 491]}, {"label": "static", "bounding_box": [1193, 131, 1218, 186]}, {"label": "static", "bounding_box": [1199, 182, 1216, 217]}, {"label": "traffic light", "bounding_box": [1173, 241, 1198, 308]}, {"label": "pole", "bounding_box": [1162, 0, 1214, 510]}, {"label": "traffic light", "bounding_box": [1064, 0, 1114, 71]}, {"label": "traffic light", "bounding_box": [1204, 221, 1251, 310]}, {"label": "traffic light", "bounding_box": [1187, 246, 1227, 310]}, {"label": "traffic sign", "bounding_box": [1187, 423, 1210, 478]}, {"label": "person", "bounding_box": [1401, 206, 1657, 887]}, {"label": "pole", "bounding_box": [1715, 60, 1752, 566]}, {"label": "pole", "bounding_box": [1674, 0, 1726, 365]}, {"label": "traffic light", "bounding_box": [1596, 0, 1681, 135]}, {"label": "static", "bounding_box": [1741, 599, 1768, 629]}, {"label": "person", "bounding_box": [1614, 783, 1661, 830]}, {"label": "person", "bounding_box": [895, 694, 930, 776]}, {"label": "person", "bounding_box": [1505, 153, 1844, 922]}, {"label": "person", "bounding_box": [662, 581, 700, 742]}, {"label": "person", "bounding_box": [605, 264, 829, 781]}, {"label": "person", "bounding_box": [596, 269, 810, 827]}, {"label": "person", "bounding_box": [764, 143, 1057, 912]}, {"label": "person", "bounding_box": [714, 163, 986, 927]}, {"label": "person", "bounding_box": [194, 266, 368, 797]}, {"label": "car", "bounding_box": [210, 419, 223, 440]}, {"label": "person", "bounding_box": [75, 236, 232, 841]}, {"label": "ego vehicle", "bounding_box": [24, 796, 2047, 1023]}, {"label": "rectification border", "bounding_box": [416, 0, 2047, 28]}, {"label": "rectification border", "bounding_box": [2037, 509, 2047, 1023]}, {"label": "rectification border", "bounding_box": [0, 0, 17, 474]}, {"label": "rectification border", "bounding_box": [0, 977, 1937, 1023]}, {"label": "out of roi", "bounding_box": [0, 0, 2048, 1024]}]}