{"imgHeight": 1024, "imgWidth": 2048, "objects": [{"label": "sky", "bounding_box": [0, 0, 2047, 313]}, {"label": "building", "bounding_box": [0, 0, 2047, 1023]}, {"label": "road", "bounding_box": [0, 468, 2047, 1023]}, {"label": "sidewalk", "bounding_box": [1706, 465, 2047, 527]}, {"label": "vegetation", "bounding_box": [978, 0, 2047, 495]}, {"label": "static", "bounding_box": [1387, 467, 1412, 499]}, {"label": "sidewalk", "bounding_box": [0, 475, 1102, 630]}, {"label": "persongroup", "bounding_box": [873, 466, 905, 492]}, {"label": "dynamic", "bounding_box": [913, 458, 970, 492]}, {"label": "person", "bounding_box": [956, 451, 973, 495]}, {"label": "dynamic", "bounding_box": [873, 472, 1008, 512]}, {"label": "static", "bounding_box": [1363, 455, 1376, 485]}, {"label": "car", "bounding_box": [1041, 456, 1191, 520]}, {"label": "person", "bounding_box": [64, 452, 92, 475]}, {"label": "car", "bounding_box": [1372, 473, 1397, 498]}, {"label": "car", "bounding_box": [1352, 476, 1398, 509]}, {"label": "car", "bounding_box": [1399, 468, 1442, 505]}, {"label": "cargroup", "bounding_box": [1492, 470, 1544, 501]}, {"label": "static", "bounding_box": [1482, 443, 1524, 460]}, {"label": "static", "bounding_box": [1514, 446, 1550, 459]}, {"label": "pole", "bounding_box": [1545, 454, 1547, 489]}, {"label": "static", "bounding_box": [1543, 450, 1551, 460]}, {"label": "pole", "bounding_box": [1467, 290, 1568, 483]}, {"label": "car", "bounding_box": [1553, 465, 1605, 503]}, {"label": "car", "bounding_box": [1698, 419, 1755, 478]}, {"label": "car", "bounding_box": [1595, 422, 1675, 504]}, {"label": "car", "bounding_box": [1699, 453, 1760, 507]}, {"label": "caravan", "bounding_box": [1742, 377, 1988, 501]}, {"label": "bicycle", "bounding_box": [1738, 418, 1781, 461]}, {"label": "static", "bounding_box": [1764, 394, 2047, 512]}, {"label": "pole", "bounding_box": [1901, 20, 2020, 520]}, {"label": "pole", "bounding_box": [1543, 207, 1693, 479]}, {"label": "car", "bounding_box": [1608, 439, 1731, 526]}, {"label": "car", "bounding_box": [1280, 468, 1355, 526]}, {"label": "static", "bounding_box": [1014, 405, 1117, 480]}, {"label": "car", "bounding_box": [1017, 402, 1242, 519]}, {"label": "car", "bounding_box": [1043, 450, 1205, 526]}, {"label": "bicycle", "bounding_box": [1047, 483, 1120, 528]}, {"label": "terrain", "bounding_box": [0, 511, 1361, 659]}, {"label": "person", "bounding_box": [1071, 429, 1113, 541]}, {"label": "car", "bounding_box": [1154, 466, 1306, 529]}, {"label": "static", "bounding_box": [1117, 477, 1169, 526]}, {"label": "pole", "bounding_box": [1242, 496, 1247, 523]}, {"label": "static", "bounding_box": [1108, 500, 1138, 566]}, {"label": "static", "bounding_box": [1143, 370, 1258, 533]}, {"label": "static", "bounding_box": [1254, 472, 1289, 526]}, {"label": "pole", "bounding_box": [1264, 376, 1280, 546]}, {"label": "pole", "bounding_box": [1244, 287, 1267, 426]}, {"label": "static", "bounding_box": [1240, 376, 1270, 399]}, {"label": "static", "bounding_box": [1233, 333, 1277, 367]}, {"label": "static", "bounding_box": [1227, 291, 1282, 344]}, {"label": "static", "bounding_box": [1251, 422, 1268, 435]}, {"label": "pole", "bounding_box": [1281, 502, 1289, 544]}, {"label": "pole", "bounding_box": [1291, 495, 1326, 543]}, {"label": "person", "bounding_box": [991, 423, 1033, 508]}, {"label": "static", "bounding_box": [874, 393, 999, 436]}, {"label": "dynamic", "bounding_box": [719, 455, 755, 515]}, {"label": "person", "bounding_box": [899, 446, 927, 500]}, {"label": "person", "bounding_box": [962, 438, 998, 513]}, {"label": "static", "bounding_box": [899, 489, 924, 553]}, {"label": "static", "bounding_box": [730, 490, 761, 562]}, {"label": "bicycle", "bounding_box": [982, 495, 1008, 523]}, {"label": "static", "bounding_box": [987, 495, 1028, 578]}, {"label": "person", "bounding_box": [848, 438, 875, 519]}, {"label": "dynamic", "bounding_box": [819, 466, 866, 521]}, {"label": "static", "bounding_box": [800, 490, 842, 595]}, {"label": "static", "bounding_box": [866, 491, 893, 554]}, {"label": "static", "bounding_box": [788, 295, 837, 340]}, {"label": "static", "bounding_box": [612, 253, 692, 276]}, {"label": "pole", "bounding_box": [647, 254, 658, 569]}, {"label": "static", "bounding_box": [657, 410, 697, 479]}, {"label": "bicycle", "bounding_box": [549, 466, 589, 523]}, {"label": "static", "bounding_box": [586, 475, 647, 528]}, {"label": "person", "bounding_box": [578, 425, 638, 540]}, {"label": "traffic sign", "bounding_box": [355, 198, 504, 244]}, {"label": "static", "bounding_box": [1108, 499, 1142, 571]}, {"label": "pole", "bounding_box": [430, 371, 442, 468]}, {"label": "dynamic", "bounding_box": [425, 452, 474, 535]}, {"label": "pole", "bounding_box": [326, 387, 341, 538]}, {"label": "person", "bounding_box": [277, 418, 328, 536]}, {"label": "person", "bounding_box": [89, 451, 113, 487]}, {"label": "bicyclegroup", "bounding_box": [0, 456, 125, 548]}, {"label": "person", "bounding_box": [11, 416, 92, 483]}, {"label": "person", "bounding_box": [0, 403, 37, 533]}, {"label": "vegetation", "bounding_box": [0, 0, 609, 472]}, {"label": "static", "bounding_box": [119, 95, 281, 568]}, {"label": "bicycle", "bounding_box": [0, 474, 147, 625]}, {"label": "traffic sign", "bounding_box": [356, 198, 505, 242]}, {"label": "pole", "bounding_box": [498, 194, 545, 548]}, {"label": "dynamic", "bounding_box": [439, 459, 500, 533]}, {"label": "vegetation", "bounding_box": [154, 401, 343, 627]}, {"label": "static", "bounding_box": [531, 512, 575, 607]}, {"label": "static", "bounding_box": [1336, 460, 1352, 468]}, {"label": "static", "bounding_box": [1385, 454, 1391, 464]}, {"label": "pole", "bounding_box": [1475, 412, 1480, 478]}, {"label": "car", "bounding_box": [1436, 462, 1487, 508]}, {"label": "license plate", "bounding_box": [1459, 484, 1473, 487]}, {"label": "license plate", "bounding_box": [1670, 474, 1698, 479]}, {"label": "license plate", "bounding_box": [1520, 489, 1532, 492]}, {"label": "license plate", "bounding_box": [1370, 498, 1383, 502]}, {"label": "static", "bounding_box": [1156, 225, 1220, 284]}, {"label": "pole", "bounding_box": [1181, 37, 1412, 553]}, {"label": "traffic light", "bounding_box": [1394, 58, 1427, 150]}, {"label": "car", "bounding_box": [0, 502, 66, 775]}, {"label": "rider", "bounding_box": [1409, 471, 1425, 496]}, {"label": "motorcycle", "bounding_box": [1413, 489, 1426, 505]}, {"label": "ego vehicle", "bounding_box": [24, 796, 2047, 1023]}, {"label": "rectification border", "bounding_box": [416, 0, 2047, 28]}, {"label": "rectification border", "bounding_box": [2037, 509, 2047, 1023]}, {"label": "rectification border", "bounding_box": [0, 0, 17, 474]}, {"label": "rectification border", "bounding_box": [0, 977, 1937, 1023]}, {"label": "out of roi", "bounding_box": [0, 0, 2048, 1024]}]}