{"imgHeight": 1024, "imgWidth": 2048, "objects": [{"label": "road", "bounding_box": [0, 330, 2047, 1023]}, {"label": "terrain", "bounding_box": [0, 414, 250, 450]}, {"label": "ground", "bounding_box": [1416, 356, 2047, 555]}, {"label": "terrain", "bounding_box": [673, 397, 1049, 485]}, {"label": "building", "bounding_box": [229, 330, 280, 387]}, {"label": "bus", "bounding_box": [947, 381, 967, 412]}, {"label": "sky", "bounding_box": [1007, 0, 2047, 368]}, {"label": "pole", "bounding_box": [1495, 0, 1509, 87]}, {"label": "pole", "bounding_box": [1357, 0, 1378, 213]}, {"label": "pole", "bounding_box": [1073, 305, 1084, 352]}, {"label": "sky", "bounding_box": [114, 0, 427, 112]}, {"label": "building", "bounding_box": [956, 253, 1743, 408]}, {"label": "person", "bounding_box": [1520, 370, 1541, 400]}, {"label": "car", "bounding_box": [1517, 375, 1593, 417]}, {"label": "pole", "bounding_box": [1071, 294, 1101, 299]}, {"label": "building", "bounding_box": [273, 17, 428, 104]}, {"label": "vegetation", "bounding_box": [0, 0, 2047, 452]}, {"label": "traffic sign", "bounding_box": [1147, 288, 1179, 319]}, {"label": "static", "bounding_box": [1215, 307, 1297, 397]}, {"label": "traffic sign", "bounding_box": [1252, 322, 1264, 338]}, {"label": "traffic sign", "bounding_box": [1212, 330, 1229, 346]}, {"label": "pole", "bounding_box": [1203, 319, 1222, 406]}, {"label": "traffic sign", "bounding_box": [1193, 308, 1217, 330]}, {"label": "traffic light", "bounding_box": [1201, 341, 1209, 362]}, {"label": "static", "bounding_box": [1182, 375, 1212, 414]}, {"label": "traffic sign", "bounding_box": [1180, 349, 1195, 376]}, {"label": "pole", "bounding_box": [1176, 281, 1187, 412]}, {"label": "pole", "bounding_box": [1160, 354, 1161, 405]}, {"label": "traffic light", "bounding_box": [1152, 351, 1155, 360]}, {"label": "traffic light", "bounding_box": [1157, 367, 1161, 378]}, {"label": "persongroup", "bounding_box": [1186, 381, 1202, 392]}, {"label": "pole", "bounding_box": [1166, 351, 1169, 412]}, {"label": "car", "bounding_box": [1131, 389, 1188, 424]}, {"label": "pole", "bounding_box": [1484, 310, 1503, 446]}, {"label": "car", "bounding_box": [1147, 390, 1223, 439]}, {"label": "car", "bounding_box": [1326, 357, 1500, 484]}, {"label": "vegetation", "bounding_box": [1539, 327, 1553, 446]}, {"label": "pole", "bounding_box": [1547, 341, 1564, 442]}, {"label": "traffic sign", "bounding_box": [1538, 321, 1558, 359]}, {"label": "traffic sign", "bounding_box": [1852, 270, 1876, 327]}, {"label": "car", "bounding_box": [1899, 356, 2032, 411]}, {"label": "car", "bounding_box": [1899, 367, 2047, 442]}, {"label": "person", "bounding_box": [1911, 348, 1958, 458]}, {"label": "person", "bounding_box": [1956, 359, 2007, 444]}, {"label": "bicyclegroup", "bounding_box": [1915, 390, 2047, 509]}, {"label": "static", "bounding_box": [1504, 431, 1531, 450]}, {"label": "car", "bounding_box": [1538, 307, 1937, 547]}, {"label": "license plate", "bounding_box": [1790, 420, 1860, 438]}, {"label": "pole", "bounding_box": [1112, 332, 1119, 395]}, {"label": "car", "bounding_box": [975, 389, 996, 405]}, {"label": "car", "bounding_box": [996, 389, 1015, 403]}, {"label": "pole", "bounding_box": [1018, 360, 1021, 405]}, {"label": "pole", "bounding_box": [972, 352, 977, 416]}, {"label": "traffic sign", "bounding_box": [962, 390, 972, 406]}, {"label": "pole", "bounding_box": [951, 389, 954, 455]}, {"label": "car", "bounding_box": [1015, 384, 1060, 425]}, {"label": "car", "bounding_box": [1029, 387, 1079, 435]}, {"label": "car", "bounding_box": [1041, 387, 1098, 441]}, {"label": "car", "bounding_box": [1057, 392, 1095, 447]}, {"label": "car", "bounding_box": [1070, 378, 1165, 457]}, {"label": "license plate", "bounding_box": [1111, 414, 1136, 420]}, {"label": "static", "bounding_box": [36, 383, 87, 422]}, {"label": "car", "bounding_box": [1173, 352, 1387, 529]}, {"label": "license plate", "bounding_box": [1266, 425, 1327, 441]}, {"label": "static", "bounding_box": [796, 348, 815, 363]}, {"label": "pole", "bounding_box": [806, 354, 811, 395]}, {"label": "traffic sign", "bounding_box": [844, 349, 850, 357]}, {"label": "pole", "bounding_box": [172, 330, 193, 405]}, {"label": "person", "bounding_box": [168, 390, 182, 420]}, {"label": "pole", "bounding_box": [22, 373, 33, 408]}, {"label": "car", "bounding_box": [0, 392, 76, 428]}, {"label": "pole", "bounding_box": [51, 420, 57, 436]}, {"label": "car", "bounding_box": [73, 386, 182, 431]}, {"label": "vegetation", "bounding_box": [85, 280, 117, 431]}, {"label": "pole", "bounding_box": [205, 354, 215, 435]}, {"label": "rider", "bounding_box": [292, 376, 332, 436]}, {"label": "building", "bounding_box": [351, 327, 398, 375]}, {"label": "bicycle", "bounding_box": [299, 403, 340, 447]}, {"label": "static", "bounding_box": [316, 338, 362, 381]}, {"label": "traffic light", "bounding_box": [305, 209, 381, 302]}, {"label": "car", "bounding_box": [207, 395, 305, 447]}, {"label": "license plate", "bounding_box": [223, 430, 242, 436]}, {"label": "car", "bounding_box": [324, 381, 433, 457]}, {"label": "license plate", "bounding_box": [337, 433, 376, 441]}, {"label": "pole", "bounding_box": [326, 115, 349, 465]}, {"label": "traffic sign", "bounding_box": [316, 348, 356, 393]}, {"label": "terrain", "bounding_box": [239, 431, 482, 493]}, {"label": "bus", "bounding_box": [387, 237, 803, 484]}, {"label": "license plate", "bounding_box": [490, 452, 531, 463]}, {"label": "pole", "bounding_box": [796, 412, 803, 471]}, {"label": "traffic sign", "bounding_box": [782, 379, 823, 428]}, {"label": "sidewalk", "bounding_box": [0, 616, 550, 1023]}, {"label": "license plate", "bounding_box": [1425, 428, 1462, 441]}, {"label": "ego vehicle", "bounding_box": [24, 796, 2047, 1023]}, {"label": "rectification border", "bounding_box": [416, 0, 2047, 28]}, {"label": "rectification border", "bounding_box": [2037, 509, 2047, 1023]}, {"label": "rectification border", "bounding_box": [0, 0, 17, 474]}, {"label": "rectification border", "bounding_box": [0, 977, 1937, 1023]}, {"label": "out of roi", "bounding_box": [0, 0, 2048, 1024]}]}