{"imgHeight": 1024, "imgWidth": 2048, "objects": [{"label": "sky", "bounding_box": [674, 0, 1354, 287]}, {"label": "road", "bounding_box": [0, 388, 2047, 1023]}, {"label": "sidewalk", "bounding_box": [1260, 276, 2047, 1023]}, {"label": "terrain", "bounding_box": [1297, 435, 2047, 813]}, {"label": "parking", "bounding_box": [1373, 405, 2047, 601]}, {"label": "sidewalk", "bounding_box": [0, 424, 1036, 679]}, {"label": "sidewalk", "bounding_box": [132, 390, 890, 492]}, {"label": "building", "bounding_box": [0, 0, 2047, 532]}, {"label": "car", "bounding_box": [930, 365, 974, 413]}, {"label": "static", "bounding_box": [473, 66, 509, 319]}, {"label": "vegetation", "bounding_box": [0, 0, 1088, 547]}, {"label": "static", "bounding_box": [269, 408, 327, 466]}, {"label": "vegetation", "bounding_box": [248, 431, 296, 464]}, {"label": "car", "bounding_box": [0, 395, 279, 565]}, {"label": "pole", "bounding_box": [476, 353, 479, 424]}, {"label": "static", "bounding_box": [557, 326, 573, 357]}, {"label": "static", "bounding_box": [471, 352, 486, 370]}, {"label": "vegetation", "bounding_box": [353, 367, 562, 461]}, {"label": "pole", "bounding_box": [347, 347, 367, 467]}, {"label": "traffic sign", "bounding_box": [472, 372, 486, 390]}, {"label": "traffic sign", "bounding_box": [476, 386, 482, 398]}, {"label": "pole", "bounding_box": [547, 94, 575, 446]}, {"label": "pole", "bounding_box": [216, 0, 264, 558]}, {"label": "vegetation", "bounding_box": [575, 405, 669, 451]}, {"label": "person", "bounding_box": [768, 388, 788, 431]}, {"label": "car", "bounding_box": [935, 393, 988, 426]}, {"label": "car", "bounding_box": [851, 393, 943, 434]}, {"label": "car", "bounding_box": [753, 393, 880, 453]}, {"label": "car", "bounding_box": [638, 393, 786, 474]}, {"label": "car", "bounding_box": [993, 382, 1077, 405]}, {"label": "car", "bounding_box": [966, 386, 1027, 431]}, {"label": "rider", "bounding_box": [908, 386, 932, 431]}, {"label": "motorcycle", "bounding_box": [908, 405, 933, 441]}, {"label": "static", "bounding_box": [0, 486, 198, 567]}, {"label": "static", "bounding_box": [438, 456, 529, 524]}, {"label": "pole", "bounding_box": [1278, 287, 1295, 429]}, {"label": "license plate", "bounding_box": [667, 444, 695, 454]}, {"label": "static", "bounding_box": [652, 443, 709, 487]}, {"label": "static", "bounding_box": [867, 428, 892, 454]}, {"label": "static", "bounding_box": [920, 423, 941, 448]}, {"label": "vegetation", "bounding_box": [499, 12, 965, 505]}, {"label": "vegetation", "bounding_box": [1128, 0, 2047, 453]}, {"label": "pole", "bounding_box": [1638, 315, 1642, 386]}, {"label": "pole", "bounding_box": [1349, 329, 1356, 423]}, {"label": "car", "bounding_box": [1541, 368, 1678, 423]}, {"label": "car", "bounding_box": [1318, 340, 1620, 466]}, {"label": "car", "bounding_box": [1561, 314, 2047, 543]}, {"label": "vegetation", "bounding_box": [1485, 0, 1532, 474]}, {"label": "traffic sign", "bounding_box": [1277, 325, 1287, 342]}, {"label": "traffic sign", "bounding_box": [1283, 335, 1297, 358]}, {"label": "dynamic", "bounding_box": [1712, 273, 1971, 327]}, {"label": "traffic sign", "bounding_box": [1283, 320, 1297, 334]}, {"label": "pole", "bounding_box": [1325, 274, 1338, 395]}, {"label": "traffic sign", "bounding_box": [1339, 296, 1363, 337]}, {"label": "traffic sign", "bounding_box": [1632, 294, 1652, 314]}, {"label": "traffic sign", "bounding_box": [1632, 315, 1652, 335]}, {"label": "traffic sign", "bounding_box": [1633, 335, 1650, 347]}, {"label": "car", "bounding_box": [1746, 363, 2047, 581]}, {"label": "pole", "bounding_box": [1681, 84, 1713, 600]}, {"label": "traffic sign", "bounding_box": [1637, 31, 1733, 152]}, {"label": "truck", "bounding_box": [1001, 218, 1270, 507]}, {"label": "vegetation", "bounding_box": [1600, 496, 2047, 697]}, {"label": "terrain", "bounding_box": [1732, 612, 2047, 728]}, {"label": "terrain", "bounding_box": [1466, 502, 1589, 569]}, {"label": "vegetation", "bounding_box": [1415, 434, 1608, 543]}, {"label": "pole", "bounding_box": [1397, 0, 1434, 500]}, {"label": "vegetation", "bounding_box": [1760, 0, 1886, 588]}, {"label": "vegetation", "bounding_box": [1369, 112, 1393, 489]}, {"label": "license plate", "bounding_box": [1024, 454, 1074, 465]}, {"label": "sky", "bounding_box": [1177, 87, 1205, 111]}, {"label": "ego vehicle", "bounding_box": [24, 796, 2047, 1023]}, {"label": "rectification border", "bounding_box": [416, 0, 2047, 28]}, {"label": "rectification border", "bounding_box": [2037, 509, 2047, 1023]}, {"label": "rectification border", "bounding_box": [0, 0, 17, 474]}, {"label": "rectification border", "bounding_box": [0, 977, 1937, 1023]}, {"label": "out of roi", "bounding_box": [0, 0, 2048, 1024]}]}