{"imgHeight": 1024, "imgWidth": 2048, "objects": [{"label": "sky", "bounding_box": [0, 0, 1371, 469]}, {"label": "sidewalk", "bounding_box": [1284, 434, 2047, 556]}, {"label": "static", "bounding_box": [747, 83, 765, 138]}, {"label": "road", "bounding_box": [0, 378, 2047, 1023]}, {"label": "sidewalk", "bounding_box": [0, 687, 534, 989]}, {"label": "building", "bounding_box": [662, 351, 1275, 444]}, {"label": "static", "bounding_box": [848, 243, 859, 273]}, {"label": "building", "bounding_box": [1278, 0, 2047, 500]}, {"label": "sidewalk", "bounding_box": [1214, 487, 1334, 504]}, {"label": "terrain", "bounding_box": [1221, 469, 1304, 495]}, {"label": "building", "bounding_box": [0, 184, 629, 446]}, {"label": "person", "bounding_box": [7, 394, 26, 408]}, {"label": "pole", "bounding_box": [848, 239, 957, 273]}, {"label": "static", "bounding_box": [173, 276, 315, 378]}, {"label": "person", "bounding_box": [135, 403, 152, 424]}, {"label": "person", "bounding_box": [33, 390, 47, 406]}, {"label": "car", "bounding_box": [0, 404, 160, 508]}, {"label": "pole", "bounding_box": [207, 0, 226, 352]}, {"label": "vegetation", "bounding_box": [988, 43, 1277, 296]}, {"label": "pole", "bounding_box": [747, 76, 1104, 256]}, {"label": "static", "bounding_box": [655, 345, 664, 403]}, {"label": "static", "bounding_box": [1222, 459, 1233, 474]}, {"label": "bus", "bounding_box": [803, 252, 1239, 538]}, {"label": "license plate", "bounding_box": [1087, 499, 1139, 512]}, {"label": "static", "bounding_box": [453, 416, 555, 454]}, {"label": "person", "bounding_box": [501, 416, 516, 452]}, {"label": "sidewalk", "bounding_box": [404, 466, 521, 490]}, {"label": "static", "bounding_box": [0, 123, 62, 180]}, {"label": "person", "bounding_box": [792, 417, 801, 438]}, {"label": "pole", "bounding_box": [771, 239, 844, 440]}, {"label": "pole", "bounding_box": [679, 188, 781, 427]}, {"label": "pole", "bounding_box": [668, 251, 679, 424]}, {"label": "static", "bounding_box": [649, 299, 655, 378]}, {"label": "pole", "bounding_box": [662, 299, 667, 424]}, {"label": "static", "bounding_box": [655, 302, 664, 345]}, {"label": "pole", "bounding_box": [654, 295, 658, 407]}, {"label": "pole", "bounding_box": [646, 291, 651, 402]}, {"label": "static", "bounding_box": [643, 295, 650, 374]}, {"label": "static", "bounding_box": [643, 383, 651, 402]}, {"label": "static", "bounding_box": [672, 347, 677, 356]}, {"label": "static", "bounding_box": [675, 391, 688, 404]}, {"label": "static", "bounding_box": [571, 335, 583, 406]}, {"label": "static", "bounding_box": [547, 330, 566, 357]}, {"label": "static", "bounding_box": [551, 365, 566, 382]}, {"label": "pole", "bounding_box": [551, 80, 701, 420]}, {"label": "pole", "bounding_box": [474, 263, 620, 474]}, {"label": "static", "bounding_box": [617, 249, 628, 285]}, {"label": "car", "bounding_box": [671, 423, 701, 444]}, {"label": "cargroup", "bounding_box": [650, 420, 687, 461]}, {"label": "cargroup", "bounding_box": [721, 416, 757, 431]}, {"label": "car", "bounding_box": [755, 420, 773, 436]}, {"label": "car", "bounding_box": [714, 424, 776, 462]}, {"label": "car", "bounding_box": [679, 419, 743, 469]}, {"label": "license plate", "bounding_box": [696, 453, 713, 457]}, {"label": "car", "bounding_box": [546, 417, 570, 440]}, {"label": "car", "bounding_box": [545, 404, 579, 444]}, {"label": "car", "bounding_box": [515, 424, 566, 480]}, {"label": "license plate", "bounding_box": [532, 461, 555, 467]}, {"label": "car", "bounding_box": [547, 390, 666, 487]}, {"label": "license plate", "bounding_box": [582, 463, 609, 470]}, {"label": "pole", "bounding_box": [511, 452, 513, 471]}, {"label": "traffic light", "bounding_box": [273, 110, 294, 167]}, {"label": "pole", "bounding_box": [498, 452, 500, 473]}, {"label": "pole", "bounding_box": [462, 457, 465, 475]}, {"label": "static", "bounding_box": [354, 352, 387, 361]}, {"label": "pole", "bounding_box": [42, 105, 278, 406]}, {"label": "static", "bounding_box": [354, 364, 387, 372]}, {"label": "static", "bounding_box": [356, 375, 389, 383]}, {"label": "pole", "bounding_box": [369, 351, 374, 415]}, {"label": "car", "bounding_box": [360, 408, 456, 494]}, {"label": "car", "bounding_box": [126, 375, 389, 526]}, {"label": "pole", "bounding_box": [48, 0, 135, 760]}, {"label": "static", "bounding_box": [143, 349, 318, 528]}, {"label": "static", "bounding_box": [221, 114, 231, 142]}, {"label": "traffic sign", "bounding_box": [179, 286, 245, 305]}, {"label": "traffic sign", "bounding_box": [167, 326, 214, 343]}, {"label": "traffic sign", "bounding_box": [222, 327, 264, 343]}, {"label": "pole", "bounding_box": [208, 345, 236, 717]}, {"label": "pole", "bounding_box": [28, 516, 148, 794]}, {"label": "car", "bounding_box": [1252, 429, 1276, 458]}, {"label": "pole", "bounding_box": [1234, 390, 1264, 417]}, {"label": "pole", "bounding_box": [1234, 231, 1268, 416]}, {"label": "bus", "bounding_box": [1260, 375, 1388, 470]}, {"label": "pole", "bounding_box": [1273, 358, 1326, 369]}, {"label": "traffic light", "bounding_box": [1269, 368, 1276, 383]}, {"label": "car", "bounding_box": [1300, 433, 1386, 486]}, {"label": "license plate", "bounding_box": [1348, 458, 1368, 463]}, {"label": "pole", "bounding_box": [1255, 452, 1264, 487]}, {"label": "static", "bounding_box": [1235, 462, 1245, 474]}, {"label": "pole", "bounding_box": [1241, 450, 1250, 479]}, {"label": "pole", "bounding_box": [1239, 118, 1361, 378]}, {"label": "traffic sign", "bounding_box": [1390, 412, 1403, 428]}, {"label": "pole", "bounding_box": [1397, 427, 1399, 467]}, {"label": "person", "bounding_box": [1447, 425, 1464, 469]}, {"label": "pole", "bounding_box": [1461, 373, 1466, 440]}, {"label": "traffic sign", "bounding_box": [1443, 373, 1464, 406]}, {"label": "building", "bounding_box": [1453, 399, 1519, 478]}, {"label": "static", "bounding_box": [1455, 437, 1478, 473]}, {"label": "pole", "bounding_box": [1592, 362, 1600, 421]}, {"label": "dynamic", "bounding_box": [1906, 442, 1980, 511]}, {"label": "static", "bounding_box": [1554, 374, 1596, 394]}, {"label": "pole", "bounding_box": [1694, 0, 1720, 459]}, {"label": "pole", "bounding_box": [1747, 297, 1772, 492]}, {"label": "traffic sign", "bounding_box": [1742, 280, 1821, 305]}, {"label": "traffic sign", "bounding_box": [1741, 306, 1820, 330]}, {"label": "traffic sign", "bounding_box": [1741, 331, 1818, 354]}, {"label": "traffic sign", "bounding_box": [1739, 356, 1818, 379]}, {"label": "car", "bounding_box": [1506, 415, 1749, 519]}, {"label": "license plate", "bounding_box": [1532, 465, 1565, 475]}, {"label": "pole", "bounding_box": [1932, 316, 1950, 512]}, {"label": "traffic light", "bounding_box": [1909, 337, 1940, 377]}, {"label": "traffic light", "bounding_box": [1942, 322, 1961, 341]}, {"label": "person", "bounding_box": [1977, 415, 2024, 499]}, {"label": "person", "bounding_box": [1960, 398, 1999, 509]}, {"label": "ego vehicle", "bounding_box": [24, 796, 2047, 1023]}, {"label": "rectification border", "bounding_box": [416, 0, 2047, 28]}, {"label": "rectification border", "bounding_box": [2037, 509, 2047, 1023]}, {"label": "rectification border", "bounding_box": [0, 0, 17, 474]}, {"label": "rectification border", "bounding_box": [0, 977, 1937, 1023]}, {"label": "out of roi", "bounding_box": [0, 0, 2048, 1024]}]}