{"imgHeight": 1024, "imgWidth": 2048, "objects": [{"label": "road", "bounding_box": [0, 392, 2047, 1023]}, {"label": "sky", "bounding_box": [109, 0, 836, 328]}, {"label": "building", "bounding_box": [0, 0, 1814, 498]}, {"label": "pole", "bounding_box": [70, 372, 75, 426]}, {"label": "vegetation", "bounding_box": [128, 50, 525, 431]}, {"label": "vegetation", "bounding_box": [678, 0, 1112, 429]}, {"label": "person", "bounding_box": [31, 382, 68, 441]}, {"label": "pole", "bounding_box": [226, 375, 232, 409]}, {"label": "traffic sign", "bounding_box": [66, 335, 78, 375]}, {"label": "person", "bounding_box": [83, 382, 115, 410]}, {"label": "static", "bounding_box": [275, 280, 316, 333]}, {"label": "pole", "bounding_box": [284, 297, 299, 439]}, {"label": "static", "bounding_box": [251, 351, 286, 434]}, {"label": "static", "bounding_box": [309, 336, 339, 365]}, {"label": "dynamic", "bounding_box": [425, 349, 452, 405]}, {"label": "static", "bounding_box": [296, 356, 339, 467]}, {"label": "static", "bounding_box": [451, 315, 492, 363]}, {"label": "pole", "bounding_box": [510, 303, 518, 396]}, {"label": "static", "bounding_box": [527, 218, 607, 381]}, {"label": "person", "bounding_box": [322, 396, 338, 444]}, {"label": "sidewalk", "bounding_box": [746, 399, 1412, 460]}, {"label": "pole", "bounding_box": [392, 309, 399, 416]}, {"label": "pole", "bounding_box": [322, 349, 330, 441]}, {"label": "traffic sign", "bounding_box": [399, 380, 413, 391]}, {"label": "car", "bounding_box": [293, 383, 480, 518]}, {"label": "car", "bounding_box": [0, 390, 310, 549]}, {"label": "license plate", "bounding_box": [319, 471, 352, 483]}, {"label": "traffic sign", "bounding_box": [217, 349, 239, 378]}, {"label": "license plate", "bounding_box": [0, 500, 42, 519]}, {"label": "traffic light", "bounding_box": [692, 318, 707, 373]}, {"label": "pole", "bounding_box": [697, 318, 707, 373]}, {"label": "car", "bounding_box": [673, 369, 749, 426]}, {"label": "static", "bounding_box": [755, 408, 771, 443]}, {"label": "car", "bounding_box": [322, 365, 769, 601]}, {"label": "person", "bounding_box": [759, 373, 793, 444]}, {"label": "fence", "bounding_box": [800, 403, 836, 435]}, {"label": "static", "bounding_box": [823, 280, 851, 310]}, {"label": "traffic light", "bounding_box": [822, 318, 839, 360]}, {"label": "traffic light", "bounding_box": [842, 338, 856, 359]}, {"label": "static", "bounding_box": [819, 307, 855, 322]}, {"label": "static", "bounding_box": [827, 366, 840, 382]}, {"label": "pole", "bounding_box": [832, 280, 850, 410]}, {"label": "person", "bounding_box": [849, 382, 863, 430]}, {"label": "bicyclegroup", "bounding_box": [807, 384, 852, 452]}, {"label": "vegetation", "bounding_box": [1390, 0, 1654, 366]}, {"label": "pole", "bounding_box": [858, 408, 863, 434]}, {"label": "person", "bounding_box": [867, 389, 886, 432]}, {"label": "static", "bounding_box": [839, 415, 871, 446]}, {"label": "pole", "bounding_box": [908, 356, 911, 413]}, {"label": "traffic sign", "bounding_box": [901, 346, 916, 363]}, {"label": "car", "bounding_box": [879, 377, 996, 435]}, {"label": "traffic sign", "bounding_box": [916, 346, 933, 364]}, {"label": "traffic sign", "bounding_box": [915, 328, 933, 346]}, {"label": "static", "bounding_box": [1147, 379, 1199, 407]}, {"label": "pole", "bounding_box": [884, 318, 897, 436]}, {"label": "static", "bounding_box": [870, 374, 891, 406]}, {"label": "pole", "bounding_box": [918, 295, 929, 440]}, {"label": "car", "bounding_box": [1025, 366, 1127, 414]}, {"label": "person", "bounding_box": [1106, 366, 1121, 413]}, {"label": "static", "bounding_box": [1102, 393, 1132, 418]}, {"label": "bicyclegroup", "bounding_box": [1134, 386, 1193, 415]}, {"label": "pole", "bounding_box": [1194, 316, 1204, 410]}, {"label": "dynamic", "bounding_box": [1257, 322, 1429, 403]}, {"label": "dynamic", "bounding_box": [1214, 361, 1225, 405]}, {"label": "person", "bounding_box": [1267, 360, 1279, 402]}, {"label": "person", "bounding_box": [1280, 357, 1292, 403]}, {"label": "person", "bounding_box": [1296, 356, 1313, 389]}, {"label": "person", "bounding_box": [1371, 357, 1387, 402]}, {"label": "person", "bounding_box": [1395, 358, 1406, 382]}, {"label": "person", "bounding_box": [1410, 356, 1424, 374]}, {"label": "static", "bounding_box": [1249, 342, 1260, 403]}, {"label": "persongroup", "bounding_box": [1435, 353, 1456, 368]}, {"label": "ground", "bounding_box": [1264, 416, 1501, 461]}, {"label": "pole", "bounding_box": [1423, 215, 1551, 390]}, {"label": "car", "bounding_box": [1382, 364, 1497, 422]}, {"label": "license plate", "bounding_box": [1396, 400, 1416, 407]}, {"label": "traffic sign", "bounding_box": [1430, 245, 1458, 275]}, {"label": "traffic light", "bounding_box": [1430, 322, 1442, 341]}, {"label": "pole", "bounding_box": [1443, 327, 1454, 425]}, {"label": "traffic light", "bounding_box": [1418, 286, 1471, 330]}, {"label": "static", "bounding_box": [1545, 248, 1607, 299]}, {"label": "car", "bounding_box": [1482, 306, 1595, 435]}, {"label": "truck", "bounding_box": [1547, 0, 2047, 718]}, {"label": "pole", "bounding_box": [1313, 403, 1317, 450]}, {"label": "traffic sign", "bounding_box": [1298, 376, 1331, 410]}, {"label": "car", "bounding_box": [929, 374, 1099, 474]}, {"label": "license plate", "bounding_box": [960, 441, 1000, 452]}, {"label": "license plate", "bounding_box": [399, 519, 488, 540]}, {"label": "traffic sign", "bounding_box": [1555, 378, 1575, 448]}, {"label": "traffic sign", "bounding_box": [1507, 381, 1543, 513]}, {"label": "traffic sign", "bounding_box": [1507, 381, 1543, 513]}, {"label": "dynamic", "bounding_box": [1549, 444, 1582, 456]}, {"label": "dynamic", "bounding_box": [1498, 505, 1550, 525]}, {"label": "static", "bounding_box": [1621, 657, 1773, 714]}, {"label": "pole", "bounding_box": [1043, 325, 1047, 374]}, {"label": "traffic light", "bounding_box": [1033, 326, 1044, 351]}, {"label": "vegetation", "bounding_box": [1091, 89, 1395, 409]}, {"label": "pole", "bounding_box": [1377, 0, 1401, 430]}, {"label": "static", "bounding_box": [868, 333, 883, 358]}, {"label": "static", "bounding_box": [790, 422, 804, 443]}, {"label": "traffic sign", "bounding_box": [1649, 376, 1734, 673]}, {"label": "dynamic", "bounding_box": [1619, 658, 1775, 716]}, {"label": "static", "bounding_box": [0, 432, 1351, 1023]}, {"label": "ground", "bounding_box": [102, 919, 227, 1023]}, {"label": "ground", "bounding_box": [221, 782, 454, 978]}, {"label": "ground", "bounding_box": [411, 920, 498, 963]}, {"label": "ground", "bounding_box": [497, 863, 578, 899]}, {"label": "ground", "bounding_box": [454, 753, 532, 846]}, {"label": "ground", "bounding_box": [568, 815, 645, 843]}, {"label": "ground", "bounding_box": [513, 721, 590, 808]}, {"label": "ground", "bounding_box": [561, 683, 648, 766]}, {"label": "traffic sign", "bounding_box": [878, 319, 887, 327]}, {"label": "ground", "bounding_box": [630, 776, 703, 804]}, {"label": "ground", "bounding_box": [639, 662, 693, 734]}, {"label": "ground", "bounding_box": [682, 748, 746, 769]}, {"label": "ground", "bounding_box": [724, 722, 781, 739]}, {"label": "ground", "bounding_box": [675, 622, 773, 710]}, {"label": "ground", "bounding_box": [767, 697, 815, 714]}, {"label": "ground", "bounding_box": [799, 680, 840, 692]}, {"label": "ground", "bounding_box": [771, 615, 801, 663]}, {"label": "ground", "bounding_box": [782, 523, 1014, 646]}, {"label": "ground", "bounding_box": [1012, 520, 1027, 527]}, {"label": "ground", "bounding_box": [1017, 510, 1062, 521]}, {"label": "ground", "bounding_box": [1064, 492, 1109, 508]}, {"label": "ground", "bounding_box": [1111, 489, 1127, 493]}, {"label": "ground", "bounding_box": [858, 646, 892, 655]}, {"label": "ground", "bounding_box": [888, 517, 1141, 647]}, {"label": "ego vehicle", "bounding_box": [24, 796, 2047, 1023]}, {"label": "rectification border", "bounding_box": [416, 0, 2047, 28]}, {"label": "rectification border", "bounding_box": [2037, 509, 2047, 1023]}, {"label": "rectification border", "bounding_box": [0, 0, 17, 474]}, {"label": "rectification border", "bounding_box": [0, 977, 1937, 1023]}, {"label": "out of roi", "bounding_box": [0, 0, 2048, 1024]}]}