{"imgHeight": 1024, "imgWidth": 2048, "objects": [{"label": "road", "bounding_box": [0, 393, 2047, 1023]}, {"label": "parking", "bounding_box": [1300, 419, 2047, 1017]}, {"label": "pole", "bounding_box": [1157, 351, 1159, 411]}, {"label": "sky", "bounding_box": [978, 0, 1712, 253]}, {"label": "parking", "bounding_box": [1049, 423, 1190, 487]}, {"label": "building", "bounding_box": [942, 0, 2047, 604]}, {"label": "traffic sign", "bounding_box": [1151, 371, 1167, 389]}, {"label": "traffic sign", "bounding_box": [1147, 342, 1172, 375]}, {"label": "pole", "bounding_box": [1162, 345, 1167, 403]}, {"label": "building", "bounding_box": [0, 0, 995, 596]}, {"label": "car", "bounding_box": [1090, 392, 1181, 438]}, {"label": "traffic sign", "bounding_box": [961, 302, 971, 322]}, {"label": "parking", "bounding_box": [0, 413, 1075, 1023]}, {"label": "static", "bounding_box": [1120, 403, 1149, 440]}, {"label": "vegetation", "bounding_box": [711, 0, 1434, 441]}, {"label": "pole", "bounding_box": [1264, 370, 1265, 403]}, {"label": "pole", "bounding_box": [1248, 373, 1249, 405]}, {"label": "static", "bounding_box": [1249, 371, 1263, 390]}, {"label": "car", "bounding_box": [1256, 378, 1324, 413]}, {"label": "rider", "bounding_box": [1302, 397, 1308, 406]}, {"label": "car", "bounding_box": [1243, 395, 1325, 427]}, {"label": "traffic sign", "bounding_box": [1151, 334, 1178, 359]}, {"label": "static", "bounding_box": [1099, 405, 1130, 442]}, {"label": "pole", "bounding_box": [1069, 252, 1087, 364]}, {"label": "car", "bounding_box": [1025, 350, 1107, 478]}, {"label": "dynamic", "bounding_box": [1032, 471, 1100, 492]}, {"label": "traffic sign", "bounding_box": [904, 306, 918, 318]}, {"label": "traffic sign", "bounding_box": [902, 277, 923, 307]}, {"label": "traffic sign", "bounding_box": [901, 318, 918, 343]}, {"label": "car", "bounding_box": [816, 336, 1048, 495]}, {"label": "traffic sign", "bounding_box": [792, 320, 816, 356]}, {"label": "pole", "bounding_box": [791, 342, 795, 373]}, {"label": "traffic sign", "bounding_box": [784, 319, 797, 354]}, {"label": "car", "bounding_box": [754, 356, 1022, 514]}, {"label": "dynamic", "bounding_box": [942, 504, 982, 517]}, {"label": "car", "bounding_box": [734, 375, 897, 556]}, {"label": "traffic sign", "bounding_box": [547, 337, 570, 363]}, {"label": "traffic sign", "bounding_box": [550, 314, 573, 340]}, {"label": "traffic sign", "bounding_box": [550, 249, 578, 316]}, {"label": "license plate", "bounding_box": [808, 444, 852, 464]}, {"label": "pole", "bounding_box": [419, 0, 447, 398]}, {"label": "static", "bounding_box": [148, 125, 439, 215]}, {"label": "static", "bounding_box": [315, 131, 423, 236]}, {"label": "static", "bounding_box": [387, 156, 414, 186]}, {"label": "static", "bounding_box": [345, 149, 383, 185]}, {"label": "static", "bounding_box": [339, 198, 383, 232]}, {"label": "pole", "bounding_box": [320, 217, 344, 419]}, {"label": "pole", "bounding_box": [52, 329, 66, 403]}, {"label": "traffic sign", "bounding_box": [37, 298, 95, 346]}, {"label": "traffic sign", "bounding_box": [39, 251, 97, 304]}, {"label": "traffic sign", "bounding_box": [39, 149, 105, 260]}, {"label": "static", "bounding_box": [208, 11, 437, 144]}, {"label": "car", "bounding_box": [411, 355, 834, 619]}, {"label": "license plate", "bounding_box": [696, 467, 776, 500]}, {"label": "car", "bounding_box": [103, 377, 787, 717]}, {"label": "car", "bounding_box": [0, 365, 366, 874]}, {"label": "static", "bounding_box": [1495, 338, 1517, 352]}, {"label": "car", "bounding_box": [1355, 386, 1442, 475]}, {"label": "license plate", "bounding_box": [1363, 417, 1381, 425]}, {"label": "car", "bounding_box": [1393, 351, 1585, 484]}, {"label": "car", "bounding_box": [1466, 375, 1638, 536]}, {"label": "car", "bounding_box": [1540, 361, 1690, 556]}, {"label": "license plate", "bounding_box": [1578, 439, 1604, 459]}, {"label": "car", "bounding_box": [1598, 307, 2047, 590]}, {"label": "car", "bounding_box": [1735, 363, 2047, 638]}, {"label": "car", "bounding_box": [1925, 398, 2047, 760]}, {"label": "person", "bounding_box": [1311, 322, 1381, 563]}, {"label": "person", "bounding_box": [1404, 315, 1523, 568]}, {"label": "license plate", "bounding_box": [0, 584, 208, 659]}, {"label": "license plate", "bounding_box": [595, 521, 704, 560]}, {"label": "license plate", "bounding_box": [946, 425, 990, 440]}, {"label": "license plate", "bounding_box": [1069, 427, 1085, 434]}, {"label": "license plate", "bounding_box": [1806, 478, 1899, 505]}, {"label": "license plate", "bounding_box": [1642, 438, 1708, 461]}, {"label": "license plate", "bounding_box": [1483, 480, 1514, 496]}, {"label": "dynamic", "bounding_box": [767, 609, 809, 646]}, {"label": "static", "bounding_box": [1709, 254, 1777, 298]}, {"label": "static", "bounding_box": [1767, 237, 1824, 293]}, {"label": "static", "bounding_box": [1776, 198, 1817, 233]}, {"label": "static", "bounding_box": [1916, 195, 1976, 245]}, {"label": "static", "bounding_box": [600, 0, 650, 161]}, {"label": "static", "bounding_box": [243, 0, 320, 119]}, {"label": "static", "bounding_box": [1589, 280, 1629, 292]}, {"label": "static", "bounding_box": [1599, 295, 1623, 318]}, {"label": "ego vehicle", "bounding_box": [24, 796, 2047, 1023]}, {"label": "rectification border", "bounding_box": [416, 0, 2047, 28]}, {"label": "rectification border", "bounding_box": [2037, 509, 2047, 1023]}, {"label": "rectification border", "bounding_box": [0, 0, 17, 474]}, {"label": "rectification border", "bounding_box": [0, 977, 1937, 1023]}, {"label": "out of roi", "bounding_box": [0, 0, 2048, 1024]}]}