{"imgHeight": 1024, "imgWidth": 2048, "objects": [{"label": "road", "bounding_box": [0, 340, 2047, 1023]}, {"label": "sidewalk", "bounding_box": [956, 401, 1120, 441]}, {"label": "sidewalk", "bounding_box": [1410, 400, 2047, 773]}, {"label": "sidewalk", "bounding_box": [0, 347, 1039, 766]}, {"label": "sky", "bounding_box": [938, 0, 1171, 127]}, {"label": "building", "bounding_box": [695, 0, 1574, 434]}, {"label": "pole", "bounding_box": [801, 258, 841, 411]}, {"label": "caravan", "bounding_box": [791, 382, 872, 453]}, {"label": "building", "bounding_box": [0, 0, 831, 562]}, {"label": "pole", "bounding_box": [1217, 241, 1224, 345]}, {"label": "pole", "bounding_box": [783, 149, 796, 472]}, {"label": "person", "bounding_box": [666, 377, 700, 462]}, {"label": "vegetation", "bounding_box": [651, 0, 1349, 500]}, {"label": "building", "bounding_box": [1316, 0, 2047, 510]}, {"label": "vegetation", "bounding_box": [1361, 0, 1809, 327]}, {"label": "pole", "bounding_box": [864, 183, 991, 421]}, {"label": "person", "bounding_box": [968, 401, 984, 446]}, {"label": "car", "bounding_box": [940, 401, 976, 449]}, {"label": "car", "bounding_box": [903, 393, 969, 451]}, {"label": "license plate", "bounding_box": [925, 420, 945, 424]}, {"label": "car", "bounding_box": [890, 398, 938, 462]}, {"label": "car", "bounding_box": [834, 398, 938, 469]}, {"label": "license plate", "bounding_box": [867, 443, 894, 451]}, {"label": "terrain", "bounding_box": [320, 512, 641, 573]}, {"label": "person", "bounding_box": [747, 382, 785, 451]}, {"label": "bicyclegroup", "bounding_box": [603, 405, 857, 510]}, {"label": "static", "bounding_box": [540, 454, 611, 525]}, {"label": "bicycle", "bounding_box": [479, 428, 674, 532]}, {"label": "bicycle", "bounding_box": [479, 428, 674, 532]}, {"label": "vegetation", "bounding_box": [449, 0, 619, 558]}, {"label": "static", "bounding_box": [378, 395, 472, 570]}, {"label": "static", "bounding_box": [1224, 335, 1267, 418]}, {"label": "car", "bounding_box": [1108, 383, 1242, 448]}, {"label": "car", "bounding_box": [1115, 378, 1346, 545]}, {"label": "license plate", "bounding_box": [1154, 449, 1207, 466]}, {"label": "car", "bounding_box": [1290, 306, 1937, 578]}, {"label": "license plate", "bounding_box": [1336, 446, 1389, 471]}, {"label": "motorcycle", "bounding_box": [1830, 382, 1975, 614]}, {"label": "pole", "bounding_box": [1843, 467, 1896, 639]}, {"label": "pole", "bounding_box": [1744, 456, 1769, 604]}, {"label": "motorcycle", "bounding_box": [1384, 400, 1614, 626]}, {"label": "pole", "bounding_box": [1031, 378, 1034, 428]}, {"label": "motorcycle", "bounding_box": [1478, 368, 1739, 646]}, {"label": "license plate", "bounding_box": [1435, 524, 1462, 552]}, {"label": "license plate", "bounding_box": [1493, 517, 1523, 542]}, {"label": "pole", "bounding_box": [1083, 370, 1085, 438]}, {"label": "traffic sign", "bounding_box": [1074, 363, 1093, 373]}, {"label": "traffic sign", "bounding_box": [1079, 372, 1090, 380]}, {"label": "traffic sign", "bounding_box": [1026, 372, 1036, 391]}, {"label": "traffic sign", "bounding_box": [1026, 362, 1037, 373]}, {"label": "static", "bounding_box": [988, 334, 1004, 350]}, {"label": "pole", "bounding_box": [991, 340, 998, 408]}, {"label": "person", "bounding_box": [1004, 401, 1032, 434]}, {"label": "static", "bounding_box": [988, 410, 1074, 446]}, {"label": "rider", "bounding_box": [981, 396, 1001, 448]}, {"label": "bicycle", "bounding_box": [988, 421, 993, 453]}, {"label": "ego vehicle", "bounding_box": [24, 796, 2047, 1023]}, {"label": "rectification border", "bounding_box": [416, 0, 2047, 28]}, {"label": "rectification border", "bounding_box": [2037, 509, 2047, 1023]}, {"label": "rectification border", "bounding_box": [0, 0, 17, 474]}, {"label": "rectification border", "bounding_box": [0, 977, 1937, 1023]}, {"label": "out of roi", "bounding_box": [0, 0, 2048, 1024]}]}