{"imgHeight": 1024, "imgWidth": 2048, "objects": [{"label": "sky", "bounding_box": [576, 0, 1027, 417]}, {"label": "road", "bounding_box": [0, 442, 2047, 1023]}, {"label": "static", "bounding_box": [631, 397, 875, 449]}, {"label": "vegetation", "bounding_box": [661, 264, 900, 452]}, {"label": "sidewalk", "bounding_box": [734, 443, 818, 452]}, {"label": "static", "bounding_box": [702, 298, 709, 339]}, {"label": "bridge", "bounding_box": [643, 325, 898, 449]}, {"label": "ground", "bounding_box": [751, 450, 815, 455]}, {"label": "traffic sign", "bounding_box": [781, 419, 790, 428]}, {"label": "building", "bounding_box": [0, 0, 653, 512]}, {"label": "building", "bounding_box": [846, 0, 2047, 612]}, {"label": "static", "bounding_box": [878, 343, 890, 359]}, {"label": "pole", "bounding_box": [688, 278, 773, 448]}, {"label": "vegetation", "bounding_box": [600, 353, 691, 439]}, {"label": "pole", "bounding_box": [636, 225, 749, 436]}, {"label": "vegetation", "bounding_box": [834, 342, 935, 429]}, {"label": "traffic sign", "bounding_box": [854, 405, 869, 419]}, {"label": "person", "bounding_box": [522, 375, 593, 581]}, {"label": "traffic sign", "bounding_box": [853, 418, 867, 429]}, {"label": "traffic sign", "bounding_box": [852, 426, 867, 437]}, {"label": "dynamic", "bounding_box": [845, 428, 874, 462]}, {"label": "traffic sign", "bounding_box": [929, 390, 939, 405]}, {"label": "car", "bounding_box": [862, 422, 889, 470]}, {"label": "car", "bounding_box": [870, 401, 951, 463]}, {"label": "car", "bounding_box": [800, 417, 852, 467]}, {"label": "car", "bounding_box": [808, 434, 856, 468]}, {"label": "license plate", "bounding_box": [827, 449, 842, 452]}, {"label": "car", "bounding_box": [871, 414, 964, 502]}, {"label": "car", "bounding_box": [902, 428, 961, 511]}, {"label": "car", "bounding_box": [938, 414, 1040, 461]}, {"label": "car", "bounding_box": [916, 420, 1060, 557]}, {"label": "license plate", "bounding_box": [958, 507, 990, 519]}, {"label": "vegetation", "bounding_box": [553, 270, 599, 363]}, {"label": "vegetation", "bounding_box": [0, 41, 202, 435]}, {"label": "pole", "bounding_box": [550, 99, 702, 166]}, {"label": "person", "bounding_box": [578, 422, 594, 444]}, {"label": "person", "bounding_box": [597, 422, 613, 440]}, {"label": "car", "bounding_box": [709, 429, 743, 460]}, {"label": "car", "bounding_box": [707, 430, 735, 461]}, {"label": "car", "bounding_box": [709, 435, 729, 461]}, {"label": "car", "bounding_box": [702, 434, 723, 463]}, {"label": "car", "bounding_box": [678, 434, 716, 466]}, {"label": "car", "bounding_box": [666, 434, 707, 468]}, {"label": "car", "bounding_box": [625, 428, 680, 484]}, {"label": "car", "bounding_box": [599, 434, 655, 489]}, {"label": "car", "bounding_box": [571, 436, 633, 493]}, {"label": "car", "bounding_box": [565, 439, 624, 500]}, {"label": "car", "bounding_box": [563, 441, 597, 507]}, {"label": "truck", "bounding_box": [0, 66, 577, 705]}, {"label": "license plate", "bounding_box": [23, 605, 163, 642]}, {"label": "dynamic", "bounding_box": [1215, 344, 1339, 395]}, {"label": "sidewalk", "bounding_box": [970, 504, 2047, 669]}, {"label": "dynamic", "bounding_box": [1272, 459, 1366, 521]}, {"label": "person", "bounding_box": [1291, 422, 1320, 490]}, {"label": "person", "bounding_box": [1324, 420, 1351, 474]}, {"label": "person", "bounding_box": [1295, 424, 1348, 516]}, {"label": "rider", "bounding_box": [1329, 419, 1375, 513]}, {"label": "bicycle", "bounding_box": [1327, 473, 1369, 533]}, {"label": "person", "bounding_box": [1364, 437, 1433, 577]}, {"label": "car", "bounding_box": [2019, 541, 2047, 641]}, {"label": "license plate", "bounding_box": [2031, 589, 2047, 612]}, {"label": "terrain", "bounding_box": [1013, 553, 1363, 600]}, {"label": "vegetation", "bounding_box": [962, 0, 1428, 586]}, {"label": "person", "bounding_box": [1490, 496, 1515, 549]}, {"label": "static", "bounding_box": [1083, 535, 1166, 590]}, {"label": "dynamic", "bounding_box": [1427, 466, 1755, 582]}, {"label": "vegetation", "bounding_box": [1233, 380, 1312, 485]}, {"label": "static", "bounding_box": [1185, 358, 1253, 584]}, {"label": "bicycle", "bounding_box": [1104, 417, 1361, 600]}, {"label": "person", "bounding_box": [1418, 331, 1490, 596]}, {"label": "person", "bounding_box": [1442, 336, 1561, 617]}, {"label": "person", "bounding_box": [1650, 341, 1770, 663]}, {"label": "person", "bounding_box": [1836, 316, 1946, 637]}, {"label": "person", "bounding_box": [1828, 344, 1930, 674]}, {"label": "person", "bounding_box": [1512, 314, 1646, 674]}, {"label": "person", "bounding_box": [1340, 336, 1434, 606]}, {"label": "person", "bounding_box": [1547, 289, 1699, 698]}, {"label": "person", "bounding_box": [1680, 318, 1868, 710]}, {"label": "person", "bounding_box": [1877, 313, 2021, 699]}, {"label": "ego vehicle", "bounding_box": [24, 796, 2047, 1023]}, {"label": "rectification border", "bounding_box": [416, 0, 2047, 28]}, {"label": "rectification border", "bounding_box": [2037, 509, 2047, 1023]}, {"label": "rectification border", "bounding_box": [0, 0, 17, 474]}, {"label": "rectification border", "bounding_box": [0, 977, 1937, 1023]}, {"label": "out of roi", "bounding_box": [0, 0, 2048, 1024]}]}