{"imgHeight": 1024, "imgWidth": 2048, "objects": [{"label": "sky", "bounding_box": [0, 0, 1826, 361]}, {"label": "road", "bounding_box": [0, 377, 2047, 1023]}, {"label": "building", "bounding_box": [156, 0, 870, 399]}, {"label": "vegetation", "bounding_box": [0, 107, 730, 473]}, {"label": "vegetation", "bounding_box": [764, 71, 2047, 417]}, {"label": "persongroup", "bounding_box": [954, 403, 968, 417]}, {"label": "pole", "bounding_box": [947, 349, 952, 417]}, {"label": "traffic sign", "bounding_box": [947, 378, 965, 395]}, {"label": "static", "bounding_box": [916, 375, 928, 385]}, {"label": "pole", "bounding_box": [922, 377, 926, 407]}, {"label": "car", "bounding_box": [914, 401, 935, 418]}, {"label": "license plate", "bounding_box": [924, 413, 930, 415]}, {"label": "car", "bounding_box": [878, 394, 923, 418]}, {"label": "license plate", "bounding_box": [910, 412, 917, 414]}, {"label": "bus", "bounding_box": [802, 371, 887, 425]}, {"label": "license plate", "bounding_box": [863, 414, 871, 417]}, {"label": "ground", "bounding_box": [827, 416, 942, 429]}, {"label": "traffic light", "bounding_box": [956, 313, 962, 330]}, {"label": "static", "bounding_box": [885, 350, 911, 369]}, {"label": "pole", "bounding_box": [898, 316, 960, 417]}, {"label": "traffic light", "bounding_box": [699, 312, 708, 333]}, {"label": "traffic light", "bounding_box": [746, 305, 756, 326]}, {"label": "pole", "bounding_box": [700, 312, 874, 420]}, {"label": "traffic light", "bounding_box": [860, 365, 867, 378]}, {"label": "traffic light", "bounding_box": [869, 363, 878, 376]}, {"label": "pole", "bounding_box": [1072, 380, 1076, 413]}, {"label": "traffic sign", "bounding_box": [1056, 364, 1075, 385]}, {"label": "pole", "bounding_box": [1020, 221, 1092, 412]}, {"label": "pole", "bounding_box": [1097, 378, 1101, 412]}, {"label": "traffic sign", "bounding_box": [1093, 364, 1102, 380]}, {"label": "pole", "bounding_box": [1053, 289, 1121, 411]}, {"label": "traffic light", "bounding_box": [1111, 349, 1118, 361]}, {"label": "pole", "bounding_box": [1013, 151, 1133, 411]}, {"label": "static", "bounding_box": [1122, 395, 1129, 403]}, {"label": "pole", "bounding_box": [1145, 371, 1147, 417]}, {"label": "traffic sign", "bounding_box": [1146, 375, 1153, 377]}, {"label": "traffic sign", "bounding_box": [1139, 371, 1145, 375]}, {"label": "static", "bounding_box": [1252, 366, 1275, 389]}, {"label": "terrain", "bounding_box": [1209, 382, 1394, 424]}, {"label": "static", "bounding_box": [1162, 388, 1175, 400]}, {"label": "person", "bounding_box": [1155, 382, 1169, 409]}, {"label": "sidewalk", "bounding_box": [1086, 364, 1998, 442]}, {"label": "pole", "bounding_box": [1188, 333, 1200, 409]}, {"label": "traffic sign", "bounding_box": [1179, 316, 1202, 338]}, {"label": "static", "bounding_box": [1199, 321, 1222, 348]}, {"label": "bicycle", "bounding_box": [1173, 382, 1245, 435]}, {"label": "rider", "bounding_box": [1198, 346, 1232, 428]}, {"label": "traffic light", "bounding_box": [1193, 290, 1214, 317]}, {"label": "pole", "bounding_box": [1207, 269, 1220, 434]}, {"label": "pole", "bounding_box": [1260, 385, 1264, 406]}, {"label": "static", "bounding_box": [1368, 358, 1401, 388]}, {"label": "pole", "bounding_box": [619, 234, 693, 291]}, {"label": "pole", "bounding_box": [537, 172, 642, 348]}, {"label": "traffic light", "bounding_box": [302, 129, 317, 172]}, {"label": "pole", "bounding_box": [303, 147, 575, 346]}, {"label": "traffic light", "bounding_box": [549, 294, 563, 333]}, {"label": "traffic light", "bounding_box": [556, 308, 572, 332]}, {"label": "traffic light", "bounding_box": [566, 307, 588, 333]}, {"label": "sidewalk", "bounding_box": [0, 452, 284, 483]}, {"label": "terrain", "bounding_box": [242, 454, 283, 463]}, {"label": "terrain", "bounding_box": [470, 454, 504, 466]}, {"label": "building", "bounding_box": [337, 332, 467, 416]}, {"label": "vegetation", "bounding_box": [337, 324, 447, 391]}, {"label": "car", "bounding_box": [419, 399, 481, 456]}, {"label": "car", "bounding_box": [406, 399, 442, 461]}, {"label": "pole", "bounding_box": [266, 68, 418, 456]}, {"label": "car", "bounding_box": [273, 388, 429, 479]}, {"label": "license plate", "bounding_box": [307, 451, 342, 460]}, {"label": "car", "bounding_box": [58, 411, 180, 478]}, {"label": "license plate", "bounding_box": [76, 456, 97, 461]}, {"label": "car", "bounding_box": [131, 410, 251, 474]}, {"label": "license plate", "bounding_box": [148, 454, 169, 461]}, {"label": "car", "bounding_box": [472, 315, 837, 489]}, {"label": "license plate", "bounding_box": [777, 443, 814, 459]}, {"label": "building", "bounding_box": [1373, 185, 2047, 395]}, {"label": "building", "bounding_box": [1279, 21, 2047, 407]}, {"label": "building", "bounding_box": [1283, 191, 1356, 393]}, {"label": "bicycle", "bounding_box": [1324, 364, 1382, 399]}, {"label": "building", "bounding_box": [1353, 183, 1375, 410]}, {"label": "pole", "bounding_box": [1444, 65, 1519, 428]}, {"label": "traffic light", "bounding_box": [1515, 59, 1550, 119]}, {"label": "traffic light", "bounding_box": [1455, 261, 1485, 304]}, {"label": "traffic light", "bounding_box": [1448, 278, 1464, 306]}, {"label": "traffic sign", "bounding_box": [1282, 371, 1293, 379]}, {"label": "pole", "bounding_box": [1289, 378, 1318, 407]}, {"label": "traffic sign", "bounding_box": [1306, 350, 1319, 359]}, {"label": "pole", "bounding_box": [1304, 0, 1330, 422]}, {"label": "traffic sign", "bounding_box": [1309, 305, 1332, 325]}, {"label": "sidewalk", "bounding_box": [1275, 426, 2047, 481]}, {"label": "pole", "bounding_box": [1336, 376, 1345, 464]}, {"label": "bicyclegroup", "bounding_box": [1606, 349, 1692, 385]}, {"label": "traffic sign", "bounding_box": [1611, 204, 1654, 249]}, {"label": "person", "bounding_box": [1618, 315, 1639, 383]}, {"label": "person", "bounding_box": [1537, 326, 1577, 420]}, {"label": "person", "bounding_box": [1497, 329, 1537, 422]}, {"label": "person", "bounding_box": [1638, 329, 1668, 413]}, {"label": "traffic sign", "bounding_box": [1671, 288, 1704, 327]}, {"label": "person", "bounding_box": [1670, 333, 1709, 412]}, {"label": "dynamic", "bounding_box": [1696, 367, 1740, 411]}, {"label": "pole", "bounding_box": [1792, 198, 1806, 404]}, {"label": "terrain", "bounding_box": [1692, 402, 1842, 423]}, {"label": "static", "bounding_box": [1699, 386, 1794, 416]}, {"label": "vegetation", "bounding_box": [1604, 0, 2047, 374]}, {"label": "static", "bounding_box": [1683, 125, 1712, 194]}, {"label": "traffic light", "bounding_box": [1673, 196, 1702, 258]}, {"label": "pole", "bounding_box": [1630, 1, 1699, 455]}, {"label": "traffic light", "bounding_box": [1645, 217, 1679, 268]}, {"label": "traffic light", "bounding_box": [1698, 217, 1726, 264]}, {"label": "traffic light", "bounding_box": [1588, 0, 1632, 71]}, {"label": "traffic sign", "bounding_box": [1890, 0, 2001, 98]}, {"label": "car", "bounding_box": [1862, 333, 1991, 416]}, {"label": "license plate", "bounding_box": [1868, 390, 1882, 398]}, {"label": "car", "bounding_box": [1917, 334, 2047, 416]}, {"label": "license plate", "bounding_box": [1925, 385, 1946, 392]}, {"label": "sidewalk", "bounding_box": [1494, 493, 2047, 930]}, {"label": "pole", "bounding_box": [1807, 0, 1875, 569]}, {"label": "traffic light", "bounding_box": [1750, 21, 1808, 127]}, {"label": "traffic light", "bounding_box": [1974, 135, 2024, 210]}, {"label": "static", "bounding_box": [1980, 314, 2047, 401]}, {"label": "pole", "bounding_box": [2011, 80, 2045, 499]}, {"label": "traffic sign", "bounding_box": [2010, 210, 2045, 233]}, {"label": "pole", "bounding_box": [1022, 32, 1172, 132]}, {"label": "traffic light", "bounding_box": [1051, 290, 1057, 305]}, {"label": "pole", "bounding_box": [1105, 324, 1111, 413]}, {"label": "traffic sign", "bounding_box": [1108, 325, 1127, 346]}, {"label": "static", "bounding_box": [1861, 374, 1875, 409]}, {"label": "ego vehicle", "bounding_box": [24, 796, 2047, 1023]}, {"label": "rectification border", "bounding_box": [416, 0, 2047, 28]}, {"label": "rectification border", "bounding_box": [2037, 509, 2047, 1023]}, {"label": "rectification border", "bounding_box": [0, 0, 17, 474]}, {"label": "rectification border", "bounding_box": [0, 977, 1937, 1023]}, {"label": "out of roi", "bounding_box": [0, 0, 2048, 1024]}]}