{"imgHeight": 1024, "imgWidth": 2048, "objects": [{"label": "sky", "bounding_box": [0, 0, 2009, 245]}, {"label": "road", "bounding_box": [0, 373, 2047, 1023]}, {"label": "sidewalk", "bounding_box": [0, 410, 1405, 499]}, {"label": "ground", "bounding_box": [345, 461, 858, 527]}, {"label": "building", "bounding_box": [0, 0, 1869, 491]}, {"label": "sidewalk", "bounding_box": [1212, 416, 2047, 1023]}, {"label": "person", "bounding_box": [583, 417, 599, 462]}, {"label": "building", "bounding_box": [1695, 0, 2047, 496]}, {"label": "person", "bounding_box": [125, 460, 136, 489]}, {"label": "persongroup", "bounding_box": [108, 465, 124, 490]}, {"label": "static", "bounding_box": [78, 478, 136, 491]}, {"label": "person", "bounding_box": [587, 411, 608, 462]}, {"label": "rider", "bounding_box": [617, 434, 625, 447]}, {"label": "dynamic", "bounding_box": [609, 431, 634, 459]}, {"label": "static", "bounding_box": [604, 449, 650, 461]}, {"label": "static", "bounding_box": [102, 460, 115, 471]}, {"label": "car", "bounding_box": [0, 450, 83, 507]}, {"label": "static", "bounding_box": [208, 440, 254, 485]}, {"label": "pole", "bounding_box": [230, 349, 247, 484]}, {"label": "person", "bounding_box": [327, 435, 351, 475]}, {"label": "vegetation", "bounding_box": [121, 0, 557, 431]}, {"label": "static", "bounding_box": [371, 289, 424, 340]}, {"label": "static", "bounding_box": [387, 339, 434, 411]}, {"label": "terrain", "bounding_box": [270, 417, 1356, 486]}, {"label": "car", "bounding_box": [442, 425, 516, 481]}, {"label": "car", "bounding_box": [375, 415, 556, 489]}, {"label": "person", "bounding_box": [339, 406, 395, 513]}, {"label": "person", "bounding_box": [363, 406, 402, 514]}, {"label": "pole", "bounding_box": [381, 0, 429, 505]}, {"label": "traffic sign", "bounding_box": [393, 413, 443, 461]}, {"label": "person", "bounding_box": [452, 391, 489, 501]}, {"label": "person", "bounding_box": [462, 409, 510, 502]}, {"label": "terrain", "bounding_box": [349, 486, 559, 521]}, {"label": "traffic light", "bounding_box": [642, 331, 673, 369]}, {"label": "pole", "bounding_box": [636, 302, 658, 486]}, {"label": "traffic light", "bounding_box": [610, 314, 647, 376]}, {"label": "traffic sign", "bounding_box": [621, 280, 656, 313]}, {"label": "traffic sign", "bounding_box": [618, 368, 666, 410]}, {"label": "terrain", "bounding_box": [619, 459, 687, 486]}, {"label": "static", "bounding_box": [651, 410, 686, 456]}, {"label": "static", "bounding_box": [719, 429, 768, 453]}, {"label": "vegetation", "bounding_box": [719, 294, 816, 411]}, {"label": "person", "bounding_box": [756, 383, 792, 477]}, {"label": "person", "bounding_box": [771, 389, 803, 478]}, {"label": "pole", "bounding_box": [831, 157, 892, 448]}, {"label": "static", "bounding_box": [828, 438, 878, 451]}, {"label": "vegetation", "bounding_box": [1002, 271, 1117, 414]}, {"label": "pole", "bounding_box": [1414, 169, 1488, 382]}, {"label": "car", "bounding_box": [971, 395, 1080, 441]}, {"label": "car", "bounding_box": [866, 404, 1002, 498]}, {"label": "license plate", "bounding_box": [899, 440, 934, 450]}, {"label": "fence", "bounding_box": [1441, 383, 1590, 409]}, {"label": "pole", "bounding_box": [1179, 312, 1191, 387]}, {"label": "car", "bounding_box": [1142, 381, 1236, 429]}, {"label": "car", "bounding_box": [1088, 392, 1198, 486]}, {"label": "license plate", "bounding_box": [1120, 450, 1153, 458]}, {"label": "car", "bounding_box": [1336, 366, 1473, 431]}, {"label": "pole", "bounding_box": [1146, 195, 1370, 447]}, {"label": "traffic light", "bounding_box": [1135, 197, 1150, 244]}, {"label": "traffic sign", "bounding_box": [1361, 290, 1387, 326]}, {"label": "traffic sign", "bounding_box": [1342, 272, 1368, 300]}, {"label": "traffic light", "bounding_box": [1331, 301, 1361, 346]}, {"label": "traffic light", "bounding_box": [1230, 0, 1260, 17]}, {"label": "pole", "bounding_box": [1222, 0, 1462, 439]}, {"label": "static", "bounding_box": [1460, 406, 1496, 426]}, {"label": "pole", "bounding_box": [1491, 399, 1497, 425]}, {"label": "static", "bounding_box": [1511, 402, 1548, 423]}, {"label": "pole", "bounding_box": [1547, 403, 1551, 419]}, {"label": "pole", "bounding_box": [1513, 331, 1525, 425]}, {"label": "traffic sign", "bounding_box": [1505, 310, 1519, 324]}, {"label": "traffic sign", "bounding_box": [1508, 324, 1520, 333]}, {"label": "static", "bounding_box": [1514, 369, 1536, 399]}, {"label": "bicycle", "bounding_box": [1559, 385, 1588, 431]}, {"label": "fence", "bounding_box": [1584, 373, 1675, 441]}, {"label": "pole", "bounding_box": [1765, 52, 1823, 348]}, {"label": "static", "bounding_box": [1720, 322, 1874, 397]}, {"label": "pole", "bounding_box": [1878, 173, 1912, 316]}, {"label": "fence", "bounding_box": [1698, 361, 2047, 513]}, {"label": "wall", "bounding_box": [1637, 386, 1694, 467]}, {"label": "person", "bounding_box": [1645, 258, 1752, 557]}, {"label": "person", "bounding_box": [1808, 258, 1930, 548]}, {"label": "person", "bounding_box": [1916, 345, 1989, 537]}, {"label": "person", "bounding_box": [1736, 359, 1824, 552]}, {"label": "person", "bounding_box": [1997, 265, 2047, 575]}, {"label": "pole", "bounding_box": [1940, 0, 2045, 818]}, {"label": "traffic sign", "bounding_box": [1534, 214, 1594, 245]}, {"label": "traffic sign", "bounding_box": [1595, 207, 1659, 251]}, {"label": "traffic sign", "bounding_box": [1597, 251, 1635, 267]}, {"label": "pole", "bounding_box": [1587, 211, 1610, 473]}, {"label": "pole", "bounding_box": [1502, 397, 1517, 444]}, {"label": "pole", "bounding_box": [1422, 397, 1435, 451]}, {"label": "static", "bounding_box": [1630, 563, 1846, 769]}, {"label": "static", "bounding_box": [1448, 522, 1552, 646]}, {"label": "static", "bounding_box": [1355, 497, 1415, 588]}, {"label": "static", "bounding_box": [1280, 431, 1296, 461]}, {"label": "static", "bounding_box": [1258, 437, 1283, 498]}, {"label": "static", "bounding_box": [1301, 484, 1341, 552]}, {"label": "static", "bounding_box": [1268, 462, 1279, 504]}, {"label": "static", "bounding_box": [1277, 473, 1296, 528]}, {"label": "static", "bounding_box": [1765, 52, 1823, 152]}, {"label": "static", "bounding_box": [1878, 173, 1912, 235]}, {"label": "ego vehicle", "bounding_box": [24, 796, 2047, 1023]}, {"label": "rectification border", "bounding_box": [416, 0, 2047, 28]}, {"label": "rectification border", "bounding_box": [2037, 509, 2047, 1023]}, {"label": "rectification border", "bounding_box": [0, 0, 17, 474]}, {"label": "rectification border", "bounding_box": [0, 977, 1937, 1023]}, {"label": "out of roi", "bounding_box": [0, 0, 2048, 1024]}]}