{"imgHeight": 1024, "imgWidth": 2048, "objects": [{"label": "sky", "bounding_box": [1033, 0, 1382, 248]}, {"label": "road", "bounding_box": [0, 418, 2047, 1023]}, {"label": "sidewalk", "bounding_box": [1244, 437, 2047, 887]}, {"label": "sidewalk", "bounding_box": [0, 419, 1315, 787]}, {"label": "wall", "bounding_box": [1231, 400, 1299, 423]}, {"label": "building", "bounding_box": [0, 0, 1185, 585]}, {"label": "building", "bounding_box": [1273, 0, 2047, 488]}, {"label": "vegetation", "bounding_box": [1137, 149, 1360, 413]}, {"label": "pole", "bounding_box": [1246, 359, 1249, 419]}, {"label": "traffic sign", "bounding_box": [1238, 328, 1253, 352]}, {"label": "traffic sign", "bounding_box": [1240, 345, 1254, 365]}, {"label": "static", "bounding_box": [1320, 203, 1354, 326]}, {"label": "person", "bounding_box": [1312, 356, 1325, 387]}, {"label": "person", "bounding_box": [1297, 358, 1314, 398]}, {"label": "person", "bounding_box": [1229, 381, 1252, 417]}, {"label": "person", "bounding_box": [1267, 379, 1287, 430]}, {"label": "person", "bounding_box": [1273, 359, 1304, 426]}, {"label": "person", "bounding_box": [1253, 375, 1280, 431]}, {"label": "person", "bounding_box": [1249, 380, 1269, 430]}, {"label": "pole", "bounding_box": [1311, 308, 1315, 385]}, {"label": "traffic sign", "bounding_box": [1292, 282, 1337, 327]}, {"label": "traffic sign", "bounding_box": [1302, 320, 1322, 346]}, {"label": "car", "bounding_box": [1284, 365, 1363, 466]}, {"label": "traffic sign", "bounding_box": [1352, 307, 1380, 324]}, {"label": "traffic sign", "bounding_box": [1380, 306, 1409, 316]}, {"label": "traffic sign", "bounding_box": [1368, 325, 1380, 332]}, {"label": "traffic sign", "bounding_box": [1381, 327, 1393, 333]}, {"label": "pole", "bounding_box": [1378, 294, 1383, 368]}, {"label": "person", "bounding_box": [1399, 343, 1414, 373]}, {"label": "person", "bounding_box": [1406, 341, 1425, 363]}, {"label": "person", "bounding_box": [1417, 342, 1437, 364]}, {"label": "pole", "bounding_box": [1410, 242, 1455, 369]}, {"label": "person", "bounding_box": [1434, 345, 1452, 366]}, {"label": "person", "bounding_box": [1484, 338, 1502, 366]}, {"label": "person", "bounding_box": [1663, 293, 1698, 340]}, {"label": "person", "bounding_box": [1980, 281, 2022, 324]}, {"label": "static", "bounding_box": [1526, 228, 1576, 275]}, {"label": "car", "bounding_box": [1304, 354, 1452, 486]}, {"label": "license plate", "bounding_box": [1391, 407, 1417, 419]}, {"label": "car", "bounding_box": [1390, 352, 1514, 509]}, {"label": "static", "bounding_box": [1535, 324, 1552, 348]}, {"label": "car", "bounding_box": [1435, 325, 1683, 549]}, {"label": "car", "bounding_box": [1532, 305, 2002, 656]}, {"label": "license plate", "bounding_box": [1866, 455, 1905, 478]}, {"label": "car", "bounding_box": [1830, 265, 2047, 752]}, {"label": "car", "bounding_box": [1009, 388, 1109, 435]}, {"label": "person", "bounding_box": [1043, 359, 1057, 386]}, {"label": "person", "bounding_box": [1046, 367, 1074, 441]}, {"label": "person", "bounding_box": [1035, 358, 1081, 444]}, {"label": "person", "bounding_box": [1003, 385, 1036, 437]}, {"label": "person", "bounding_box": [1027, 390, 1044, 436]}, {"label": "person", "bounding_box": [1026, 366, 1055, 446]}, {"label": "traffic sign", "bounding_box": [1160, 344, 1175, 362]}, {"label": "pole", "bounding_box": [1173, 344, 1178, 375]}, {"label": "car", "bounding_box": [1078, 363, 1259, 496]}, {"label": "license plate", "bounding_box": [1154, 423, 1202, 432]}, {"label": "static", "bounding_box": [909, 367, 924, 414]}, {"label": "person", "bounding_box": [903, 404, 913, 418]}, {"label": "fence", "bounding_box": [865, 410, 926, 431]}, {"label": "person", "bounding_box": [887, 404, 905, 435]}, {"label": "person", "bounding_box": [860, 391, 882, 435]}, {"label": "person", "bounding_box": [839, 387, 854, 427]}, {"label": "person", "bounding_box": [830, 389, 844, 423]}, {"label": "person", "bounding_box": [842, 374, 873, 436]}, {"label": "person", "bounding_box": [873, 374, 900, 451]}, {"label": "pole", "bounding_box": [829, 345, 834, 435]}, {"label": "traffic sign", "bounding_box": [813, 318, 846, 352]}, {"label": "car", "bounding_box": [914, 370, 1016, 442]}, {"label": "person", "bounding_box": [950, 357, 982, 448]}, {"label": "person", "bounding_box": [976, 356, 1016, 456]}, {"label": "person", "bounding_box": [934, 367, 964, 449]}, {"label": "person", "bounding_box": [918, 373, 958, 451]}, {"label": "bicycle", "bounding_box": [807, 410, 873, 466]}, {"label": "bicyclegroup", "bounding_box": [799, 413, 848, 471]}, {"label": "person", "bounding_box": [760, 370, 775, 387]}, {"label": "person", "bounding_box": [755, 370, 769, 391]}, {"label": "static", "bounding_box": [676, 317, 705, 345]}, {"label": "static", "bounding_box": [668, 336, 685, 354]}, {"label": "person", "bounding_box": [710, 369, 727, 388]}, {"label": "pole", "bounding_box": [650, 245, 699, 389]}, {"label": "person", "bounding_box": [593, 382, 610, 406]}, {"label": "person", "bounding_box": [573, 380, 583, 393]}, {"label": "person", "bounding_box": [586, 380, 597, 397]}, {"label": "person", "bounding_box": [543, 381, 557, 399]}, {"label": "person", "bounding_box": [525, 378, 541, 398]}, {"label": "person", "bounding_box": [439, 369, 474, 406]}, {"label": "person", "bounding_box": [375, 378, 394, 404]}, {"label": "person", "bounding_box": [389, 375, 429, 420]}, {"label": "pole", "bounding_box": [96, 0, 115, 211]}, {"label": "pole", "bounding_box": [566, 309, 575, 404]}, {"label": "static", "bounding_box": [544, 267, 605, 315]}, {"label": "traffic sign", "bounding_box": [627, 321, 646, 351]}, {"label": "traffic sign", "bounding_box": [624, 343, 647, 391]}, {"label": "traffic sign", "bounding_box": [462, 280, 507, 306]}, {"label": "pole", "bounding_box": [692, 330, 699, 389]}, {"label": "traffic sign", "bounding_box": [467, 304, 504, 316]}, {"label": "traffic sign", "bounding_box": [461, 319, 505, 342]}, {"label": "traffic sign", "bounding_box": [461, 314, 505, 337]}, {"label": "pole", "bounding_box": [504, 295, 511, 406]}, {"label": "static", "bounding_box": [133, 187, 259, 249]}, {"label": "static", "bounding_box": [102, 281, 169, 331]}, {"label": "pole", "bounding_box": [524, 35, 646, 410]}, {"label": "static", "bounding_box": [1880, 0, 1916, 150]}, {"label": "static", "bounding_box": [780, 280, 792, 320]}, {"label": "pole", "bounding_box": [734, 168, 813, 390]}, {"label": "car", "bounding_box": [724, 377, 816, 489]}, {"label": "static", "bounding_box": [362, 188, 466, 318]}, {"label": "car", "bounding_box": [602, 374, 781, 515]}, {"label": "license plate", "bounding_box": [641, 465, 667, 477]}, {"label": "car", "bounding_box": [389, 387, 655, 565]}, {"label": "car", "bounding_box": [0, 376, 446, 649]}, {"label": "license plate", "bounding_box": [38, 560, 88, 582]}, {"label": "person", "bounding_box": [130, 292, 302, 744]}, {"label": "person", "bounding_box": [53, 308, 180, 785]}, {"label": "static", "bounding_box": [524, 35, 646, 103]}, {"label": "static", "bounding_box": [734, 168, 813, 208]}, {"label": "static", "bounding_box": [650, 245, 699, 283]}, {"label": "static", "bounding_box": [675, 301, 712, 317]}, {"label": "static", "bounding_box": [1410, 242, 1455, 272]}, {"label": "ego vehicle", "bounding_box": [24, 796, 2047, 1023]}, {"label": "rectification border", "bounding_box": [416, 0, 2047, 28]}, {"label": "rectification border", "bounding_box": [2037, 509, 2047, 1023]}, {"label": "rectification border", "bounding_box": [0, 0, 17, 474]}, {"label": "rectification border", "bounding_box": [0, 977, 1937, 1023]}, {"label": "out of roi", "bounding_box": [0, 0, 2048, 1024]}]}