{"imgHeight": 1024, "imgWidth": 2048, "objects": [{"label": "road", "bounding_box": [0, 337, 2047, 1023]}, {"label": "sidewalk", "bounding_box": [1264, 390, 1334, 411]}, {"label": "parking", "bounding_box": [1294, 397, 1430, 439]}, {"label": "sidewalk", "bounding_box": [1387, 340, 2047, 586]}, {"label": "sky", "bounding_box": [0, 0, 1571, 324]}, {"label": "vegetation", "bounding_box": [1361, 269, 1417, 373]}, {"label": "building", "bounding_box": [0, 0, 2047, 488]}, {"label": "person", "bounding_box": [1302, 368, 1310, 405]}, {"label": "pole", "bounding_box": [1376, 0, 1416, 382]}, {"label": "pole", "bounding_box": [1320, 137, 1343, 346]}, {"label": "traffic sign", "bounding_box": [1327, 307, 1348, 393]}, {"label": "pole", "bounding_box": [1359, 332, 1364, 384]}, {"label": "traffic sign", "bounding_box": [1361, 332, 1376, 359]}, {"label": "traffic sign", "bounding_box": [1394, 349, 1410, 368]}, {"label": "static", "bounding_box": [1310, 367, 1329, 398]}, {"label": "car", "bounding_box": [1305, 373, 1350, 411]}, {"label": "car", "bounding_box": [1331, 376, 1367, 411]}, {"label": "cargroup", "bounding_box": [1340, 370, 1403, 419]}, {"label": "car", "bounding_box": [1380, 371, 1440, 427]}, {"label": "car", "bounding_box": [1364, 375, 1391, 425]}, {"label": "person", "bounding_box": [1470, 363, 1482, 393]}, {"label": "person", "bounding_box": [1485, 367, 1498, 392]}, {"label": "license plate", "bounding_box": [1410, 400, 1429, 406]}, {"label": "persongroup", "bounding_box": [1436, 368, 1474, 420]}, {"label": "persongroup", "bounding_box": [1471, 365, 1503, 420]}, {"label": "person", "bounding_box": [1490, 367, 1515, 419]}, {"label": "person", "bounding_box": [1522, 363, 1541, 406]}, {"label": "person", "bounding_box": [1549, 365, 1566, 403]}, {"label": "person", "bounding_box": [1536, 357, 1557, 419]}, {"label": "person", "bounding_box": [1579, 363, 1594, 403]}, {"label": "person", "bounding_box": [1566, 362, 1582, 411]}, {"label": "person", "bounding_box": [1587, 368, 1613, 400]}, {"label": "person", "bounding_box": [1617, 362, 1648, 414]}, {"label": "pole", "bounding_box": [1636, 0, 1711, 441]}, {"label": "traffic sign", "bounding_box": [1634, 318, 1658, 354]}, {"label": "sidewalk", "bounding_box": [0, 379, 1015, 496]}, {"label": "traffic sign", "bounding_box": [1639, 351, 1656, 371]}, {"label": "static", "bounding_box": [1637, 365, 1659, 381]}, {"label": "static", "bounding_box": [1639, 373, 1673, 452]}, {"label": "static", "bounding_box": [1621, 405, 1647, 454]}, {"label": "person", "bounding_box": [1585, 349, 1645, 468]}, {"label": "traffic sign", "bounding_box": [1708, 261, 1778, 280]}, {"label": "static", "bounding_box": [1669, 278, 1757, 427]}, {"label": "pole", "bounding_box": [1704, 265, 1716, 433]}, {"label": "person", "bounding_box": [1722, 359, 1767, 424]}, {"label": "pole", "bounding_box": [1787, 205, 1798, 466]}, {"label": "traffic sign", "bounding_box": [1806, 234, 1899, 286]}, {"label": "person", "bounding_box": [1756, 363, 1775, 397]}, {"label": "person", "bounding_box": [1789, 363, 1803, 395]}, {"label": "person", "bounding_box": [1765, 359, 1792, 401]}, {"label": "static", "bounding_box": [1267, 337, 1289, 386]}, {"label": "person", "bounding_box": [1811, 348, 1835, 398]}, {"label": "person", "bounding_box": [1790, 352, 1825, 400]}, {"label": "person", "bounding_box": [1839, 354, 1860, 405]}, {"label": "person", "bounding_box": [1857, 354, 1873, 389]}, {"label": "person", "bounding_box": [1868, 348, 1887, 387]}, {"label": "person", "bounding_box": [1862, 351, 1884, 390]}, {"label": "person", "bounding_box": [1885, 346, 1901, 398]}, {"label": "person", "bounding_box": [1903, 346, 1928, 433]}, {"label": "person", "bounding_box": [1956, 340, 1982, 382]}, {"label": "pole", "bounding_box": [1198, 332, 1255, 386]}, {"label": "pole", "bounding_box": [1228, 324, 1277, 349]}, {"label": "person", "bounding_box": [1972, 349, 2008, 420]}, {"label": "person", "bounding_box": [1947, 351, 1977, 452]}, {"label": "motorcycle", "bounding_box": [1933, 365, 2020, 485]}, {"label": "static", "bounding_box": [1847, 376, 1960, 463]}, {"label": "pole", "bounding_box": [1828, 228, 1839, 433]}, {"label": "traffic light", "bounding_box": [1530, 262, 1583, 321]}, {"label": "pole", "bounding_box": [1561, 254, 1574, 471]}, {"label": "car", "bounding_box": [1561, 384, 2047, 661]}, {"label": "license plate", "bounding_box": [1806, 572, 1936, 604]}, {"label": "car", "bounding_box": [1248, 376, 1266, 395]}, {"label": "person", "bounding_box": [1436, 370, 1457, 457]}, {"label": "person", "bounding_box": [1449, 357, 1487, 450]}, {"label": "dynamic", "bounding_box": [1448, 409, 1527, 482]}, {"label": "person", "bounding_box": [1504, 354, 1541, 479]}, {"label": "person", "bounding_box": [1402, 360, 1459, 482]}, {"label": "person", "bounding_box": [1342, 395, 1389, 477]}, {"label": "persongroup", "bounding_box": [1266, 368, 1297, 403]}, {"label": "person", "bounding_box": [1361, 371, 1411, 477]}, {"label": "person", "bounding_box": [1294, 370, 1302, 403]}, {"label": "traffic sign", "bounding_box": [1288, 346, 1302, 368]}, {"label": "traffic sign", "bounding_box": [1272, 337, 1280, 344]}, {"label": "traffic sign", "bounding_box": [1271, 344, 1283, 357]}, {"label": "bicycle", "bounding_box": [1259, 387, 1269, 408]}, {"label": "rider", "bounding_box": [1258, 375, 1269, 397]}, {"label": "traffic light", "bounding_box": [1226, 319, 1233, 333]}, {"label": "traffic light", "bounding_box": [1195, 327, 1199, 338]}, {"label": "persongroup", "bounding_box": [1228, 375, 1255, 401]}, {"label": "person", "bounding_box": [1220, 378, 1231, 401]}, {"label": "car", "bounding_box": [104, 341, 373, 466]}, {"label": "car", "bounding_box": [1196, 378, 1217, 387]}, {"label": "static", "bounding_box": [1226, 359, 1242, 363]}, {"label": "person", "bounding_box": [1206, 376, 1214, 401]}, {"label": "rider", "bounding_box": [1239, 375, 1252, 401]}, {"label": "bicycle", "bounding_box": [1244, 387, 1252, 409]}, {"label": "car", "bounding_box": [1154, 381, 1193, 408]}, {"label": "car", "bounding_box": [1114, 371, 1135, 390]}, {"label": "person", "bounding_box": [1089, 379, 1114, 401]}, {"label": "car", "bounding_box": [1108, 381, 1133, 401]}, {"label": "car", "bounding_box": [1122, 376, 1160, 400]}, {"label": "person", "bounding_box": [1144, 365, 1174, 477]}, {"label": "person", "bounding_box": [1141, 362, 1203, 484]}, {"label": "person", "bounding_box": [1152, 359, 1220, 496]}, {"label": "vegetation", "bounding_box": [0, 88, 1057, 474]}, {"label": "traffic light", "bounding_box": [1109, 316, 1116, 330]}, {"label": "pole", "bounding_box": [1035, 319, 1109, 401]}, {"label": "traffic light", "bounding_box": [1109, 318, 1114, 329]}, {"label": "traffic light", "bounding_box": [1135, 329, 1139, 340]}, {"label": "traffic light", "bounding_box": [1120, 332, 1122, 341]}, {"label": "pole", "bounding_box": [1078, 335, 1120, 393]}, {"label": "pole", "bounding_box": [1045, 330, 1079, 381]}, {"label": "traffic light", "bounding_box": [1078, 329, 1081, 338]}, {"label": "persongroup", "bounding_box": [1015, 378, 1070, 411]}, {"label": "static", "bounding_box": [1048, 400, 1070, 414]}, {"label": "person", "bounding_box": [1070, 357, 1122, 479]}, {"label": "pole", "bounding_box": [1005, 362, 1008, 398]}, {"label": "traffic sign", "bounding_box": [999, 354, 1013, 375]}, {"label": "persongroup", "bounding_box": [992, 375, 1019, 403]}, {"label": "static", "bounding_box": [978, 371, 991, 403]}, {"label": "traffic sign", "bounding_box": [943, 346, 961, 371]}, {"label": "static", "bounding_box": [939, 373, 966, 408]}, {"label": "static", "bounding_box": [912, 373, 934, 412]}, {"label": "car", "bounding_box": [964, 382, 1038, 439]}, {"label": "license plate", "bounding_box": [994, 417, 1013, 424]}, {"label": "person", "bounding_box": [958, 356, 981, 468]}, {"label": "person", "bounding_box": [937, 365, 981, 480]}, {"label": "car", "bounding_box": [812, 381, 912, 446]}, {"label": "person", "bounding_box": [904, 359, 948, 463]}, {"label": "person", "bounding_box": [896, 367, 929, 472]}, {"label": "static", "bounding_box": [499, 46, 518, 101]}, {"label": "pole", "bounding_box": [389, 66, 763, 412]}, {"label": "traffic light", "bounding_box": [749, 43, 774, 111]}, {"label": "traffic light", "bounding_box": [631, 54, 649, 119]}, {"label": "traffic light", "bounding_box": [604, 58, 623, 104]}, {"label": "pole", "bounding_box": [329, 300, 338, 449]}, {"label": "static", "bounding_box": [81, 409, 107, 457]}, {"label": "traffic light", "bounding_box": [398, 289, 441, 352]}, {"label": "person", "bounding_box": [302, 379, 330, 435]}, {"label": "person", "bounding_box": [247, 400, 269, 458]}, {"label": "person", "bounding_box": [228, 397, 247, 438]}, {"label": "person", "bounding_box": [204, 400, 232, 439]}, {"label": "pole", "bounding_box": [267, 299, 286, 450]}, {"label": "traffic sign", "bounding_box": [269, 294, 280, 346]}, {"label": "person", "bounding_box": [1016, 370, 1071, 482]}, {"label": "person", "bounding_box": [139, 397, 160, 474]}, {"label": "person", "bounding_box": [270, 392, 305, 436]}, {"label": "bicycle", "bounding_box": [81, 422, 174, 476]}, {"label": "pole", "bounding_box": [161, 435, 166, 476]}, {"label": "person", "bounding_box": [13, 376, 87, 540]}, {"label": "person", "bounding_box": [0, 435, 27, 536]}, {"label": "car", "bounding_box": [82, 338, 954, 932]}, {"label": "license plate", "bounding_box": [326, 570, 582, 619]}, {"label": "static", "bounding_box": [953, 130, 966, 186]}, {"label": "static", "bounding_box": [1059, 128, 1071, 188]}, {"label": "static", "bounding_box": [1258, 141, 1263, 180]}, {"label": "ego vehicle", "bounding_box": [24, 796, 2047, 1023]}, {"label": "rectification border", "bounding_box": [416, 0, 2047, 28]}, {"label": "rectification border", "bounding_box": [2037, 509, 2047, 1023]}, {"label": "rectification border", "bounding_box": [0, 0, 17, 474]}, {"label": "rectification border", "bounding_box": [0, 977, 1937, 1023]}, {"label": "out of roi", "bounding_box": [0, 0, 2048, 1024]}]}