{"imgHeight": 1024, "imgWidth": 2048, "objects": [{"label": "road", "bounding_box": [0, 340, 2047, 1023]}, {"label": "sidewalk", "bounding_box": [1339, 348, 2047, 600]}, {"label": "sidewalk", "bounding_box": [204, 455, 821, 491]}, {"label": "sky", "bounding_box": [251, 0, 1600, 367]}, {"label": "building", "bounding_box": [748, 185, 1397, 382]}, {"label": "vegetation", "bounding_box": [380, 21, 1810, 451]}, {"label": "static", "bounding_box": [1401, 360, 1422, 423]}, {"label": "pole", "bounding_box": [1399, 360, 1435, 423]}, {"label": "static", "bounding_box": [1481, 358, 1515, 383]}, {"label": "building", "bounding_box": [1366, 0, 2047, 477]}, {"label": "static", "bounding_box": [733, 423, 892, 451]}, {"label": "building", "bounding_box": [0, 0, 601, 477]}, {"label": "car", "bounding_box": [684, 431, 751, 471]}, {"label": "static", "bounding_box": [167, 330, 190, 365]}, {"label": "pole", "bounding_box": [175, 263, 190, 443]}, {"label": "vegetation", "bounding_box": [0, 0, 320, 396]}, {"label": "person", "bounding_box": [134, 415, 157, 449]}, {"label": "car", "bounding_box": [621, 420, 700, 474]}, {"label": "car", "bounding_box": [585, 429, 639, 476]}, {"label": "car", "bounding_box": [540, 436, 604, 479]}, {"label": "car", "bounding_box": [447, 431, 563, 485]}, {"label": "car", "bounding_box": [375, 416, 467, 489]}, {"label": "car", "bounding_box": [357, 433, 415, 489]}, {"label": "car", "bounding_box": [198, 411, 390, 489]}, {"label": "car", "bounding_box": [218, 429, 345, 492]}, {"label": "car", "bounding_box": [144, 431, 291, 497]}, {"label": "car", "bounding_box": [68, 434, 223, 502]}, {"label": "license plate", "bounding_box": [45, 482, 116, 495]}, {"label": "car", "bounding_box": [0, 423, 104, 512]}, {"label": "traffic sign", "bounding_box": [694, 386, 715, 408]}, {"label": "pole", "bounding_box": [717, 320, 727, 474]}, {"label": "traffic sign", "bounding_box": [700, 396, 740, 436]}, {"label": "traffic sign", "bounding_box": [705, 279, 747, 345]}, {"label": "pole", "bounding_box": [804, 353, 821, 451]}, {"label": "traffic light", "bounding_box": [796, 348, 809, 370]}, {"label": "traffic light", "bounding_box": [803, 401, 816, 416]}, {"label": "sidewalk", "bounding_box": [654, 439, 1027, 487]}, {"label": "ground", "bounding_box": [654, 439, 1027, 487]}, {"label": "static", "bounding_box": [979, 375, 1011, 441]}, {"label": "persongroup", "bounding_box": [938, 418, 974, 444]}, {"label": "static", "bounding_box": [897, 396, 908, 405]}, {"label": "traffic light", "bounding_box": [849, 403, 856, 411]}, {"label": "pole", "bounding_box": [854, 390, 874, 448]}, {"label": "static", "bounding_box": [1019, 345, 1054, 439]}, {"label": "pole", "bounding_box": [1016, 0, 1036, 401]}, {"label": "person", "bounding_box": [2031, 324, 2047, 472]}, {"label": "person", "bounding_box": [1985, 332, 2046, 476]}, {"label": "person", "bounding_box": [1944, 322, 2008, 477]}, {"label": "person", "bounding_box": [1855, 386, 1886, 462]}, {"label": "bicycle", "bounding_box": [1526, 393, 1554, 457]}, {"label": "bicycle", "bounding_box": [1564, 388, 1589, 469]}, {"label": "bicycle", "bounding_box": [1586, 393, 1642, 486]}, {"label": "rider", "bounding_box": [1526, 362, 1557, 444]}, {"label": "rider", "bounding_box": [1554, 358, 1594, 451]}, {"label": "rider", "bounding_box": [1582, 337, 1642, 448]}, {"label": "traffic sign", "bounding_box": [1465, 348, 1478, 357]}, {"label": "pole", "bounding_box": [1432, 0, 1473, 457]}, {"label": "traffic sign", "bounding_box": [1447, 244, 1477, 287]}, {"label": "traffic sign", "bounding_box": [1447, 287, 1468, 317]}, {"label": "traffic sign", "bounding_box": [1447, 317, 1480, 350]}, {"label": "traffic light", "bounding_box": [1473, 378, 1488, 388]}, {"label": "pole", "bounding_box": [1478, 348, 1483, 410]}, {"label": "traffic sign", "bounding_box": [1424, 353, 1437, 368]}, {"label": "person", "bounding_box": [1420, 396, 1434, 424]}, {"label": "pole", "bounding_box": [1384, 375, 1387, 420]}, {"label": "person", "bounding_box": [790, 422, 802, 444]}, {"label": "traffic sign", "bounding_box": [1368, 350, 1404, 382]}, {"label": "pole", "bounding_box": [1366, 377, 1372, 433]}, {"label": "car", "bounding_box": [1285, 396, 1335, 436]}, {"label": "car", "bounding_box": [1221, 391, 1297, 451]}, {"label": "bicycle", "bounding_box": [1221, 388, 1298, 438]}, {"label": "car", "bounding_box": [1098, 406, 1128, 439]}, {"label": "car", "bounding_box": [1072, 401, 1112, 441]}, {"label": "traffic sign", "bounding_box": [1024, 370, 1044, 403]}, {"label": "traffic sign", "bounding_box": [1064, 372, 1082, 386]}, {"label": "car", "bounding_box": [1024, 372, 1117, 444]}, {"label": "truck", "bounding_box": [1118, 353, 1204, 441]}, {"label": "traffic sign", "bounding_box": [986, 375, 1007, 393]}, {"label": "pole", "bounding_box": [1007, 379, 1010, 440]}, {"label": "person", "bounding_box": [754, 420, 773, 459]}, {"label": "person", "bounding_box": [771, 426, 783, 459]}, {"label": "static", "bounding_box": [791, 440, 804, 455]}, {"label": "terrain", "bounding_box": [693, 458, 792, 475]}, {"label": "cargroup", "bounding_box": [1024, 372, 1117, 444]}, {"label": "ego vehicle", "bounding_box": [24, 796, 2047, 1023]}, {"label": "rectification border", "bounding_box": [416, 0, 2047, 28]}, {"label": "rectification border", "bounding_box": [2037, 509, 2047, 1023]}, {"label": "rectification border", "bounding_box": [0, 0, 17, 474]}, {"label": "rectification border", "bounding_box": [0, 977, 1937, 1023]}, {"label": "out of roi", "bounding_box": [0, 0, 2048, 1024]}]}