{"imgHeight": 1024, "imgWidth": 2048, "objects": [{"label": "road", "bounding_box": [0, 487, 2047, 1023]}, {"label": "sidewalk", "bounding_box": [168, 373, 1997, 543]}, {"label": "building", "bounding_box": [0, 0, 2047, 482]}, {"label": "fence", "bounding_box": [16, 316, 279, 454]}, {"label": "vegetation", "bounding_box": [194, 390, 275, 450]}, {"label": "person", "bounding_box": [849, 390, 877, 459]}, {"label": "static", "bounding_box": [1534, 165, 1691, 502]}, {"label": "bicyclegroup", "bounding_box": [1594, 408, 1784, 557]}, {"label": "person", "bounding_box": [499, 390, 522, 439]}, {"label": "parking", "bounding_box": [1589, 699, 2047, 1023]}, {"label": "vegetation", "bounding_box": [1501, 0, 2047, 783]}, {"label": "static", "bounding_box": [766, 411, 808, 474]}, {"label": "parking", "bounding_box": [0, 638, 448, 955]}, {"label": "bicyclegroup", "bounding_box": [1227, 420, 1282, 504]}, {"label": "bicycle", "bounding_box": [1065, 413, 1196, 494]}, {"label": "vegetation", "bounding_box": [1130, 0, 1171, 495]}, {"label": "bicycle", "bounding_box": [994, 443, 1037, 477]}, {"label": "person", "bounding_box": [814, 396, 857, 472]}, {"label": "bicycle", "bounding_box": [761, 413, 894, 499]}, {"label": "static", "bounding_box": [811, 418, 864, 459]}, {"label": "bicycle", "bounding_box": [821, 406, 968, 505]}, {"label": "person", "bounding_box": [740, 353, 775, 477]}, {"label": "vegetation", "bounding_box": [700, 0, 771, 492]}, {"label": "person", "bounding_box": [532, 388, 571, 441]}, {"label": "person", "bounding_box": [634, 385, 671, 453]}, {"label": "person", "bounding_box": [261, 391, 277, 418]}, {"label": "person", "bounding_box": [623, 390, 666, 451]}, {"label": "person", "bounding_box": [504, 393, 550, 466]}, {"label": "static", "bounding_box": [646, 420, 674, 479]}, {"label": "static", "bounding_box": [611, 415, 646, 457]}, {"label": "bicycle", "bounding_box": [537, 429, 667, 495]}, {"label": "person", "bounding_box": [259, 395, 289, 474]}, {"label": "static", "bounding_box": [495, 429, 563, 471]}, {"label": "person", "bounding_box": [444, 393, 489, 477]}, {"label": "vegetation", "bounding_box": [453, 0, 514, 497]}, {"label": "bicycle", "bounding_box": [507, 418, 651, 497]}, {"label": "static", "bounding_box": [557, 377, 624, 497]}, {"label": "static", "bounding_box": [258, 423, 315, 482]}, {"label": "person", "bounding_box": [403, 391, 444, 479]}, {"label": "static", "bounding_box": [413, 413, 467, 479]}, {"label": "person", "bounding_box": [337, 396, 398, 459]}, {"label": "person", "bounding_box": [287, 395, 332, 457]}, {"label": "bicycle", "bounding_box": [306, 411, 436, 497]}, {"label": "static", "bounding_box": [348, 434, 382, 474]}, {"label": "bicycle", "bounding_box": [284, 443, 408, 499]}, {"label": "person", "bounding_box": [230, 395, 273, 479]}, {"label": "static", "bounding_box": [233, 448, 258, 476]}, {"label": "pole", "bounding_box": [206, 0, 238, 481]}, {"label": "person", "bounding_box": [190, 395, 213, 429]}, {"label": "sidewalk", "bounding_box": [25, 552, 1143, 770]}, {"label": "person", "bounding_box": [178, 395, 215, 453]}, {"label": "static", "bounding_box": [180, 421, 211, 444]}, {"label": "person", "bounding_box": [124, 396, 160, 436]}, {"label": "pole", "bounding_box": [877, 302, 884, 482]}, {"label": "terrain", "bounding_box": [23, 567, 390, 624]}, {"label": "car", "bounding_box": [0, 398, 256, 525]}, {"label": "car", "bounding_box": [51, 378, 137, 522]}, {"label": "terrain", "bounding_box": [53, 555, 246, 609]}, {"label": "vegetation", "bounding_box": [0, 0, 173, 575]}, {"label": "pole", "bounding_box": [91, 451, 121, 700]}, {"label": "car", "bounding_box": [0, 424, 104, 851]}, {"label": "license plate", "bounding_box": [221, 476, 249, 492]}, {"label": "pole", "bounding_box": [1721, 411, 1747, 631]}, {"label": "pole", "bounding_box": [1523, 436, 1531, 520]}, {"label": "pole", "bounding_box": [1369, 434, 1382, 520]}, {"label": "pole", "bounding_box": [1221, 433, 1232, 525]}, {"label": "pole", "bounding_box": [1075, 273, 1087, 524]}, {"label": "pole", "bounding_box": [1037, 457, 1064, 573]}, {"label": "pole", "bounding_box": [860, 461, 885, 593]}, {"label": "pole", "bounding_box": [753, 464, 771, 604]}, {"label": "pole", "bounding_box": [614, 448, 638, 616]}, {"label": "pole", "bounding_box": [362, 448, 391, 672]}, {"label": "static", "bounding_box": [514, 0, 601, 31]}, {"label": "pole", "bounding_box": [500, 0, 565, 633]}, {"label": "traffic sign", "bounding_box": [865, 274, 895, 296]}, {"label": "traffic sign", "bounding_box": [865, 292, 897, 312]}, {"label": "traffic sign", "bounding_box": [865, 312, 895, 339]}, {"label": "traffic sign", "bounding_box": [864, 233, 900, 276]}, {"label": "traffic sign", "bounding_box": [1062, 259, 1103, 289]}, {"label": "traffic sign", "bounding_box": [1042, 231, 1120, 263]}, {"label": "bicycle", "bounding_box": [884, 398, 1037, 636]}, {"label": "person", "bounding_box": [940, 332, 1031, 614]}, {"label": "fence", "bounding_box": [1622, 539, 1882, 645]}, {"label": "ego vehicle", "bounding_box": [24, 796, 2047, 1023]}, {"label": "rectification border", "bounding_box": [416, 0, 2047, 28]}, {"label": "rectification border", "bounding_box": [2037, 509, 2047, 1023]}, {"label": "rectification border", "bounding_box": [0, 0, 17, 474]}, {"label": "rectification border", "bounding_box": [0, 977, 1937, 1023]}, {"label": "out of roi", "bounding_box": [0, 0, 2048, 1024]}]}