{"imgHeight": 1024, "imgWidth": 2048, "objects": [{"label": "sky", "bounding_box": [425, 0, 1182, 147]}, {"label": "building", "bounding_box": [1018, 0, 2047, 483]}, {"label": "building", "bounding_box": [121, 0, 844, 467]}, {"label": "road", "bounding_box": [0, 405, 2047, 1023]}, {"label": "vegetation", "bounding_box": [570, 322, 639, 374]}, {"label": "car", "bounding_box": [688, 381, 748, 413]}, {"label": "sidewalk", "bounding_box": [571, 415, 746, 437]}, {"label": "building", "bounding_box": [662, 14, 1634, 455]}, {"label": "car", "bounding_box": [472, 379, 549, 417]}, {"label": "vegetation", "bounding_box": [0, 0, 523, 480]}, {"label": "static", "bounding_box": [248, 269, 276, 284]}, {"label": "static", "bounding_box": [245, 283, 280, 318]}, {"label": "pole", "bounding_box": [260, 269, 268, 379]}, {"label": "car", "bounding_box": [367, 364, 450, 463]}, {"label": "car", "bounding_box": [284, 362, 424, 480]}, {"label": "car", "bounding_box": [103, 376, 349, 509]}, {"label": "car", "bounding_box": [0, 336, 187, 551]}, {"label": "vegetation", "bounding_box": [1292, 0, 2047, 437]}, {"label": "pole", "bounding_box": [711, 404, 720, 431]}, {"label": "terrain", "bounding_box": [1442, 419, 2047, 458]}, {"label": "wall", "bounding_box": [1279, 420, 2024, 478]}, {"label": "vegetation", "bounding_box": [1273, 233, 1426, 413]}, {"label": "vegetation", "bounding_box": [770, 248, 921, 387]}, {"label": "static", "bounding_box": [942, 350, 970, 370]}, {"label": "car", "bounding_box": [716, 373, 868, 446]}, {"label": "car", "bounding_box": [833, 361, 988, 460]}, {"label": "vegetation", "bounding_box": [952, 239, 1133, 392]}, {"label": "car", "bounding_box": [983, 375, 1088, 484]}, {"label": "static", "bounding_box": [1204, 438, 1260, 470]}, {"label": "vegetation", "bounding_box": [1186, 336, 1305, 466]}, {"label": "static", "bounding_box": [1372, 446, 1460, 513]}, {"label": "vegetation", "bounding_box": [1289, 349, 1501, 495]}, {"label": "pole", "bounding_box": [1316, 191, 1332, 485]}, {"label": "traffic sign", "bounding_box": [1302, 107, 1354, 158]}, {"label": "traffic sign", "bounding_box": [1302, 158, 1355, 192]}, {"label": "traffic sign", "bounding_box": [1305, 191, 1349, 224]}, {"label": "ground", "bounding_box": [1208, 468, 2047, 589]}, {"label": "pole", "bounding_box": [1224, 439, 1241, 490]}, {"label": "pole", "bounding_box": [1251, 443, 1268, 498]}, {"label": "pole", "bounding_box": [1279, 450, 1297, 505]}, {"label": "pole", "bounding_box": [1311, 454, 1334, 514]}, {"label": "pole", "bounding_box": [1366, 452, 1390, 527]}, {"label": "car", "bounding_box": [1007, 375, 1220, 519]}, {"label": "pole", "bounding_box": [1450, 475, 1473, 539]}, {"label": "pole", "bounding_box": [1842, 468, 1870, 556]}, {"label": "pole", "bounding_box": [1653, 478, 1680, 553]}, {"label": "bicycle", "bounding_box": [1888, 429, 2047, 635]}, {"label": "rider", "bounding_box": [1901, 269, 2047, 629]}, {"label": "static", "bounding_box": [669, 391, 706, 420]}, {"label": "pole", "bounding_box": [602, 272, 608, 371]}, {"label": "traffic sign", "bounding_box": [590, 253, 622, 279]}, {"label": "traffic sign", "bounding_box": [594, 280, 618, 293]}, {"label": "traffic sign", "bounding_box": [594, 291, 618, 315]}, {"label": "car", "bounding_box": [520, 362, 647, 431]}, {"label": "vegetation", "bounding_box": [648, 314, 742, 410]}, {"label": "pole", "bounding_box": [651, 403, 659, 426]}, {"label": "pole", "bounding_box": [681, 405, 687, 429]}, {"label": "license plate", "bounding_box": [1116, 438, 1170, 459]}, {"label": "license plate", "bounding_box": [928, 407, 961, 417]}, {"label": "traffic sign", "bounding_box": [620, 273, 639, 318]}, {"label": "traffic sign", "bounding_box": [422, 332, 434, 352]}, {"label": "ego vehicle", "bounding_box": [24, 796, 2047, 1023]}, {"label": "rectification border", "bounding_box": [416, 0, 2047, 28]}, {"label": "rectification border", "bounding_box": [2037, 509, 2047, 1023]}, {"label": "rectification border", "bounding_box": [0, 0, 17, 474]}, {"label": "rectification border", "bounding_box": [0, 977, 1937, 1023]}, {"label": "out of roi", "bounding_box": [0, 0, 2048, 1024]}]}