{"imgHeight": 1024, "imgWidth": 2048, "objects": [{"label": "road", "bounding_box": [0, 415, 2047, 1023]}, {"label": "road", "bounding_box": [916, 398, 1192, 434]}, {"label": "sky", "bounding_box": [619, 0, 1388, 252]}, {"label": "building", "bounding_box": [0, 0, 760, 427]}, {"label": "ground", "bounding_box": [927, 419, 1181, 446]}, {"label": "building", "bounding_box": [694, 0, 1342, 418]}, {"label": "vegetation", "bounding_box": [702, 10, 1327, 387]}, {"label": "building", "bounding_box": [1280, 0, 2047, 557]}, {"label": "car", "bounding_box": [1117, 394, 1203, 425]}, {"label": "car", "bounding_box": [1001, 392, 1081, 424]}, {"label": "car", "bounding_box": [912, 385, 995, 424]}, {"label": "vegetation", "bounding_box": [1297, 355, 1302, 392]}, {"label": "pole", "bounding_box": [1272, 314, 1279, 401]}, {"label": "pole", "bounding_box": [1212, 269, 1224, 409]}, {"label": "vegetation", "bounding_box": [1159, 348, 1179, 426]}, {"label": "person", "bounding_box": [1174, 383, 1191, 415]}, {"label": "person", "bounding_box": [1160, 379, 1193, 431]}, {"label": "traffic sign", "bounding_box": [1198, 293, 1275, 316]}, {"label": "traffic sign", "bounding_box": [1198, 319, 1273, 342]}, {"label": "terrain", "bounding_box": [1058, 426, 1170, 435]}, {"label": "static", "bounding_box": [1276, 268, 1299, 287]}, {"label": "traffic sign", "bounding_box": [1264, 278, 1288, 303]}, {"label": "traffic sign", "bounding_box": [1264, 302, 1287, 316]}, {"label": "traffic sign", "bounding_box": [1266, 316, 1285, 331]}, {"label": "static", "bounding_box": [1311, 146, 1360, 195]}, {"label": "static", "bounding_box": [1280, 212, 1318, 235]}, {"label": "static", "bounding_box": [1346, 222, 1389, 273]}, {"label": "static", "bounding_box": [1399, 196, 1437, 252]}, {"label": "pole", "bounding_box": [1121, 345, 1124, 434]}, {"label": "pole", "bounding_box": [1080, 368, 1082, 425]}, {"label": "pole", "bounding_box": [1086, 329, 1090, 441]}, {"label": "traffic sign", "bounding_box": [1092, 328, 1112, 337]}, {"label": "traffic sign", "bounding_box": [1074, 337, 1101, 348]}, {"label": "traffic sign", "bounding_box": [1082, 348, 1090, 368]}, {"label": "pole", "bounding_box": [1062, 373, 1066, 427]}, {"label": "vegetation", "bounding_box": [1043, 352, 1057, 423]}, {"label": "vegetation", "bounding_box": [1032, 352, 1041, 434]}, {"label": "vegetation", "bounding_box": [922, 356, 934, 411]}, {"label": "pole", "bounding_box": [916, 366, 918, 409]}, {"label": "static", "bounding_box": [913, 356, 918, 371]}, {"label": "vegetation", "bounding_box": [885, 348, 902, 409]}, {"label": "pole", "bounding_box": [868, 325, 876, 400]}, {"label": "traffic sign", "bounding_box": [860, 337, 886, 363]}, {"label": "pole", "bounding_box": [830, 353, 833, 392]}, {"label": "vegetation", "bounding_box": [818, 349, 830, 391]}, {"label": "vegetation", "bounding_box": [810, 351, 818, 391]}, {"label": "vegetation", "bounding_box": [781, 342, 791, 398]}, {"label": "pole", "bounding_box": [771, 369, 775, 395]}, {"label": "pole", "bounding_box": [800, 92, 807, 390]}, {"label": "traffic sign", "bounding_box": [766, 365, 780, 378]}, {"label": "traffic sign", "bounding_box": [766, 356, 777, 366]}, {"label": "pole", "bounding_box": [761, 300, 769, 395]}, {"label": "traffic sign", "bounding_box": [749, 254, 780, 283]}, {"label": "traffic sign", "bounding_box": [749, 283, 780, 301]}, {"label": "traffic sign", "bounding_box": [753, 301, 778, 319]}, {"label": "traffic sign", "bounding_box": [793, 306, 816, 328]}, {"label": "traffic sign", "bounding_box": [793, 328, 815, 340]}, {"label": "traffic sign", "bounding_box": [827, 340, 846, 358]}, {"label": "traffic sign", "bounding_box": [828, 358, 846, 367]}, {"label": "person", "bounding_box": [1093, 386, 1129, 458]}, {"label": "pole", "bounding_box": [181, 0, 211, 381]}, {"label": "person", "bounding_box": [265, 304, 337, 407]}, {"label": "dynamic", "bounding_box": [288, 300, 397, 386]}, {"label": "car", "bounding_box": [877, 395, 950, 474]}, {"label": "car", "bounding_box": [837, 389, 923, 486]}, {"label": "car", "bounding_box": [815, 391, 895, 505]}, {"label": "car", "bounding_box": [734, 386, 886, 527]}, {"label": "person", "bounding_box": [642, 363, 662, 400]}, {"label": "car", "bounding_box": [575, 373, 824, 566]}, {"label": "license plate", "bounding_box": [622, 451, 672, 473]}, {"label": "car", "bounding_box": [246, 364, 686, 656]}, {"label": "license plate", "bounding_box": [316, 484, 406, 509]}, {"label": "person", "bounding_box": [16, 293, 50, 337]}, {"label": "car", "bounding_box": [0, 308, 391, 869]}, {"label": "static", "bounding_box": [669, 144, 732, 204]}, {"label": "static", "bounding_box": [669, 207, 731, 267]}, {"label": "traffic sign", "bounding_box": [1784, 317, 1815, 355]}, {"label": "car", "bounding_box": [1151, 392, 1230, 465]}, {"label": "car", "bounding_box": [1160, 391, 1230, 472]}, {"label": "car", "bounding_box": [1170, 385, 1276, 508]}, {"label": "car", "bounding_box": [1220, 380, 1354, 536]}, {"label": "car", "bounding_box": [1299, 351, 1604, 593]}, {"label": "car", "bounding_box": [1425, 340, 2047, 733]}, {"label": "license plate", "bounding_box": [1858, 589, 1998, 635]}, {"label": "car", "bounding_box": [1878, 492, 2047, 953]}, {"label": "terrain", "bounding_box": [1015, 434, 1072, 439]}, {"label": "static", "bounding_box": [807, 89, 856, 106]}, {"label": "ego vehicle", "bounding_box": [24, 796, 2047, 1023]}, {"label": "rectification border", "bounding_box": [416, 0, 2047, 28]}, {"label": "rectification border", "bounding_box": [2037, 509, 2047, 1023]}, {"label": "rectification border", "bounding_box": [0, 0, 17, 474]}, {"label": "rectification border", "bounding_box": [0, 977, 1937, 1023]}, {"label": "out of roi", "bounding_box": [0, 0, 2048, 1024]}]}