{"imgHeight": 1024, "imgWidth": 2048, "objects": [{"label": "sky", "bounding_box": [1113, 192, 1308, 407]}, {"label": "vegetation", "bounding_box": [1132, 331, 1255, 470]}, {"label": "building", "bounding_box": [547, 0, 1160, 562]}, {"label": "vegetation", "bounding_box": [561, 0, 881, 331]}, {"label": "building", "bounding_box": [1395, 0, 2047, 456]}, {"label": "building", "bounding_box": [0, 0, 741, 639]}, {"label": "sidewalk", "bounding_box": [0, 460, 2047, 1023]}, {"label": "road", "bounding_box": [0, 853, 2047, 1023]}, {"label": "dynamic", "bounding_box": [0, 444, 74, 592]}, {"label": "dynamic", "bounding_box": [242, 432, 315, 522]}, {"label": "vegetation", "bounding_box": [1232, 240, 1497, 444]}, {"label": "pole", "bounding_box": [699, 216, 757, 503]}, {"label": "pole", "bounding_box": [645, 405, 648, 450]}, {"label": "traffic sign", "bounding_box": [638, 400, 654, 414]}, {"label": "dynamic", "bounding_box": [627, 432, 676, 497]}, {"label": "bicycle", "bounding_box": [685, 432, 726, 462]}, {"label": "rider", "bounding_box": [693, 418, 716, 456]}, {"label": "bicycle", "bounding_box": [747, 442, 799, 477]}, {"label": "pole", "bounding_box": [712, 385, 719, 461]}, {"label": "static", "bounding_box": [720, 438, 758, 493]}, {"label": "rider", "bounding_box": [755, 415, 776, 475]}, {"label": "car", "bounding_box": [1064, 416, 1111, 460]}, {"label": "pole", "bounding_box": [827, 399, 830, 443]}, {"label": "road", "bounding_box": [1078, 458, 1179, 471]}, {"label": "static", "bounding_box": [828, 366, 840, 381]}, {"label": "pole", "bounding_box": [832, 368, 839, 437]}, {"label": "bicycle", "bounding_box": [858, 431, 882, 487]}, {"label": "rider", "bounding_box": [856, 413, 880, 467]}, {"label": "pole", "bounding_box": [1440, 290, 1464, 434]}, {"label": "pole", "bounding_box": [64, 550, 122, 807]}, {"label": "pole", "bounding_box": [516, 550, 560, 819]}, {"label": "bicycle", "bounding_box": [724, 487, 1052, 816]}, {"label": "pole", "bounding_box": [1882, 269, 1904, 443]}, {"label": "pole", "bounding_box": [1000, 551, 1047, 829]}, {"label": "rider", "bounding_box": [910, 427, 928, 453]}, {"label": "pole", "bounding_box": [1727, 282, 1750, 444]}, {"label": "bicycle", "bounding_box": [906, 443, 927, 460]}, {"label": "terrain", "bounding_box": [1332, 422, 1519, 461]}, {"label": "car", "bounding_box": [1773, 416, 1861, 449]}, {"label": "car", "bounding_box": [1738, 420, 1820, 439]}, {"label": "pole", "bounding_box": [1825, 278, 1851, 446]}, {"label": "pole", "bounding_box": [1512, 279, 1525, 431]}, {"label": "terrain", "bounding_box": [1726, 418, 1958, 459]}, {"label": "car", "bounding_box": [1960, 405, 2047, 441]}, {"label": "road", "bounding_box": [1333, 455, 1917, 477]}, {"label": "car", "bounding_box": [1606, 415, 1743, 461]}, {"label": "car", "bounding_box": [1489, 420, 1667, 473]}, {"label": "static", "bounding_box": [1356, 265, 1425, 472]}, {"label": "terrain", "bounding_box": [1263, 461, 2019, 508]}, {"label": "wall", "bounding_box": [1235, 420, 2047, 517]}, {"label": "bicyclegroup", "bounding_box": [1165, 432, 1304, 515]}, {"label": "person", "bounding_box": [1101, 318, 1268, 582]}, {"label": "person", "bounding_box": [1121, 429, 1132, 456]}, {"label": "vegetation", "bounding_box": [766, 0, 2047, 476]}, {"label": "person", "bounding_box": [1315, 371, 1351, 523]}, {"label": "static", "bounding_box": [1287, 233, 1441, 551]}, {"label": "pole", "bounding_box": [1478, 0, 1597, 822]}, {"label": "pole", "bounding_box": [2002, 270, 2036, 430]}, {"label": "pole", "bounding_box": [1812, 260, 1825, 463]}, {"label": "pole", "bounding_box": [2031, 292, 2037, 422]}, {"label": "static", "bounding_box": [892, 244, 1082, 551]}, {"label": "rider", "bounding_box": [784, 255, 1114, 751]}, {"label": "static", "bounding_box": [1727, 282, 1750, 300]}, {"label": "static", "bounding_box": [1512, 279, 1525, 299]}, {"label": "static", "bounding_box": [1440, 290, 1464, 308]}, {"label": "static", "bounding_box": [1812, 260, 1825, 289]}, {"label": "static", "bounding_box": [2002, 270, 2036, 291]}, {"label": "static", "bounding_box": [1882, 269, 1904, 289]}, {"label": "static", "bounding_box": [1825, 278, 1851, 299]}, {"label": "traffic light", "bounding_box": [817, 401, 827, 416]}, {"label": "static", "bounding_box": [699, 216, 757, 256]}, {"label": "traffic sign", "bounding_box": [1479, 0, 1613, 24]}, {"label": "ego vehicle", "bounding_box": [24, 796, 2047, 1023]}, {"label": "rectification border", "bounding_box": [416, 0, 2047, 28]}, {"label": "rectification border", "bounding_box": [2037, 509, 2047, 1023]}, {"label": "rectification border", "bounding_box": [0, 0, 17, 474]}, {"label": "rectification border", "bounding_box": [0, 977, 1937, 1023]}, {"label": "out of roi", "bounding_box": [0, 0, 2048, 1024]}]}