{"imgHeight": 1024, "imgWidth": 2048, "objects": [{"label": "sky", "bounding_box": [0, 0, 2047, 449]}, {"label": "building", "bounding_box": [0, 0, 2047, 1023]}, {"label": "traffic light", "bounding_box": [783, 174, 802, 212]}, {"label": "static", "bounding_box": [1033, 342, 1110, 367]}, {"label": "road", "bounding_box": [0, 400, 2047, 1023]}, {"label": "sidewalk", "bounding_box": [1096, 415, 2047, 732]}, {"label": "sidewalk", "bounding_box": [190, 429, 877, 486]}, {"label": "sidewalk", "bounding_box": [0, 485, 712, 676]}, {"label": "vegetation", "bounding_box": [1014, 355, 1096, 412]}, {"label": "static", "bounding_box": [939, 382, 958, 414]}, {"label": "static", "bounding_box": [1080, 382, 1108, 422]}, {"label": "static", "bounding_box": [1116, 382, 1125, 399]}, {"label": "static", "bounding_box": [1034, 399, 1066, 419]}, {"label": "static", "bounding_box": [1112, 375, 1126, 388]}, {"label": "car", "bounding_box": [1004, 395, 1023, 414]}, {"label": "pole", "bounding_box": [997, 374, 999, 401]}, {"label": "car", "bounding_box": [991, 398, 1009, 417]}, {"label": "car", "bounding_box": [997, 404, 1014, 417]}, {"label": "cargroup", "bounding_box": [1020, 403, 1036, 416]}, {"label": "static", "bounding_box": [1061, 386, 1095, 418]}, {"label": "static", "bounding_box": [1059, 346, 1068, 410]}, {"label": "person", "bounding_box": [1084, 400, 1100, 426]}, {"label": "static", "bounding_box": [1105, 393, 1111, 399]}, {"label": "car", "bounding_box": [1097, 402, 1120, 432]}, {"label": "pole", "bounding_box": [1110, 382, 1112, 420]}, {"label": "pole", "bounding_box": [1111, 318, 1126, 410]}, {"label": "pole", "bounding_box": [1096, 304, 1113, 406]}, {"label": "car", "bounding_box": [1107, 401, 1141, 434]}, {"label": "traffic sign", "bounding_box": [1105, 373, 1117, 386]}, {"label": "traffic sign", "bounding_box": [1119, 371, 1123, 376]}, {"label": "traffic sign", "bounding_box": [1120, 378, 1124, 386]}, {"label": "pole", "bounding_box": [1133, 288, 1145, 419]}, {"label": "pole", "bounding_box": [1127, 228, 1136, 435]}, {"label": "bicyclegroup", "bounding_box": [1121, 410, 1183, 437]}, {"label": "static", "bounding_box": [1148, 364, 1165, 392]}, {"label": "pole", "bounding_box": [1141, 267, 1163, 443]}, {"label": "static", "bounding_box": [1144, 369, 1159, 378]}, {"label": "static", "bounding_box": [1151, 386, 1168, 401]}, {"label": "static", "bounding_box": [1153, 397, 1168, 407]}, {"label": "static", "bounding_box": [1155, 319, 1171, 368]}, {"label": "pole", "bounding_box": [918, 387, 922, 410]}, {"label": "static", "bounding_box": [1154, 339, 1180, 385]}, {"label": "person", "bounding_box": [1204, 389, 1220, 432]}, {"label": "pole", "bounding_box": [1575, 0, 1600, 397]}, {"label": "traffic sign", "bounding_box": [1568, 149, 1611, 186]}, {"label": "person", "bounding_box": [1221, 390, 1240, 438]}, {"label": "bicyclegroup", "bounding_box": [1195, 406, 1333, 479]}, {"label": "static", "bounding_box": [1239, 413, 1254, 478]}, {"label": "person", "bounding_box": [1321, 387, 1348, 438]}, {"label": "pole", "bounding_box": [1355, 278, 1367, 410]}, {"label": "static", "bounding_box": [970, 382, 976, 393]}, {"label": "traffic light", "bounding_box": [1355, 285, 1372, 320]}, {"label": "car", "bounding_box": [1307, 373, 1496, 565]}, {"label": "car", "bounding_box": [1404, 352, 1840, 648]}, {"label": "traffic sign", "bounding_box": [1561, 75, 1613, 132]}, {"label": "vegetation", "bounding_box": [894, 169, 1097, 423]}, {"label": "traffic sign", "bounding_box": [1562, 122, 1614, 157]}, {"label": "traffic light", "bounding_box": [1552, 192, 1622, 287]}, {"label": "traffic sign", "bounding_box": [1557, 19, 1617, 81]}, {"label": "car", "bounding_box": [1980, 565, 2047, 931]}, {"label": "car", "bounding_box": [1057, 403, 1082, 424]}, {"label": "car", "bounding_box": [991, 398, 1008, 417]}, {"label": "pole", "bounding_box": [596, 420, 606, 488]}, {"label": "car", "bounding_box": [997, 404, 1014, 418]}, {"label": "traffic sign", "bounding_box": [967, 371, 978, 388]}, {"label": "pole", "bounding_box": [973, 389, 975, 422]}, {"label": "pole", "bounding_box": [886, 271, 909, 405]}, {"label": "pole", "bounding_box": [947, 371, 952, 416]}, {"label": "pole", "bounding_box": [965, 401, 968, 419]}, {"label": "static", "bounding_box": [954, 403, 962, 422]}, {"label": "static", "bounding_box": [934, 410, 955, 424]}, {"label": "pole", "bounding_box": [934, 307, 952, 412]}, {"label": "car", "bounding_box": [915, 395, 944, 434]}, {"label": "traffic light", "bounding_box": [783, 174, 802, 212]}, {"label": "static", "bounding_box": [610, 288, 656, 330]}, {"label": "pole", "bounding_box": [838, 231, 864, 415]}, {"label": "traffic sign", "bounding_box": [914, 376, 927, 389]}, {"label": "car", "bounding_box": [879, 393, 924, 436]}, {"label": "car", "bounding_box": [869, 400, 915, 439]}, {"label": "car", "bounding_box": [826, 400, 878, 446]}, {"label": "car", "bounding_box": [781, 398, 858, 454]}, {"label": "pole", "bounding_box": [503, 0, 510, 174]}, {"label": "bicyclegroup", "bounding_box": [418, 395, 604, 504]}, {"label": "car", "bounding_box": [781, 398, 858, 454]}, {"label": "pole", "bounding_box": [633, 130, 800, 465]}, {"label": "pole", "bounding_box": [727, 145, 772, 453]}, {"label": "static", "bounding_box": [570, 236, 629, 307]}, {"label": "static", "bounding_box": [505, 0, 561, 52]}, {"label": "static", "bounding_box": [507, 62, 560, 113]}, {"label": "static", "bounding_box": [508, 124, 560, 176]}, {"label": "pole", "bounding_box": [561, 446, 575, 497]}, {"label": "motorcycle", "bounding_box": [334, 377, 529, 515]}, {"label": "static", "bounding_box": [291, 447, 307, 488]}, {"label": "pole", "bounding_box": [320, 0, 343, 509]}, {"label": "pole", "bounding_box": [282, 258, 294, 488]}, {"label": "static", "bounding_box": [268, 386, 298, 428]}, {"label": "traffic sign", "bounding_box": [260, 246, 313, 269]}, {"label": "car", "bounding_box": [154, 431, 227, 495]}, {"label": "static", "bounding_box": [12, 388, 92, 520]}, {"label": "traffic sign", "bounding_box": [1292, 322, 1306, 341]}, {"label": "static", "bounding_box": [1292, 322, 1306, 341]}, {"label": "pole", "bounding_box": [622, 0, 1123, 488]}, {"label": "license plate", "bounding_box": [1636, 468, 1746, 501]}, {"label": "static", "bounding_box": [737, 145, 772, 161]}, {"label": "static", "bounding_box": [839, 231, 864, 240]}, {"label": "static", "bounding_box": [888, 271, 909, 281]}, {"label": "static", "bounding_box": [938, 307, 952, 315]}, {"label": "static", "bounding_box": [1141, 267, 1160, 276]}, {"label": "traffic sign", "bounding_box": [970, 385, 976, 393]}, {"label": "license plate", "bounding_box": [803, 436, 821, 441]}, {"label": "ego vehicle", "bounding_box": [24, 796, 2047, 1023]}, {"label": "rectification border", "bounding_box": [416, 0, 2047, 28]}, {"label": "rectification border", "bounding_box": [2037, 509, 2047, 1023]}, {"label": "rectification border", "bounding_box": [0, 0, 17, 474]}, {"label": "rectification border", "bounding_box": [0, 977, 1937, 1023]}, {"label": "out of roi", "bounding_box": [0, 0, 2048, 1024]}]}