{"imgHeight": 1024, "imgWidth": 2048, "objects": [{"label": "sidewalk", "bounding_box": [81, 398, 2047, 1023]}, {"label": "sky", "bounding_box": [0, 0, 382, 402]}, {"label": "building", "bounding_box": [0, 174, 414, 435]}, {"label": "road", "bounding_box": [0, 437, 1863, 1023]}, {"label": "building", "bounding_box": [428, 0, 2047, 447]}, {"label": "pole", "bounding_box": [56, 362, 60, 399]}, {"label": "static", "bounding_box": [49, 362, 70, 367]}, {"label": "wall", "bounding_box": [349, 420, 470, 447]}, {"label": "pole", "bounding_box": [97, 351, 102, 387]}, {"label": "traffic light", "bounding_box": [96, 350, 106, 366]}, {"label": "vegetation", "bounding_box": [0, 361, 159, 435]}, {"label": "wall", "bounding_box": [0, 425, 173, 449]}, {"label": "vegetation", "bounding_box": [276, 352, 283, 423]}, {"label": "dynamic", "bounding_box": [11, 451, 66, 492]}, {"label": "vegetation", "bounding_box": [211, 376, 232, 441]}, {"label": "car", "bounding_box": [0, 416, 38, 527]}, {"label": "car", "bounding_box": [0, 443, 14, 537]}, {"label": "vegetation", "bounding_box": [301, 365, 307, 420]}, {"label": "vegetation", "bounding_box": [129, 0, 1718, 423]}, {"label": "vegetation", "bounding_box": [243, 359, 254, 419]}, {"label": "persongroup", "bounding_box": [175, 414, 188, 452]}, {"label": "persongroup", "bounding_box": [225, 402, 357, 477]}, {"label": "persongroup", "bounding_box": [194, 416, 223, 453]}, {"label": "pole", "bounding_box": [212, 377, 216, 458]}, {"label": "vegetation", "bounding_box": [984, 339, 1022, 397]}, {"label": "traffic sign", "bounding_box": [199, 349, 223, 370]}, {"label": "traffic sign", "bounding_box": [203, 369, 219, 388]}, {"label": "traffic sign", "bounding_box": [232, 348, 266, 379]}, {"label": "persongroup", "bounding_box": [575, 404, 608, 461]}, {"label": "person", "bounding_box": [639, 419, 660, 465]}, {"label": "dynamic", "bounding_box": [984, 350, 1143, 378]}, {"label": "static", "bounding_box": [1056, 293, 1110, 418]}, {"label": "vegetation", "bounding_box": [806, 403, 894, 456]}, {"label": "vegetation", "bounding_box": [955, 405, 1038, 424]}, {"label": "pole", "bounding_box": [541, 378, 545, 425]}, {"label": "traffic sign", "bounding_box": [532, 370, 549, 388]}, {"label": "traffic sign", "bounding_box": [643, 345, 658, 361]}, {"label": "persongroup", "bounding_box": [1759, 370, 1825, 456]}, {"label": "person", "bounding_box": [1721, 407, 1738, 430]}, {"label": "person", "bounding_box": [1382, 380, 1402, 440]}, {"label": "person", "bounding_box": [1828, 368, 1862, 423]}, {"label": "dynamic", "bounding_box": [1899, 406, 1933, 431]}, {"label": "dynamic", "bounding_box": [1790, 407, 1903, 454]}, {"label": "dynamic", "bounding_box": [1916, 388, 1982, 458]}, {"label": "persongroup", "bounding_box": [1232, 363, 1541, 470]}, {"label": "person", "bounding_box": [1558, 376, 1586, 454]}, {"label": "person", "bounding_box": [1605, 379, 1634, 459]}, {"label": "person", "bounding_box": [1387, 389, 1409, 459]}, {"label": "person", "bounding_box": [1355, 381, 1388, 443]}, {"label": "person", "bounding_box": [1659, 366, 1692, 464]}, {"label": "person", "bounding_box": [1624, 368, 1666, 466]}, {"label": "person", "bounding_box": [1680, 369, 1731, 467]}, {"label": "pole", "bounding_box": [1513, 209, 1527, 448]}, {"label": "person", "bounding_box": [1203, 377, 1256, 484]}, {"label": "person", "bounding_box": [1255, 369, 1293, 480]}, {"label": "bicyclegroup", "bounding_box": [1308, 405, 1626, 534]}, {"label": "bicycle", "bounding_box": [1394, 417, 1629, 718]}, {"label": "vegetation", "bounding_box": [1308, 302, 1338, 524]}, {"label": "pole", "bounding_box": [1313, 483, 1352, 757]}, {"label": "vegetation", "bounding_box": [1416, 170, 1485, 690]}, {"label": "pole", "bounding_box": [1653, 493, 1716, 846]}, {"label": "person", "bounding_box": [1085, 390, 1121, 484]}, {"label": "person", "bounding_box": [1024, 383, 1063, 459]}, {"label": "person", "bounding_box": [991, 375, 1033, 451]}, {"label": "person", "bounding_box": [1055, 373, 1096, 487]}, {"label": "wall", "bounding_box": [948, 422, 998, 444]}, {"label": "person", "bounding_box": [992, 416, 1038, 460]}, {"label": "person", "bounding_box": [962, 412, 1012, 488]}, {"label": "dynamic", "bounding_box": [985, 460, 1019, 501]}, {"label": "person", "bounding_box": [961, 413, 1050, 498]}, {"label": "static", "bounding_box": [1024, 440, 1068, 487]}, {"label": "static", "bounding_box": [1012, 438, 1051, 502]}, {"label": "pole", "bounding_box": [1057, 240, 1076, 491]}, {"label": "static", "bounding_box": [1013, 231, 1107, 279]}, {"label": "pole", "bounding_box": [1058, 475, 1092, 694]}, {"label": "person", "bounding_box": [1092, 334, 1227, 565]}, {"label": "dynamic", "bounding_box": [1177, 468, 1264, 565]}, {"label": "person", "bounding_box": [906, 417, 922, 438]}, {"label": "vegetation", "bounding_box": [915, 358, 935, 438]}, {"label": "person", "bounding_box": [916, 395, 952, 465]}, {"label": "bicyclegroup", "bounding_box": [787, 422, 922, 486]}, {"label": "person", "bounding_box": [824, 378, 877, 510]}, {"label": "pole", "bounding_box": [819, 471, 843, 631]}, {"label": "vegetation", "bounding_box": [887, 365, 915, 487]}, {"label": "pole", "bounding_box": [927, 476, 953, 660]}, {"label": "vegetation", "bounding_box": [682, 345, 699, 434]}, {"label": "bicycle", "bounding_box": [647, 419, 788, 476]}, {"label": "pole", "bounding_box": [617, 341, 623, 424]}, {"label": "static", "bounding_box": [578, 436, 611, 470]}, {"label": "static", "bounding_box": [588, 313, 610, 346]}, {"label": "wall", "bounding_box": [483, 426, 566, 456]}, {"label": "person", "bounding_box": [587, 380, 631, 489]}, {"label": "vegetation", "bounding_box": [622, 367, 648, 537]}, {"label": "pole", "bounding_box": [605, 465, 621, 571]}, {"label": "vegetation", "bounding_box": [561, 374, 577, 463]}, {"label": "person", "bounding_box": [540, 403, 561, 455]}, {"label": "static", "bounding_box": [531, 448, 573, 512]}, {"label": "pole", "bounding_box": [561, 465, 577, 562]}, {"label": "pole", "bounding_box": [525, 464, 540, 552]}, {"label": "pole", "bounding_box": [497, 257, 525, 514]}, {"label": "static", "bounding_box": [514, 211, 553, 271]}, {"label": "static", "bounding_box": [443, 224, 479, 269]}, {"label": "pole", "bounding_box": [495, 463, 509, 543]}, {"label": "bicycle", "bounding_box": [474, 429, 491, 470]}, {"label": "rider", "bounding_box": [468, 398, 495, 459]}, {"label": "pole", "bounding_box": [468, 460, 480, 535]}, {"label": "pole", "bounding_box": [403, 458, 411, 519]}, {"label": "pole", "bounding_box": [382, 451, 392, 513]}, {"label": "pole", "bounding_box": [366, 451, 376, 510]}, {"label": "pole", "bounding_box": [363, 368, 367, 443]}, {"label": "pole", "bounding_box": [377, 364, 381, 443]}, {"label": "pole", "bounding_box": [390, 367, 393, 428]}, {"label": "static", "bounding_box": [390, 394, 411, 444]}, {"label": "pole", "bounding_box": [449, 357, 453, 399]}, {"label": "person", "bounding_box": [392, 395, 467, 549]}, {"label": "pole", "bounding_box": [666, 474, 682, 587]}, {"label": "pole", "bounding_box": [354, 450, 362, 503]}, {"label": "vegetation", "bounding_box": [326, 358, 339, 462]}, {"label": "polegroup", "bounding_box": [156, 430, 351, 502]}, {"label": "pole", "bounding_box": [61, 438, 64, 451]}, {"label": "pole", "bounding_box": [86, 438, 89, 449]}, {"label": "pole", "bounding_box": [108, 432, 111, 449]}, {"label": "pole", "bounding_box": [142, 432, 145, 449]}, {"label": "pole", "bounding_box": [129, 436, 131, 450]}, {"label": "traffic sign", "bounding_box": [125, 431, 133, 443]}, {"label": "pole", "bounding_box": [721, 470, 745, 606]}, {"label": "person", "bounding_box": [1804, 370, 1828, 402]}, {"label": "person", "bounding_box": [1758, 393, 1823, 454]}, {"label": "dynamic", "bounding_box": [1734, 410, 1780, 458]}, {"label": "static", "bounding_box": [1980, 0, 2016, 113]}, {"label": "static", "bounding_box": [1353, 208, 1388, 292]}, {"label": "ego vehicle", "bounding_box": [24, 796, 2047, 1023]}, {"label": "rectification border", "bounding_box": [416, 0, 2047, 28]}, {"label": "rectification border", "bounding_box": [2037, 509, 2047, 1023]}, {"label": "rectification border", "bounding_box": [0, 0, 17, 474]}, {"label": "rectification border", "bounding_box": [0, 977, 1937, 1023]}, {"label": "out of roi", "bounding_box": [0, 0, 2048, 1024]}]}