{"imgHeight": 1024, "imgWidth": 2048, "objects": [{"label": "road", "bounding_box": [0, 383, 2047, 1023]}, {"label": "building", "bounding_box": [0, 0, 2047, 470]}, {"label": "bicycle", "bounding_box": [749, 414, 808, 467]}, {"label": "sidewalk", "bounding_box": [510, 436, 2047, 493]}, {"label": "dynamic", "bounding_box": [1083, 418, 1153, 462]}, {"label": "bicycle", "bounding_box": [1195, 404, 1288, 473]}, {"label": "person", "bounding_box": [1136, 381, 1168, 477]}, {"label": "person", "bounding_box": [1151, 380, 1181, 479]}, {"label": "dynamic", "bounding_box": [1161, 420, 1207, 481]}, {"label": "person", "bounding_box": [1215, 376, 1246, 428]}, {"label": "rider", "bounding_box": [1217, 382, 1260, 472]}, {"label": "person", "bounding_box": [1224, 382, 1264, 476]}, {"label": "static", "bounding_box": [1560, 365, 1633, 411]}, {"label": "static", "bounding_box": [1221, 456, 1255, 484]}, {"label": "static", "bounding_box": [1444, 413, 1508, 474]}, {"label": "static", "bounding_box": [1275, 268, 1281, 344]}, {"label": "pole", "bounding_box": [1271, 265, 1279, 476]}, {"label": "person", "bounding_box": [1730, 371, 1771, 473]}, {"label": "bus", "bounding_box": [1748, 285, 2047, 484]}, {"label": "static", "bounding_box": [1295, 228, 1386, 458]}, {"label": "person", "bounding_box": [1685, 366, 1720, 470]}, {"label": "person", "bounding_box": [1643, 364, 1684, 464]}, {"label": "person", "bounding_box": [1588, 373, 1619, 472]}, {"label": "person", "bounding_box": [1602, 378, 1636, 475]}, {"label": "person", "bounding_box": [1617, 387, 1648, 475]}, {"label": "person", "bounding_box": [1522, 383, 1559, 461]}, {"label": "person", "bounding_box": [1547, 407, 1585, 474]}, {"label": "person", "bounding_box": [1491, 371, 1546, 476]}, {"label": "person", "bounding_box": [1428, 377, 1459, 474]}, {"label": "person", "bounding_box": [1444, 400, 1480, 474]}, {"label": "person", "bounding_box": [1325, 380, 1354, 475]}, {"label": "person", "bounding_box": [1301, 378, 1339, 476]}, {"label": "person", "bounding_box": [1284, 383, 1328, 479]}, {"label": "person", "bounding_box": [1363, 377, 1388, 474]}, {"label": "person", "bounding_box": [1340, 388, 1372, 478]}, {"label": "person", "bounding_box": [1373, 386, 1417, 477]}, {"label": "person", "bounding_box": [1400, 379, 1434, 478]}, {"label": "person", "bounding_box": [4, 415, 37, 452]}, {"label": "person", "bounding_box": [44, 405, 71, 461]}, {"label": "car", "bounding_box": [0, 426, 56, 499]}, {"label": "license plate", "bounding_box": [23, 456, 46, 463]}, {"label": "car", "bounding_box": [34, 399, 278, 499]}, {"label": "terrain", "bounding_box": [0, 486, 401, 520]}, {"label": "car", "bounding_box": [381, 410, 582, 497]}, {"label": "car", "bounding_box": [178, 405, 403, 498]}, {"label": "person", "bounding_box": [0, 387, 40, 545]}, {"label": "pole", "bounding_box": [647, 328, 655, 436]}, {"label": "license plate", "bounding_box": [559, 449, 572, 458]}, {"label": "license plate", "bounding_box": [371, 459, 390, 467]}, {"label": "person", "bounding_box": [636, 405, 670, 488]}, {"label": "person", "bounding_box": [755, 411, 783, 464]}, {"label": "traffic light", "bounding_box": [682, 292, 736, 355]}, {"label": "pole", "bounding_box": [697, 0, 711, 486]}, {"label": "person", "bounding_box": [676, 403, 709, 490]}, {"label": "person", "bounding_box": [707, 403, 742, 489]}, {"label": "person", "bounding_box": [730, 406, 764, 492]}, {"label": "pole", "bounding_box": [761, 410, 767, 483]}, {"label": "traffic sign", "bounding_box": [756, 456, 778, 492]}, {"label": "traffic sign", "bounding_box": [643, 304, 665, 340]}, {"label": "traffic sign", "bounding_box": [648, 334, 662, 346]}, {"label": "traffic sign", "bounding_box": [649, 346, 661, 363]}, {"label": "pole", "bounding_box": [471, 270, 483, 504]}, {"label": "traffic sign", "bounding_box": [458, 316, 484, 344]}, {"label": "vegetation", "bounding_box": [0, 0, 668, 496]}, {"label": "sidewalk", "bounding_box": [649, 492, 836, 514]}, {"label": "sidewalk", "bounding_box": [1897, 489, 2047, 508]}, {"label": "sidewalk", "bounding_box": [1914, 521, 2047, 553]}, {"label": "sidewalk", "bounding_box": [273, 533, 553, 553]}, {"label": "person", "bounding_box": [812, 389, 840, 491]}, {"label": "static", "bounding_box": [1536, 380, 1559, 405]}, {"label": "ego vehicle", "bounding_box": [24, 796, 2047, 1023]}, {"label": "rectification border", "bounding_box": [416, 0, 2047, 28]}, {"label": "rectification border", "bounding_box": [2037, 509, 2047, 1023]}, {"label": "rectification border", "bounding_box": [0, 0, 17, 474]}, {"label": "rectification border", "bounding_box": [0, 977, 1937, 1023]}, {"label": "out of roi", "bounding_box": [0, 0, 2048, 1024]}]}