{"imgHeight": 1024, "imgWidth": 2048, "objects": [{"label": "road", "bounding_box": [0, 386, 2047, 1023]}, {"label": "sky", "bounding_box": [1127, 0, 2047, 199]}, {"label": "building", "bounding_box": [0, 93, 2047, 424]}, {"label": "vegetation", "bounding_box": [558, 328, 704, 414]}, {"label": "bicycle", "bounding_box": [256, 336, 326, 378]}, {"label": "pole", "bounding_box": [19, 147, 50, 370]}, {"label": "car", "bounding_box": [233, 349, 308, 377]}, {"label": "pole", "bounding_box": [77, 277, 84, 363]}, {"label": "traffic sign", "bounding_box": [68, 261, 92, 289]}, {"label": "traffic sign", "bounding_box": [71, 291, 92, 321]}, {"label": "pole", "bounding_box": [182, 350, 187, 378]}, {"label": "sidewalk", "bounding_box": [350, 420, 602, 459]}, {"label": "vegetation", "bounding_box": [0, 0, 2047, 411]}, {"label": "building", "bounding_box": [768, 339, 816, 390]}, {"label": "pole", "bounding_box": [263, 221, 277, 376]}, {"label": "static", "bounding_box": [248, 223, 291, 289]}, {"label": "traffic sign", "bounding_box": [172, 341, 194, 361]}, {"label": "vegetation", "bounding_box": [410, 268, 598, 419]}, {"label": "pole", "bounding_box": [487, 267, 497, 385]}, {"label": "static", "bounding_box": [534, 331, 556, 353]}, {"label": "pole", "bounding_box": [240, 322, 248, 379]}, {"label": "pole", "bounding_box": [543, 307, 546, 426]}, {"label": "static", "bounding_box": [641, 369, 660, 399]}, {"label": "pole", "bounding_box": [516, 255, 524, 424]}, {"label": "static", "bounding_box": [531, 317, 547, 326]}, {"label": "pole", "bounding_box": [709, 308, 712, 381]}, {"label": "traffic sign", "bounding_box": [709, 316, 715, 329]}, {"label": "static", "bounding_box": [709, 331, 715, 350]}, {"label": "traffic sign", "bounding_box": [694, 307, 708, 330]}, {"label": "traffic sign", "bounding_box": [237, 303, 252, 337]}, {"label": "traffic sign", "bounding_box": [698, 331, 707, 340]}, {"label": "fence", "bounding_box": [609, 393, 910, 419]}, {"label": "static", "bounding_box": [744, 337, 818, 387]}, {"label": "car", "bounding_box": [756, 382, 844, 424]}, {"label": "vegetation", "bounding_box": [885, 373, 893, 419]}, {"label": "car", "bounding_box": [629, 374, 812, 448]}, {"label": "license plate", "bounding_box": [648, 405, 681, 415]}, {"label": "building", "bounding_box": [851, 328, 886, 376]}, {"label": "pole", "bounding_box": [1291, 0, 1307, 218]}, {"label": "traffic sign", "bounding_box": [1270, 170, 1333, 219]}, {"label": "pole", "bounding_box": [1023, 90, 1032, 383]}, {"label": "static", "bounding_box": [983, 88, 1024, 102]}, {"label": "traffic sign", "bounding_box": [1016, 282, 1038, 304]}, {"label": "traffic sign", "bounding_box": [1017, 305, 1037, 316]}, {"label": "sidewalk", "bounding_box": [1608, 422, 2047, 760]}, {"label": "traffic sign", "bounding_box": [1019, 317, 1036, 329]}, {"label": "car", "bounding_box": [887, 374, 956, 446]}, {"label": "wall", "bounding_box": [1923, 403, 2047, 442]}, {"label": "license plate", "bounding_box": [923, 404, 938, 410]}, {"label": "car", "bounding_box": [926, 375, 993, 455]}, {"label": "car", "bounding_box": [937, 376, 1010, 462]}, {"label": "car", "bounding_box": [946, 369, 1047, 496]}, {"label": "car", "bounding_box": [1021, 333, 1227, 521]}, {"label": "license plate", "bounding_box": [1108, 434, 1168, 451]}, {"label": "car", "bounding_box": [1174, 146, 1949, 727]}, {"label": "license plate", "bounding_box": [1474, 545, 1644, 586]}, {"label": "static", "bounding_box": [549, 399, 585, 423]}, {"label": "pole", "bounding_box": [532, 387, 536, 437]}, {"label": "pole", "bounding_box": [521, 354, 526, 439]}, {"label": "pole", "bounding_box": [513, 390, 517, 440]}, {"label": "car", "bounding_box": [301, 369, 352, 397]}, {"label": "car", "bounding_box": [330, 368, 418, 437]}, {"label": "license plate", "bounding_box": [342, 415, 375, 422]}, {"label": "car", "bounding_box": [160, 365, 374, 551]}, {"label": "car", "bounding_box": [0, 350, 242, 647]}, {"label": "person", "bounding_box": [471, 358, 515, 475]}, {"label": "dynamic", "bounding_box": [475, 439, 500, 496]}, {"label": "rider", "bounding_box": [389, 291, 488, 550]}, {"label": "bicycle", "bounding_box": [406, 401, 477, 576]}, {"label": "bicycle", "bounding_box": [2001, 389, 2047, 443]}, {"label": "pole", "bounding_box": [2031, 524, 2047, 673]}, {"label": "static", "bounding_box": [38, 314, 68, 330]}, {"label": "vegetation", "bounding_box": [288, 228, 402, 282]}, {"label": "building", "bounding_box": [370, 234, 406, 248]}, {"label": "building", "bounding_box": [526, 298, 540, 321]}, {"label": "ego vehicle", "bounding_box": [24, 796, 2047, 1023]}, {"label": "rectification border", "bounding_box": [416, 0, 2047, 28]}, {"label": "rectification border", "bounding_box": [2037, 509, 2047, 1023]}, {"label": "rectification border", "bounding_box": [0, 0, 17, 474]}, {"label": "rectification border", "bounding_box": [0, 977, 1937, 1023]}, {"label": "out of roi", "bounding_box": [0, 0, 2048, 1024]}]}