{"imgHeight": 1024, "imgWidth": 2048, "objects": [{"label": "sky", "bounding_box": [0, 0, 2047, 420]}, {"label": "pole", "bounding_box": [1086, 268, 1099, 300]}, {"label": "pole", "bounding_box": [995, 233, 998, 257]}, {"label": "pole", "bounding_box": [1059, 266, 1075, 292]}, {"label": "pole", "bounding_box": [1032, 264, 1045, 281]}, {"label": "building", "bounding_box": [0, 0, 2047, 1023]}, {"label": "static", "bounding_box": [940, 357, 984, 414]}, {"label": "road", "bounding_box": [0, 401, 2047, 1023]}, {"label": "sidewalk", "bounding_box": [1038, 403, 2047, 458]}, {"label": "sidewalk", "bounding_box": [1555, 491, 2047, 1023]}, {"label": "sidewalk", "bounding_box": [0, 423, 630, 509]}, {"label": "vegetation", "bounding_box": [1228, 0, 1694, 366]}, {"label": "vegetation", "bounding_box": [550, 150, 893, 380]}, {"label": "static", "bounding_box": [405, 249, 606, 458]}, {"label": "vegetation", "bounding_box": [1052, 287, 1138, 406]}, {"label": "pole", "bounding_box": [1125, 362, 1130, 393]}, {"label": "traffic sign", "bounding_box": [1165, 272, 1187, 309]}, {"label": "static", "bounding_box": [1156, 282, 1193, 317]}, {"label": "pole", "bounding_box": [1161, 0, 1181, 379]}, {"label": "pole", "bounding_box": [1169, 0, 1188, 393]}, {"label": "pole", "bounding_box": [1098, 184, 1131, 336]}, {"label": "traffic sign", "bounding_box": [1121, 324, 1135, 339]}, {"label": "traffic sign", "bounding_box": [1123, 330, 1135, 354]}, {"label": "traffic sign", "bounding_box": [1122, 350, 1135, 363]}, {"label": "pole", "bounding_box": [1068, 110, 1117, 418]}, {"label": "static", "bounding_box": [1127, 388, 1147, 418]}, {"label": "static", "bounding_box": [1146, 394, 1171, 412]}, {"label": "pole", "bounding_box": [1122, 220, 1155, 435]}, {"label": "static", "bounding_box": [1116, 369, 1133, 429]}, {"label": "pole", "bounding_box": [1116, 303, 1127, 308]}, {"label": "pole", "bounding_box": [1090, 232, 1112, 400]}, {"label": "static", "bounding_box": [1098, 345, 1110, 352]}, {"label": "car", "bounding_box": [1022, 377, 1123, 443]}, {"label": "car", "bounding_box": [1025, 405, 1047, 438]}, {"label": "person", "bounding_box": [1039, 371, 1068, 455]}, {"label": "car", "bounding_box": [952, 383, 1011, 417]}, {"label": "static", "bounding_box": [1486, 321, 1498, 366]}, {"label": "static", "bounding_box": [1494, 325, 1510, 350]}, {"label": "vegetation", "bounding_box": [1239, 332, 1292, 411]}, {"label": "pole", "bounding_box": [1252, 216, 1263, 415]}, {"label": "traffic sign", "bounding_box": [1236, 224, 1253, 236]}, {"label": "traffic light", "bounding_box": [1226, 246, 1268, 308]}, {"label": "person", "bounding_box": [1261, 355, 1285, 392]}, {"label": "car", "bounding_box": [1206, 342, 1511, 464]}, {"label": "person", "bounding_box": [1124, 278, 1278, 586]}, {"label": "static", "bounding_box": [913, 367, 927, 391]}, {"label": "car", "bounding_box": [1327, 340, 1704, 478]}, {"label": "person", "bounding_box": [1369, 290, 1514, 593]}, {"label": "person", "bounding_box": [1293, 247, 1460, 617]}, {"label": "pole", "bounding_box": [1808, 147, 1854, 381]}, {"label": "traffic light", "bounding_box": [1795, 243, 1850, 298]}, {"label": "person", "bounding_box": [1779, 296, 1878, 535]}, {"label": "person", "bounding_box": [1838, 284, 1946, 539]}, {"label": "static", "bounding_box": [1769, 355, 1793, 390]}, {"label": "static", "bounding_box": [912, 355, 964, 397]}, {"label": "pole", "bounding_box": [1754, 0, 1784, 589]}, {"label": "traffic light", "bounding_box": [1683, 0, 1808, 102]}, {"label": "pole", "bounding_box": [1977, 207, 2047, 412]}, {"label": "car", "bounding_box": [1952, 373, 2047, 460]}, {"label": "static", "bounding_box": [1973, 46, 2047, 73]}, {"label": "pole", "bounding_box": [919, 331, 935, 404]}, {"label": "static", "bounding_box": [924, 356, 931, 368]}, {"label": "car", "bounding_box": [822, 373, 881, 429]}, {"label": "pole", "bounding_box": [783, 339, 795, 419]}, {"label": "static", "bounding_box": [794, 381, 809, 402]}, {"label": "car", "bounding_box": [782, 389, 853, 436]}, {"label": "license plate", "bounding_box": [792, 419, 813, 425]}, {"label": "car", "bounding_box": [768, 392, 801, 446]}, {"label": "car", "bounding_box": [686, 367, 784, 453]}, {"label": "car", "bounding_box": [644, 370, 736, 464]}, {"label": "rider", "bounding_box": [607, 379, 646, 463]}, {"label": "bicyclegroup", "bounding_box": [558, 398, 704, 487]}, {"label": "rider", "bounding_box": [589, 343, 669, 447]}, {"label": "car", "bounding_box": [892, 388, 949, 424]}, {"label": "traffic light", "bounding_box": [328, 265, 363, 330]}, {"label": "bicycle", "bounding_box": [461, 403, 489, 432]}, {"label": "static", "bounding_box": [442, 374, 473, 435]}, {"label": "static", "bounding_box": [427, 373, 453, 436]}, {"label": "person", "bounding_box": [432, 377, 464, 443]}, {"label": "person", "bounding_box": [413, 380, 442, 442]}, {"label": "static", "bounding_box": [330, 136, 343, 175]}, {"label": "static", "bounding_box": [307, 211, 357, 260]}, {"label": "pole", "bounding_box": [324, 164, 339, 370]}, {"label": "bicycle", "bounding_box": [261, 380, 451, 509]}, {"label": "rider", "bounding_box": [302, 320, 394, 495]}, {"label": "pole", "bounding_box": [295, 261, 332, 275]}, {"label": "pole", "bounding_box": [282, 288, 332, 300]}, {"label": "static", "bounding_box": [276, 260, 316, 301]}, {"label": "person", "bounding_box": [0, 378, 38, 570]}, {"label": "vegetation", "bounding_box": [905, 206, 963, 365]}, {"label": "pole", "bounding_box": [1022, 258, 1025, 276]}, {"label": "license plate", "bounding_box": [1337, 432, 1357, 444]}, {"label": "license plate", "bounding_box": [1965, 427, 1988, 436]}, {"label": "bicycle", "bounding_box": [864, 414, 1104, 562]}, {"label": "license plate", "bounding_box": [1077, 425, 1100, 430]}, {"label": "rider", "bounding_box": [843, 377, 866, 438]}, {"label": "bicycle", "bounding_box": [842, 400, 862, 444]}, {"label": "rider", "bounding_box": [918, 294, 1075, 540]}, {"label": "license plate", "bounding_box": [903, 413, 916, 416]}, {"label": "static", "bounding_box": [1977, 207, 2047, 224]}, {"label": "static", "bounding_box": [1068, 110, 1105, 122]}, {"label": "static", "bounding_box": [1098, 184, 1125, 193]}, {"label": "traffic sign", "bounding_box": [1260, 234, 1306, 248]}, {"label": "ego vehicle", "bounding_box": [24, 796, 2047, 1023]}, {"label": "rectification border", "bounding_box": [416, 0, 2047, 28]}, {"label": "rectification border", "bounding_box": [2037, 509, 2047, 1023]}, {"label": "rectification border", "bounding_box": [0, 0, 17, 474]}, {"label": "rectification border", "bounding_box": [0, 977, 1937, 1023]}, {"label": "out of roi", "bounding_box": [0, 0, 2048, 1024]}]}