{"imgHeight": 1024, "imgWidth": 2048, "objects": [{"label": "sky", "bounding_box": [777, 0, 1135, 235]}, {"label": "building", "bounding_box": [0, 0, 2047, 596]}, {"label": "road", "bounding_box": [0, 411, 2047, 1023]}, {"label": "vegetation", "bounding_box": [377, 0, 976, 440]}, {"label": "parking", "bounding_box": [1095, 481, 2047, 937]}, {"label": "sidewalk", "bounding_box": [1342, 443, 2047, 655]}, {"label": "terrain", "bounding_box": [1373, 392, 1645, 476]}, {"label": "sidewalk", "bounding_box": [1069, 411, 1144, 487]}, {"label": "sidewalk", "bounding_box": [979, 412, 1024, 424]}, {"label": "cargroup", "bounding_box": [903, 397, 986, 436]}, {"label": "car", "bounding_box": [905, 403, 944, 436]}, {"label": "car", "bounding_box": [891, 406, 930, 439]}, {"label": "car", "bounding_box": [874, 410, 910, 448]}, {"label": "car", "bounding_box": [858, 407, 892, 452]}, {"label": "car", "bounding_box": [844, 403, 878, 454]}, {"label": "car", "bounding_box": [800, 402, 865, 461]}, {"label": "pole", "bounding_box": [783, 363, 787, 418]}, {"label": "car", "bounding_box": [765, 407, 848, 471]}, {"label": "car", "bounding_box": [709, 411, 778, 491]}, {"label": "vegetation", "bounding_box": [516, 344, 644, 428]}, {"label": "car", "bounding_box": [654, 404, 751, 512]}, {"label": "car", "bounding_box": [611, 406, 702, 531]}, {"label": "car", "bounding_box": [446, 380, 647, 558]}, {"label": "car", "bounding_box": [294, 409, 568, 615]}, {"label": "car", "bounding_box": [0, 391, 363, 716]}, {"label": "car", "bounding_box": [1101, 393, 1132, 417]}, {"label": "car", "bounding_box": [0, 367, 107, 799]}, {"label": "pole", "bounding_box": [1088, 338, 1094, 434]}, {"label": "pole", "bounding_box": [1098, 324, 1105, 449]}, {"label": "traffic sign", "bounding_box": [1084, 358, 1100, 379]}, {"label": "static", "bounding_box": [1096, 358, 1105, 366]}, {"label": "car", "bounding_box": [1071, 397, 1092, 419]}, {"label": "car", "bounding_box": [1013, 391, 1075, 420]}, {"label": "car", "bounding_box": [1061, 399, 1085, 430]}, {"label": "car", "bounding_box": [1021, 399, 1074, 442]}, {"label": "static", "bounding_box": [1110, 401, 1129, 446]}, {"label": "static", "bounding_box": [1118, 440, 1146, 476]}, {"label": "vegetation", "bounding_box": [931, 0, 1428, 451]}, {"label": "pole", "bounding_box": [1126, 331, 1146, 415]}, {"label": "traffic sign", "bounding_box": [1113, 316, 1141, 353]}, {"label": "pole", "bounding_box": [1126, 331, 1146, 415]}, {"label": "traffic sign", "bounding_box": [1113, 316, 1141, 353]}, {"label": "traffic sign", "bounding_box": [1142, 333, 1154, 363]}, {"label": "car", "bounding_box": [1135, 401, 1219, 519]}, {"label": "car", "bounding_box": [1162, 391, 1381, 538]}, {"label": "pole", "bounding_box": [1269, 51, 1284, 397]}, {"label": "static", "bounding_box": [1246, 44, 1270, 58]}, {"label": "person", "bounding_box": [1369, 353, 1425, 502]}, {"label": "person", "bounding_box": [1119, 359, 1188, 534]}, {"label": "static", "bounding_box": [1452, 351, 1499, 456]}, {"label": "vegetation", "bounding_box": [1367, 132, 1663, 467]}, {"label": "static", "bounding_box": [1452, 351, 1499, 456]}, {"label": "pole", "bounding_box": [1803, 112, 1825, 560]}, {"label": "traffic sign", "bounding_box": [1772, 48, 1846, 120]}, {"label": "traffic sign", "bounding_box": [1768, 115, 1854, 174]}, {"label": "license plate", "bounding_box": [1271, 450, 1328, 464]}, {"label": "traffic sign", "bounding_box": [775, 362, 795, 369]}, {"label": "pole", "bounding_box": [1106, 403, 1108, 418]}, {"label": "ego vehicle", "bounding_box": [24, 796, 2047, 1023]}, {"label": "rectification border", "bounding_box": [416, 0, 2047, 28]}, {"label": "rectification border", "bounding_box": [2037, 509, 2047, 1023]}, {"label": "rectification border", "bounding_box": [0, 0, 17, 474]}, {"label": "rectification border", "bounding_box": [0, 977, 1937, 1023]}, {"label": "out of roi", "bounding_box": [0, 0, 2048, 1024]}]}