{"imgHeight": 1024, "imgWidth": 2048, "objects": [{"label": "sky", "bounding_box": [329, 0, 1044, 257]}, {"label": "building", "bounding_box": [828, 175, 1017, 458]}, {"label": "vegetation", "bounding_box": [879, 208, 1023, 426]}, {"label": "building", "bounding_box": [974, 0, 2047, 656]}, {"label": "building", "bounding_box": [656, 101, 914, 459]}, {"label": "vegetation", "bounding_box": [878, 273, 937, 430]}, {"label": "building", "bounding_box": [138, 0, 715, 493]}, {"label": "building", "bounding_box": [0, 0, 278, 509]}, {"label": "car", "bounding_box": [442, 402, 571, 448]}, {"label": "static", "bounding_box": [627, 377, 644, 389]}, {"label": "vegetation", "bounding_box": [703, 295, 850, 420]}, {"label": "car", "bounding_box": [254, 428, 298, 455]}, {"label": "car", "bounding_box": [915, 397, 1004, 443]}, {"label": "road", "bounding_box": [0, 429, 2047, 1023]}, {"label": "car", "bounding_box": [899, 409, 976, 436]}, {"label": "terrain", "bounding_box": [263, 440, 489, 459]}, {"label": "sidewalk", "bounding_box": [264, 475, 367, 499]}, {"label": "pole", "bounding_box": [625, 261, 730, 441]}, {"label": "car", "bounding_box": [0, 312, 297, 742]}, {"label": "car", "bounding_box": [564, 415, 639, 447]}, {"label": "sidewalk", "bounding_box": [817, 442, 2047, 856]}, {"label": "person", "bounding_box": [1374, 285, 1456, 505]}, {"label": "pole", "bounding_box": [899, 0, 930, 483]}, {"label": "traffic sign", "bounding_box": [899, 301, 936, 356]}, {"label": "car", "bounding_box": [508, 415, 600, 481]}, {"label": "pole", "bounding_box": [292, 356, 301, 476]}, {"label": "traffic light", "bounding_box": [292, 371, 309, 400]}, {"label": "pole", "bounding_box": [439, 267, 462, 448]}, {"label": "vegetation", "bounding_box": [297, 245, 434, 452]}, {"label": "traffic sign", "bounding_box": [278, 339, 308, 365]}, {"label": "static", "bounding_box": [327, 390, 364, 454]}, {"label": "pole", "bounding_box": [661, 292, 670, 426]}, {"label": "pole", "bounding_box": [724, 294, 737, 423]}, {"label": "pole", "bounding_box": [671, 294, 681, 426]}, {"label": "pole", "bounding_box": [962, 350, 968, 446]}, {"label": "traffic sign", "bounding_box": [963, 348, 988, 364]}, {"label": "pole", "bounding_box": [681, 295, 691, 420]}, {"label": "pole", "bounding_box": [692, 297, 700, 417]}, {"label": "terrain", "bounding_box": [977, 427, 1004, 435]}, {"label": "car", "bounding_box": [782, 417, 800, 440]}, {"label": "car", "bounding_box": [787, 409, 886, 448]}, {"label": "pole", "bounding_box": [827, 367, 834, 453]}, {"label": "car", "bounding_box": [708, 414, 783, 442]}, {"label": "traffic sign", "bounding_box": [813, 357, 841, 385]}, {"label": "static", "bounding_box": [826, 452, 841, 461]}, {"label": "static", "bounding_box": [843, 414, 869, 472]}, {"label": "traffic light", "bounding_box": [726, 329, 733, 350]}, {"label": "pole", "bounding_box": [717, 134, 890, 454]}, {"label": "traffic light", "bounding_box": [707, 264, 721, 298]}, {"label": "traffic sign", "bounding_box": [868, 336, 894, 355]}, {"label": "traffic light", "bounding_box": [874, 362, 886, 388]}, {"label": "traffic sign", "bounding_box": [915, 245, 971, 268]}, {"label": "static", "bounding_box": [936, 245, 1090, 324]}, {"label": "traffic sign", "bounding_box": [917, 273, 972, 296]}, {"label": "car", "bounding_box": [650, 414, 721, 468]}, {"label": "static", "bounding_box": [440, 267, 456, 274]}, {"label": "static", "bounding_box": [833, 134, 870, 144]}, {"label": "static", "bounding_box": [627, 261, 644, 270]}, {"label": "static", "bounding_box": [615, 386, 633, 391]}, {"label": "traffic light", "bounding_box": [626, 392, 644, 412]}, {"label": "traffic sign", "bounding_box": [817, 386, 839, 399]}, {"label": "ego vehicle", "bounding_box": [24, 796, 2047, 1023]}, {"label": "rectification border", "bounding_box": [416, 0, 2047, 28]}, {"label": "rectification border", "bounding_box": [2037, 509, 2047, 1023]}, {"label": "rectification border", "bounding_box": [0, 0, 17, 474]}, {"label": "rectification border", "bounding_box": [0, 977, 1937, 1023]}, {"label": "out of roi", "bounding_box": [0, 0, 2048, 1024]}]}