{"imgHeight": 1024, "imgWidth": 2048, "objects": [{"label": "sky", "bounding_box": [1001, 0, 2047, 333]}, {"label": "building", "bounding_box": [0, 0, 1435, 459]}, {"label": "road", "bounding_box": [0, 423, 2047, 1023]}, {"label": "terrain", "bounding_box": [0, 541, 308, 601]}, {"label": "sidewalk", "bounding_box": [353, 406, 1291, 509]}, {"label": "terrain", "bounding_box": [385, 382, 1256, 472]}, {"label": "wall", "bounding_box": [758, 424, 1094, 467]}, {"label": "building", "bounding_box": [1646, 38, 2047, 525]}, {"label": "vegetation", "bounding_box": [1020, 52, 1232, 402]}, {"label": "vegetation", "bounding_box": [1209, 248, 1706, 452]}, {"label": "static", "bounding_box": [1102, 278, 1168, 300]}, {"label": "static", "bounding_box": [1102, 301, 1169, 336]}, {"label": "static", "bounding_box": [1105, 339, 1168, 374]}, {"label": "pole", "bounding_box": [1130, 289, 1139, 454]}, {"label": "traffic sign", "bounding_box": [1129, 373, 1139, 381]}, {"label": "vegetation", "bounding_box": [1119, 364, 1200, 415]}, {"label": "pole", "bounding_box": [1130, 289, 1139, 454]}, {"label": "pole", "bounding_box": [1265, 186, 1271, 395]}, {"label": "static", "bounding_box": [1265, 183, 1284, 191]}, {"label": "car", "bounding_box": [1183, 394, 1224, 420]}, {"label": "vegetation", "bounding_box": [1740, 0, 2047, 392]}, {"label": "pole", "bounding_box": [1924, 257, 1930, 346]}, {"label": "pole", "bounding_box": [1911, 280, 1915, 343]}, {"label": "pole", "bounding_box": [1901, 284, 1905, 344]}, {"label": "pole", "bounding_box": [1693, 0, 1702, 344]}, {"label": "pole", "bounding_box": [1416, 0, 1784, 346]}, {"label": "cargroup", "bounding_box": [1352, 399, 1404, 439]}, {"label": "car", "bounding_box": [1352, 399, 1404, 439]}, {"label": "car", "bounding_box": [1346, 413, 1391, 461]}, {"label": "car", "bounding_box": [1246, 382, 1362, 476]}, {"label": "pole", "bounding_box": [1360, 329, 1364, 400]}, {"label": "static", "bounding_box": [1369, 351, 1395, 380]}, {"label": "pole", "bounding_box": [1377, 350, 1382, 403]}, {"label": "pole", "bounding_box": [1409, 290, 1418, 412]}, {"label": "pole", "bounding_box": [1453, 333, 1456, 402]}, {"label": "pole", "bounding_box": [1437, 314, 1447, 406]}, {"label": "pole", "bounding_box": [1468, 340, 1476, 420]}, {"label": "car", "bounding_box": [1390, 400, 1463, 468]}, {"label": "static", "bounding_box": [1784, 282, 1805, 326]}, {"label": "static", "bounding_box": [1753, 269, 1771, 357]}, {"label": "static", "bounding_box": [1411, 95, 1437, 172]}, {"label": "traffic light", "bounding_box": [1489, 93, 1514, 170]}, {"label": "traffic light", "bounding_box": [1411, 95, 1437, 172]}, {"label": "pole", "bounding_box": [1416, 0, 1784, 346]}, {"label": "car", "bounding_box": [1321, 339, 2047, 749]}, {"label": "license plate", "bounding_box": [1864, 544, 2013, 581]}, {"label": "vegetation", "bounding_box": [0, 0, 1034, 456]}, {"label": "pole", "bounding_box": [999, 247, 1003, 390]}, {"label": "pole", "bounding_box": [950, 292, 955, 397]}, {"label": "static", "bounding_box": [849, 272, 881, 312]}, {"label": "pole", "bounding_box": [858, 275, 871, 493]}, {"label": "static", "bounding_box": [850, 320, 863, 370]}, {"label": "traffic light", "bounding_box": [869, 319, 894, 411]}, {"label": "static", "bounding_box": [671, 285, 723, 312]}, {"label": "pole", "bounding_box": [711, 0, 730, 405]}, {"label": "pole", "bounding_box": [568, 304, 582, 425]}, {"label": "traffic light", "bounding_box": [572, 312, 595, 353]}, {"label": "rider", "bounding_box": [1086, 389, 1105, 438]}, {"label": "bicycle", "bounding_box": [1093, 431, 1099, 464]}, {"label": "rider", "bounding_box": [1093, 400, 1120, 472]}, {"label": "bicycle", "bounding_box": [1089, 425, 1118, 471]}, {"label": "rider", "bounding_box": [1060, 398, 1086, 472]}, {"label": "bicyclegroup", "bounding_box": [1060, 423, 1093, 475]}, {"label": "bicycle", "bounding_box": [1060, 423, 1093, 475]}, {"label": "rider", "bounding_box": [1009, 409, 1040, 481]}, {"label": "bicycle", "bounding_box": [1005, 434, 1034, 485]}, {"label": "bicycle", "bounding_box": [386, 417, 486, 476]}, {"label": "car", "bounding_box": [495, 394, 804, 584]}, {"label": "license plate", "bounding_box": [676, 511, 745, 531]}, {"label": "car", "bounding_box": [155, 386, 392, 523]}, {"label": "car", "bounding_box": [0, 398, 229, 552]}, {"label": "pole", "bounding_box": [178, 259, 193, 556]}, {"label": "traffic sign", "bounding_box": [118, 261, 176, 288]}, {"label": "traffic sign", "bounding_box": [119, 287, 178, 312]}, {"label": "traffic sign", "bounding_box": [162, 407, 215, 472]}, {"label": "pole", "bounding_box": [61, 0, 99, 563]}, {"label": "license plate", "bounding_box": [318, 455, 352, 466]}, {"label": "ego vehicle", "bounding_box": [24, 796, 2047, 1023]}, {"label": "rectification border", "bounding_box": [416, 0, 2047, 28]}, {"label": "rectification border", "bounding_box": [2037, 509, 2047, 1023]}, {"label": "rectification border", "bounding_box": [0, 0, 17, 474]}, {"label": "rectification border", "bounding_box": [0, 977, 1937, 1023]}, {"label": "out of roi", "bounding_box": [0, 0, 2048, 1024]}]}