{"imgHeight": 1024, "imgWidth": 2048, "objects": [{"label": "sky", "bounding_box": [235, 0, 1273, 401]}, {"label": "building", "bounding_box": [0, 0, 2047, 1023]}, {"label": "vegetation", "bounding_box": [1940, 82, 2047, 338]}, {"label": "road", "bounding_box": [0, 397, 2047, 1023]}, {"label": "vegetation", "bounding_box": [0, 0, 813, 473]}, {"label": "sidewalk", "bounding_box": [0, 413, 1588, 495]}, {"label": "sidewalk", "bounding_box": [1630, 420, 2047, 871]}, {"label": "fence", "bounding_box": [0, 361, 810, 474]}, {"label": "static", "bounding_box": [1971, 321, 1986, 338]}, {"label": "wall", "bounding_box": [0, 355, 1052, 481]}, {"label": "static", "bounding_box": [1971, 336, 1986, 344]}, {"label": "sidewalk", "bounding_box": [0, 621, 717, 982]}, {"label": "static", "bounding_box": [1973, 343, 1986, 355]}, {"label": "person", "bounding_box": [1978, 365, 1992, 393]}, {"label": "pole", "bounding_box": [1976, 308, 1980, 399]}, {"label": "person", "bounding_box": [1937, 365, 1953, 398]}, {"label": "pole", "bounding_box": [1922, 0, 1937, 432]}, {"label": "traffic sign", "bounding_box": [1910, 276, 1947, 312]}, {"label": "person", "bounding_box": [1893, 366, 1906, 401]}, {"label": "car", "bounding_box": [1711, 358, 1828, 412]}, {"label": "static", "bounding_box": [1590, 322, 1750, 415]}, {"label": "car", "bounding_box": [1576, 377, 1674, 417]}, {"label": "pole", "bounding_box": [1562, 166, 1578, 416]}, {"label": "pole", "bounding_box": [1369, 304, 1377, 447]}, {"label": "traffic sign", "bounding_box": [1357, 289, 1383, 328]}, {"label": "bicycle", "bounding_box": [584, 417, 641, 458]}, {"label": "rider", "bounding_box": [592, 401, 618, 450]}, {"label": "car", "bounding_box": [298, 414, 497, 481]}, {"label": "static", "bounding_box": [193, 164, 244, 255]}, {"label": "terrain", "bounding_box": [0, 388, 2047, 649]}, {"label": "vegetation", "bounding_box": [349, 0, 1428, 514]}, {"label": "static", "bounding_box": [221, 380, 249, 432]}, {"label": "pole", "bounding_box": [667, 220, 687, 491]}, {"label": "bicycle", "bounding_box": [758, 411, 1188, 678]}, {"label": "rider", "bounding_box": [905, 244, 1092, 647]}, {"label": "vegetation", "bounding_box": [0, 0, 405, 581]}, {"label": "pole", "bounding_box": [219, 25, 291, 726]}, {"label": "traffic sign", "bounding_box": [106, 0, 303, 41]}, {"label": "terrain", "bounding_box": [50, 787, 380, 951]}, {"label": "license plate", "bounding_box": [1583, 404, 1596, 409]}, {"label": "fence", "bounding_box": [827, 367, 891, 439]}, {"label": "static", "bounding_box": [1563, 166, 1578, 172]}, {"label": "static", "bounding_box": [220, 379, 243, 432]}, {"label": "ego vehicle", "bounding_box": [24, 796, 2047, 1023]}, {"label": "rectification border", "bounding_box": [416, 0, 2047, 28]}, {"label": "rectification border", "bounding_box": [2037, 509, 2047, 1023]}, {"label": "rectification border", "bounding_box": [0, 0, 17, 474]}, {"label": "rectification border", "bounding_box": [0, 977, 1937, 1023]}, {"label": "out of roi", "bounding_box": [0, 0, 2048, 1024]}]}