{"imgHeight": 1024, "imgWidth": 2048, "objects": [{"label": "sky", "bounding_box": [468, 0, 1031, 346]}, {"label": "road", "bounding_box": [0, 388, 2047, 1023]}, {"label": "ground", "bounding_box": [905, 438, 1340, 480]}, {"label": "road", "bounding_box": [1092, 435, 1646, 517]}, {"label": "sidewalk", "bounding_box": [1215, 460, 2047, 930]}, {"label": "building", "bounding_box": [863, 0, 2047, 531]}, {"label": "building", "bounding_box": [514, 172, 989, 441]}, {"label": "sidewalk", "bounding_box": [0, 390, 582, 553]}, {"label": "terrain", "bounding_box": [776, 428, 802, 439]}, {"label": "vegetation", "bounding_box": [495, 76, 903, 435]}, {"label": "bus", "bounding_box": [1227, 324, 1406, 404]}, {"label": "building", "bounding_box": [0, 0, 522, 490]}, {"label": "vegetation", "bounding_box": [926, 231, 1154, 444]}, {"label": "bus", "bounding_box": [1154, 343, 1214, 419]}, {"label": "pole", "bounding_box": [1234, 89, 1254, 318]}, {"label": "static", "bounding_box": [1200, 452, 1271, 471]}, {"label": "static", "bounding_box": [1158, 88, 1244, 343]}, {"label": "car", "bounding_box": [797, 410, 856, 447]}, {"label": "license plate", "bounding_box": [831, 427, 846, 431]}, {"label": "car", "bounding_box": [848, 406, 929, 452]}, {"label": "license plate", "bounding_box": [897, 429, 913, 434]}, {"label": "car", "bounding_box": [647, 404, 724, 444]}, {"label": "pole", "bounding_box": [524, 243, 533, 413]}, {"label": "static", "bounding_box": [526, 241, 548, 248]}, {"label": "pole", "bounding_box": [548, 162, 560, 416]}, {"label": "static", "bounding_box": [551, 160, 587, 172]}, {"label": "car", "bounding_box": [532, 399, 583, 413]}, {"label": "car", "bounding_box": [520, 403, 602, 431]}, {"label": "pole", "bounding_box": [571, 400, 577, 431]}, {"label": "car", "bounding_box": [638, 409, 675, 458]}, {"label": "car", "bounding_box": [595, 409, 671, 468]}, {"label": "car", "bounding_box": [569, 412, 627, 475]}, {"label": "car", "bounding_box": [448, 405, 600, 496]}, {"label": "car", "bounding_box": [207, 392, 389, 539]}, {"label": "car", "bounding_box": [0, 390, 268, 588]}, {"label": "license plate", "bounding_box": [483, 467, 516, 476]}, {"label": "pole", "bounding_box": [543, 442, 552, 495]}, {"label": "pole", "bounding_box": [534, 442, 544, 497]}, {"label": "pole", "bounding_box": [513, 446, 524, 500]}, {"label": "pole", "bounding_box": [488, 441, 503, 507]}, {"label": "pole", "bounding_box": [467, 447, 479, 511]}, {"label": "pole", "bounding_box": [454, 444, 465, 514]}, {"label": "traffic sign", "bounding_box": [452, 449, 463, 489]}, {"label": "pole", "bounding_box": [430, 446, 441, 501]}, {"label": "pole", "bounding_box": [382, 452, 394, 519]}, {"label": "pole", "bounding_box": [1106, 334, 1111, 437]}, {"label": "static", "bounding_box": [1104, 336, 1109, 370]}, {"label": "car", "bounding_box": [1556, 395, 1595, 462]}, {"label": "traffic sign", "bounding_box": [1569, 410, 1594, 477]}, {"label": "pole", "bounding_box": [1580, 430, 1585, 480]}, {"label": "car", "bounding_box": [1741, 400, 1764, 473]}, {"label": "person", "bounding_box": [1654, 349, 1712, 504]}, {"label": "pole", "bounding_box": [2028, 432, 2040, 534]}, {"label": "pole", "bounding_box": [1811, 439, 1823, 538]}, {"label": "pole", "bounding_box": [1596, 444, 1608, 547]}, {"label": "car", "bounding_box": [1085, 400, 1174, 463]}, {"label": "car", "bounding_box": [1150, 397, 1209, 465]}, {"label": "vegetation", "bounding_box": [1190, 202, 1312, 453]}, {"label": "car", "bounding_box": [1264, 385, 1502, 493]}, {"label": "pole", "bounding_box": [1417, 429, 1425, 490]}, {"label": "pole", "bounding_box": [1362, 436, 1370, 497]}, {"label": "pole", "bounding_box": [1303, 435, 1309, 501]}, {"label": "pole", "bounding_box": [1271, 438, 1285, 511]}, {"label": "pole", "bounding_box": [1291, 440, 1301, 521]}, {"label": "pole", "bounding_box": [1319, 441, 1329, 526]}, {"label": "pole", "bounding_box": [1349, 444, 1360, 539]}, {"label": "pole", "bounding_box": [1383, 449, 1395, 551]}, {"label": "person", "bounding_box": [1015, 374, 1074, 513]}, {"label": "parking", "bounding_box": [1129, 325, 1136, 473]}, {"label": "traffic sign", "bounding_box": [1116, 308, 1148, 342]}, {"label": "static", "bounding_box": [1486, 231, 1556, 486]}, {"label": "pole", "bounding_box": [968, 374, 973, 451]}, {"label": "traffic sign", "bounding_box": [960, 333, 979, 354]}, {"label": "sky", "bounding_box": [962, 353, 976, 359]}, {"label": "traffic sign", "bounding_box": [960, 359, 979, 379]}, {"label": "static", "bounding_box": [944, 431, 951, 449]}, {"label": "static", "bounding_box": [764, 424, 769, 439]}, {"label": "license plate", "bounding_box": [700, 432, 716, 437]}, {"label": "ego vehicle", "bounding_box": [24, 796, 2047, 1023]}, {"label": "rectification border", "bounding_box": [416, 0, 2047, 28]}, {"label": "rectification border", "bounding_box": [2037, 509, 2047, 1023]}, {"label": "rectification border", "bounding_box": [0, 0, 17, 474]}, {"label": "rectification border", "bounding_box": [0, 977, 1937, 1023]}, {"label": "out of roi", "bounding_box": [0, 0, 2048, 1024]}]}