{"imgHeight": 1024, "imgWidth": 2048, "objects": [{"label": "sky", "bounding_box": [0, 0, 1357, 402]}, {"label": "road", "bounding_box": [0, 383, 2047, 1023]}, {"label": "pole", "bounding_box": [806, 76, 824, 198]}, {"label": "rail track", "bounding_box": [0, 446, 753, 710]}, {"label": "vegetation", "bounding_box": [0, 83, 985, 426]}, {"label": "building", "bounding_box": [948, 0, 2047, 461]}, {"label": "static", "bounding_box": [475, 353, 595, 406]}, {"label": "terrain", "bounding_box": [647, 406, 736, 411]}, {"label": "car", "bounding_box": [301, 371, 338, 405]}, {"label": "sidewalk", "bounding_box": [218, 392, 302, 401]}, {"label": "car", "bounding_box": [290, 377, 337, 414]}, {"label": "sidewalk", "bounding_box": [293, 399, 2047, 477]}, {"label": "terrain", "bounding_box": [572, 425, 773, 449]}, {"label": "traffic sign", "bounding_box": [314, 353, 324, 362]}, {"label": "pole", "bounding_box": [313, 348, 315, 412]}, {"label": "traffic sign", "bounding_box": [307, 324, 320, 341]}, {"label": "traffic sign", "bounding_box": [307, 337, 321, 345]}, {"label": "traffic sign", "bounding_box": [307, 344, 319, 353]}, {"label": "pole", "bounding_box": [220, 295, 223, 394]}, {"label": "pole", "bounding_box": [233, 346, 235, 397]}, {"label": "traffic sign", "bounding_box": [225, 362, 246, 368]}, {"label": "traffic sign", "bounding_box": [224, 355, 246, 362]}, {"label": "person", "bounding_box": [236, 376, 245, 395]}, {"label": "person", "bounding_box": [350, 368, 366, 411]}, {"label": "pole", "bounding_box": [359, 400, 365, 419]}, {"label": "pole", "bounding_box": [316, 397, 320, 414]}, {"label": "static", "bounding_box": [376, 361, 381, 400]}, {"label": "traffic light", "bounding_box": [164, 228, 176, 259]}, {"label": "pole", "bounding_box": [168, 225, 342, 416]}, {"label": "traffic sign", "bounding_box": [341, 315, 353, 321]}, {"label": "traffic light", "bounding_box": [325, 322, 338, 341]}, {"label": "pole", "bounding_box": [405, 205, 414, 393]}, {"label": "bicycle", "bounding_box": [381, 388, 439, 419]}, {"label": "rider", "bounding_box": [399, 366, 418, 410]}, {"label": "pole", "bounding_box": [409, 402, 414, 420]}, {"label": "pole", "bounding_box": [449, 402, 454, 419]}, {"label": "pole", "bounding_box": [500, 404, 507, 423]}, {"label": "static", "bounding_box": [606, 345, 644, 410]}, {"label": "pole", "bounding_box": [551, 405, 557, 426]}, {"label": "bicycle", "bounding_box": [607, 395, 631, 413]}, {"label": "rider", "bounding_box": [611, 382, 624, 406]}, {"label": "person", "bounding_box": [597, 377, 614, 413]}, {"label": "pole", "bounding_box": [602, 407, 608, 428]}, {"label": "person", "bounding_box": [642, 385, 653, 413]}, {"label": "person", "bounding_box": [634, 379, 645, 414]}, {"label": "person", "bounding_box": [665, 387, 678, 414]}, {"label": "car", "bounding_box": [767, 389, 801, 412]}, {"label": "static", "bounding_box": [688, 410, 704, 432]}, {"label": "static", "bounding_box": [685, 382, 705, 407]}, {"label": "pole", "bounding_box": [695, 320, 699, 432]}, {"label": "traffic sign", "bounding_box": [688, 312, 709, 333]}, {"label": "persongroup", "bounding_box": [726, 398, 746, 415]}, {"label": "pole", "bounding_box": [806, 331, 814, 395]}, {"label": "dynamic", "bounding_box": [912, 340, 923, 364]}, {"label": "dynamic", "bounding_box": [918, 339, 930, 363]}, {"label": "pole", "bounding_box": [913, 310, 932, 377]}, {"label": "vegetation", "bounding_box": [1105, 397, 1139, 429]}, {"label": "pole", "bounding_box": [868, 328, 885, 374]}, {"label": "pole", "bounding_box": [1031, 351, 1044, 389]}, {"label": "dynamic", "bounding_box": [1024, 370, 1102, 394]}, {"label": "vegetation", "bounding_box": [1028, 391, 1088, 432]}, {"label": "terrain", "bounding_box": [1048, 439, 1328, 459]}, {"label": "dynamic", "bounding_box": [1075, 409, 1088, 435]}, {"label": "dynamic", "bounding_box": [1093, 410, 1108, 429]}, {"label": "person", "bounding_box": [1125, 395, 1137, 425]}, {"label": "dynamic", "bounding_box": [1097, 412, 1112, 435]}, {"label": "bicycle", "bounding_box": [1112, 411, 1138, 436]}, {"label": "pole", "bounding_box": [1129, 340, 1137, 436]}, {"label": "pole", "bounding_box": [1153, 341, 1159, 417]}, {"label": "traffic sign", "bounding_box": [1133, 339, 1155, 394]}, {"label": "bicycle", "bounding_box": [1168, 412, 1199, 438]}, {"label": "person", "bounding_box": [1167, 394, 1183, 437]}, {"label": "person", "bounding_box": [1135, 393, 1171, 471]}, {"label": "person", "bounding_box": [1123, 380, 1150, 473]}, {"label": "pole", "bounding_box": [1052, 118, 1073, 454]}, {"label": "static", "bounding_box": [951, 309, 1007, 382]}, {"label": "sidewalk", "bounding_box": [0, 391, 136, 415]}, {"label": "car", "bounding_box": [29, 351, 95, 404]}, {"label": "person", "bounding_box": [12, 369, 22, 397]}, {"label": "bicyclegroup", "bounding_box": [16, 380, 70, 406]}, {"label": "parking", "bounding_box": [28, 247, 35, 409]}, {"label": "car", "bounding_box": [123, 371, 153, 394]}, {"label": "pole", "bounding_box": [123, 263, 127, 399]}, {"label": "car", "bounding_box": [168, 375, 188, 393]}, {"label": "car", "bounding_box": [185, 380, 221, 395]}, {"label": "car", "bounding_box": [168, 386, 193, 400]}, {"label": "ground", "bounding_box": [163, 401, 228, 411]}, {"label": "traffic sign", "bounding_box": [194, 392, 204, 403]}, {"label": "traffic sign", "bounding_box": [194, 381, 205, 393]}, {"label": "terrain", "bounding_box": [0, 446, 589, 477]}, {"label": "static", "bounding_box": [96, 374, 123, 401]}, {"label": "pole", "bounding_box": [82, 0, 105, 429]}, {"label": "static", "bounding_box": [144, 361, 179, 428]}, {"label": "vegetation", "bounding_box": [0, 7, 151, 438]}, {"label": "static", "bounding_box": [50, 331, 118, 446]}, {"label": "pole", "bounding_box": [524, 342, 529, 448]}, {"label": "traffic light", "bounding_box": [514, 354, 524, 381]}, {"label": "vegetation", "bounding_box": [0, 411, 565, 464]}, {"label": "ground", "bounding_box": [0, 483, 746, 849]}, {"label": "pole", "bounding_box": [657, 157, 675, 489]}, {"label": "traffic sign", "bounding_box": [648, 111, 686, 142]}, {"label": "traffic sign", "bounding_box": [629, 141, 706, 205]}, {"label": "traffic light", "bounding_box": [626, 222, 657, 295]}, {"label": "traffic light", "bounding_box": [665, 222, 694, 296]}, {"label": "vegetation", "bounding_box": [601, 467, 709, 495]}, {"label": "car", "bounding_box": [735, 357, 1090, 609]}, {"label": "license plate", "bounding_box": [843, 462, 944, 488]}, {"label": "pole", "bounding_box": [1285, 228, 1296, 448]}, {"label": "sidewalk", "bounding_box": [1849, 510, 2047, 608]}, {"label": "car", "bounding_box": [1877, 405, 2012, 459]}, {"label": "car", "bounding_box": [1514, 373, 1692, 451]}, {"label": "person", "bounding_box": [1867, 406, 1886, 455]}, {"label": "car", "bounding_box": [1691, 379, 1873, 453]}, {"label": "person", "bounding_box": [1931, 413, 1953, 458]}, {"label": "person", "bounding_box": [1825, 404, 1834, 429]}, {"label": "car", "bounding_box": [1785, 418, 1874, 465]}, {"label": "pole", "bounding_box": [1796, 261, 1814, 464]}, {"label": "terrain", "bounding_box": [1465, 458, 1738, 478]}, {"label": "terrain", "bounding_box": [1156, 453, 1687, 508]}, {"label": "static", "bounding_box": [1524, 302, 1545, 326]}, {"label": "person", "bounding_box": [1531, 399, 1547, 462]}, {"label": "person", "bounding_box": [1551, 429, 1565, 461]}, {"label": "person", "bounding_box": [1546, 403, 1565, 463]}, {"label": "person", "bounding_box": [1563, 412, 1586, 460]}, {"label": "static", "bounding_box": [1515, 341, 1540, 363]}, {"label": "pole", "bounding_box": [1525, 306, 1534, 460]}, {"label": "static", "bounding_box": [1601, 294, 1620, 327]}, {"label": "static", "bounding_box": [1572, 295, 1595, 328]}, {"label": "pole", "bounding_box": [1568, 279, 1629, 462]}, {"label": "traffic sign", "bounding_box": [1588, 371, 1602, 385]}, {"label": "static", "bounding_box": [1575, 293, 1610, 326]}, {"label": "pole", "bounding_box": [1648, 316, 1659, 477]}, {"label": "pole", "bounding_box": [1661, 363, 1670, 468]}, {"label": "static", "bounding_box": [1716, 366, 1734, 383]}, {"label": "pole", "bounding_box": [1720, 321, 1730, 472]}, {"label": "traffic light", "bounding_box": [1733, 325, 1747, 350]}, {"label": "traffic light", "bounding_box": [1668, 376, 1677, 399]}, {"label": "traffic sign", "bounding_box": [1648, 333, 1667, 349]}, {"label": "traffic sign", "bounding_box": [1630, 284, 1685, 329]}, {"label": "person", "bounding_box": [1821, 399, 1864, 480]}, {"label": "pole", "bounding_box": [1823, 343, 1830, 481]}, {"label": "pole", "bounding_box": [1833, 191, 1850, 480]}, {"label": "static", "bounding_box": [1843, 312, 1861, 341]}, {"label": "traffic sign", "bounding_box": [1807, 316, 1848, 356]}, {"label": "vegetation", "bounding_box": [1424, 136, 1617, 460]}, {"label": "vegetation", "bounding_box": [818, 0, 2047, 466]}, {"label": "pole", "bounding_box": [989, 0, 1365, 466]}, {"label": "traffic light", "bounding_box": [966, 0, 1001, 50]}, {"label": "traffic sign", "bounding_box": [1334, 150, 1369, 182]}, {"label": "traffic sign", "bounding_box": [1316, 178, 1386, 235]}, {"label": "traffic light", "bounding_box": [1330, 239, 1356, 304]}, {"label": "pole", "bounding_box": [1362, 0, 1386, 495]}, {"label": "traffic sign", "bounding_box": [1383, 258, 1435, 276]}, {"label": "traffic sign", "bounding_box": [1348, 405, 1390, 468]}, {"label": "static", "bounding_box": [422, 289, 454, 337]}, {"label": "pole", "bounding_box": [435, 0, 510, 431]}, {"label": "static", "bounding_box": [1076, 214, 1098, 236]}, {"label": "static", "bounding_box": [1078, 188, 1100, 211]}, {"label": "static", "bounding_box": [913, 310, 932, 326]}, {"label": "static", "bounding_box": [868, 328, 885, 339]}, {"label": "static", "bounding_box": [806, 76, 824, 92]}, {"label": "ego vehicle", "bounding_box": [24, 796, 2047, 1023]}, {"label": "rectification border", "bounding_box": [416, 0, 2047, 28]}, {"label": "rectification border", "bounding_box": [2037, 509, 2047, 1023]}, {"label": "rectification border", "bounding_box": [0, 0, 17, 474]}, {"label": "rectification border", "bounding_box": [0, 977, 1937, 1023]}, {"label": "out of roi", "bounding_box": [0, 0, 2048, 1024]}]}