{"imgHeight": 1024, "imgWidth": 2048, "objects": [{"label": "road", "bounding_box": [0, 378, 2047, 1023]}, {"label": "sidewalk", "bounding_box": [1116, 392, 2047, 1023]}, {"label": "ground", "bounding_box": [973, 382, 1302, 442]}, {"label": "sky", "bounding_box": [700, 0, 1217, 280]}, {"label": "vegetation", "bounding_box": [1022, 101, 1136, 155]}, {"label": "building", "bounding_box": [0, 0, 2047, 626]}, {"label": "vegetation", "bounding_box": [820, 215, 920, 395]}, {"label": "dynamic", "bounding_box": [833, 378, 918, 422]}, {"label": "traffic sign", "bounding_box": [725, 242, 768, 302]}, {"label": "person", "bounding_box": [838, 398, 850, 444]}, {"label": "person", "bounding_box": [855, 408, 864, 446]}, {"label": "person", "bounding_box": [847, 401, 861, 447]}, {"label": "person", "bounding_box": [861, 405, 869, 446]}, {"label": "car", "bounding_box": [907, 417, 934, 439]}, {"label": "person", "bounding_box": [866, 403, 879, 446]}, {"label": "person", "bounding_box": [874, 398, 893, 449]}, {"label": "person", "bounding_box": [896, 401, 912, 447]}, {"label": "static", "bounding_box": [917, 379, 932, 397]}, {"label": "pole", "bounding_box": [907, 356, 915, 449]}, {"label": "traffic sign", "bounding_box": [899, 346, 918, 365]}, {"label": "traffic sign", "bounding_box": [902, 363, 915, 373]}, {"label": "dynamic", "bounding_box": [893, 416, 913, 449]}, {"label": "pole", "bounding_box": [924, 381, 928, 406]}, {"label": "traffic sign", "bounding_box": [912, 400, 931, 425]}, {"label": "vegetation", "bounding_box": [932, 153, 1234, 431]}, {"label": "pole", "bounding_box": [915, 357, 936, 425]}, {"label": "static", "bounding_box": [920, 378, 934, 389]}, {"label": "person", "bounding_box": [980, 401, 992, 420]}, {"label": "car", "bounding_box": [931, 401, 1008, 442]}, {"label": "license plate", "bounding_box": [983, 424, 994, 428]}, {"label": "person", "bounding_box": [1005, 403, 1018, 438]}, {"label": "person", "bounding_box": [1054, 400, 1071, 419]}, {"label": "pole", "bounding_box": [1100, 357, 1111, 419]}, {"label": "static", "bounding_box": [1108, 357, 1120, 376]}, {"label": "pole", "bounding_box": [1112, 359, 1120, 412]}, {"label": "car", "bounding_box": [1117, 393, 1158, 420]}, {"label": "person", "bounding_box": [1176, 390, 1188, 428]}, {"label": "person", "bounding_box": [1182, 390, 1199, 433]}, {"label": "rider", "bounding_box": [823, 395, 845, 450]}, {"label": "car", "bounding_box": [1019, 398, 1165, 447]}, {"label": "static", "bounding_box": [1138, 391, 1154, 414]}, {"label": "bicycle", "bounding_box": [823, 420, 842, 458]}, {"label": "static", "bounding_box": [755, 329, 800, 384]}, {"label": "pole", "bounding_box": [777, 333, 789, 454]}, {"label": "static", "bounding_box": [762, 444, 808, 457]}, {"label": "traffic sign", "bounding_box": [1119, 229, 1158, 280]}, {"label": "traffic sign", "bounding_box": [1136, 310, 1157, 335]}, {"label": "traffic sign", "bounding_box": [1138, 329, 1157, 348]}, {"label": "pole", "bounding_box": [1090, 141, 1157, 460]}, {"label": "pole", "bounding_box": [1192, 280, 1204, 484]}, {"label": "pole", "bounding_box": [1163, 349, 1171, 458]}, {"label": "traffic sign", "bounding_box": [1160, 311, 1179, 333]}, {"label": "traffic sign", "bounding_box": [1163, 330, 1177, 343]}, {"label": "traffic sign", "bounding_box": [1160, 338, 1179, 359]}, {"label": "traffic sign", "bounding_box": [1163, 356, 1176, 365]}, {"label": "traffic sign", "bounding_box": [1174, 267, 1215, 310]}, {"label": "traffic sign", "bounding_box": [1179, 253, 1206, 269]}, {"label": "traffic sign", "bounding_box": [1174, 216, 1210, 254]}, {"label": "traffic sign", "bounding_box": [1223, 256, 1245, 270]}, {"label": "traffic sign", "bounding_box": [1214, 221, 1255, 258]}, {"label": "person", "bounding_box": [1247, 382, 1271, 450]}, {"label": "person", "bounding_box": [1259, 356, 1294, 455]}, {"label": "person", "bounding_box": [1316, 362, 1359, 468]}, {"label": "bicycle", "bounding_box": [1239, 392, 1327, 515]}, {"label": "pole", "bounding_box": [1220, 0, 1261, 514]}, {"label": "dynamic", "bounding_box": [1939, 389, 1982, 575]}, {"label": "bicycle", "bounding_box": [1209, 400, 1231, 436]}, {"label": "polegroup", "bounding_box": [1147, 424, 1198, 484]}, {"label": "car", "bounding_box": [259, 202, 757, 635]}, {"label": "person", "bounding_box": [125, 303, 163, 428]}, {"label": "car", "bounding_box": [0, 349, 515, 858]}, {"label": "static", "bounding_box": [1090, 141, 1123, 156]}, {"label": "static", "bounding_box": [915, 357, 936, 371]}, {"label": "traffic sign", "bounding_box": [1212, 339, 1230, 417]}, {"label": "pole", "bounding_box": [1221, 364, 1228, 417]}, {"label": "dynamic", "bounding_box": [1177, 414, 1186, 431]}, {"label": "ego vehicle", "bounding_box": [24, 796, 2047, 1023]}, {"label": "rectification border", "bounding_box": [416, 0, 2047, 28]}, {"label": "rectification border", "bounding_box": [2037, 509, 2047, 1023]}, {"label": "rectification border", "bounding_box": [0, 0, 17, 474]}, {"label": "rectification border", "bounding_box": [0, 977, 1937, 1023]}, {"label": "out of roi", "bounding_box": [0, 0, 2048, 1024]}]}