{"imgHeight": 1024, "imgWidth": 2048, "objects": [{"label": "road", "bounding_box": [0, 395, 2047, 1023]}, {"label": "sidewalk", "bounding_box": [0, 419, 807, 550]}, {"label": "rail track", "bounding_box": [0, 424, 1025, 1023]}, {"label": "sky", "bounding_box": [706, 0, 1192, 295]}, {"label": "building", "bounding_box": [830, 0, 2047, 660]}, {"label": "building", "bounding_box": [0, 0, 797, 496]}, {"label": "static", "bounding_box": [973, 364, 1029, 387]}, {"label": "cargroup", "bounding_box": [1065, 379, 1092, 408]}, {"label": "vegetation", "bounding_box": [752, 164, 962, 404]}, {"label": "static", "bounding_box": [809, 374, 1011, 425]}, {"label": "trailer", "bounding_box": [1011, 375, 1066, 403]}, {"label": "dynamic", "bounding_box": [809, 374, 1024, 425]}, {"label": "static", "bounding_box": [848, 406, 865, 417]}, {"label": "truck", "bounding_box": [906, 381, 963, 410]}, {"label": "static", "bounding_box": [931, 354, 948, 367]}, {"label": "bicyclegroup", "bounding_box": [918, 391, 979, 424]}, {"label": "pole", "bounding_box": [939, 349, 941, 423]}, {"label": "traffic sign", "bounding_box": [937, 375, 944, 386]}, {"label": "pole", "bounding_box": [927, 320, 934, 422]}, {"label": "pole", "bounding_box": [1056, 287, 1146, 391]}, {"label": "pole", "bounding_box": [1077, 180, 1122, 354]}, {"label": "sidewalk", "bounding_box": [1105, 411, 2047, 1023]}, {"label": "persongroup", "bounding_box": [863, 394, 876, 410]}, {"label": "car", "bounding_box": [857, 403, 889, 419]}, {"label": "bicyclegroup", "bounding_box": [866, 407, 886, 427]}, {"label": "static", "bounding_box": [760, 377, 814, 428]}, {"label": "pole", "bounding_box": [805, 351, 809, 415]}, {"label": "traffic light", "bounding_box": [805, 368, 811, 387]}, {"label": "pole", "bounding_box": [800, 391, 801, 436]}, {"label": "traffic sign", "bounding_box": [788, 393, 800, 412]}, {"label": "pole", "bounding_box": [788, 411, 790, 432]}, {"label": "static", "bounding_box": [769, 328, 780, 387]}, {"label": "traffic sign", "bounding_box": [769, 349, 776, 364]}, {"label": "traffic light", "bounding_box": [763, 370, 773, 389]}, {"label": "pole", "bounding_box": [772, 386, 776, 432]}, {"label": "pole", "bounding_box": [839, 369, 844, 404]}, {"label": "traffic sign", "bounding_box": [832, 358, 843, 370]}, {"label": "traffic light", "bounding_box": [831, 373, 842, 390]}, {"label": "traffic light", "bounding_box": [838, 374, 844, 383]}, {"label": "static", "bounding_box": [840, 395, 847, 404]}, {"label": "car", "bounding_box": [802, 398, 856, 441]}, {"label": "static", "bounding_box": [878, 390, 901, 411]}, {"label": "license plate", "bounding_box": [817, 427, 830, 431]}, {"label": "car", "bounding_box": [880, 398, 926, 432]}, {"label": "license plate", "bounding_box": [893, 423, 906, 427]}, {"label": "bicyclegroup", "bounding_box": [973, 391, 1016, 412]}, {"label": "car", "bounding_box": [1036, 390, 1059, 407]}, {"label": "car", "bounding_box": [1046, 391, 1070, 406]}, {"label": "car", "bounding_box": [1044, 396, 1074, 417]}, {"label": "cargroup", "bounding_box": [1073, 373, 1157, 412]}, {"label": "car", "bounding_box": [1083, 394, 1154, 417]}, {"label": "pole", "bounding_box": [1092, 366, 1095, 420]}, {"label": "static", "bounding_box": [1092, 364, 1100, 374]}, {"label": "pole", "bounding_box": [1069, 291, 1077, 379]}, {"label": "static", "bounding_box": [1050, 278, 1073, 294]}, {"label": "traffic sign", "bounding_box": [1137, 333, 1151, 348]}, {"label": "traffic light", "bounding_box": [1053, 295, 1059, 315]}, {"label": "traffic light", "bounding_box": [1062, 293, 1070, 318]}, {"label": "static", "bounding_box": [1086, 322, 1137, 378]}, {"label": "traffic sign", "bounding_box": [1111, 347, 1126, 362]}, {"label": "static", "bounding_box": [1113, 360, 1125, 370]}, {"label": "static", "bounding_box": [1115, 370, 1130, 385]}, {"label": "person", "bounding_box": [1136, 383, 1153, 423]}, {"label": "person", "bounding_box": [1150, 377, 1166, 425]}, {"label": "person", "bounding_box": [1113, 372, 1141, 445]}, {"label": "person", "bounding_box": [1096, 370, 1130, 445]}, {"label": "person", "bounding_box": [1162, 357, 1196, 445]}, {"label": "pole", "bounding_box": [1176, 0, 1204, 448]}, {"label": "person", "bounding_box": [1197, 369, 1218, 433]}, {"label": "bicycle", "bounding_box": [1195, 398, 1258, 524]}, {"label": "rider", "bounding_box": [1191, 333, 1264, 501]}, {"label": "car", "bounding_box": [1631, 265, 1988, 482]}, {"label": "static", "bounding_box": [1746, 421, 2047, 526]}, {"label": "vegetation", "bounding_box": [1810, 0, 2047, 180]}, {"label": "pole", "bounding_box": [1938, 0, 2040, 752]}, {"label": "license plate", "bounding_box": [1646, 382, 1657, 393]}, {"label": "static", "bounding_box": [1898, 193, 2047, 424]}, {"label": "person", "bounding_box": [1700, 263, 1821, 553]}, {"label": "person", "bounding_box": [1547, 260, 1642, 559]}, {"label": "person", "bounding_box": [1435, 223, 1556, 568]}, {"label": "car", "bounding_box": [1004, 398, 1054, 424]}, {"label": "person", "bounding_box": [744, 395, 763, 437]}, {"label": "person", "bounding_box": [755, 394, 772, 438]}, {"label": "person", "bounding_box": [731, 393, 754, 442]}, {"label": "persongroup", "bounding_box": [722, 396, 740, 438]}, {"label": "person", "bounding_box": [705, 396, 717, 444]}, {"label": "person", "bounding_box": [709, 398, 726, 445]}, {"label": "person", "bounding_box": [689, 400, 704, 444]}, {"label": "pole", "bounding_box": [677, 129, 721, 448]}, {"label": "person", "bounding_box": [673, 394, 691, 449]}, {"label": "person", "bounding_box": [646, 393, 672, 432]}, {"label": "person", "bounding_box": [633, 387, 654, 411]}, {"label": "bicyclegroup", "bounding_box": [172, 420, 278, 509]}, {"label": "car", "bounding_box": [483, 341, 613, 440]}, {"label": "truck", "bounding_box": [264, 345, 520, 519]}, {"label": "car", "bounding_box": [488, 394, 668, 507]}, {"label": "license plate", "bounding_box": [521, 466, 566, 477]}, {"label": "person", "bounding_box": [158, 391, 186, 441]}, {"label": "person", "bounding_box": [122, 390, 159, 446]}, {"label": "pole", "bounding_box": [109, 386, 113, 424]}, {"label": "traffic sign", "bounding_box": [110, 383, 122, 398]}, {"label": "static", "bounding_box": [42, 438, 202, 526]}, {"label": "person", "bounding_box": [80, 393, 109, 445]}, {"label": "bicycle", "bounding_box": [108, 417, 137, 446]}, {"label": "bicycle", "bounding_box": [147, 415, 175, 445]}, {"label": "static", "bounding_box": [163, 284, 210, 331]}, {"label": "static", "bounding_box": [171, 333, 205, 352]}, {"label": "static", "bounding_box": [171, 354, 203, 372]}, {"label": "pole", "bounding_box": [156, 285, 211, 524]}, {"label": "dynamic", "bounding_box": [0, 307, 137, 356]}, {"label": "car", "bounding_box": [0, 424, 98, 545]}, {"label": "static", "bounding_box": [842, 186, 849, 203]}, {"label": "static", "bounding_box": [876, 226, 884, 238]}, {"label": "static", "bounding_box": [895, 239, 903, 251]}, {"label": "static", "bounding_box": [1063, 251, 1069, 260]}, {"label": "static", "bounding_box": [1066, 228, 1073, 240]}, {"label": "static", "bounding_box": [1070, 201, 1078, 215]}, {"label": "static", "bounding_box": [1077, 143, 1087, 161]}, {"label": "ego vehicle", "bounding_box": [24, 796, 2047, 1023]}, {"label": "rectification border", "bounding_box": [416, 0, 2047, 28]}, {"label": "rectification border", "bounding_box": [2037, 509, 2047, 1023]}, {"label": "rectification border", "bounding_box": [0, 0, 17, 474]}, {"label": "rectification border", "bounding_box": [0, 977, 1937, 1023]}, {"label": "out of roi", "bounding_box": [0, 0, 2048, 1024]}]}