{"imgHeight": 1024, "imgWidth": 2048, "objects": [{"label": "sky", "bounding_box": [0, 0, 2047, 364]}, {"label": "building", "bounding_box": [0, 23, 2047, 1023]}, {"label": "pole", "bounding_box": [707, 44, 719, 127]}, {"label": "road", "bounding_box": [0, 379, 2047, 1023]}, {"label": "terrain", "bounding_box": [1293, 401, 1433, 426]}, {"label": "sidewalk", "bounding_box": [1447, 438, 2047, 627]}, {"label": "terrain", "bounding_box": [0, 409, 1113, 662]}, {"label": "terrain", "bounding_box": [0, 379, 483, 416]}, {"label": "vegetation", "bounding_box": [378, 382, 475, 406]}, {"label": "vegetation", "bounding_box": [0, 35, 960, 436]}, {"label": "vegetation", "bounding_box": [880, 0, 2047, 435]}, {"label": "static", "bounding_box": [1864, 364, 2047, 439]}, {"label": "pole", "bounding_box": [379, 265, 394, 387]}, {"label": "car", "bounding_box": [0, 365, 62, 407]}, {"label": "car", "bounding_box": [0, 365, 31, 443]}, {"label": "pole", "bounding_box": [0, 268, 103, 273]}, {"label": "traffic light", "bounding_box": [93, 257, 106, 285]}, {"label": "pole", "bounding_box": [120, 309, 191, 390]}, {"label": "traffic light", "bounding_box": [190, 317, 196, 330]}, {"label": "traffic light", "bounding_box": [124, 352, 134, 364]}, {"label": "traffic sign", "bounding_box": [125, 364, 135, 376]}, {"label": "pole", "bounding_box": [1182, 181, 1296, 390]}, {"label": "car", "bounding_box": [87, 378, 120, 403]}, {"label": "car", "bounding_box": [365, 378, 427, 406]}, {"label": "car", "bounding_box": [280, 373, 393, 406]}, {"label": "car", "bounding_box": [280, 375, 329, 406]}, {"label": "car", "bounding_box": [309, 380, 393, 406]}, {"label": "car", "bounding_box": [217, 377, 276, 404]}, {"label": "car", "bounding_box": [233, 377, 297, 404]}, {"label": "cargroup", "bounding_box": [167, 370, 236, 405]}, {"label": "car", "bounding_box": [61, 371, 224, 439]}, {"label": "static", "bounding_box": [256, 310, 300, 356]}, {"label": "pole", "bounding_box": [253, 202, 260, 455]}, {"label": "static", "bounding_box": [234, 245, 282, 314]}, {"label": "pole", "bounding_box": [273, 353, 278, 409]}, {"label": "car", "bounding_box": [1246, 385, 1329, 443]}, {"label": "traffic light", "bounding_box": [260, 332, 276, 355]}, {"label": "pole", "bounding_box": [280, 314, 283, 409]}, {"label": "pole", "bounding_box": [534, 282, 595, 288]}, {"label": "pole", "bounding_box": [284, 332, 288, 404]}, {"label": "pole", "bounding_box": [54, 281, 70, 387]}, {"label": "static", "bounding_box": [270, 329, 298, 346]}, {"label": "pole", "bounding_box": [721, 283, 733, 359]}, {"label": "traffic light", "bounding_box": [339, 316, 355, 351]}, {"label": "static", "bounding_box": [331, 291, 346, 316]}, {"label": "pole", "bounding_box": [337, 312, 341, 420]}, {"label": "traffic light", "bounding_box": [496, 359, 502, 374]}, {"label": "car", "bounding_box": [430, 381, 462, 391]}, {"label": "pole", "bounding_box": [501, 358, 504, 388]}, {"label": "car", "bounding_box": [446, 379, 532, 422]}, {"label": "traffic light", "bounding_box": [520, 341, 559, 367]}, {"label": "pole", "bounding_box": [527, 183, 547, 436]}, {"label": "pole", "bounding_box": [541, 293, 550, 394]}, {"label": "pole", "bounding_box": [543, 255, 559, 380]}, {"label": "static", "bounding_box": [524, 326, 539, 340]}, {"label": "static", "bounding_box": [596, 322, 618, 401]}, {"label": "static", "bounding_box": [695, 308, 716, 374]}, {"label": "traffic light", "bounding_box": [580, 275, 592, 300]}, {"label": "static", "bounding_box": [674, 345, 737, 367]}, {"label": "pole", "bounding_box": [792, 287, 804, 400]}, {"label": "car", "bounding_box": [805, 383, 871, 411]}, {"label": "static", "bounding_box": [803, 324, 877, 443]}, {"label": "car", "bounding_box": [488, 355, 871, 585]}, {"label": "pole", "bounding_box": [893, 386, 898, 413]}, {"label": "car", "bounding_box": [895, 383, 954, 412]}, {"label": "static", "bounding_box": [889, 385, 902, 399]}, {"label": "static", "bounding_box": [958, 378, 1007, 404]}, {"label": "static", "bounding_box": [891, 400, 899, 411]}, {"label": "pole", "bounding_box": [943, 162, 974, 416]}, {"label": "pole", "bounding_box": [1003, 241, 1068, 415]}, {"label": "traffic light", "bounding_box": [1001, 339, 1014, 363]}, {"label": "traffic light", "bounding_box": [999, 357, 1015, 374]}, {"label": "cargroup", "bounding_box": [997, 380, 1071, 412]}, {"label": "car", "bounding_box": [998, 385, 1062, 417]}, {"label": "car", "bounding_box": [1064, 383, 1133, 417]}, {"label": "car", "bounding_box": [1120, 380, 1156, 420]}, {"label": "pole", "bounding_box": [1148, 355, 1150, 392]}, {"label": "traffic light", "bounding_box": [1149, 351, 1173, 370]}, {"label": "traffic sign", "bounding_box": [1144, 356, 1155, 368]}, {"label": "traffic sign", "bounding_box": [1143, 345, 1156, 358]}, {"label": "pole", "bounding_box": [1167, 332, 1170, 389]}, {"label": "static", "bounding_box": [1162, 339, 1175, 351]}, {"label": "cargroup", "bounding_box": [1192, 382, 1279, 455]}, {"label": "pole", "bounding_box": [1224, 227, 1236, 395]}, {"label": "pole", "bounding_box": [1231, 259, 1242, 386]}, {"label": "car", "bounding_box": [1120, 376, 1273, 491]}, {"label": "static", "bounding_box": [1284, 336, 1305, 344]}, {"label": "static", "bounding_box": [1287, 343, 1303, 349]}, {"label": "traffic light", "bounding_box": [1215, 271, 1227, 298]}, {"label": "traffic light", "bounding_box": [1175, 267, 1184, 296]}, {"label": "pole", "bounding_box": [1479, 124, 1522, 304]}, {"label": "static", "bounding_box": [1702, 379, 1726, 413]}, {"label": "car", "bounding_box": [1708, 0, 1730, 440]}, {"label": "static", "bounding_box": [1696, 291, 1730, 338]}, {"label": "traffic sign", "bounding_box": [1656, 314, 1755, 337]}, {"label": "car", "bounding_box": [1866, 399, 1909, 419]}, {"label": "car", "bounding_box": [1916, 394, 1949, 419]}, {"label": "pole", "bounding_box": [1751, 224, 1785, 413]}, {"label": "car", "bounding_box": [1983, 395, 2025, 420]}, {"label": "pole", "bounding_box": [1771, 179, 1792, 419]}, {"label": "terrain", "bounding_box": [1695, 450, 2047, 496]}, {"label": "license plate", "bounding_box": [575, 467, 665, 486]}, {"label": "license plate", "bounding_box": [1166, 425, 1210, 438]}, {"label": "license plate", "bounding_box": [1485, 449, 1568, 471]}, {"label": "license plate", "bounding_box": [1279, 406, 1296, 412]}, {"label": "license plate", "bounding_box": [1111, 401, 1121, 404]}, {"label": "license plate", "bounding_box": [1040, 400, 1053, 403]}, {"label": "terrain", "bounding_box": [1965, 515, 2047, 535]}, {"label": "wall", "bounding_box": [1681, 397, 2047, 486]}, {"label": "car", "bounding_box": [1376, 281, 1705, 576]}, {"label": "pole", "bounding_box": [1906, 290, 1923, 490]}, {"label": "traffic sign", "bounding_box": [1888, 235, 1950, 319]}, {"label": "pole", "bounding_box": [1022, 338, 1029, 430]}, {"label": "traffic sign", "bounding_box": [1013, 304, 1041, 343]}, {"label": "license plate", "bounding_box": [1486, 450, 1567, 471]}, {"label": "license plate", "bounding_box": [459, 409, 473, 413]}, {"label": "license plate", "bounding_box": [83, 414, 108, 420]}, {"label": "static", "bounding_box": [1479, 124, 1522, 133]}, {"label": "static", "bounding_box": [1277, 181, 1296, 195]}, {"label": "static", "bounding_box": [943, 162, 974, 173]}, {"label": "static", "bounding_box": [1771, 179, 1790, 188]}, {"label": "static", "bounding_box": [531, 183, 547, 195]}, {"label": "license plate", "bounding_box": [379, 400, 388, 402]}, {"label": "license plate", "bounding_box": [414, 398, 420, 401]}, {"label": "static", "bounding_box": [543, 255, 555, 265]}, {"label": "static", "bounding_box": [379, 265, 391, 271]}, {"label": "static", "bounding_box": [1751, 224, 1785, 235]}, {"label": "ego vehicle", "bounding_box": [24, 796, 2047, 1023]}, {"label": "rectification border", "bounding_box": [416, 0, 2047, 28]}, {"label": "rectification border", "bounding_box": [2037, 509, 2047, 1023]}, {"label": "rectification border", "bounding_box": [0, 0, 17, 474]}, {"label": "rectification border", "bounding_box": [0, 977, 1937, 1023]}, {"label": "out of roi", "bounding_box": [0, 0, 2048, 1024]}]}