{"imgHeight": 1024, "imgWidth": 2048, "objects": [{"label": "sky", "bounding_box": [0, 0, 2047, 365]}, {"label": "building", "bounding_box": [0, 0, 2047, 1023]}, {"label": "wall", "bounding_box": [1134, 414, 1200, 439]}, {"label": "vegetation", "bounding_box": [1118, 0, 1663, 429]}, {"label": "vegetation", "bounding_box": [1145, 414, 1171, 423]}, {"label": "road", "bounding_box": [0, 423, 2047, 1023]}, {"label": "sidewalk", "bounding_box": [1107, 424, 1169, 444]}, {"label": "sidewalk", "bounding_box": [764, 431, 1001, 481]}, {"label": "parking", "bounding_box": [1196, 485, 2047, 919]}, {"label": "sidewalk", "bounding_box": [0, 486, 794, 577]}, {"label": "wall", "bounding_box": [838, 413, 979, 472]}, {"label": "static", "bounding_box": [1077, 414, 1117, 434]}, {"label": "static", "bounding_box": [1114, 402, 1124, 412]}, {"label": "static", "bounding_box": [1105, 407, 1121, 436]}, {"label": "car", "bounding_box": [1095, 425, 1122, 441]}, {"label": "static", "bounding_box": [1003, 409, 1008, 411]}, {"label": "cargroup", "bounding_box": [1077, 420, 1105, 443]}, {"label": "static", "bounding_box": [1060, 402, 1074, 432]}, {"label": "pole", "bounding_box": [1068, 362, 1080, 430]}, {"label": "pole", "bounding_box": [1025, 383, 1058, 431]}, {"label": "pole", "bounding_box": [1001, 382, 1005, 428]}, {"label": "static", "bounding_box": [1000, 419, 1008, 434]}, {"label": "pole", "bounding_box": [1011, 341, 1021, 429]}, {"label": "static", "bounding_box": [1010, 419, 1014, 429]}, {"label": "vegetation", "bounding_box": [807, 145, 1037, 436]}, {"label": "car", "bounding_box": [1014, 419, 1035, 436]}, {"label": "traffic sign", "bounding_box": [1019, 369, 1027, 383]}, {"label": "static", "bounding_box": [975, 425, 985, 437]}, {"label": "static", "bounding_box": [985, 404, 997, 453]}, {"label": "pole", "bounding_box": [986, 389, 991, 411]}, {"label": "pole", "bounding_box": [991, 388, 996, 409]}, {"label": "pole", "bounding_box": [995, 300, 1019, 456]}, {"label": "person", "bounding_box": [975, 429, 984, 455]}, {"label": "static", "bounding_box": [1036, 436, 1075, 454]}, {"label": "pole", "bounding_box": [843, 127, 854, 349]}, {"label": "pole", "bounding_box": [984, 414, 995, 463]}, {"label": "car", "bounding_box": [982, 443, 1071, 486]}, {"label": "wall", "bounding_box": [0, 59, 781, 545]}, {"label": "static", "bounding_box": [980, 402, 991, 413]}, {"label": "pole", "bounding_box": [14, 115, 45, 546]}, {"label": "pole", "bounding_box": [1049, 437, 1053, 475]}, {"label": "traffic light", "bounding_box": [1038, 409, 1066, 439]}, {"label": "cargroup", "bounding_box": [1092, 441, 1134, 470]}, {"label": "persongroup", "bounding_box": [1090, 444, 1107, 464]}, {"label": "car", "bounding_box": [1078, 458, 1121, 497]}, {"label": "car", "bounding_box": [1040, 455, 1107, 497]}, {"label": "static", "bounding_box": [1027, 471, 1037, 492]}, {"label": "pole", "bounding_box": [733, 0, 749, 243]}, {"label": "traffic sign", "bounding_box": [1023, 461, 1040, 479]}, {"label": "pole", "bounding_box": [948, 452, 950, 474]}, {"label": "pole", "bounding_box": [917, 356, 926, 484]}, {"label": "traffic light", "bounding_box": [916, 363, 931, 383]}, {"label": "traffic sign", "bounding_box": [906, 414, 918, 418]}, {"label": "vegetation", "bounding_box": [0, 0, 854, 438]}, {"label": "traffic light", "bounding_box": [913, 420, 924, 446]}, {"label": "static", "bounding_box": [947, 452, 951, 464]}, {"label": "bicycle", "bounding_box": [916, 468, 955, 493]}, {"label": "rider", "bounding_box": [925, 453, 946, 485]}, {"label": "bridge", "bounding_box": [761, 301, 861, 498]}, {"label": "pole", "bounding_box": [831, 410, 837, 478]}, {"label": "traffic light", "bounding_box": [834, 411, 841, 424]}, {"label": "pole", "bounding_box": [814, 232, 836, 497]}, {"label": "person", "bounding_box": [767, 446, 781, 498]}, {"label": "person", "bounding_box": [777, 443, 797, 498]}, {"label": "pole", "bounding_box": [673, 283, 683, 497]}, {"label": "static", "bounding_box": [667, 387, 691, 412]}, {"label": "static", "bounding_box": [1126, 419, 1133, 426]}, {"label": "static", "bounding_box": [1131, 403, 1142, 432]}, {"label": "traffic sign", "bounding_box": [1153, 404, 1157, 413]}, {"label": "pole", "bounding_box": [1146, 412, 1147, 439]}, {"label": "traffic sign", "bounding_box": [1144, 404, 1149, 413]}, {"label": "pole", "bounding_box": [1167, 417, 1172, 435]}, {"label": "traffic sign", "bounding_box": [1165, 405, 1184, 418]}, {"label": "traffic sign", "bounding_box": [1183, 411, 1191, 419]}, {"label": "traffic sign", "bounding_box": [1177, 412, 1184, 420]}, {"label": "car", "bounding_box": [1138, 436, 1162, 461]}, {"label": "car", "bounding_box": [1154, 426, 1198, 456]}, {"label": "car", "bounding_box": [1149, 441, 1195, 470]}, {"label": "car", "bounding_box": [1135, 452, 1193, 497]}, {"label": "car", "bounding_box": [1188, 423, 1227, 500]}, {"label": "car", "bounding_box": [1196, 415, 1268, 505]}, {"label": "pole", "bounding_box": [1291, 374, 1300, 418]}, {"label": "car", "bounding_box": [1233, 405, 1289, 509]}, {"label": "car", "bounding_box": [1253, 388, 1368, 523]}, {"label": "car", "bounding_box": [1315, 377, 1475, 546]}, {"label": "car", "bounding_box": [1376, 378, 1706, 589]}, {"label": "car", "bounding_box": [1509, 324, 2043, 676]}, {"label": "car", "bounding_box": [1886, 470, 2047, 768]}, {"label": "license plate", "bounding_box": [1805, 473, 1936, 504]}, {"label": "license plate", "bounding_box": [1160, 477, 1177, 481]}, {"label": "license plate", "bounding_box": [1060, 472, 1077, 476]}, {"label": "license plate", "bounding_box": [1116, 461, 1124, 463]}, {"label": "static", "bounding_box": [11, 175, 58, 276]}, {"label": "traffic sign", "bounding_box": [1278, 345, 1308, 377]}, {"label": "static", "bounding_box": [998, 300, 1019, 307]}, {"label": "sky", "bounding_box": [423, 94, 471, 188]}, {"label": "sky", "bounding_box": [151, 35, 187, 85]}, {"label": "sky", "bounding_box": [1418, 28, 1447, 54]}, {"label": "ego vehicle", "bounding_box": [24, 796, 2047, 1023]}, {"label": "rectification border", "bounding_box": [416, 0, 2047, 28]}, {"label": "rectification border", "bounding_box": [2037, 509, 2047, 1023]}, {"label": "rectification border", "bounding_box": [0, 0, 17, 474]}, {"label": "rectification border", "bounding_box": [0, 977, 1937, 1023]}, {"label": "out of roi", "bounding_box": [0, 0, 2048, 1024]}]}