{"imgHeight": 1024, "imgWidth": 2048, "objects": [{"label": "sky", "bounding_box": [306, 0, 1020, 316]}, {"label": "road", "bounding_box": [0, 268, 2047, 1023]}, {"label": "sidewalk", "bounding_box": [925, 420, 2047, 967]}, {"label": "sidewalk", "bounding_box": [248, 424, 485, 513]}, {"label": "building", "bounding_box": [0, 0, 911, 476]}, {"label": "building", "bounding_box": [849, 0, 2047, 633]}, {"label": "person", "bounding_box": [575, 411, 595, 448]}, {"label": "car", "bounding_box": [538, 416, 578, 460]}, {"label": "car", "bounding_box": [503, 410, 561, 464]}, {"label": "car", "bounding_box": [497, 422, 549, 466]}, {"label": "static", "bounding_box": [484, 341, 498, 375]}, {"label": "pole", "bounding_box": [489, 343, 493, 425]}, {"label": "car", "bounding_box": [447, 397, 534, 472]}, {"label": "bus", "bounding_box": [747, 398, 829, 437]}, {"label": "rider", "bounding_box": [772, 418, 781, 438]}, {"label": "pole", "bounding_box": [656, 329, 674, 412]}, {"label": "pole", "bounding_box": [724, 346, 731, 416]}, {"label": "pole", "bounding_box": [753, 297, 830, 410]}, {"label": "traffic light", "bounding_box": [751, 353, 757, 368]}, {"label": "pole", "bounding_box": [808, 276, 841, 409]}, {"label": "pole", "bounding_box": [826, 209, 867, 414]}, {"label": "pole", "bounding_box": [864, 89, 925, 418]}, {"label": "pole", "bounding_box": [979, 0, 1012, 491]}, {"label": "pole", "bounding_box": [1746, 0, 1825, 751]}, {"label": "terrain", "bounding_box": [1663, 727, 1919, 791]}, {"label": "person", "bounding_box": [1285, 290, 1381, 585]}, {"label": "person", "bounding_box": [1167, 308, 1259, 594]}, {"label": "traffic sign", "bounding_box": [976, 249, 1017, 304]}, {"label": "traffic sign", "bounding_box": [982, 292, 1012, 316]}, {"label": "traffic sign", "bounding_box": [903, 318, 930, 353]}, {"label": "traffic sign", "bounding_box": [909, 346, 926, 359]}, {"label": "traffic sign", "bounding_box": [839, 348, 855, 366]}, {"label": "traffic sign", "bounding_box": [839, 359, 861, 391]}, {"label": "traffic sign", "bounding_box": [853, 337, 879, 375]}, {"label": "person", "bounding_box": [921, 385, 952, 437]}, {"label": "person", "bounding_box": [943, 390, 966, 451]}, {"label": "person", "bounding_box": [954, 382, 982, 455]}, {"label": "person", "bounding_box": [328, 410, 337, 456]}, {"label": "person", "bounding_box": [284, 401, 303, 467]}, {"label": "static", "bounding_box": [256, 389, 277, 450]}, {"label": "car", "bounding_box": [0, 361, 342, 838]}, {"label": "static", "bounding_box": [598, 358, 611, 377]}, {"label": "static", "bounding_box": [597, 370, 612, 385]}, {"label": "pole", "bounding_box": [604, 366, 609, 438]}, {"label": "car", "bounding_box": [583, 373, 757, 526]}, {"label": "license plate", "bounding_box": [655, 454, 704, 466]}, {"label": "car", "bounding_box": [806, 394, 852, 416]}, {"label": "car", "bounding_box": [791, 406, 849, 473]}, {"label": "car", "bounding_box": [812, 403, 852, 456]}, {"label": "car", "bounding_box": [803, 383, 943, 502]}, {"label": "license plate", "bounding_box": [862, 446, 902, 456]}, {"label": "vegetation", "bounding_box": [1022, 397, 1065, 455]}, {"label": "static", "bounding_box": [1024, 442, 1068, 471]}, {"label": "static", "bounding_box": [1012, 415, 1063, 473]}, {"label": "static", "bounding_box": [1221, 65, 1300, 162]}, {"label": "static", "bounding_box": [1157, 131, 1207, 181]}, {"label": "static", "bounding_box": [1088, 185, 1126, 236]}, {"label": "static", "bounding_box": [324, 277, 369, 326]}, {"label": "static", "bounding_box": [864, 89, 907, 103]}, {"label": "static", "bounding_box": [826, 209, 854, 222]}, {"label": "static", "bounding_box": [808, 276, 829, 287]}, {"label": "static", "bounding_box": [809, 297, 830, 305]}, {"label": "ego vehicle", "bounding_box": [24, 796, 2047, 1023]}, {"label": "rectification border", "bounding_box": [416, 0, 2047, 28]}, {"label": "rectification border", "bounding_box": [2037, 509, 2047, 1023]}, {"label": "rectification border", "bounding_box": [0, 0, 17, 474]}, {"label": "rectification border", "bounding_box": [0, 977, 1937, 1023]}, {"label": "out of roi", "bounding_box": [0, 0, 2048, 1024]}]}