{"imgHeight": 1024, "imgWidth": 2048, "objects": [{"label": "sky", "bounding_box": [571, 0, 1251, 220]}, {"label": "building", "bounding_box": [936, 107, 1879, 450]}, {"label": "road", "bounding_box": [0, 436, 2047, 1023]}, {"label": "traffic sign", "bounding_box": [1082, 316, 1119, 352]}, {"label": "pole", "bounding_box": [1190, 314, 1193, 378]}, {"label": "static", "bounding_box": [1821, 368, 1848, 417]}, {"label": "sidewalk", "bounding_box": [1284, 410, 1901, 464]}, {"label": "vegetation", "bounding_box": [975, 0, 1897, 436]}, {"label": "dynamic", "bounding_box": [1791, 389, 1851, 484]}, {"label": "building", "bounding_box": [0, 0, 1019, 486]}, {"label": "building", "bounding_box": [1788, 0, 2047, 583]}, {"label": "sidewalk", "bounding_box": [1261, 481, 2047, 1023]}, {"label": "sidewalk", "bounding_box": [0, 429, 707, 495]}, {"label": "person", "bounding_box": [1996, 248, 2047, 557]}, {"label": "person", "bounding_box": [99, 380, 141, 472]}, {"label": "person", "bounding_box": [32, 379, 66, 473]}, {"label": "dynamic", "bounding_box": [9, 423, 144, 478]}, {"label": "person", "bounding_box": [68, 369, 130, 477]}, {"label": "person", "bounding_box": [234, 380, 261, 429]}, {"label": "dynamic", "bounding_box": [166, 418, 268, 474]}, {"label": "person", "bounding_box": [212, 376, 251, 473]}, {"label": "person", "bounding_box": [271, 371, 320, 471]}, {"label": "pole", "bounding_box": [322, 181, 340, 475]}, {"label": "traffic light", "bounding_box": [326, 275, 352, 325]}, {"label": "pole", "bounding_box": [484, 0, 503, 434]}, {"label": "static", "bounding_box": [490, 150, 526, 264]}, {"label": "person", "bounding_box": [310, 340, 442, 575]}, {"label": "static", "bounding_box": [662, 342, 714, 359]}, {"label": "person", "bounding_box": [463, 337, 604, 595]}, {"label": "pole", "bounding_box": [693, 119, 740, 409]}, {"label": "person", "bounding_box": [668, 387, 684, 439]}, {"label": "person", "bounding_box": [675, 370, 707, 468]}, {"label": "pole", "bounding_box": [833, 202, 867, 402]}, {"label": "static", "bounding_box": [802, 326, 830, 363]}, {"label": "pole", "bounding_box": [953, 292, 973, 405]}, {"label": "static", "bounding_box": [727, 377, 763, 406]}, {"label": "car", "bounding_box": [692, 380, 875, 475]}, {"label": "person", "bounding_box": [1230, 371, 1252, 405]}, {"label": "license plate", "bounding_box": [720, 422, 758, 430]}, {"label": "person", "bounding_box": [1251, 370, 1269, 403]}, {"label": "person", "bounding_box": [1234, 375, 1251, 398]}, {"label": "pole", "bounding_box": [1247, 304, 1255, 419]}, {"label": "traffic light", "bounding_box": [1238, 288, 1259, 339]}, {"label": "car", "bounding_box": [1017, 361, 1212, 388]}, {"label": "person", "bounding_box": [1255, 370, 1275, 405]}, {"label": "car", "bounding_box": [825, 366, 1134, 487]}, {"label": "person", "bounding_box": [1275, 370, 1296, 415]}, {"label": "person", "bounding_box": [1285, 370, 1305, 411]}, {"label": "persongroup", "bounding_box": [1252, 368, 1303, 410]}, {"label": "person", "bounding_box": [1292, 369, 1316, 419]}, {"label": "car", "bounding_box": [988, 364, 1337, 502]}, {"label": "bicycle", "bounding_box": [913, 404, 1129, 540]}, {"label": "rider", "bounding_box": [963, 322, 1057, 489]}, {"label": "person", "bounding_box": [1388, 388, 1401, 435]}, {"label": "person", "bounding_box": [1397, 390, 1412, 435]}, {"label": "static", "bounding_box": [1361, 404, 1411, 436]}, {"label": "person", "bounding_box": [1363, 366, 1388, 455]}, {"label": "person", "bounding_box": [865, 334, 931, 568]}, {"label": "person", "bounding_box": [1440, 370, 1466, 419]}, {"label": "person", "bounding_box": [1482, 361, 1500, 415]}, {"label": "person", "bounding_box": [1494, 353, 1517, 434]}, {"label": "static", "bounding_box": [1451, 405, 1527, 449]}, {"label": "person", "bounding_box": [1433, 388, 1477, 444]}, {"label": "person", "bounding_box": [1547, 364, 1568, 428]}, {"label": "pole", "bounding_box": [1599, 192, 1607, 330]}, {"label": "traffic light", "bounding_box": [1581, 277, 1600, 328]}, {"label": "traffic light", "bounding_box": [1609, 276, 1635, 328]}, {"label": "static", "bounding_box": [1689, 395, 1766, 431]}, {"label": "bicycle", "bounding_box": [1631, 397, 1720, 452]}, {"label": "person", "bounding_box": [1668, 363, 1724, 458]}, {"label": "person", "bounding_box": [1531, 298, 1698, 639]}, {"label": "traffic light", "bounding_box": [1755, 198, 1782, 257]}, {"label": "pole", "bounding_box": [1719, 63, 1826, 488]}, {"label": "traffic light", "bounding_box": [1801, 203, 1836, 276]}, {"label": "pole", "bounding_box": [1784, 195, 1796, 484]}, {"label": "static", "bounding_box": [1759, 338, 1801, 395]}, {"label": "pole", "bounding_box": [1356, 0, 1501, 549]}, {"label": "traffic sign", "bounding_box": [1363, 0, 1465, 97]}, {"label": "traffic sign", "bounding_box": [1436, 103, 1501, 183]}, {"label": "traffic light", "bounding_box": [1356, 104, 1433, 231]}, {"label": "vegetation", "bounding_box": [1431, 107, 1451, 173]}, {"label": "static", "bounding_box": [700, 119, 740, 131]}, {"label": "static", "bounding_box": [838, 202, 867, 212]}, {"label": "static", "bounding_box": [1719, 63, 1826, 129]}, {"label": "static", "bounding_box": [1425, 382, 1433, 407]}, {"label": "ego vehicle", "bounding_box": [24, 796, 2047, 1023]}, {"label": "rectification border", "bounding_box": [416, 0, 2047, 28]}, {"label": "rectification border", "bounding_box": [2037, 509, 2047, 1023]}, {"label": "rectification border", "bounding_box": [0, 0, 17, 474]}, {"label": "rectification border", "bounding_box": [0, 977, 1937, 1023]}, {"label": "out of roi", "bounding_box": [0, 0, 2048, 1024]}]}