{"imgHeight": 1024, "imgWidth": 2048, "objects": [{"label": "sky", "bounding_box": [0, 0, 1423, 400]}, {"label": "road", "bounding_box": [0, 317, 2047, 1023]}, {"label": "rail track", "bounding_box": [0, 446, 374, 539]}, {"label": "building", "bounding_box": [392, 111, 1261, 467]}, {"label": "terrain", "bounding_box": [296, 426, 599, 451]}, {"label": "vegetation", "bounding_box": [448, 426, 599, 445]}, {"label": "terrain", "bounding_box": [457, 437, 501, 444]}, {"label": "vegetation", "bounding_box": [449, 19, 1316, 449]}, {"label": "building", "bounding_box": [1156, 0, 2047, 442]}, {"label": "vegetation", "bounding_box": [1354, 156, 1721, 423]}, {"label": "terrain", "bounding_box": [1090, 379, 2047, 517]}, {"label": "vegetation", "bounding_box": [1677, 230, 1958, 425]}, {"label": "sidewalk", "bounding_box": [767, 432, 2047, 1011]}, {"label": "terrain", "bounding_box": [970, 430, 1098, 437]}, {"label": "static", "bounding_box": [1346, 407, 1361, 430]}, {"label": "terrain", "bounding_box": [870, 441, 1009, 451]}, {"label": "static", "bounding_box": [1206, 344, 1284, 458]}, {"label": "pole", "bounding_box": [1327, 0, 1355, 543]}, {"label": "traffic light", "bounding_box": [1301, 182, 1341, 261]}, {"label": "static", "bounding_box": [1309, 244, 1341, 263]}, {"label": "static", "bounding_box": [1345, 203, 1370, 228]}, {"label": "traffic light", "bounding_box": [1325, 167, 1361, 271]}, {"label": "static", "bounding_box": [1107, 407, 1141, 431]}, {"label": "person", "bounding_box": [1111, 393, 1136, 456]}, {"label": "sidewalk", "bounding_box": [0, 514, 507, 587]}, {"label": "person", "bounding_box": [1141, 389, 1167, 450]}, {"label": "person", "bounding_box": [1168, 387, 1190, 450]}, {"label": "pole", "bounding_box": [1089, 371, 1093, 439]}, {"label": "traffic sign", "bounding_box": [1085, 362, 1098, 389]}, {"label": "pole", "bounding_box": [942, 339, 947, 438]}, {"label": "pole", "bounding_box": [939, 27, 991, 460]}, {"label": "pole", "bounding_box": [748, 383, 753, 444]}, {"label": "pole", "bounding_box": [696, 367, 700, 448]}, {"label": "traffic sign", "bounding_box": [745, 380, 756, 391]}, {"label": "traffic sign", "bounding_box": [691, 381, 706, 397]}, {"label": "building", "bounding_box": [0, 197, 364, 462]}, {"label": "vegetation", "bounding_box": [0, 0, 901, 490]}, {"label": "traffic sign", "bounding_box": [69, 435, 83, 460]}, {"label": "terrain", "bounding_box": [0, 552, 398, 674]}, {"label": "terrain", "bounding_box": [0, 444, 665, 549]}, {"label": "static", "bounding_box": [595, 418, 609, 442]}, {"label": "static", "bounding_box": [0, 429, 23, 478]}, {"label": "fence", "bounding_box": [288, 430, 330, 446]}, {"label": "terrain", "bounding_box": [0, 462, 137, 484]}, {"label": "pole", "bounding_box": [342, 266, 362, 459]}, {"label": "pole", "bounding_box": [0, 106, 173, 491]}, {"label": "car", "bounding_box": [260, 427, 293, 447]}, {"label": "static", "bounding_box": [26, 435, 51, 497]}, {"label": "static", "bounding_box": [279, 344, 293, 358]}, {"label": "pole", "bounding_box": [284, 329, 292, 477]}, {"label": "traffic light", "bounding_box": [275, 325, 291, 340]}, {"label": "car", "bounding_box": [208, 428, 243, 444]}, {"label": "car", "bounding_box": [195, 425, 220, 447]}, {"label": "pole", "bounding_box": [331, 0, 376, 556]}, {"label": "static", "bounding_box": [318, 198, 344, 230]}, {"label": "static", "bounding_box": [348, 236, 390, 264]}, {"label": "traffic light", "bounding_box": [345, 169, 399, 236]}, {"label": "traffic light", "bounding_box": [329, 160, 365, 270]}, {"label": "static", "bounding_box": [604, 315, 647, 348]}, {"label": "static", "bounding_box": [943, 361, 950, 375]}, {"label": "static", "bounding_box": [939, 27, 974, 45]}, {"label": "traffic sign", "bounding_box": [92, 437, 99, 458]}, {"label": "traffic sign", "bounding_box": [699, 367, 722, 373]}, {"label": "pole", "bounding_box": [561, 355, 566, 443]}, {"label": "pole", "bounding_box": [580, 399, 583, 444]}, {"label": "static", "bounding_box": [572, 374, 601, 403]}, {"label": "pole", "bounding_box": [792, 171, 796, 221]}, {"label": "pole", "bounding_box": [793, 277, 803, 453]}, {"label": "static", "bounding_box": [343, 410, 352, 430]}, {"label": "pole", "bounding_box": [314, 329, 321, 446]}, {"label": "fence", "bounding_box": [98, 436, 182, 459]}, {"label": "pole", "bounding_box": [885, 375, 889, 448]}, {"label": "pole", "bounding_box": [115, 366, 123, 465]}, {"label": "static", "bounding_box": [217, 314, 229, 322]}, {"label": "static", "bounding_box": [118, 327, 132, 333]}, {"label": "ego vehicle", "bounding_box": [24, 796, 2047, 1023]}, {"label": "rectification border", "bounding_box": [416, 0, 2047, 28]}, {"label": "rectification border", "bounding_box": [2037, 509, 2047, 1023]}, {"label": "rectification border", "bounding_box": [0, 0, 17, 474]}, {"label": "rectification border", "bounding_box": [0, 977, 1937, 1023]}, {"label": "out of roi", "bounding_box": [0, 0, 2048, 1024]}]}