{"imgHeight": 1024, "imgWidth": 2048, "objects": [{"label": "building", "bounding_box": [0, 164, 2047, 462]}, {"label": "road", "bounding_box": [0, 402, 2047, 1023]}, {"label": "terrain", "bounding_box": [0, 404, 264, 514]}, {"label": "cargroup", "bounding_box": [965, 398, 1032, 411]}, {"label": "car", "bounding_box": [1055, 392, 1092, 403]}, {"label": "sidewalk", "bounding_box": [1124, 440, 2047, 989]}, {"label": "terrain", "bounding_box": [925, 380, 2047, 601]}, {"label": "traffic sign", "bounding_box": [1360, 356, 1369, 367]}, {"label": "vegetation", "bounding_box": [976, 397, 1117, 412]}, {"label": "fence", "bounding_box": [1495, 361, 1636, 399]}, {"label": "sky", "bounding_box": [0, 0, 2047, 400]}, {"label": "vegetation", "bounding_box": [0, 228, 288, 429]}, {"label": "fence", "bounding_box": [1327, 390, 1477, 425]}, {"label": "wall", "bounding_box": [1425, 381, 2047, 435]}, {"label": "static", "bounding_box": [1446, 404, 1492, 435]}, {"label": "vegetation", "bounding_box": [470, 0, 2047, 471]}, {"label": "car", "bounding_box": [23, 416, 58, 431]}, {"label": "car", "bounding_box": [150, 412, 178, 431]}, {"label": "ground", "bounding_box": [1233, 416, 1316, 443]}, {"label": "car", "bounding_box": [182, 413, 217, 432]}, {"label": "static", "bounding_box": [156, 374, 199, 449]}, {"label": "fence", "bounding_box": [49, 442, 102, 471]}, {"label": "car", "bounding_box": [98, 429, 181, 473]}, {"label": "pole", "bounding_box": [476, 90, 783, 297]}, {"label": "vegetation", "bounding_box": [0, 440, 258, 600]}, {"label": "pole", "bounding_box": [878, 364, 886, 416]}, {"label": "static", "bounding_box": [880, 382, 887, 391]}, {"label": "traffic sign", "bounding_box": [879, 377, 888, 388]}, {"label": "car", "bounding_box": [883, 399, 949, 454]}, {"label": "car", "bounding_box": [815, 397, 918, 485]}, {"label": "car", "bounding_box": [724, 383, 875, 522]}, {"label": "license plate", "bounding_box": [748, 449, 785, 463]}, {"label": "pole", "bounding_box": [950, 375, 954, 419]}, {"label": "static", "bounding_box": [948, 392, 956, 407]}, {"label": "pole", "bounding_box": [976, 376, 980, 422]}, {"label": "pole", "bounding_box": [1004, 376, 1010, 428]}, {"label": "traffic sign", "bounding_box": [971, 366, 984, 383]}, {"label": "traffic sign", "bounding_box": [999, 357, 1013, 375]}, {"label": "traffic sign", "bounding_box": [1001, 370, 1012, 377]}, {"label": "pole", "bounding_box": [1024, 411, 1029, 424]}, {"label": "pole", "bounding_box": [1038, 407, 1043, 424]}, {"label": "pole", "bounding_box": [1029, 125, 1077, 437]}, {"label": "traffic sign", "bounding_box": [1060, 354, 1080, 376]}, {"label": "pole", "bounding_box": [1198, 357, 1202, 399]}, {"label": "traffic sign", "bounding_box": [1190, 356, 1207, 364]}, {"label": "traffic sign", "bounding_box": [1192, 344, 1206, 358]}, {"label": "pole", "bounding_box": [1211, 352, 1218, 401]}, {"label": "car", "bounding_box": [1119, 393, 1268, 447]}, {"label": "pole", "bounding_box": [1172, 0, 1195, 466]}, {"label": "traffic light", "bounding_box": [1174, 281, 1193, 313]}, {"label": "static", "bounding_box": [1307, 356, 1319, 383]}, {"label": "traffic sign", "bounding_box": [1170, 314, 1199, 343]}, {"label": "traffic sign", "bounding_box": [1190, 272, 1221, 288]}, {"label": "static", "bounding_box": [1297, 340, 1320, 361]}, {"label": "static", "bounding_box": [1303, 362, 1315, 375]}, {"label": "static", "bounding_box": [1305, 374, 1316, 386]}, {"label": "bicycle", "bounding_box": [1302, 399, 1330, 463]}, {"label": "person", "bounding_box": [1330, 377, 1341, 430]}, {"label": "static", "bounding_box": [0, 392, 29, 435]}, {"label": "rider", "bounding_box": [1299, 362, 1341, 451]}, {"label": "pole", "bounding_box": [1339, 348, 1345, 448]}, {"label": "traffic sign", "bounding_box": [1331, 341, 1353, 354]}, {"label": "traffic sign", "bounding_box": [1333, 330, 1351, 344]}, {"label": "pole", "bounding_box": [1519, 292, 1527, 439]}, {"label": "static", "bounding_box": [1522, 303, 1541, 348]}, {"label": "static", "bounding_box": [1631, 270, 1709, 455]}, {"label": "static", "bounding_box": [1401, 326, 1423, 364]}, {"label": "static", "bounding_box": [1934, 392, 1976, 437]}, {"label": "pole", "bounding_box": [1404, 0, 1447, 553]}, {"label": "license plate", "bounding_box": [332, 532, 443, 560]}, {"label": "pole", "bounding_box": [1266, 355, 1269, 413]}, {"label": "static", "bounding_box": [451, 241, 459, 269]}, {"label": "car", "bounding_box": [204, 256, 768, 649]}, {"label": "license plate", "bounding_box": [333, 531, 444, 559]}, {"label": "traffic light", "bounding_box": [776, 99, 810, 154]}, {"label": "fence", "bounding_box": [2, 436, 52, 449]}, {"label": "static", "bounding_box": [1029, 125, 1057, 140]}, {"label": "static", "bounding_box": [977, 192, 998, 204]}, {"label": "pole", "bounding_box": [484, 99, 682, 133]}, {"label": "ego vehicle", "bounding_box": [24, 796, 2047, 1023]}, {"label": "rectification border", "bounding_box": [416, 0, 2047, 28]}, {"label": "rectification border", "bounding_box": [2037, 509, 2047, 1023]}, {"label": "rectification border", "bounding_box": [0, 0, 17, 474]}, {"label": "rectification border", "bounding_box": [0, 977, 1937, 1023]}, {"label": "out of roi", "bounding_box": [0, 0, 2048, 1024]}]}