{"imgHeight": 1024, "imgWidth": 2048, "objects": [{"label": "road", "bounding_box": [0, 365, 2047, 1023]}, {"label": "sidewalk", "bounding_box": [938, 420, 2047, 1023]}, {"label": "rail track", "bounding_box": [0, 412, 559, 601]}, {"label": "building", "bounding_box": [1520, 263, 2047, 471]}, {"label": "person", "bounding_box": [1586, 400, 1608, 440]}, {"label": "sky", "bounding_box": [0, 0, 2047, 333]}, {"label": "vegetation", "bounding_box": [0, 170, 423, 418]}, {"label": "building", "bounding_box": [397, 90, 1630, 435]}, {"label": "car", "bounding_box": [261, 382, 289, 409]}, {"label": "vegetation", "bounding_box": [1482, 48, 2047, 425]}, {"label": "sidewalk", "bounding_box": [0, 412, 353, 461]}, {"label": "terrain", "bounding_box": [423, 406, 776, 422]}, {"label": "static", "bounding_box": [1988, 304, 2047, 540]}, {"label": "terrain", "bounding_box": [225, 406, 450, 425]}, {"label": "pole", "bounding_box": [1971, 426, 1978, 480]}, {"label": "dynamic", "bounding_box": [1582, 420, 1598, 440]}, {"label": "person", "bounding_box": [1913, 328, 1992, 541]}, {"label": "sidewalk", "bounding_box": [0, 444, 686, 653]}, {"label": "person", "bounding_box": [1597, 403, 1610, 443]}, {"label": "static", "bounding_box": [1804, 156, 1928, 227]}, {"label": "pole", "bounding_box": [1825, 146, 1911, 273]}, {"label": "vegetation", "bounding_box": [1630, 344, 1661, 442]}, {"label": "person", "bounding_box": [1758, 178, 1931, 682]}, {"label": "ground", "bounding_box": [498, 444, 686, 474]}, {"label": "static", "bounding_box": [1552, 435, 1619, 456]}, {"label": "vegetation", "bounding_box": [1599, 352, 1626, 439]}, {"label": "static", "bounding_box": [1622, 235, 1655, 279]}, {"label": "static", "bounding_box": [1527, 417, 1754, 434]}, {"label": "pole", "bounding_box": [1685, 0, 1717, 621]}, {"label": "pole", "bounding_box": [1609, 221, 1634, 483]}, {"label": "pole", "bounding_box": [1739, 74, 1782, 565]}, {"label": "pole", "bounding_box": [1596, 228, 1653, 234]}, {"label": "pole", "bounding_box": [1333, 0, 1342, 180]}, {"label": "static", "bounding_box": [1648, 208, 1759, 361]}, {"label": "static", "bounding_box": [1583, 232, 1616, 279]}, {"label": "static", "bounding_box": [1710, 0, 1839, 106]}, {"label": "traffic sign", "bounding_box": [1748, 109, 1800, 180]}, {"label": "static", "bounding_box": [1649, 134, 1761, 217]}, {"label": "pole", "bounding_box": [1669, 423, 1674, 480]}, {"label": "pole", "bounding_box": [1574, 415, 1581, 476]}, {"label": "pole", "bounding_box": [1500, 0, 1514, 313]}, {"label": "vegetation", "bounding_box": [1226, 150, 1479, 370]}, {"label": "car", "bounding_box": [944, 378, 1036, 420]}, {"label": "car", "bounding_box": [950, 402, 1023, 426]}, {"label": "pole", "bounding_box": [965, 349, 968, 427]}, {"label": "pole", "bounding_box": [980, 351, 987, 424]}, {"label": "pole", "bounding_box": [993, 355, 998, 430]}, {"label": "traffic sign", "bounding_box": [989, 361, 1003, 376]}, {"label": "car", "bounding_box": [1059, 394, 1112, 422]}, {"label": "person", "bounding_box": [1099, 390, 1111, 426]}, {"label": "person", "bounding_box": [1122, 387, 1147, 423]}, {"label": "car", "bounding_box": [1259, 390, 1316, 430]}, {"label": "person", "bounding_box": [1301, 393, 1321, 420]}, {"label": "vegetation", "bounding_box": [552, 7, 1209, 419]}, {"label": "wall", "bounding_box": [1021, 412, 1489, 465]}, {"label": "pole", "bounding_box": [1023, 97, 1034, 438]}, {"label": "static", "bounding_box": [988, 95, 1028, 107]}, {"label": "traffic sign", "bounding_box": [1012, 329, 1044, 356]}, {"label": "traffic sign", "bounding_box": [1020, 355, 1036, 363]}, {"label": "pole", "bounding_box": [1038, 130, 1049, 431]}, {"label": "pole", "bounding_box": [1088, 109, 1102, 415]}, {"label": "pole", "bounding_box": [1127, 297, 1136, 435]}, {"label": "pole", "bounding_box": [1144, 83, 1155, 294]}, {"label": "traffic sign", "bounding_box": [1135, 280, 1184, 348]}, {"label": "traffic light", "bounding_box": [1114, 263, 1146, 325]}, {"label": "person", "bounding_box": [1130, 361, 1173, 475]}, {"label": "dynamic", "bounding_box": [1082, 407, 1180, 476]}, {"label": "person", "bounding_box": [1160, 368, 1193, 477]}, {"label": "persongroup", "bounding_box": [826, 364, 885, 481]}, {"label": "pole", "bounding_box": [1144, 242, 1157, 477]}, {"label": "pole", "bounding_box": [1198, 53, 1214, 442]}, {"label": "person", "bounding_box": [1230, 377, 1254, 459]}, {"label": "pole", "bounding_box": [1224, 0, 1247, 460]}, {"label": "traffic sign", "bounding_box": [1216, 309, 1251, 343]}, {"label": "pole", "bounding_box": [1259, 0, 1278, 387]}, {"label": "person", "bounding_box": [1263, 378, 1294, 460]}, {"label": "persongroup", "bounding_box": [816, 361, 871, 488]}, {"label": "person", "bounding_box": [1228, 366, 1272, 484]}, {"label": "pole", "bounding_box": [1329, 276, 1338, 435]}, {"label": "bicycle", "bounding_box": [1317, 427, 1424, 472]}, {"label": "rider", "bounding_box": [1348, 364, 1385, 424]}, {"label": "pole", "bounding_box": [1332, 0, 1366, 531]}, {"label": "pole", "bounding_box": [1405, 0, 1421, 459]}, {"label": "person", "bounding_box": [1299, 357, 1378, 531]}, {"label": "bicycle", "bounding_box": [1334, 402, 1531, 543]}, {"label": "rider", "bounding_box": [1366, 308, 1495, 520]}, {"label": "person", "bounding_box": [1454, 280, 1594, 594]}, {"label": "static", "bounding_box": [12, 297, 21, 327]}, {"label": "static", "bounding_box": [7, 318, 33, 352]}, {"label": "pole", "bounding_box": [22, 123, 27, 394]}, {"label": "static", "bounding_box": [25, 122, 65, 134]}, {"label": "static", "bounding_box": [0, 304, 23, 312]}, {"label": "static", "bounding_box": [0, 312, 15, 427]}, {"label": "pole", "bounding_box": [122, 354, 125, 394]}, {"label": "traffic sign", "bounding_box": [119, 350, 129, 368]}, {"label": "car", "bounding_box": [110, 382, 135, 402]}, {"label": "cargroup", "bounding_box": [47, 376, 78, 403]}, {"label": "car", "bounding_box": [61, 381, 84, 403]}, {"label": "car", "bounding_box": [72, 379, 125, 406]}, {"label": "license plate", "bounding_box": [108, 392, 118, 395]}, {"label": "pole", "bounding_box": [68, 268, 170, 405]}, {"label": "person", "bounding_box": [141, 374, 150, 405]}, {"label": "static", "bounding_box": [63, 293, 72, 315]}, {"label": "car", "bounding_box": [414, 387, 484, 410]}, {"label": "car", "bounding_box": [9, 382, 57, 425]}, {"label": "pole", "bounding_box": [481, 265, 485, 410]}, {"label": "vegetation", "bounding_box": [476, 292, 532, 410]}, {"label": "car", "bounding_box": [176, 382, 242, 410]}, {"label": "static", "bounding_box": [237, 380, 249, 410]}, {"label": "pole", "bounding_box": [203, 212, 212, 412]}, {"label": "pole", "bounding_box": [261, 239, 270, 407]}, {"label": "persongroup", "bounding_box": [252, 373, 272, 407]}, {"label": "persongroup", "bounding_box": [304, 380, 324, 406]}, {"label": "car", "bounding_box": [330, 381, 358, 407]}, {"label": "pole", "bounding_box": [350, 202, 354, 409]}, {"label": "static", "bounding_box": [341, 203, 352, 210]}, {"label": "pole", "bounding_box": [414, 383, 416, 412]}, {"label": "static", "bounding_box": [410, 371, 417, 393]}, {"label": "vegetation", "bounding_box": [424, 339, 462, 413]}, {"label": "bicycle", "bounding_box": [484, 403, 501, 411]}, {"label": "rider", "bounding_box": [488, 388, 495, 403]}, {"label": "pole", "bounding_box": [581, 327, 584, 406]}, {"label": "traffic sign", "bounding_box": [571, 324, 593, 342]}, {"label": "traffic light", "bounding_box": [571, 348, 592, 368]}, {"label": "pole", "bounding_box": [536, 0, 564, 447]}, {"label": "car", "bounding_box": [612, 395, 672, 415]}, {"label": "pole", "bounding_box": [642, 269, 646, 364]}, {"label": "traffic sign", "bounding_box": [630, 359, 648, 391]}, {"label": "vegetation", "bounding_box": [620, 280, 633, 420]}, {"label": "static", "bounding_box": [401, 385, 413, 407]}, {"label": "pole", "bounding_box": [593, 130, 607, 424]}, {"label": "static", "bounding_box": [597, 392, 619, 460]}, {"label": "person", "bounding_box": [570, 364, 610, 475]}, {"label": "pole", "bounding_box": [565, 233, 576, 475]}, {"label": "traffic light", "bounding_box": [545, 253, 610, 303]}, {"label": "person", "bounding_box": [534, 355, 578, 476]}, {"label": "pole", "bounding_box": [389, 133, 406, 524]}, {"label": "traffic light", "bounding_box": [332, 167, 451, 271]}, {"label": "pole", "bounding_box": [642, 261, 778, 339]}, {"label": "pole", "bounding_box": [778, 171, 785, 368]}, {"label": "static", "bounding_box": [751, 170, 783, 179]}, {"label": "traffic sign", "bounding_box": [769, 321, 780, 332]}, {"label": "traffic sign", "bounding_box": [765, 329, 781, 348]}, {"label": "traffic light", "bounding_box": [766, 345, 780, 367]}, {"label": "traffic light", "bounding_box": [657, 260, 670, 290]}, {"label": "person", "bounding_box": [624, 359, 681, 474]}, {"label": "traffic light", "bounding_box": [942, 363, 956, 385]}, {"label": "pole", "bounding_box": [878, 352, 881, 395]}, {"label": "pole", "bounding_box": [851, 346, 852, 367]}, {"label": "static", "bounding_box": [869, 342, 891, 358]}, {"label": "traffic sign", "bounding_box": [871, 355, 888, 369]}, {"label": "static", "bounding_box": [845, 345, 856, 355]}, {"label": "static", "bounding_box": [1613, 381, 1644, 423]}, {"label": "traffic light", "bounding_box": [1288, 170, 1369, 275]}, {"label": "traffic sign", "bounding_box": [1114, 327, 1141, 349]}, {"label": "person", "bounding_box": [680, 354, 711, 486]}, {"label": "person", "bounding_box": [653, 370, 702, 487]}, {"label": "person", "bounding_box": [735, 358, 795, 479]}, {"label": "person", "bounding_box": [735, 358, 797, 485]}, {"label": "person", "bounding_box": [697, 352, 759, 490]}, {"label": "person", "bounding_box": [919, 368, 965, 491]}, {"label": "person", "bounding_box": [765, 359, 831, 485]}, {"label": "person", "bounding_box": [860, 358, 936, 498]}, {"label": "person", "bounding_box": [875, 336, 968, 502]}, {"label": "person", "bounding_box": [784, 340, 881, 515]}, {"label": "static", "bounding_box": [159, 29, 596, 160]}, {"label": "person", "bounding_box": [1635, 417, 1649, 459]}, {"label": "traffic sign", "bounding_box": [1990, 324, 2036, 488]}, {"label": "ground", "bounding_box": [0, 538, 438, 653]}, {"label": "ego vehicle", "bounding_box": [24, 796, 2047, 1023]}, {"label": "rectification border", "bounding_box": [416, 0, 2047, 28]}, {"label": "rectification border", "bounding_box": [2037, 509, 2047, 1023]}, {"label": "rectification border", "bounding_box": [0, 0, 17, 474]}, {"label": "rectification border", "bounding_box": [0, 977, 1937, 1023]}, {"label": "out of roi", "bounding_box": [0, 0, 2048, 1024]}]}