{"imgHeight": 1024, "imgWidth": 2048, "objects": [{"label": "traffic sign", "bounding_box": [544, 0, 1307, 343]}, {"label": "building", "bounding_box": [0, 0, 688, 460]}, {"label": "road", "bounding_box": [0, 436, 2047, 1023]}, {"label": "building", "bounding_box": [1467, 102, 1833, 431]}, {"label": "sidewalk", "bounding_box": [1068, 468, 1197, 488]}, {"label": "building", "bounding_box": [680, 82, 1001, 475]}, {"label": "building", "bounding_box": [903, 0, 1494, 442]}, {"label": "vegetation", "bounding_box": [687, 239, 892, 472]}, {"label": "sidewalk", "bounding_box": [0, 478, 510, 597]}, {"label": "ground", "bounding_box": [943, 462, 1154, 478]}, {"label": "vegetation", "bounding_box": [925, 346, 1055, 471]}, {"label": "vegetation", "bounding_box": [1161, 0, 2047, 411]}, {"label": "static", "bounding_box": [1050, 306, 1094, 415]}, {"label": "traffic sign", "bounding_box": [942, 407, 955, 417]}, {"label": "parking", "bounding_box": [1153, 432, 2047, 985]}, {"label": "traffic sign", "bounding_box": [946, 418, 953, 423]}, {"label": "traffic sign", "bounding_box": [943, 423, 955, 434]}, {"label": "pole", "bounding_box": [726, 269, 739, 453]}, {"label": "static", "bounding_box": [728, 267, 754, 277]}, {"label": "pole", "bounding_box": [650, 179, 662, 430]}, {"label": "static", "bounding_box": [655, 175, 686, 185]}, {"label": "car", "bounding_box": [894, 449, 926, 475]}, {"label": "car", "bounding_box": [839, 438, 905, 487]}, {"label": "pole", "bounding_box": [1026, 409, 1029, 456]}, {"label": "car", "bounding_box": [1019, 443, 1059, 474]}, {"label": "pole", "bounding_box": [1039, 410, 1041, 474]}, {"label": "car", "bounding_box": [1050, 441, 1075, 473]}, {"label": "bus", "bounding_box": [1052, 400, 1173, 447]}, {"label": "traffic sign", "bounding_box": [1033, 403, 1048, 417]}, {"label": "vegetation", "bounding_box": [1065, 356, 1139, 470]}, {"label": "car", "bounding_box": [1090, 436, 1177, 475]}, {"label": "polegroup", "bounding_box": [1083, 453, 1107, 478]}, {"label": "pole", "bounding_box": [1171, 377, 1175, 440]}, {"label": "traffic sign", "bounding_box": [1161, 363, 1184, 388]}, {"label": "bicycle", "bounding_box": [1157, 429, 1183, 484]}, {"label": "car", "bounding_box": [1179, 420, 1239, 487]}, {"label": "license plate", "bounding_box": [1188, 453, 1199, 458]}, {"label": "car", "bounding_box": [1195, 405, 1331, 491]}, {"label": "car", "bounding_box": [1204, 405, 1323, 492]}, {"label": "car", "bounding_box": [1258, 419, 1322, 490]}, {"label": "car", "bounding_box": [1282, 404, 1419, 507]}, {"label": "car", "bounding_box": [1284, 414, 1383, 507]}, {"label": "car", "bounding_box": [1327, 413, 1419, 512]}, {"label": "car", "bounding_box": [1369, 404, 1466, 520]}, {"label": "license plate", "bounding_box": [1381, 475, 1395, 485]}, {"label": "car", "bounding_box": [1390, 401, 1592, 527]}, {"label": "license plate", "bounding_box": [1406, 476, 1443, 487]}, {"label": "car", "bounding_box": [1429, 400, 1594, 557]}, {"label": "car", "bounding_box": [1541, 387, 1735, 575]}, {"label": "license plate", "bounding_box": [1583, 471, 1607, 488]}, {"label": "car", "bounding_box": [1588, 332, 2047, 624]}, {"label": "person", "bounding_box": [1593, 307, 1717, 622]}, {"label": "person", "bounding_box": [1687, 296, 1796, 632]}, {"label": "person", "bounding_box": [935, 426, 959, 481]}, {"label": "car", "bounding_box": [751, 442, 805, 487]}, {"label": "vegetation", "bounding_box": [47, 365, 107, 453]}, {"label": "person", "bounding_box": [797, 430, 822, 487]}, {"label": "car", "bounding_box": [700, 439, 766, 493]}, {"label": "car", "bounding_box": [656, 434, 745, 500]}, {"label": "static", "bounding_box": [636, 355, 654, 393]}, {"label": "pole", "bounding_box": [260, 346, 266, 442]}, {"label": "pole", "bounding_box": [642, 352, 648, 444]}, {"label": "car", "bounding_box": [590, 428, 692, 507]}, {"label": "dynamic", "bounding_box": [0, 365, 66, 375]}, {"label": "car", "bounding_box": [566, 437, 659, 516]}, {"label": "traffic sign", "bounding_box": [528, 382, 536, 402]}, {"label": "traffic sign", "bounding_box": [529, 403, 539, 424]}, {"label": "car", "bounding_box": [454, 420, 592, 531]}, {"label": "pole", "bounding_box": [376, 0, 399, 452]}, {"label": "person", "bounding_box": [255, 429, 297, 485]}, {"label": "dynamic", "bounding_box": [190, 351, 345, 388]}, {"label": "pole", "bounding_box": [39, 365, 46, 448]}, {"label": "pole", "bounding_box": [147, 333, 151, 447]}, {"label": "dynamic", "bounding_box": [52, 340, 246, 380]}, {"label": "dynamic", "bounding_box": [0, 324, 151, 366]}, {"label": "vegetation", "bounding_box": [0, 254, 64, 380]}, {"label": "vegetation", "bounding_box": [115, 422, 329, 475]}, {"label": "license plate", "bounding_box": [1215, 448, 1231, 454]}, {"label": "pole", "bounding_box": [82, 378, 87, 439]}, {"label": "person", "bounding_box": [1223, 400, 1252, 495]}, {"label": "person", "bounding_box": [25, 425, 57, 464]}, {"label": "persongroup", "bounding_box": [135, 432, 209, 476]}, {"label": "person", "bounding_box": [241, 436, 264, 470]}, {"label": "person", "bounding_box": [254, 429, 287, 471]}, {"label": "dynamic", "bounding_box": [217, 466, 289, 525]}, {"label": "person", "bounding_box": [203, 435, 251, 522]}, {"label": "person", "bounding_box": [303, 432, 326, 465]}, {"label": "dynamic", "bounding_box": [13, 446, 81, 537]}, {"label": "dynamic", "bounding_box": [31, 449, 80, 535]}, {"label": "dynamic", "bounding_box": [203, 503, 239, 526]}, {"label": "vegetation", "bounding_box": [0, 440, 16, 477]}, {"label": "dynamic", "bounding_box": [0, 451, 48, 540]}, {"label": "person", "bounding_box": [66, 435, 98, 470]}, {"label": "person", "bounding_box": [92, 435, 127, 471]}, {"label": "car", "bounding_box": [268, 419, 498, 560]}, {"label": "license plate", "bounding_box": [306, 511, 358, 525]}, {"label": "dynamic", "bounding_box": [71, 466, 222, 536]}, {"label": "static", "bounding_box": [77, 169, 124, 228]}, {"label": "static", "bounding_box": [77, 230, 124, 341]}, {"label": "pole", "bounding_box": [90, 169, 107, 561]}, {"label": "pole", "bounding_box": [22, 486, 37, 573]}, {"label": "license plate", "bounding_box": [863, 472, 880, 475]}, {"label": "license plate", "bounding_box": [906, 462, 917, 464]}, {"label": "license plate", "bounding_box": [1462, 462, 1507, 477]}, {"label": "license plate", "bounding_box": [1300, 475, 1318, 484]}, {"label": "license plate", "bounding_box": [1264, 464, 1279, 470]}, {"label": "license plate", "bounding_box": [1341, 473, 1362, 481]}, {"label": "ego vehicle", "bounding_box": [24, 796, 2047, 1023]}, {"label": "rectification border", "bounding_box": [416, 0, 2047, 28]}, {"label": "rectification border", "bounding_box": [2037, 509, 2047, 1023]}, {"label": "rectification border", "bounding_box": [0, 0, 17, 474]}, {"label": "rectification border", "bounding_box": [0, 977, 1937, 1023]}, {"label": "out of roi", "bounding_box": [0, 0, 2048, 1024]}]}