{"imgHeight": 1024, "imgWidth": 2048, "objects": [{"label": "road", "bounding_box": [0, 389, 2047, 1023]}, {"label": "sidewalk", "bounding_box": [1238, 380, 2047, 479]}, {"label": "sidewalk", "bounding_box": [0, 416, 1080, 522]}, {"label": "sky", "bounding_box": [0, 0, 1379, 279]}, {"label": "building", "bounding_box": [1284, 0, 2047, 456]}, {"label": "static", "bounding_box": [797, 89, 842, 261]}, {"label": "building", "bounding_box": [402, 70, 654, 303]}, {"label": "static", "bounding_box": [829, 70, 883, 264]}, {"label": "vegetation", "bounding_box": [84, 111, 503, 229]}, {"label": "train", "bounding_box": [0, 200, 822, 272]}, {"label": "vegetation", "bounding_box": [873, 134, 1305, 430]}, {"label": "bridge", "bounding_box": [0, 199, 1374, 514]}, {"label": "static", "bounding_box": [203, 0, 302, 269]}, {"label": "static", "bounding_box": [149, 186, 176, 235]}, {"label": "static", "bounding_box": [90, 228, 223, 430]}, {"label": "traffic light", "bounding_box": [539, 46, 574, 136]}, {"label": "static", "bounding_box": [141, 229, 181, 272]}, {"label": "pole", "bounding_box": [135, 0, 559, 402]}, {"label": "static", "bounding_box": [375, 444, 429, 489]}, {"label": "static", "bounding_box": [386, 325, 392, 381]}, {"label": "pole", "bounding_box": [383, 322, 393, 488]}, {"label": "static", "bounding_box": [17, 156, 105, 443]}, {"label": "traffic light", "bounding_box": [136, 280, 206, 351]}, {"label": "traffic light", "bounding_box": [169, 361, 188, 389]}, {"label": "car", "bounding_box": [0, 379, 398, 566]}, {"label": "traffic light", "bounding_box": [1984, 56, 2047, 303]}, {"label": "car", "bounding_box": [1716, 359, 2000, 477]}, {"label": "license plate", "bounding_box": [1730, 440, 1755, 449]}, {"label": "person", "bounding_box": [1644, 353, 1699, 456]}, {"label": "pole", "bounding_box": [1677, 231, 1686, 464]}, {"label": "traffic sign", "bounding_box": [1681, 233, 1708, 247]}, {"label": "traffic light", "bounding_box": [1683, 258, 1717, 316]}, {"label": "traffic light", "bounding_box": [1639, 263, 1678, 326]}, {"label": "pole", "bounding_box": [1263, 340, 1268, 450]}, {"label": "pole", "bounding_box": [1305, 367, 1308, 447]}, {"label": "traffic sign", "bounding_box": [1279, 362, 1295, 379]}, {"label": "traffic sign", "bounding_box": [1293, 353, 1316, 361]}, {"label": "traffic sign", "bounding_box": [1294, 363, 1312, 378]}, {"label": "traffic sign", "bounding_box": [1295, 376, 1311, 385]}, {"label": "traffic sign", "bounding_box": [1266, 339, 1292, 346]}, {"label": "traffic sign", "bounding_box": [1254, 348, 1277, 370]}, {"label": "pole", "bounding_box": [1287, 0, 1302, 465]}, {"label": "traffic sign", "bounding_box": [1275, 259, 1311, 294]}, {"label": "traffic sign", "bounding_box": [1282, 300, 1306, 325]}, {"label": "traffic sign", "bounding_box": [1281, 320, 1306, 339]}, {"label": "car", "bounding_box": [1341, 404, 1375, 439]}, {"label": "pole", "bounding_box": [1389, 218, 1395, 479]}, {"label": "traffic sign", "bounding_box": [1373, 207, 1412, 245]}, {"label": "traffic sign", "bounding_box": [1365, 245, 1390, 277]}, {"label": "traffic light", "bounding_box": [1378, 275, 1404, 325]}, {"label": "bicycle", "bounding_box": [1358, 424, 1503, 536]}, {"label": "person", "bounding_box": [1361, 325, 1485, 490]}, {"label": "person", "bounding_box": [731, 386, 771, 502]}, {"label": "car", "bounding_box": [775, 338, 928, 490]}, {"label": "bicycle", "bounding_box": [723, 401, 995, 624]}, {"label": "person", "bounding_box": [918, 387, 972, 493]}, {"label": "static", "bounding_box": [1034, 387, 1049, 393]}, {"label": "pole", "bounding_box": [840, 124, 849, 307]}, {"label": "static", "bounding_box": [839, 118, 865, 126]}, {"label": "person", "bounding_box": [756, 296, 939, 547]}, {"label": "pole", "bounding_box": [1005, 385, 1009, 430]}, {"label": "traffic sign", "bounding_box": [1001, 381, 1013, 394]}, {"label": "pole", "bounding_box": [1121, 380, 1123, 407]}, {"label": "pole", "bounding_box": [1045, 368, 1047, 431]}, {"label": "pole", "bounding_box": [1058, 387, 1060, 426]}, {"label": "pole", "bounding_box": [1071, 388, 1074, 427]}, {"label": "static", "bounding_box": [1188, 386, 1202, 403]}, {"label": "pole", "bounding_box": [1195, 387, 1197, 415]}, {"label": "static", "bounding_box": [1068, 385, 1075, 393]}, {"label": "static", "bounding_box": [1057, 383, 1063, 391]}, {"label": "car", "bounding_box": [1124, 406, 1147, 419]}, {"label": "person", "bounding_box": [1005, 367, 1064, 487]}, {"label": "pole", "bounding_box": [1220, 393, 1222, 406]}, {"label": "static", "bounding_box": [1217, 389, 1226, 397]}, {"label": "car", "bounding_box": [1229, 404, 1253, 417]}, {"label": "car", "bounding_box": [1193, 403, 1234, 425]}, {"label": "car", "bounding_box": [1155, 405, 1175, 422]}, {"label": "car", "bounding_box": [1085, 389, 1123, 416]}, {"label": "car", "bounding_box": [1083, 403, 1144, 451]}, {"label": "license plate", "bounding_box": [1102, 425, 1120, 429]}, {"label": "sidewalk", "bounding_box": [1709, 523, 2047, 686]}, {"label": "ego vehicle", "bounding_box": [24, 796, 2047, 1023]}, {"label": "rectification border", "bounding_box": [416, 0, 2047, 28]}, {"label": "rectification border", "bounding_box": [2037, 509, 2047, 1023]}, {"label": "rectification border", "bounding_box": [0, 0, 17, 474]}, {"label": "rectification border", "bounding_box": [0, 977, 1937, 1023]}, {"label": "out of roi", "bounding_box": [0, 0, 2048, 1024]}]}