{"imgHeight": 1024, "imgWidth": 2048, "objects": [{"label": "sky", "bounding_box": [0, 0, 2047, 325]}, {"label": "building", "bounding_box": [0, 0, 2047, 1023]}, {"label": "road", "bounding_box": [0, 390, 2047, 1023]}, {"label": "sidewalk", "bounding_box": [1235, 400, 1519, 431]}, {"label": "sidewalk", "bounding_box": [1219, 434, 2047, 971]}, {"label": "vegetation", "bounding_box": [1053, 205, 1394, 401]}, {"label": "bus", "bounding_box": [1281, 358, 1393, 403]}, {"label": "person", "bounding_box": [1319, 380, 1337, 404]}, {"label": "bicycle", "bounding_box": [1342, 392, 1350, 409]}, {"label": "rider", "bounding_box": [1340, 381, 1351, 405]}, {"label": "person", "bounding_box": [1358, 374, 1369, 412]}, {"label": "static", "bounding_box": [1232, 356, 1259, 368]}, {"label": "person", "bounding_box": [1365, 378, 1377, 414]}, {"label": "pole", "bounding_box": [1375, 390, 1377, 405]}, {"label": "static", "bounding_box": [985, 25, 996, 47]}, {"label": "pole", "bounding_box": [1387, 371, 1389, 411]}, {"label": "traffic light", "bounding_box": [1382, 359, 1393, 375]}, {"label": "static", "bounding_box": [1373, 388, 1390, 412]}, {"label": "person", "bounding_box": [1386, 374, 1400, 412]}, {"label": "bus", "bounding_box": [1214, 363, 1303, 412]}, {"label": "static", "bounding_box": [1302, 389, 1317, 413]}, {"label": "pole", "bounding_box": [1295, 295, 1321, 410]}, {"label": "pole", "bounding_box": [899, 0, 1328, 479]}, {"label": "traffic light", "bounding_box": [1301, 228, 1327, 300]}, {"label": "pole", "bounding_box": [1282, 228, 1297, 413]}, {"label": "pole", "bounding_box": [1260, 186, 1282, 418]}, {"label": "person", "bounding_box": [1269, 369, 1299, 449]}, {"label": "pole", "bounding_box": [1235, 109, 1256, 121]}, {"label": "traffic light", "bounding_box": [1233, 284, 1261, 349]}, {"label": "person", "bounding_box": [1238, 366, 1263, 451]}, {"label": "pole", "bounding_box": [1253, 0, 1270, 456]}, {"label": "traffic light", "bounding_box": [906, 0, 939, 97]}, {"label": "pole", "bounding_box": [1449, 307, 1452, 429]}, {"label": "traffic sign", "bounding_box": [1444, 290, 1461, 319]}, {"label": "traffic sign", "bounding_box": [1447, 321, 1458, 339]}, {"label": "traffic sign", "bounding_box": [1244, 284, 1277, 316]}, {"label": "pole", "bounding_box": [1206, 308, 1214, 399]}, {"label": "pole", "bounding_box": [1187, 383, 1192, 400]}, {"label": "traffic sign", "bounding_box": [1185, 357, 1195, 387]}, {"label": "car", "bounding_box": [1181, 390, 1204, 410]}, {"label": "pole", "bounding_box": [1171, 294, 1182, 390]}, {"label": "pole", "bounding_box": [1106, 304, 1160, 394]}, {"label": "traffic light", "bounding_box": [1102, 341, 1108, 353]}, {"label": "traffic light", "bounding_box": [1126, 340, 1132, 353]}, {"label": "car", "bounding_box": [1130, 378, 1188, 413]}, {"label": "car", "bounding_box": [1102, 371, 1157, 418]}, {"label": "vegetation", "bounding_box": [768, 109, 1126, 405]}, {"label": "pole", "bounding_box": [1095, 332, 1100, 403]}, {"label": "static", "bounding_box": [1083, 374, 1094, 382]}, {"label": "car", "bounding_box": [1196, 391, 1242, 422]}, {"label": "static", "bounding_box": [1084, 342, 1093, 391]}, {"label": "static", "bounding_box": [1083, 374, 1094, 382]}, {"label": "car", "bounding_box": [1070, 382, 1097, 405]}, {"label": "static", "bounding_box": [1053, 376, 1073, 400]}, {"label": "car", "bounding_box": [1044, 392, 1074, 417]}, {"label": "car", "bounding_box": [1065, 392, 1110, 422]}, {"label": "static", "bounding_box": [460, 382, 508, 426]}, {"label": "cargroup", "bounding_box": [1003, 389, 1049, 412]}, {"label": "car", "bounding_box": [1019, 394, 1061, 423]}, {"label": "car", "bounding_box": [968, 392, 1021, 425]}, {"label": "pole", "bounding_box": [949, 366, 953, 403]}, {"label": "pole", "bounding_box": [942, 365, 946, 401]}, {"label": "traffic sign", "bounding_box": [921, 348, 952, 361]}, {"label": "traffic sign", "bounding_box": [921, 358, 953, 368]}, {"label": "car", "bounding_box": [901, 382, 944, 430]}, {"label": "car", "bounding_box": [925, 386, 1001, 437]}, {"label": "pole", "bounding_box": [886, 376, 890, 406]}, {"label": "traffic light", "bounding_box": [887, 377, 891, 389]}, {"label": "static", "bounding_box": [869, 366, 886, 387]}, {"label": "car", "bounding_box": [858, 398, 902, 425]}, {"label": "pole", "bounding_box": [857, 337, 871, 410]}, {"label": "traffic light", "bounding_box": [866, 341, 873, 354]}, {"label": "static", "bounding_box": [866, 354, 875, 361]}, {"label": "static", "bounding_box": [857, 354, 868, 367]}, {"label": "pole", "bounding_box": [864, 367, 871, 407]}, {"label": "static", "bounding_box": [863, 367, 877, 393]}, {"label": "static", "bounding_box": [865, 356, 876, 368]}, {"label": "pole", "bounding_box": [855, 200, 877, 406]}, {"label": "car", "bounding_box": [809, 392, 873, 431]}, {"label": "license plate", "bounding_box": [833, 409, 845, 412]}, {"label": "car", "bounding_box": [804, 386, 842, 434]}, {"label": "pole", "bounding_box": [766, 251, 769, 371]}, {"label": "static", "bounding_box": [468, 389, 576, 443]}, {"label": "car", "bounding_box": [691, 359, 824, 447]}, {"label": "pole", "bounding_box": [0, 0, 419, 245]}, {"label": "pole", "bounding_box": [589, 316, 597, 395]}, {"label": "pole", "bounding_box": [586, 223, 602, 306]}, {"label": "traffic light", "bounding_box": [584, 291, 600, 324]}, {"label": "pole", "bounding_box": [569, 355, 572, 407]}, {"label": "car", "bounding_box": [544, 388, 662, 467]}, {"label": "vegetation", "bounding_box": [409, 217, 480, 364]}, {"label": "static", "bounding_box": [564, 358, 575, 373]}, {"label": "static", "bounding_box": [566, 374, 573, 385]}, {"label": "static", "bounding_box": [480, 393, 548, 443]}, {"label": "pole", "bounding_box": [310, 11, 565, 446]}, {"label": "traffic light", "bounding_box": [319, 181, 338, 234]}, {"label": "traffic sign", "bounding_box": [470, 260, 548, 285]}, {"label": "car", "bounding_box": [655, 362, 818, 489]}, {"label": "static", "bounding_box": [531, 289, 550, 312]}, {"label": "traffic sign", "bounding_box": [525, 288, 546, 315]}, {"label": "vegetation", "bounding_box": [1458, 240, 1551, 437]}, {"label": "traffic light", "bounding_box": [520, 317, 548, 354]}, {"label": "traffic sign", "bounding_box": [505, 390, 533, 416]}, {"label": "ground", "bounding_box": [83, 471, 186, 481]}, {"label": "caravan", "bounding_box": [345, 348, 484, 415]}, {"label": "pole", "bounding_box": [275, 358, 281, 401]}, {"label": "static", "bounding_box": [270, 351, 288, 361]}, {"label": "car", "bounding_box": [156, 395, 266, 438]}, {"label": "traffic sign", "bounding_box": [1500, 355, 1510, 366]}, {"label": "static", "bounding_box": [98, 199, 158, 401]}, {"label": "pole", "bounding_box": [168, 356, 176, 406]}, {"label": "car", "bounding_box": [110, 385, 209, 451]}, {"label": "bus", "bounding_box": [0, 228, 183, 519]}, {"label": "car", "bounding_box": [216, 367, 532, 532]}, {"label": "traffic light", "bounding_box": [182, 0, 221, 84]}, {"label": "traffic light", "bounding_box": [368, 0, 405, 76]}, {"label": "pole", "bounding_box": [0, 208, 75, 215]}, {"label": "traffic light", "bounding_box": [56, 187, 73, 240]}, {"label": "static", "bounding_box": [1588, 237, 1738, 490]}, {"label": "person", "bounding_box": [1801, 319, 1857, 484]}, {"label": "dynamic", "bounding_box": [1824, 380, 1909, 485]}, {"label": "pole", "bounding_box": [1502, 353, 1504, 407]}, {"label": "pole", "bounding_box": [1501, 404, 1507, 436]}, {"label": "static", "bounding_box": [1467, 410, 1489, 419]}, {"label": "pole", "bounding_box": [1440, 273, 1508, 282]}, {"label": "pole", "bounding_box": [1503, 0, 1545, 571]}, {"label": "static", "bounding_box": [1501, 217, 1509, 252]}, {"label": "static", "bounding_box": [1378, 314, 1399, 332]}, {"label": "static", "bounding_box": [1376, 314, 1405, 364]}, {"label": "static", "bounding_box": [1590, 532, 1739, 644]}, {"label": "static", "bounding_box": [1837, 585, 2047, 683]}, {"label": "license plate", "bounding_box": [265, 476, 325, 489]}, {"label": "license plate", "bounding_box": [574, 423, 608, 430]}, {"label": "license plate", "bounding_box": [949, 414, 965, 418]}, {"label": "license plate", "bounding_box": [1027, 406, 1037, 410]}, {"label": "license plate", "bounding_box": [909, 405, 921, 409]}, {"label": "license plate", "bounding_box": [1212, 403, 1223, 406]}, {"label": "license plate", "bounding_box": [1078, 406, 1088, 410]}, {"label": "license plate", "bounding_box": [697, 426, 739, 436]}, {"label": "static", "bounding_box": [504, 11, 565, 32]}, {"label": "static", "bounding_box": [856, 200, 877, 209]}, {"label": "static", "bounding_box": [587, 223, 602, 231]}, {"label": "ego vehicle", "bounding_box": [24, 796, 2047, 1023]}, {"label": "rectification border", "bounding_box": [416, 0, 2047, 28]}, {"label": "rectification border", "bounding_box": [2037, 509, 2047, 1023]}, {"label": "rectification border", "bounding_box": [0, 0, 17, 474]}, {"label": "rectification border", "bounding_box": [0, 977, 1937, 1023]}, {"label": "out of roi", "bounding_box": [0, 0, 2048, 1024]}]}