{"imgHeight": 1024, "imgWidth": 2048, "objects": [{"label": "sky", "bounding_box": [162, 0, 1449, 258]}, {"label": "building", "bounding_box": [665, 0, 2047, 537]}, {"label": "building", "bounding_box": [522, 179, 598, 229]}, {"label": "wall", "bounding_box": [367, 370, 693, 415]}, {"label": "wall", "bounding_box": [604, 419, 694, 448]}, {"label": "ground", "bounding_box": [1934, 458, 2047, 536]}, {"label": "sidewalk", "bounding_box": [605, 439, 2047, 641]}, {"label": "terrain", "bounding_box": [600, 398, 694, 429]}, {"label": "vegetation", "bounding_box": [181, 0, 1268, 420]}, {"label": "building", "bounding_box": [0, 0, 205, 519]}, {"label": "vegetation", "bounding_box": [1307, 0, 2047, 511]}, {"label": "pole", "bounding_box": [1850, 296, 1856, 346]}, {"label": "pole", "bounding_box": [441, 42, 465, 401]}, {"label": "traffic sign", "bounding_box": [1830, 265, 1875, 331]}, {"label": "traffic sign", "bounding_box": [1831, 334, 1872, 370]}, {"label": "pole", "bounding_box": [1447, 173, 1466, 526]}, {"label": "traffic sign", "bounding_box": [1417, 118, 1486, 184]}, {"label": "traffic sign", "bounding_box": [1428, 182, 1476, 206]}, {"label": "traffic sign", "bounding_box": [1421, 207, 1489, 272]}, {"label": "static", "bounding_box": [1364, 454, 1386, 509]}, {"label": "static", "bounding_box": [447, 41, 500, 58]}, {"label": "road", "bounding_box": [0, 461, 2047, 1023]}, {"label": "pole", "bounding_box": [470, 324, 475, 392]}, {"label": "traffic sign", "bounding_box": [471, 321, 485, 348]}, {"label": "traffic sign", "bounding_box": [480, 343, 493, 353]}, {"label": "traffic sign", "bounding_box": [462, 316, 479, 334]}, {"label": "traffic sign", "bounding_box": [464, 333, 479, 344]}, {"label": "traffic sign", "bounding_box": [466, 345, 479, 356]}, {"label": "vegetation", "bounding_box": [395, 355, 414, 394]}, {"label": "vegetation", "bounding_box": [413, 356, 431, 401]}, {"label": "static", "bounding_box": [339, 370, 378, 437]}, {"label": "car", "bounding_box": [371, 390, 420, 419]}, {"label": "car", "bounding_box": [470, 381, 588, 414]}, {"label": "car", "bounding_box": [504, 386, 613, 434]}, {"label": "car", "bounding_box": [546, 402, 626, 492]}, {"label": "car", "bounding_box": [486, 398, 602, 519]}, {"label": "car", "bounding_box": [351, 397, 564, 543]}, {"label": "license plate", "bounding_box": [375, 520, 409, 533]}, {"label": "car", "bounding_box": [39, 403, 391, 578]}, {"label": "license plate", "bounding_box": [115, 538, 147, 557]}, {"label": "car", "bounding_box": [0, 444, 127, 629]}, {"label": "person", "bounding_box": [441, 363, 515, 561]}, {"label": "bicycle", "bounding_box": [222, 441, 375, 623]}, {"label": "rider", "bounding_box": [224, 308, 373, 548]}, {"label": "car", "bounding_box": [1004, 392, 1125, 489]}, {"label": "license plate", "bounding_box": [1068, 434, 1107, 444]}, {"label": "car", "bounding_box": [1075, 379, 1313, 531]}, {"label": "license plate", "bounding_box": [1200, 447, 1260, 463]}, {"label": "static", "bounding_box": [985, 426, 996, 455]}, {"label": "ego vehicle", "bounding_box": [24, 796, 2047, 1023]}, {"label": "rectification border", "bounding_box": [416, 0, 2047, 28]}, {"label": "rectification border", "bounding_box": [2037, 509, 2047, 1023]}, {"label": "rectification border", "bounding_box": [0, 0, 17, 474]}, {"label": "rectification border", "bounding_box": [0, 977, 1937, 1023]}, {"label": "out of roi", "bounding_box": [0, 0, 2048, 1024]}]}