{"imgHeight": 1024, "imgWidth": 2048, "objects": [{"label": "road", "bounding_box": [0, 329, 2047, 1023]}, {"label": "ground", "bounding_box": [871, 414, 1045, 442]}, {"label": "sidewalk", "bounding_box": [123, 397, 759, 553]}, {"label": "sidewalk", "bounding_box": [983, 433, 2047, 545]}, {"label": "sky", "bounding_box": [640, 0, 1081, 275]}, {"label": "building", "bounding_box": [0, 0, 2047, 512]}, {"label": "vegetation", "bounding_box": [782, 283, 823, 370]}, {"label": "vegetation", "bounding_box": [836, 215, 1059, 431]}, {"label": "person", "bounding_box": [880, 420, 888, 444]}, {"label": "rider", "bounding_box": [888, 414, 898, 444]}, {"label": "bicycle", "bounding_box": [888, 427, 899, 444]}, {"label": "person", "bounding_box": [902, 416, 912, 439]}, {"label": "person", "bounding_box": [907, 416, 921, 444]}, {"label": "person", "bounding_box": [918, 414, 931, 444]}, {"label": "person", "bounding_box": [928, 414, 942, 446]}, {"label": "person", "bounding_box": [940, 414, 951, 446]}, {"label": "static", "bounding_box": [962, 428, 972, 441]}, {"label": "static", "bounding_box": [977, 389, 986, 441]}, {"label": "car", "bounding_box": [978, 416, 1005, 446]}, {"label": "car", "bounding_box": [980, 419, 1013, 447]}, {"label": "license plate", "bounding_box": [992, 430, 1002, 433]}, {"label": "traffic sign", "bounding_box": [997, 367, 1010, 381]}, {"label": "person", "bounding_box": [1008, 414, 1024, 447]}, {"label": "traffic sign", "bounding_box": [999, 378, 1010, 389]}, {"label": "traffic sign", "bounding_box": [1011, 370, 1019, 384]}, {"label": "traffic sign", "bounding_box": [1013, 395, 1022, 401]}, {"label": "traffic sign", "bounding_box": [1013, 384, 1022, 395]}, {"label": "traffic sign", "bounding_box": [1013, 379, 1022, 384]}, {"label": "pole", "bounding_box": [1021, 373, 1024, 444]}, {"label": "traffic sign", "bounding_box": [1013, 362, 1030, 381]}, {"label": "traffic sign", "bounding_box": [1016, 356, 1030, 363]}, {"label": "traffic sign", "bounding_box": [1015, 338, 1030, 354]}, {"label": "traffic sign", "bounding_box": [989, 314, 1011, 346]}, {"label": "pole", "bounding_box": [977, 278, 1007, 454]}, {"label": "traffic sign", "bounding_box": [1048, 379, 1057, 393]}, {"label": "pole", "bounding_box": [1054, 393, 1057, 422]}, {"label": "traffic sign", "bounding_box": [1051, 392, 1059, 400]}, {"label": "person", "bounding_box": [1035, 416, 1049, 444]}, {"label": "pole", "bounding_box": [1000, 436, 1024, 461]}, {"label": "traffic sign", "bounding_box": [1033, 341, 1051, 360]}, {"label": "traffic sign", "bounding_box": [1035, 356, 1049, 363]}, {"label": "person", "bounding_box": [1040, 398, 1059, 457]}, {"label": "person", "bounding_box": [1060, 412, 1073, 454]}, {"label": "pole", "bounding_box": [991, 205, 1037, 466]}, {"label": "person", "bounding_box": [1076, 403, 1090, 461]}, {"label": "bicycle", "bounding_box": [1032, 420, 1057, 466]}, {"label": "static", "bounding_box": [1079, 198, 1152, 262]}, {"label": "dynamic", "bounding_box": [1135, 427, 1171, 480]}, {"label": "static", "bounding_box": [1144, 321, 1173, 351]}, {"label": "static", "bounding_box": [1185, 308, 1218, 337]}, {"label": "static", "bounding_box": [1231, 291, 1263, 324]}, {"label": "traffic sign", "bounding_box": [1149, 261, 1217, 326]}, {"label": "pole", "bounding_box": [1149, 264, 1158, 498]}, {"label": "pole", "bounding_box": [1064, 47, 1135, 495]}, {"label": "static", "bounding_box": [1255, 322, 1280, 428]}, {"label": "person", "bounding_box": [1256, 382, 1304, 526]}, {"label": "person", "bounding_box": [1233, 365, 1285, 536]}, {"label": "pole", "bounding_box": [1356, 224, 1378, 484]}, {"label": "traffic light", "bounding_box": [1326, 239, 1375, 316]}, {"label": "static", "bounding_box": [1829, 71, 1851, 202]}, {"label": "static", "bounding_box": [1839, 375, 1866, 490]}, {"label": "traffic sign", "bounding_box": [1286, 243, 1340, 299]}, {"label": "static", "bounding_box": [1357, 416, 1373, 436]}, {"label": "person", "bounding_box": [1356, 359, 1406, 521]}, {"label": "bicycle", "bounding_box": [1356, 425, 1533, 529]}, {"label": "rider", "bounding_box": [1413, 375, 1478, 529]}, {"label": "person", "bounding_box": [1495, 352, 1602, 545]}, {"label": "bicycle", "bounding_box": [1503, 417, 1738, 564]}, {"label": "rider", "bounding_box": [1583, 321, 1707, 512]}, {"label": "traffic light", "bounding_box": [1794, 201, 1890, 297]}, {"label": "person", "bounding_box": [1838, 375, 1866, 498]}, {"label": "static", "bounding_box": [1835, 390, 1877, 457]}, {"label": "pole", "bounding_box": [1822, 0, 1844, 539]}, {"label": "traffic sign", "bounding_box": [1827, 272, 1852, 299]}, {"label": "traffic sign", "bounding_box": [1820, 229, 1852, 273]}, {"label": "person", "bounding_box": [1890, 386, 1920, 499]}, {"label": "person", "bounding_box": [1961, 357, 2013, 510]}, {"label": "dynamic", "bounding_box": [1182, 419, 1223, 485]}, {"label": "static", "bounding_box": [782, 397, 803, 420]}, {"label": "car", "bounding_box": [789, 370, 888, 474]}, {"label": "car", "bounding_box": [834, 411, 882, 480]}, {"label": "car", "bounding_box": [830, 406, 869, 485]}, {"label": "car", "bounding_box": [738, 403, 871, 498]}, {"label": "license plate", "bounding_box": [781, 463, 817, 472]}, {"label": "static", "bounding_box": [695, 363, 721, 387]}, {"label": "pole", "bounding_box": [705, 371, 710, 454]}, {"label": "static", "bounding_box": [665, 416, 678, 455]}, {"label": "static", "bounding_box": [585, 430, 610, 463]}, {"label": "static", "bounding_box": [559, 406, 582, 465]}, {"label": "person", "bounding_box": [482, 397, 506, 461]}, {"label": "person", "bounding_box": [466, 398, 490, 455]}, {"label": "static", "bounding_box": [472, 471, 510, 488]}, {"label": "static", "bounding_box": [20, 392, 81, 471]}, {"label": "static", "bounding_box": [479, 302, 523, 344]}, {"label": "pole", "bounding_box": [491, 303, 503, 474]}, {"label": "person", "bounding_box": [190, 378, 223, 468]}, {"label": "person", "bounding_box": [209, 378, 240, 460]}, {"label": "person", "bounding_box": [245, 379, 267, 435]}, {"label": "person", "bounding_box": [250, 386, 286, 477]}, {"label": "static", "bounding_box": [299, 139, 354, 213]}, {"label": "static", "bounding_box": [262, 250, 313, 307]}, {"label": "traffic light", "bounding_box": [324, 280, 354, 330]}, {"label": "pole", "bounding_box": [319, 109, 343, 485]}, {"label": "traffic light", "bounding_box": [300, 239, 348, 324]}, {"label": "fence", "bounding_box": [0, 381, 367, 607]}, {"label": "traffic sign", "bounding_box": [11, 46, 63, 174]}, {"label": "person", "bounding_box": [352, 384, 392, 529]}, {"label": "person", "bounding_box": [403, 387, 454, 517]}, {"label": "traffic sign", "bounding_box": [752, 318, 776, 352]}, {"label": "traffic sign", "bounding_box": [58, 381, 367, 607]}, {"label": "static", "bounding_box": [1064, 47, 1121, 66]}, {"label": "static", "bounding_box": [991, 205, 1025, 231]}, {"label": "static", "bounding_box": [977, 278, 997, 284]}, {"label": "ego vehicle", "bounding_box": [24, 796, 2047, 1023]}, {"label": "rectification border", "bounding_box": [416, 0, 2047, 28]}, {"label": "rectification border", "bounding_box": [2037, 509, 2047, 1023]}, {"label": "rectification border", "bounding_box": [0, 0, 17, 474]}, {"label": "rectification border", "bounding_box": [0, 977, 1937, 1023]}, {"label": "out of roi", "bounding_box": [0, 0, 2048, 1024]}]}