{"imgHeight": 1024, "imgWidth": 2048, "objects": [{"label": "pole", "bounding_box": [1504, 267, 1519, 292]}, {"label": "sky", "bounding_box": [1105, 0, 2047, 352]}, {"label": "pole", "bounding_box": [1326, 241, 1341, 269]}, {"label": "pole", "bounding_box": [1483, 264, 1495, 293]}, {"label": "pole", "bounding_box": [1450, 256, 1466, 282]}, {"label": "pole", "bounding_box": [1423, 254, 1437, 282]}, {"label": "pole", "bounding_box": [1392, 249, 1406, 278]}, {"label": "pole", "bounding_box": [1360, 246, 1376, 283]}, {"label": "pole", "bounding_box": [1314, 239, 1316, 263]}, {"label": "building", "bounding_box": [0, 0, 2047, 1023]}, {"label": "road", "bounding_box": [0, 394, 2047, 1023]}, {"label": "parking", "bounding_box": [1448, 471, 2047, 1023]}, {"label": "sidewalk", "bounding_box": [0, 420, 940, 629]}, {"label": "bus", "bounding_box": [1315, 366, 1377, 400]}, {"label": "pole", "bounding_box": [893, 246, 935, 406]}, {"label": "static", "bounding_box": [1543, 362, 1572, 376]}, {"label": "vegetation", "bounding_box": [1362, 283, 1451, 406]}, {"label": "vegetation", "bounding_box": [425, 0, 1123, 452]}, {"label": "static", "bounding_box": [1214, 343, 1241, 373]}, {"label": "static", "bounding_box": [1690, 334, 1757, 420]}, {"label": "static", "bounding_box": [1545, 340, 1651, 368]}, {"label": "pole", "bounding_box": [1438, 283, 1468, 404]}, {"label": "traffic sign", "bounding_box": [1453, 366, 1461, 380]}, {"label": "vegetation", "bounding_box": [1160, 132, 1242, 363]}, {"label": "pole", "bounding_box": [1479, 324, 1497, 381]}, {"label": "pole", "bounding_box": [1453, 214, 1485, 395]}, {"label": "pole", "bounding_box": [1501, 142, 1540, 382]}, {"label": "person", "bounding_box": [1572, 371, 1583, 388]}, {"label": "pole", "bounding_box": [1503, 14, 1565, 397]}, {"label": "person", "bounding_box": [1647, 378, 1685, 435]}, {"label": "static", "bounding_box": [1543, 269, 1573, 300]}, {"label": "traffic sign", "bounding_box": [1563, 265, 1587, 275]}, {"label": "static", "bounding_box": [1543, 308, 1573, 351]}, {"label": "static", "bounding_box": [1604, 229, 1641, 333]}, {"label": "traffic sign", "bounding_box": [1679, 344, 1708, 443]}, {"label": "pole", "bounding_box": [1503, 13, 1564, 409]}, {"label": "static", "bounding_box": [1636, 320, 1732, 362]}, {"label": "dynamic", "bounding_box": [1609, 407, 1650, 432]}, {"label": "cargroup", "bounding_box": [1234, 402, 1276, 428]}, {"label": "pole", "bounding_box": [1643, 0, 1661, 468]}, {"label": "dynamic", "bounding_box": [1602, 389, 1642, 415]}, {"label": "pole", "bounding_box": [1283, 369, 1288, 409]}, {"label": "cargroup", "bounding_box": [1424, 374, 1598, 415]}, {"label": "static", "bounding_box": [1265, 362, 1283, 381]}, {"label": "person", "bounding_box": [1719, 364, 1759, 420]}, {"label": "person", "bounding_box": [1732, 350, 1779, 414]}, {"label": "pole", "bounding_box": [2003, 0, 2038, 403]}, {"label": "pole", "bounding_box": [1267, 320, 1282, 417]}, {"label": "car", "bounding_box": [1272, 390, 1333, 436]}, {"label": "car", "bounding_box": [1326, 380, 1411, 447]}, {"label": "traffic sign", "bounding_box": [1266, 374, 1273, 383]}, {"label": "static", "bounding_box": [1239, 367, 1254, 382]}, {"label": "pole", "bounding_box": [1233, 251, 1263, 428]}, {"label": "pole", "bounding_box": [1239, 344, 1252, 411]}, {"label": "static", "bounding_box": [1193, 361, 1231, 388]}, {"label": "pole", "bounding_box": [1173, 292, 1197, 413]}, {"label": "static", "bounding_box": [1177, 333, 1192, 356]}, {"label": "car", "bounding_box": [1133, 383, 1249, 451]}, {"label": "car", "bounding_box": [1083, 368, 1178, 455]}, {"label": "car", "bounding_box": [983, 385, 1119, 470]}, {"label": "license plate", "bounding_box": [993, 441, 1034, 449]}, {"label": "car", "bounding_box": [1293, 387, 1647, 561]}, {"label": "license plate", "bounding_box": [1561, 489, 1598, 504]}, {"label": "car", "bounding_box": [843, 381, 1004, 493]}, {"label": "car", "bounding_box": [353, 308, 737, 589]}, {"label": "static", "bounding_box": [0, 0, 243, 505]}, {"label": "car", "bounding_box": [1571, 400, 1900, 647]}, {"label": "car", "bounding_box": [1770, 355, 2047, 826]}, {"label": "license plate", "bounding_box": [413, 508, 492, 526]}, {"label": "license plate", "bounding_box": [879, 460, 916, 468]}, {"label": "static", "bounding_box": [1173, 292, 1197, 325]}, {"label": "static", "bounding_box": [1267, 320, 1282, 336]}, {"label": "static", "bounding_box": [1248, 252, 1263, 257]}, {"label": "static", "bounding_box": [1501, 142, 1536, 154]}, {"label": "static", "bounding_box": [1453, 214, 1477, 221]}, {"label": "static", "bounding_box": [1438, 283, 1459, 290]}, {"label": "static", "bounding_box": [897, 259, 929, 288]}, {"label": "static", "bounding_box": [1487, 324, 1497, 328]}, {"label": "ego vehicle", "bounding_box": [24, 796, 2047, 1023]}, {"label": "rectification border", "bounding_box": [416, 0, 2047, 28]}, {"label": "rectification border", "bounding_box": [2037, 509, 2047, 1023]}, {"label": "rectification border", "bounding_box": [0, 0, 17, 474]}, {"label": "rectification border", "bounding_box": [0, 977, 1937, 1023]}, {"label": "out of roi", "bounding_box": [0, 0, 2048, 1024]}]}