{"imgHeight": 1024, "imgWidth": 2048, "objects": [{"label": "sky", "bounding_box": [0, 0, 2047, 415]}, {"label": "building", "bounding_box": [0, 0, 2047, 1023]}, {"label": "road", "bounding_box": [0, 420, 2047, 1023]}, {"label": "parking", "bounding_box": [0, 424, 998, 1023]}, {"label": "sidewalk", "bounding_box": [833, 407, 1353, 504]}, {"label": "vegetation", "bounding_box": [1277, 0, 1508, 442]}, {"label": "vegetation", "bounding_box": [0, 0, 1255, 438]}, {"label": "person", "bounding_box": [1319, 392, 1337, 428]}, {"label": "pole", "bounding_box": [1305, 359, 1311, 428]}, {"label": "traffic sign", "bounding_box": [1304, 355, 1324, 363]}, {"label": "pole", "bounding_box": [1299, 406, 1301, 429]}, {"label": "car", "bounding_box": [1330, 414, 1358, 434]}, {"label": "car", "bounding_box": [1343, 397, 1425, 449]}, {"label": "car", "bounding_box": [1331, 397, 1435, 552]}, {"label": "pole", "bounding_box": [1374, 354, 1388, 418]}, {"label": "traffic sign", "bounding_box": [1355, 317, 1418, 345]}, {"label": "traffic sign", "bounding_box": [1355, 336, 1417, 356]}, {"label": "pole", "bounding_box": [1350, 208, 1395, 411]}, {"label": "license plate", "bounding_box": [1836, 492, 1974, 559]}, {"label": "pole", "bounding_box": [1439, 297, 1447, 398]}, {"label": "traffic sign", "bounding_box": [1390, 296, 1449, 310]}, {"label": "car", "bounding_box": [1362, 340, 1578, 607]}, {"label": "pole", "bounding_box": [1478, 46, 1561, 409]}, {"label": "traffic sign", "bounding_box": [1509, 173, 1590, 242]}, {"label": "traffic sign", "bounding_box": [1515, 243, 1576, 301]}, {"label": "static", "bounding_box": [1687, 181, 1772, 285]}, {"label": "car", "bounding_box": [1459, 256, 2047, 736]}, {"label": "car", "bounding_box": [1739, 387, 2047, 916]}, {"label": "static", "bounding_box": [1038, 394, 1061, 429]}, {"label": "static", "bounding_box": [1928, 101, 2047, 192]}, {"label": "pole", "bounding_box": [1192, 353, 1197, 425]}, {"label": "bicycle", "bounding_box": [1179, 398, 1195, 423]}, {"label": "car", "bounding_box": [1184, 398, 1252, 452]}, {"label": "car", "bounding_box": [1183, 385, 1285, 481]}, {"label": "pole", "bounding_box": [1154, 356, 1159, 438]}, {"label": "person", "bounding_box": [1007, 376, 1032, 446]}, {"label": "bicyclegroup", "bounding_box": [987, 413, 1036, 444]}, {"label": "traffic sign", "bounding_box": [1145, 333, 1172, 362]}, {"label": "static", "bounding_box": [1129, 412, 1178, 434]}, {"label": "person", "bounding_box": [1113, 388, 1129, 425]}, {"label": "static", "bounding_box": [1050, 414, 1101, 444]}, {"label": "person", "bounding_box": [1093, 385, 1107, 428]}, {"label": "bicycle", "bounding_box": [1043, 400, 1102, 440]}, {"label": "pole", "bounding_box": [1077, 259, 1116, 441]}, {"label": "pole", "bounding_box": [1015, 417, 1033, 459]}, {"label": "pole", "bounding_box": [1046, 415, 1049, 446]}, {"label": "pole", "bounding_box": [1041, 416, 1045, 447]}, {"label": "pole", "bounding_box": [1035, 414, 1039, 446]}, {"label": "pole", "bounding_box": [986, 420, 1008, 475]}, {"label": "motorcycle", "bounding_box": [954, 397, 991, 463]}, {"label": "pole", "bounding_box": [956, 289, 980, 500]}, {"label": "static", "bounding_box": [953, 285, 990, 330]}, {"label": "static", "bounding_box": [951, 419, 977, 491]}, {"label": "pole", "bounding_box": [838, 237, 871, 397]}, {"label": "pole", "bounding_box": [883, 352, 889, 390]}, {"label": "traffic sign", "bounding_box": [833, 219, 893, 242]}, {"label": "pole", "bounding_box": [832, 326, 842, 404]}, {"label": "traffic sign", "bounding_box": [824, 293, 850, 322]}, {"label": "traffic sign", "bounding_box": [822, 318, 849, 333]}, {"label": "pole", "bounding_box": [657, 242, 698, 322]}, {"label": "car", "bounding_box": [779, 370, 939, 498]}, {"label": "license plate", "bounding_box": [899, 439, 926, 448]}, {"label": "car", "bounding_box": [780, 366, 907, 485]}, {"label": "license plate", "bounding_box": [860, 442, 893, 453]}, {"label": "car", "bounding_box": [777, 365, 883, 521]}, {"label": "car", "bounding_box": [379, 297, 815, 561]}, {"label": "car", "bounding_box": [576, 366, 785, 572]}, {"label": "person", "bounding_box": [735, 330, 824, 599]}, {"label": "person", "bounding_box": [629, 320, 747, 585]}, {"label": "person", "bounding_box": [612, 343, 661, 430]}, {"label": "car", "bounding_box": [315, 326, 673, 479]}, {"label": "person", "bounding_box": [508, 316, 589, 420]}, {"label": "car", "bounding_box": [330, 338, 676, 647]}, {"label": "pole", "bounding_box": [282, 218, 305, 344]}, {"label": "traffic sign", "bounding_box": [282, 174, 327, 227]}, {"label": "traffic sign", "bounding_box": [276, 125, 337, 192]}, {"label": "pole", "bounding_box": [264, 297, 278, 342]}, {"label": "traffic sign", "bounding_box": [255, 265, 293, 303]}, {"label": "pole", "bounding_box": [224, 244, 247, 338]}, {"label": "static", "bounding_box": [222, 242, 258, 285]}, {"label": "pole", "bounding_box": [0, 35, 85, 315]}, {"label": "car", "bounding_box": [0, 282, 500, 790]}, {"label": "traffic light", "bounding_box": [862, 351, 889, 362]}, {"label": "license plate", "bounding_box": [271, 618, 417, 673]}, {"label": "license plate", "bounding_box": [536, 487, 630, 517]}, {"label": "license plate", "bounding_box": [843, 459, 868, 471]}, {"label": "license plate", "bounding_box": [1223, 448, 1253, 456]}, {"label": "static", "bounding_box": [1478, 46, 1544, 72]}, {"label": "static", "bounding_box": [0, 35, 85, 51]}, {"label": "ego vehicle", "bounding_box": [24, 796, 2047, 1023]}, {"label": "rectification border", "bounding_box": [416, 0, 2047, 28]}, {"label": "rectification border", "bounding_box": [2037, 509, 2047, 1023]}, {"label": "rectification border", "bounding_box": [0, 0, 17, 474]}, {"label": "rectification border", "bounding_box": [0, 977, 1937, 1023]}, {"label": "out of roi", "bounding_box": [0, 0, 2048, 1024]}]}