{"imgHeight": 1024, "imgWidth": 2048, "objects": [{"label": "sky", "bounding_box": [242, 0, 941, 337]}, {"label": "road", "bounding_box": [0, 371, 2047, 1023]}, {"label": "parking", "bounding_box": [871, 422, 1151, 472]}, {"label": "parking", "bounding_box": [1576, 678, 2047, 965]}, {"label": "sidewalk", "bounding_box": [1075, 281, 2047, 749]}, {"label": "sidewalk", "bounding_box": [0, 435, 265, 563]}, {"label": "terrain", "bounding_box": [646, 418, 715, 425]}, {"label": "building", "bounding_box": [0, 0, 2047, 509]}, {"label": "static", "bounding_box": [1145, 212, 1256, 435]}, {"label": "ground", "bounding_box": [0, 670, 528, 808]}, {"label": "vegetation", "bounding_box": [374, 179, 820, 426]}, {"label": "static", "bounding_box": [365, 184, 389, 204]}, {"label": "static", "bounding_box": [366, 207, 390, 228]}, {"label": "static", "bounding_box": [368, 232, 391, 253]}, {"label": "static", "bounding_box": [370, 255, 394, 276]}, {"label": "static", "bounding_box": [374, 279, 395, 301]}, {"label": "static", "bounding_box": [350, 324, 391, 350]}, {"label": "ground", "bounding_box": [432, 544, 758, 580]}, {"label": "static", "bounding_box": [376, 300, 410, 382]}, {"label": "pole", "bounding_box": [391, 314, 401, 427]}, {"label": "pole", "bounding_box": [431, 302, 448, 407]}, {"label": "pole", "bounding_box": [405, 101, 444, 412]}, {"label": "traffic sign", "bounding_box": [430, 375, 449, 418]}, {"label": "pole", "bounding_box": [456, 361, 477, 422]}, {"label": "car", "bounding_box": [512, 379, 631, 477]}, {"label": "license plate", "bounding_box": [535, 450, 582, 460]}, {"label": "car", "bounding_box": [193, 389, 373, 532]}, {"label": "license plate", "bounding_box": [221, 484, 268, 498]}, {"label": "car", "bounding_box": [256, 382, 563, 549]}, {"label": "license plate", "bounding_box": [301, 493, 361, 513]}, {"label": "static", "bounding_box": [568, 370, 654, 454]}, {"label": "pole", "bounding_box": [601, 373, 627, 551]}, {"label": "traffic sign", "bounding_box": [595, 463, 638, 525]}, {"label": "pole", "bounding_box": [75, 471, 113, 722]}, {"label": "pole", "bounding_box": [185, 49, 239, 702]}, {"label": "traffic sign", "bounding_box": [92, 0, 308, 100]}, {"label": "traffic sign", "bounding_box": [35, 528, 159, 685]}, {"label": "traffic sign", "bounding_box": [0, 326, 179, 508]}, {"label": "pole", "bounding_box": [665, 413, 672, 430]}, {"label": "pole", "bounding_box": [679, 410, 681, 432]}, {"label": "pole", "bounding_box": [690, 413, 693, 432]}, {"label": "pole", "bounding_box": [698, 410, 703, 432]}, {"label": "traffic sign", "bounding_box": [720, 361, 734, 376]}, {"label": "pole", "bounding_box": [727, 378, 730, 404]}, {"label": "traffic sign", "bounding_box": [722, 373, 734, 383]}, {"label": "pole", "bounding_box": [739, 194, 787, 413]}, {"label": "traffic sign", "bounding_box": [764, 366, 776, 380]}, {"label": "traffic sign", "bounding_box": [771, 355, 797, 376]}, {"label": "car", "bounding_box": [723, 402, 791, 448]}, {"label": "license plate", "bounding_box": [764, 424, 780, 428]}, {"label": "pole", "bounding_box": [906, 355, 914, 423]}, {"label": "traffic sign", "bounding_box": [899, 318, 912, 352]}, {"label": "traffic sign", "bounding_box": [898, 337, 914, 368]}, {"label": "car", "bounding_box": [880, 397, 936, 447]}, {"label": "car", "bounding_box": [843, 388, 894, 455]}, {"label": "license plate", "bounding_box": [848, 425, 876, 430]}, {"label": "person", "bounding_box": [779, 295, 912, 609]}, {"label": "car", "bounding_box": [906, 398, 971, 450]}, {"label": "car", "bounding_box": [948, 395, 1038, 452]}, {"label": "license plate", "bounding_box": [995, 417, 1017, 424]}, {"label": "bicycle", "bounding_box": [990, 399, 1025, 452]}, {"label": "motorcycle", "bounding_box": [1014, 393, 1080, 456]}, {"label": "pole", "bounding_box": [1087, 316, 1101, 441]}, {"label": "traffic sign", "bounding_box": [1099, 292, 1119, 329]}, {"label": "traffic sign", "bounding_box": [1081, 288, 1104, 334]}, {"label": "motorcycle", "bounding_box": [1051, 404, 1089, 462]}, {"label": "motorcycle", "bounding_box": [1066, 397, 1122, 461]}, {"label": "motorcycle", "bounding_box": [1094, 385, 1156, 458]}, {"label": "pole", "bounding_box": [1102, 0, 1127, 460]}, {"label": "traffic sign", "bounding_box": [1099, 302, 1135, 339]}, {"label": "person", "bounding_box": [1938, 295, 1998, 428]}, {"label": "person", "bounding_box": [1134, 375, 1169, 414]}, {"label": "bicycle", "bounding_box": [1116, 398, 1168, 461]}, {"label": "bicyclegroup", "bounding_box": [1129, 393, 1252, 464]}, {"label": "bicycle", "bounding_box": [1191, 398, 1293, 461]}, {"label": "bicycle", "bounding_box": [1194, 399, 1282, 463]}, {"label": "person", "bounding_box": [1142, 295, 1227, 590]}, {"label": "static", "bounding_box": [1494, 390, 1540, 444]}, {"label": "bicycle", "bounding_box": [1557, 398, 1599, 447]}, {"label": "vegetation", "bounding_box": [1369, 0, 2047, 459]}, {"label": "traffic sign", "bounding_box": [1526, 246, 1552, 264]}, {"label": "traffic sign", "bounding_box": [1552, 259, 1598, 284]}, {"label": "pole", "bounding_box": [1550, 246, 1560, 367]}, {"label": "person", "bounding_box": [1453, 318, 1511, 471]}, {"label": "person", "bounding_box": [1716, 316, 1790, 441]}, {"label": "person", "bounding_box": [1686, 314, 1711, 419]}, {"label": "bicycle", "bounding_box": [1658, 366, 1715, 460]}, {"label": "pole", "bounding_box": [1692, 207, 1709, 459]}, {"label": "bicycle", "bounding_box": [1715, 356, 1776, 471]}, {"label": "traffic sign", "bounding_box": [1694, 204, 1710, 272]}, {"label": "traffic sign", "bounding_box": [1698, 279, 1712, 321]}, {"label": "traffic sign", "bounding_box": [1700, 326, 1712, 353]}, {"label": "traffic sign", "bounding_box": [1702, 358, 1714, 381]}, {"label": "pole", "bounding_box": [1709, 200, 1722, 460]}, {"label": "pole", "bounding_box": [1892, 153, 1926, 373]}, {"label": "person", "bounding_box": [1884, 313, 1939, 447]}, {"label": "wall", "bounding_box": [1900, 441, 2047, 479]}, {"label": "static", "bounding_box": [1905, 418, 1928, 447]}, {"label": "static", "bounding_box": [1942, 418, 1955, 447]}, {"label": "pole", "bounding_box": [1958, 0, 1991, 541]}, {"label": "car", "bounding_box": [1861, 440, 2047, 839]}, {"label": "pole", "bounding_box": [1748, 23, 1814, 666]}, {"label": "traffic sign", "bounding_box": [1667, 0, 1881, 72]}, {"label": "static", "bounding_box": [245, 109, 296, 319]}, {"label": "person", "bounding_box": [1541, 304, 1606, 478]}, {"label": "rider", "bounding_box": [709, 387, 741, 450]}, {"label": "motorcycle", "bounding_box": [707, 402, 743, 458]}, {"label": "static", "bounding_box": [409, 101, 444, 115]}, {"label": "static", "bounding_box": [739, 195, 770, 205]}, {"label": "ego vehicle", "bounding_box": [24, 796, 2047, 1023]}, {"label": "rectification border", "bounding_box": [416, 0, 2047, 28]}, {"label": "rectification border", "bounding_box": [2037, 509, 2047, 1023]}, {"label": "rectification border", "bounding_box": [0, 0, 17, 474]}, {"label": "rectification border", "bounding_box": [0, 977, 1937, 1023]}, {"label": "out of roi", "bounding_box": [0, 0, 2048, 1024]}]}