{"imgHeight": 1024, "imgWidth": 2048, "objects": [{"label": "road", "bounding_box": [0, 411, 2047, 1023]}, {"label": "sidewalk", "bounding_box": [1290, 416, 2047, 535]}, {"label": "sky", "bounding_box": [721, 0, 1178, 229]}, {"label": "parking", "bounding_box": [0, 422, 851, 550]}, {"label": "vegetation", "bounding_box": [852, 174, 1014, 427]}, {"label": "building", "bounding_box": [985, 0, 2047, 507]}, {"label": "vegetation", "bounding_box": [0, 0, 951, 478]}, {"label": "building", "bounding_box": [0, 257, 34, 425]}, {"label": "building", "bounding_box": [76, 272, 193, 389]}, {"label": "building", "bounding_box": [220, 325, 273, 386]}, {"label": "building", "bounding_box": [301, 312, 325, 373]}, {"label": "car", "bounding_box": [2011, 378, 2047, 513]}, {"label": "license plate", "bounding_box": [2034, 441, 2047, 455]}, {"label": "pole", "bounding_box": [1899, 0, 1916, 514]}, {"label": "traffic sign", "bounding_box": [1864, 153, 1951, 187]}, {"label": "traffic sign", "bounding_box": [1881, 183, 1922, 240]}, {"label": "traffic sign", "bounding_box": [1882, 237, 1921, 271]}, {"label": "traffic sign", "bounding_box": [1885, 268, 1918, 297]}, {"label": "static", "bounding_box": [1864, 363, 1924, 427]}, {"label": "static", "bounding_box": [1657, 399, 1778, 504]}, {"label": "person", "bounding_box": [1755, 302, 1884, 593]}, {"label": "pole", "bounding_box": [877, 393, 879, 425]}, {"label": "traffic sign", "bounding_box": [874, 386, 883, 402]}, {"label": "car", "bounding_box": [878, 412, 905, 425]}, {"label": "car", "bounding_box": [880, 406, 940, 428]}, {"label": "car", "bounding_box": [925, 407, 963, 437]}, {"label": "pole", "bounding_box": [974, 386, 976, 410]}, {"label": "traffic sign", "bounding_box": [968, 379, 982, 392]}, {"label": "pole", "bounding_box": [980, 339, 988, 415]}, {"label": "static", "bounding_box": [970, 337, 984, 344]}, {"label": "static", "bounding_box": [980, 374, 990, 385]}, {"label": "pole", "bounding_box": [1049, 310, 1060, 419]}, {"label": "traffic sign", "bounding_box": [983, 388, 992, 393]}, {"label": "car", "bounding_box": [939, 404, 985, 438]}, {"label": "car", "bounding_box": [953, 406, 983, 441]}, {"label": "car", "bounding_box": [967, 403, 1002, 441]}, {"label": "car", "bounding_box": [974, 403, 1009, 443]}, {"label": "car", "bounding_box": [992, 400, 1024, 446]}, {"label": "car", "bounding_box": [1003, 399, 1065, 449]}, {"label": "static", "bounding_box": [1346, 301, 1399, 316]}, {"label": "car", "bounding_box": [977, 405, 1003, 444]}, {"label": "pole", "bounding_box": [1088, 349, 1093, 415]}, {"label": "traffic sign", "bounding_box": [1081, 327, 1097, 377]}, {"label": "pole", "bounding_box": [1149, 267, 1161, 409]}, {"label": "pole", "bounding_box": [1205, 309, 1211, 409]}, {"label": "pole", "bounding_box": [1318, 131, 1341, 426]}, {"label": "pole", "bounding_box": [1356, 265, 1367, 488]}, {"label": "pole", "bounding_box": [1402, 220, 1414, 476]}, {"label": "car", "bounding_box": [1069, 403, 1104, 461]}, {"label": "static", "bounding_box": [1190, 318, 1221, 350]}, {"label": "car", "bounding_box": [1076, 401, 1136, 470]}, {"label": "car", "bounding_box": [1093, 400, 1192, 476]}, {"label": "car", "bounding_box": [1174, 382, 1360, 510]}, {"label": "person", "bounding_box": [1454, 327, 1517, 500]}, {"label": "traffic sign", "bounding_box": [1383, 198, 1414, 243]}, {"label": "traffic sign", "bounding_box": [1306, 249, 1355, 303]}, {"label": "traffic sign", "bounding_box": [1314, 296, 1355, 319]}, {"label": "traffic sign", "bounding_box": [1346, 200, 1376, 232]}, {"label": "traffic sign", "bounding_box": [1346, 231, 1376, 300]}, {"label": "traffic sign", "bounding_box": [1219, 282, 1240, 343]}, {"label": "traffic sign", "bounding_box": [1195, 283, 1218, 307]}, {"label": "traffic sign", "bounding_box": [1195, 306, 1217, 321]}, {"label": "traffic sign", "bounding_box": [1197, 320, 1216, 336]}, {"label": "traffic sign", "bounding_box": [1196, 334, 1218, 346]}, {"label": "traffic sign", "bounding_box": [1146, 353, 1171, 377]}, {"label": "traffic sign", "bounding_box": [1080, 327, 1095, 342]}, {"label": "traffic sign", "bounding_box": [1082, 342, 1099, 376]}, {"label": "static", "bounding_box": [1034, 307, 1053, 316]}, {"label": "static", "bounding_box": [1127, 263, 1154, 276]}, {"label": "static", "bounding_box": [1285, 129, 1325, 145]}, {"label": "truck", "bounding_box": [533, 348, 684, 407]}, {"label": "dynamic", "bounding_box": [593, 336, 674, 394]}, {"label": "car", "bounding_box": [670, 375, 846, 419]}, {"label": "truck", "bounding_box": [683, 397, 867, 478]}, {"label": "car", "bounding_box": [688, 397, 777, 464]}, {"label": "license plate", "bounding_box": [747, 430, 763, 436]}, {"label": "car", "bounding_box": [685, 393, 760, 484]}, {"label": "car", "bounding_box": [222, 373, 282, 404]}, {"label": "car", "bounding_box": [642, 390, 720, 491]}, {"label": "license plate", "bounding_box": [698, 453, 715, 461]}, {"label": "car", "bounding_box": [612, 390, 712, 500]}, {"label": "car", "bounding_box": [537, 385, 662, 507]}, {"label": "car", "bounding_box": [257, 374, 415, 436]}, {"label": "car", "bounding_box": [285, 394, 393, 418]}, {"label": "car", "bounding_box": [211, 391, 357, 443]}, {"label": "car", "bounding_box": [53, 376, 339, 493]}, {"label": "car", "bounding_box": [0, 387, 103, 519]}, {"label": "vegetation", "bounding_box": [269, 318, 302, 448]}, {"label": "vegetation", "bounding_box": [23, 350, 77, 477]}, {"label": "bicyclegroup", "bounding_box": [0, 426, 164, 549]}, {"label": "car", "bounding_box": [232, 382, 621, 517]}, {"label": "pole", "bounding_box": [470, 230, 483, 529]}, {"label": "bicycle", "bounding_box": [365, 411, 513, 531]}, {"label": "traffic sign", "bounding_box": [449, 124, 501, 179]}, {"label": "traffic sign", "bounding_box": [451, 178, 500, 209]}, {"label": "traffic sign", "bounding_box": [454, 209, 498, 242]}, {"label": "traffic sign", "bounding_box": [454, 241, 497, 279]}, {"label": "sidewalk", "bounding_box": [0, 645, 186, 780]}, {"label": "traffic sign", "bounding_box": [446, 275, 500, 302]}, {"label": "license plate", "bounding_box": [1271, 437, 1316, 450]}, {"label": "license plate", "bounding_box": [1139, 430, 1168, 437]}, {"label": "license plate", "bounding_box": [1034, 428, 1050, 431]}, {"label": "license plate", "bounding_box": [732, 453, 749, 460]}, {"label": "license plate", "bounding_box": [662, 439, 688, 448]}, {"label": "license plate", "bounding_box": [621, 460, 647, 468]}, {"label": "license plate", "bounding_box": [569, 436, 600, 447]}, {"label": "ego vehicle", "bounding_box": [24, 796, 2047, 1023]}, {"label": "rectification border", "bounding_box": [416, 0, 2047, 28]}, {"label": "rectification border", "bounding_box": [2037, 509, 2047, 1023]}, {"label": "rectification border", "bounding_box": [0, 0, 17, 474]}, {"label": "rectification border", "bounding_box": [0, 977, 1937, 1023]}, {"label": "out of roi", "bounding_box": [0, 0, 2048, 1024]}]}