{"imgHeight": 1024, "imgWidth": 2048, "objects": [{"label": "sky", "bounding_box": [0, 0, 2047, 461]}, {"label": "building", "bounding_box": [0, 0, 2047, 1023]}, {"label": "road", "bounding_box": [0, 392, 2047, 1023]}, {"label": "ground", "bounding_box": [988, 404, 1106, 423]}, {"label": "parking", "bounding_box": [1143, 390, 2047, 743]}, {"label": "parking", "bounding_box": [0, 424, 914, 934]}, {"label": "sidewalk", "bounding_box": [0, 432, 451, 533]}, {"label": "vegetation", "bounding_box": [627, 0, 1275, 434]}, {"label": "pole", "bounding_box": [1052, 385, 1053, 407]}, {"label": "pole", "bounding_box": [1051, 405, 1053, 418]}, {"label": "static", "bounding_box": [1050, 381, 1056, 392]}, {"label": "pole", "bounding_box": [1062, 389, 1065, 419]}, {"label": "traffic sign", "bounding_box": [1060, 375, 1069, 393]}, {"label": "sky", "bounding_box": [1058, 368, 1071, 381]}, {"label": "pole", "bounding_box": [921, 270, 930, 340]}, {"label": "static", "bounding_box": [876, 373, 894, 399]}, {"label": "static", "bounding_box": [800, 279, 865, 406]}, {"label": "vegetation", "bounding_box": [836, 361, 864, 395]}, {"label": "dynamic", "bounding_box": [839, 382, 898, 452]}, {"label": "car", "bounding_box": [875, 317, 1031, 477]}, {"label": "pole", "bounding_box": [821, 378, 828, 406]}, {"label": "pole", "bounding_box": [812, 349, 822, 410]}, {"label": "pole", "bounding_box": [780, 342, 790, 382]}, {"label": "static", "bounding_box": [693, 329, 730, 355]}, {"label": "static", "bounding_box": [690, 305, 842, 391]}, {"label": "vegetation", "bounding_box": [730, 343, 814, 392]}, {"label": "car", "bounding_box": [568, 344, 868, 458]}, {"label": "pole", "bounding_box": [828, 24, 996, 476]}, {"label": "terrain", "bounding_box": [775, 444, 857, 486]}, {"label": "car", "bounding_box": [552, 366, 818, 500]}, {"label": "pole", "bounding_box": [378, 280, 391, 430]}, {"label": "traffic sign", "bounding_box": [383, 255, 398, 291]}, {"label": "traffic sign", "bounding_box": [385, 232, 401, 263]}, {"label": "traffic sign", "bounding_box": [385, 196, 403, 237]}, {"label": "pole", "bounding_box": [446, 132, 467, 429]}, {"label": "static", "bounding_box": [460, 77, 540, 154]}, {"label": "bicycle", "bounding_box": [354, 367, 409, 425]}, {"label": "car", "bounding_box": [334, 366, 752, 512]}, {"label": "static", "bounding_box": [290, 302, 337, 466]}, {"label": "static", "bounding_box": [215, 359, 278, 466]}, {"label": "terrain", "bounding_box": [0, 562, 484, 723]}, {"label": "static", "bounding_box": [0, 491, 174, 609]}, {"label": "vegetation", "bounding_box": [141, 0, 369, 614]}, {"label": "pole", "bounding_box": [1154, 380, 1161, 403]}, {"label": "traffic sign", "bounding_box": [1157, 367, 1162, 382]}, {"label": "car", "bounding_box": [1137, 385, 1179, 413]}, {"label": "cargroup", "bounding_box": [1165, 352, 1278, 439]}, {"label": "car", "bounding_box": [1135, 394, 1182, 449]}, {"label": "car", "bounding_box": [1064, 378, 1174, 464]}, {"label": "car", "bounding_box": [1193, 369, 1265, 437]}, {"label": "car", "bounding_box": [1200, 348, 1437, 455]}, {"label": "cargroup", "bounding_box": [1259, 388, 1375, 446]}, {"label": "cargroup", "bounding_box": [1260, 386, 1437, 466]}, {"label": "cargroup", "bounding_box": [1299, 388, 1461, 466]}, {"label": "car", "bounding_box": [1302, 419, 1400, 484]}, {"label": "car", "bounding_box": [1355, 414, 1479, 485]}, {"label": "static", "bounding_box": [1416, 359, 1427, 410]}, {"label": "static", "bounding_box": [1680, 155, 2047, 217]}, {"label": "static", "bounding_box": [1387, 389, 1440, 507]}, {"label": "car", "bounding_box": [1414, 185, 2047, 584]}, {"label": "car", "bounding_box": [1838, 381, 2047, 625]}, {"label": "license plate", "bounding_box": [932, 448, 968, 456]}, {"label": "license plate", "bounding_box": [1109, 427, 1136, 435]}, {"label": "license plate", "bounding_box": [1272, 439, 1277, 448]}, {"label": "license plate", "bounding_box": [1864, 459, 1902, 484]}, {"label": "static", "bounding_box": [954, 24, 996, 40]}, {"label": "ego vehicle", "bounding_box": [24, 796, 2047, 1023]}, {"label": "rectification border", "bounding_box": [416, 0, 2047, 28]}, {"label": "rectification border", "bounding_box": [2037, 509, 2047, 1023]}, {"label": "rectification border", "bounding_box": [0, 0, 17, 474]}, {"label": "rectification border", "bounding_box": [0, 977, 1937, 1023]}, {"label": "out of roi", "bounding_box": [0, 0, 2048, 1024]}]}