{"imgHeight": 1024, "imgWidth": 2048, "objects": [{"label": "sky", "bounding_box": [535, 1, 1501, 429]}, {"label": "road", "bounding_box": [0, 421, 2048, 1024]}, {"label": "vegetation", "bounding_box": [862, 227, 1151, 325]}, {"label": "building", "bounding_box": [948, 299, 1104, 370]}, {"label": "vegetation", "bounding_box": [947, 332, 1112, 422]}, {"label": "static", "bounding_box": [983, 383, 1047, 422]}, {"label": "pole", "bounding_box": [1017, 370, 1031, 425]}, {"label": "pole", "bounding_box": [1041, 397, 1089, 413]}, {"label": "traffic light", "bounding_box": [1043, 394, 1047, 408]}, {"label": "traffic light", "bounding_box": [991, 394, 998, 407]}, {"label": "pole", "bounding_box": [964, 398, 996, 423]}, {"label": "building", "bounding_box": [877, 329, 958, 431]}, {"label": "vegetation", "bounding_box": [861, 200, 946, 421]}, {"label": "static", "bounding_box": [955, 418, 984, 446]}, {"label": "building", "bounding_box": [0, 1, 893, 480]}, {"label": "ground", "bounding_box": [511, 435, 793, 479]}, {"label": "pole", "bounding_box": [831, 372, 834, 435]}, {"label": "static", "bounding_box": [826, 366, 839, 380]}, {"label": "static", "bounding_box": [681, 411, 698, 436]}, {"label": "bicycle", "bounding_box": [712, 416, 746, 447]}, {"label": "traffic sign", "bounding_box": [714, 358, 736, 363]}, {"label": "static", "bounding_box": [722, 364, 748, 386]}, {"label": "traffic light", "bounding_box": [945, 298, 960, 331]}, {"label": "traffic light", "bounding_box": [892, 296, 906, 330]}, {"label": "traffic light", "bounding_box": [742, 385, 759, 408]}, {"label": "pole", "bounding_box": [739, 303, 952, 478]}, {"label": "person", "bounding_box": [773, 424, 791, 458]}, {"label": "person", "bounding_box": [746, 422, 772, 480]}, {"label": "static", "bounding_box": [638, 372, 670, 442]}, {"label": "bicycle", "bounding_box": [605, 448, 651, 480]}, {"label": "rider", "bounding_box": [620, 419, 643, 471]}, {"label": "bicycle", "bounding_box": [588, 462, 603, 485]}, {"label": "bicycle", "bounding_box": [636, 451, 695, 486]}, {"label": "rider", "bounding_box": [643, 431, 679, 479]}, {"label": "pole", "bounding_box": [646, 367, 651, 437]}, {"label": "bicycle", "bounding_box": [593, 441, 614, 464]}, {"label": "sidewalk", "bounding_box": [0, 462, 710, 637]}, {"label": "vegetation", "bounding_box": [405, 191, 701, 434]}, {"label": "static", "bounding_box": [655, 375, 680, 401]}, {"label": "pole", "bounding_box": [665, 197, 671, 491]}, {"label": "traffic light", "bounding_box": [664, 352, 692, 381]}, {"label": "pole", "bounding_box": [574, 339, 580, 425]}, {"label": "pole", "bounding_box": [584, 356, 588, 424]}, {"label": "pole", "bounding_box": [561, 375, 567, 431]}, {"label": "traffic sign", "bounding_box": [585, 353, 626, 367]}, {"label": "static", "bounding_box": [576, 367, 591, 395]}, {"label": "traffic light", "bounding_box": [561, 377, 578, 407]}, {"label": "vegetation", "bounding_box": [0, 0, 801, 440]}, {"label": "fence", "bounding_box": [0, 377, 597, 547]}, {"label": "pole", "bounding_box": [275, 344, 290, 517]}, {"label": "static", "bounding_box": [283, 388, 289, 435]}, {"label": "car", "bounding_box": [768, 433, 832, 484]}, {"label": "car", "bounding_box": [962, 429, 1017, 477]}, {"label": "dynamic", "bounding_box": [959, 450, 990, 480]}, {"label": "bicycle", "bounding_box": [998, 446, 1029, 480]}, {"label": "person", "bounding_box": [1008, 422, 1031, 450]}, {"label": "car", "bounding_box": [894, 415, 976, 511]}, {"label": "car", "bounding_box": [802, 414, 951, 532]}, {"label": "sidewalk", "bounding_box": [1157, 452, 1418, 477]}, {"label": "vegetation", "bounding_box": [1014, 1, 1584, 484]}, {"label": "vegetation", "bounding_box": [922, 0, 1055, 86]}, {"label": "static", "bounding_box": [1410, 369, 1428, 439]}, {"label": "pole", "bounding_box": [1183, 203, 1188, 469]}, {"label": "pole", "bounding_box": [973, 219, 1215, 483]}, {"label": "traffic light", "bounding_box": [1186, 340, 1215, 388]}, {"label": "traffic sign", "bounding_box": [1180, 299, 1211, 334]}, {"label": "pole", "bounding_box": [1175, 372, 1179, 470]}, {"label": "traffic light", "bounding_box": [1168, 377, 1176, 396]}, {"label": "pole", "bounding_box": [1105, 270, 1139, 420]}, {"label": "static", "bounding_box": [1059, 242, 1078, 260]}, {"label": "static", "bounding_box": [1100, 289, 1114, 303]}, {"label": "pole", "bounding_box": [1231, 212, 1237, 487]}, {"label": "static", "bounding_box": [1213, 391, 1247, 436]}, {"label": "static", "bounding_box": [1212, 337, 1248, 387]}, {"label": "pole", "bounding_box": [1282, 384, 1290, 455]}, {"label": "pole", "bounding_box": [1338, 367, 1345, 465]}, {"label": "traffic sign", "bounding_box": [1350, 345, 1361, 352]}, {"label": "traffic sign", "bounding_box": [1359, 349, 1380, 356]}, {"label": "traffic sign", "bounding_box": [1349, 354, 1366, 375]}, {"label": "traffic light", "bounding_box": [1339, 370, 1360, 399]}, {"label": "traffic light", "bounding_box": [1359, 360, 1387, 394]}, {"label": "pole", "bounding_box": [1363, 358, 1370, 475]}, {"label": "vegetation", "bounding_box": [1418, 0, 2048, 517]}, {"label": "static", "bounding_box": [1526, 305, 1554, 357]}, {"label": "vegetation", "bounding_box": [1186, 0, 1359, 497]}, {"label": "pole", "bounding_box": [1297, 284, 1308, 499]}, {"label": "traffic sign", "bounding_box": [1230, 291, 1364, 325]}, {"label": "static", "bounding_box": [1836, 189, 1970, 500]}, {"label": "terrain", "bounding_box": [1337, 456, 2048, 624]}, {"label": "static", "bounding_box": [1398, 437, 1465, 489]}, {"label": "vegetation", "bounding_box": [1602, 0, 1683, 521]}, {"label": "sidewalk", "bounding_box": [1173, 480, 2048, 1024]}, {"label": "pole", "bounding_box": [1156, 398, 1162, 435]}, {"label": "car", "bounding_box": [1004, 408, 1181, 563]}, {"label": "license plate", "bounding_box": [1065, 477, 1123, 491]}, {"label": "license plate", "bounding_box": [844, 461, 887, 471]}, {"label": "traffic light", "bounding_box": [960, 212, 982, 252]}, {"label": "traffic light", "bounding_box": [1073, 210, 1093, 252]}, {"label": "vegetation", "bounding_box": [1607, 509, 1658, 573]}, {"label": "terrain", "bounding_box": [1855, 616, 2047, 667]}, {"label": "vegetation", "bounding_box": [1952, 484, 2048, 657]}, {"label": "ego vehicle", "bounding_box": [271, 844, 2028, 1023]}, {"label": "out of roi", "bounding_box": [0, 0, 2048, 1024]}]}