{"imgHeight": 1024, "imgWidth": 2048, "objects": [{"label": "sky", "bounding_box": [12, 0, 1234, 306]}, {"label": "road", "bounding_box": [0, 364, 2048, 1024]}, {"label": "sidewalk", "bounding_box": [1035, 382, 2048, 715]}, {"label": "sidewalk", "bounding_box": [0, 384, 1063, 616]}, {"label": "ground", "bounding_box": [0, 347, 850, 489]}, {"label": "building", "bounding_box": [0, 0, 1107, 425]}, {"label": "static", "bounding_box": [921, 346, 945, 403]}, {"label": "person", "bounding_box": [899, 381, 908, 412]}, {"label": "person", "bounding_box": [909, 379, 930, 419]}, {"label": "wall", "bounding_box": [744, 330, 865, 434]}, {"label": "persongroup", "bounding_box": [809, 376, 909, 429]}, {"label": "vegetation", "bounding_box": [820, 68, 1058, 418]}, {"label": "vegetation", "bounding_box": [922, 266, 1002, 417]}, {"label": "wall", "bounding_box": [929, 404, 989, 424]}, {"label": "vegetation", "bounding_box": [874, 205, 963, 425]}, {"label": "vegetation", "bounding_box": [924, 281, 966, 411]}, {"label": "vegetation", "bounding_box": [726, 332, 819, 409]}, {"label": "terrain", "bounding_box": [615, 381, 706, 436]}, {"label": "vegetation", "bounding_box": [615, 381, 706, 436]}, {"label": "pole", "bounding_box": [685, 369, 688, 442]}, {"label": "static", "bounding_box": [682, 366, 690, 383]}, {"label": "vegetation", "bounding_box": [599, 0, 885, 413]}, {"label": "vegetation", "bounding_box": [581, 0, 740, 420]}, {"label": "pole", "bounding_box": [659, 329, 663, 419]}, {"label": "traffic sign", "bounding_box": [634, 330, 660, 336]}, {"label": "traffic sign", "bounding_box": [662, 335, 670, 355]}, {"label": "traffic sign", "bounding_box": [640, 354, 661, 366]}, {"label": "wall", "bounding_box": [353, 335, 616, 425]}, {"label": "person", "bounding_box": [660, 403, 683, 441]}, {"label": "pole", "bounding_box": [786, 304, 793, 427]}, {"label": "traffic sign", "bounding_box": [747, 301, 785, 353]}, {"label": "pole", "bounding_box": [754, 235, 760, 412]}, {"label": "person", "bounding_box": [796, 400, 813, 450]}, {"label": "person", "bounding_box": [776, 389, 796, 435]}, {"label": "fence", "bounding_box": [58, 334, 327, 378]}, {"label": "person", "bounding_box": [256, 332, 279, 397]}, {"label": "static", "bounding_box": [260, 288, 296, 327]}, {"label": "pole", "bounding_box": [274, 290, 282, 438]}, {"label": "person", "bounding_box": [127, 342, 166, 442]}, {"label": "wall", "bounding_box": [126, 433, 338, 506]}, {"label": "person", "bounding_box": [506, 381, 525, 407]}, {"label": "vegetation", "bounding_box": [466, 0, 643, 418]}, {"label": "vegetation", "bounding_box": [328, 0, 558, 418]}, {"label": "pole", "bounding_box": [367, 74, 379, 423]}, {"label": "vegetation", "bounding_box": [0, 0, 353, 509]}, {"label": "bicycle", "bounding_box": [137, 427, 254, 520]}, {"label": "person", "bounding_box": [287, 381, 334, 481]}, {"label": "static", "bounding_box": [0, 337, 45, 384]}, {"label": "car", "bounding_box": [796, 405, 915, 485]}, {"label": "car", "bounding_box": [666, 400, 804, 507]}, {"label": "rider", "bounding_box": [687, 381, 754, 485]}, {"label": "motorcycle", "bounding_box": [690, 425, 750, 521]}, {"label": "rider", "bounding_box": [560, 376, 629, 518]}, {"label": "motorcycle", "bounding_box": [571, 431, 627, 528]}, {"label": "car", "bounding_box": [269, 394, 594, 577]}, {"label": "license plate", "bounding_box": [314, 513, 381, 528]}, {"label": "car", "bounding_box": [0, 395, 200, 642]}, {"label": "static", "bounding_box": [1029, 342, 1045, 386]}, {"label": "pole", "bounding_box": [1036, 342, 1040, 410]}, {"label": "persongroup", "bounding_box": [1011, 380, 1056, 416]}, {"label": "sidewalk", "bounding_box": [924, 468, 1085, 489]}, {"label": "static", "bounding_box": [1015, 415, 1040, 453]}, {"label": "static", "bounding_box": [1012, 383, 1044, 414]}, {"label": "pole", "bounding_box": [1024, 386, 1029, 471]}, {"label": "pole", "bounding_box": [991, 386, 995, 481]}, {"label": "traffic sign", "bounding_box": [978, 417, 1008, 463]}, {"label": "traffic sign", "bounding_box": [975, 381, 1010, 416]}, {"label": "building", "bounding_box": [1084, 0, 2048, 509]}, {"label": "vegetation", "bounding_box": [1049, 326, 1117, 397]}, {"label": "terrain", "bounding_box": [1063, 385, 1132, 403]}, {"label": "vegetation", "bounding_box": [1063, 385, 1132, 403]}, {"label": "traffic sign", "bounding_box": [1086, 359, 1106, 373]}, {"label": "vegetation", "bounding_box": [1107, 328, 1153, 395]}, {"label": "person", "bounding_box": [1129, 379, 1145, 408]}, {"label": "pole", "bounding_box": [1193, 287, 1198, 404]}, {"label": "persongroup", "bounding_box": [1162, 376, 1211, 403]}, {"label": "static", "bounding_box": [1169, 276, 1199, 306]}, {"label": "vegetation", "bounding_box": [1201, 316, 1262, 403]}, {"label": "pole", "bounding_box": [1231, 282, 1238, 406]}, {"label": "static", "bounding_box": [1220, 288, 1252, 362]}, {"label": "static", "bounding_box": [798, 153, 823, 176]}, {"label": "pole", "bounding_box": [1219, 257, 1246, 408]}, {"label": "static", "bounding_box": [1213, 272, 1226, 280]}, {"label": "persongroup", "bounding_box": [1234, 378, 1284, 412]}, {"label": "pole", "bounding_box": [1262, 288, 1269, 414]}, {"label": "traffic light", "bounding_box": [1259, 358, 1270, 375]}, {"label": "static", "bounding_box": [1257, 326, 1276, 350]}, {"label": "static", "bounding_box": [1280, 347, 1302, 406]}, {"label": "static", "bounding_box": [1294, 367, 1327, 410]}, {"label": "static", "bounding_box": [1169, 360, 1178, 375]}, {"label": "traffic sign", "bounding_box": [1190, 356, 1199, 366]}, {"label": "vegetation", "bounding_box": [1250, 261, 1328, 401]}, {"label": "traffic sign", "bounding_box": [1272, 359, 1282, 368]}, {"label": "pole", "bounding_box": [1258, 225, 1300, 246]}, {"label": "static", "bounding_box": [1254, 242, 1266, 254]}, {"label": "persongroup", "bounding_box": [1284, 381, 1337, 430]}, {"label": "pole", "bounding_box": [1276, 176, 1322, 201]}, {"label": "static", "bounding_box": [1269, 201, 1289, 213]}, {"label": "vegetation", "bounding_box": [1276, 187, 1385, 420]}, {"label": "person", "bounding_box": [1385, 378, 1411, 444]}, {"label": "polegroup", "bounding_box": [1359, 387, 1388, 458]}, {"label": "rider", "bounding_box": [1322, 381, 1360, 477]}, {"label": "bicycle", "bounding_box": [1335, 433, 1348, 483]}, {"label": "static", "bounding_box": [1361, 360, 1387, 389]}, {"label": "pole", "bounding_box": [1309, 61, 1380, 197]}, {"label": "static", "bounding_box": [1300, 100, 1329, 122]}, {"label": "vegetation", "bounding_box": [1293, 131, 1418, 461]}, {"label": "static", "bounding_box": [1424, 353, 1508, 434]}, {"label": "vegetation", "bounding_box": [1372, 97, 1453, 468]}, {"label": "pole", "bounding_box": [1465, 390, 1507, 447]}, {"label": "pole", "bounding_box": [1495, 402, 1525, 457]}, {"label": "vegetation", "bounding_box": [1404, 32, 1687, 479]}, {"label": "static", "bounding_box": [1399, 385, 1441, 468]}, {"label": "static", "bounding_box": [1429, 380, 1479, 480]}, {"label": "vegetation", "bounding_box": [1517, 385, 1619, 450]}, {"label": "pole", "bounding_box": [1582, 276, 1593, 471]}, {"label": "person", "bounding_box": [1559, 377, 1607, 491]}, {"label": "pole", "bounding_box": [1541, 0, 1560, 526]}, {"label": "pole", "bounding_box": [1493, 231, 1501, 510]}, {"label": "traffic sign", "bounding_box": [1446, 142, 1546, 239]}, {"label": "traffic sign", "bounding_box": [1466, 241, 1526, 299]}, {"label": "traffic sign", "bounding_box": [1475, 299, 1516, 328]}, {"label": "static", "bounding_box": [1523, 284, 1583, 366]}, {"label": "bicycle", "bounding_box": [1505, 418, 1606, 525]}, {"label": "bicycle", "bounding_box": [1456, 424, 1525, 537]}, {"label": "dynamic", "bounding_box": [1651, 408, 1732, 450]}, {"label": "dynamic", "bounding_box": [1775, 426, 1815, 478]}, {"label": "dynamic", "bounding_box": [1830, 432, 1917, 498]}, {"label": "person", "bounding_box": [1753, 356, 1802, 488]}, {"label": "person", "bounding_box": [1702, 366, 1759, 489]}, {"label": "person", "bounding_box": [1831, 397, 1917, 500]}, {"label": "ego vehicle", "bounding_box": [271, 844, 2028, 1023]}, {"label": "out of roi", "bounding_box": [0, 0, 2048, 1024]}]}