{"imgHeight": 1024, "imgWidth": 2048, "objects": [{"label": "sky", "bounding_box": [14, 0, 462, 83]}, {"label": "building", "bounding_box": [684, 0, 942, 162]}, {"label": "road", "bounding_box": [0, 481, 2048, 1024]}, {"label": "vegetation", "bounding_box": [214, 0, 1047, 434]}, {"label": "fence", "bounding_box": [613, 230, 1017, 310]}, {"label": "vegetation", "bounding_box": [611, 233, 908, 372]}, {"label": "vegetation", "bounding_box": [0, 0, 329, 422]}, {"label": "terrain", "bounding_box": [315, 363, 2048, 591]}, {"label": "building", "bounding_box": [998, 0, 2048, 419]}, {"label": "sidewalk", "bounding_box": [15, 477, 2048, 986]}, {"label": "vegetation", "bounding_box": [1592, 188, 1691, 337]}, {"label": "vegetation", "bounding_box": [1720, 0, 2048, 332]}, {"label": "vegetation", "bounding_box": [1089, 294, 1191, 387]}, {"label": "vegetation", "bounding_box": [1212, 284, 1372, 415]}, {"label": "fence", "bounding_box": [0, 303, 2047, 571]}, {"label": "fence", "bounding_box": [1779, 357, 1880, 587]}, {"label": "wall", "bounding_box": [103, 416, 1743, 575]}, {"label": "wall", "bounding_box": [1838, 519, 2048, 657]}, {"label": "car", "bounding_box": [0, 408, 131, 547]}, {"label": "person", "bounding_box": [1648, 255, 1805, 686]}, {"label": "person", "bounding_box": [1529, 289, 1694, 683]}, {"label": "pole", "bounding_box": [837, 242, 857, 519]}, {"label": "traffic sign", "bounding_box": [841, 219, 874, 268]}, {"label": "traffic sign", "bounding_box": [839, 271, 872, 296]}, {"label": "vegetation", "bounding_box": [376, 276, 475, 346]}, {"label": "license plate", "bounding_box": [32, 461, 88, 479]}, {"label": "ego vehicle", "bounding_box": [271, 844, 2028, 1023]}, {"label": "out of roi", "bounding_box": [0, 0, 2048, 1024]}]}