{"imgHeight": 1024, "imgWidth": 2048, "objects": [{"label": "sky", "bounding_box": [997, 0, 1618, 239]}, {"label": "building", "bounding_box": [0, 0, 2048, 658]}, {"label": "road", "bounding_box": [0, 430, 2048, 1024]}, {"label": "sidewalk", "bounding_box": [0, 438, 1228, 698]}, {"label": "ground", "bounding_box": [0, 468, 832, 633]}, {"label": "fence", "bounding_box": [396, 429, 691, 480]}, {"label": "pole", "bounding_box": [73, 294, 84, 527]}, {"label": "traffic sign", "bounding_box": [64, 298, 93, 342]}, {"label": "bicycle", "bounding_box": [128, 443, 190, 518]}, {"label": "pole", "bounding_box": [155, 285, 168, 516]}, {"label": "traffic sign", "bounding_box": [113, 296, 156, 308]}, {"label": "traffic sign", "bounding_box": [91, 310, 157, 321]}, {"label": "vegetation", "bounding_box": [148, 0, 1101, 507]}, {"label": "pole", "bounding_box": [416, 66, 457, 498]}, {"label": "pole", "bounding_box": [235, 481, 252, 613]}, {"label": "pole", "bounding_box": [361, 472, 374, 590]}, {"label": "pole", "bounding_box": [452, 468, 466, 572]}, {"label": "pole", "bounding_box": [528, 463, 541, 556]}, {"label": "pole", "bounding_box": [1128, 147, 1145, 404]}, {"label": "car", "bounding_box": [574, 413, 675, 489]}, {"label": "pole", "bounding_box": [867, 0, 896, 315]}, {"label": "pole", "bounding_box": [1158, 354, 1162, 404]}, {"label": "traffic sign", "bounding_box": [1149, 359, 1169, 375]}, {"label": "traffic light", "bounding_box": [1157, 374, 1170, 394]}, {"label": "car", "bounding_box": [1087, 398, 1185, 469]}, {"label": "sidewalk", "bounding_box": [1295, 476, 2047, 1023]}, {"label": "sidewalk", "bounding_box": [1429, 426, 1575, 469]}, {"label": "building", "bounding_box": [1437, 0, 2047, 532]}, {"label": "bus", "bounding_box": [758, 286, 1104, 518]}, {"label": "license plate", "bounding_box": [865, 478, 910, 491]}, {"label": "car", "bounding_box": [1216, 380, 1277, 447]}, {"label": "car", "bounding_box": [1289, 407, 1337, 448]}, {"label": "pole", "bounding_box": [1324, 304, 1368, 310]}, {"label": "traffic light", "bounding_box": [1318, 298, 1327, 320]}, {"label": "person", "bounding_box": [1434, 396, 1452, 442]}, {"label": "pole", "bounding_box": [1381, 285, 1390, 487]}, {"label": "persongroup", "bounding_box": [1338, 373, 1396, 490]}, {"label": "pole", "bounding_box": [1367, 328, 1374, 488]}, {"label": "static", "bounding_box": [1364, 208, 1404, 242]}, {"label": "traffic sign", "bounding_box": [1364, 240, 1409, 288]}, {"label": "traffic sign", "bounding_box": [1361, 290, 1409, 335]}, {"label": "traffic sign", "bounding_box": [1334, 274, 1397, 338]}, {"label": "pole", "bounding_box": [1529, 351, 1534, 396]}, {"label": "static", "bounding_box": [1524, 360, 1537, 371]}, {"label": "static", "bounding_box": [1527, 371, 1536, 379]}, {"label": "traffic sign", "bounding_box": [1509, 334, 1538, 360]}, {"label": "bicycle", "bounding_box": [1485, 414, 1575, 482]}, {"label": "rider", "bounding_box": [1488, 376, 1542, 476]}, {"label": "vegetation", "bounding_box": [1371, 0, 1445, 491]}, {"label": "vegetation", "bounding_box": [1253, 0, 1284, 24]}, {"label": "static", "bounding_box": [1395, 444, 1457, 488]}, {"label": "vegetation", "bounding_box": [1420, 0, 1504, 516]}, {"label": "terrain", "bounding_box": [1410, 497, 1553, 531]}, {"label": "static", "bounding_box": [1408, 463, 1523, 532]}, {"label": "vegetation", "bounding_box": [1532, 0, 1647, 590]}, {"label": "terrain", "bounding_box": [1451, 562, 1745, 607]}, {"label": "static", "bounding_box": [1474, 489, 1697, 599]}, {"label": "static", "bounding_box": [1940, 573, 2048, 798]}, {"label": "static", "bounding_box": [1863, 326, 1966, 521]}, {"label": "static", "bounding_box": [1867, 149, 1965, 242]}, {"label": "static", "bounding_box": [1229, 118, 1254, 136]}, {"label": "ego vehicle", "bounding_box": [271, 844, 2028, 1023]}, {"label": "out of roi", "bounding_box": [0, 0, 2048, 1024]}]}