{"imgHeight": 1024, "imgWidth": 2048, "objects": [{"label": "sky", "bounding_box": [804, 0, 1793, 367]}, {"label": "building", "bounding_box": [1028, 353, 1640, 497]}, {"label": "road", "bounding_box": [0, 407, 2048, 1024]}, {"label": "ground", "bounding_box": [0, 454, 1516, 578]}, {"label": "sidewalk", "bounding_box": [1572, 460, 2047, 684]}, {"label": "vegetation", "bounding_box": [1355, 292, 1620, 405]}, {"label": "building", "bounding_box": [0, 0, 990, 500]}, {"label": "vegetation", "bounding_box": [1414, 356, 1612, 461]}, {"label": "building", "bounding_box": [1605, 0, 2048, 560]}, {"label": "sidewalk", "bounding_box": [0, 724, 478, 1024]}, {"label": "building", "bounding_box": [956, 154, 1019, 345]}, {"label": "vegetation", "bounding_box": [973, 129, 1410, 491]}, {"label": "building", "bounding_box": [1233, 426, 1296, 487]}, {"label": "sidewalk", "bounding_box": [879, 466, 1381, 522]}, {"label": "static", "bounding_box": [1356, 433, 1408, 470]}, {"label": "static", "bounding_box": [1408, 440, 1533, 472]}, {"label": "pole", "bounding_box": [1490, 418, 1494, 461]}, {"label": "car", "bounding_box": [1371, 456, 1396, 473]}, {"label": "pole", "bounding_box": [1373, 405, 1378, 460]}, {"label": "car", "bounding_box": [1393, 455, 1419, 473]}, {"label": "pole", "bounding_box": [1363, 388, 1367, 468]}, {"label": "pole", "bounding_box": [1355, 382, 1358, 472]}, {"label": "polegroup", "bounding_box": [1338, 375, 1386, 477]}, {"label": "traffic light", "bounding_box": [1383, 405, 1389, 417]}, {"label": "pole", "bounding_box": [1298, 418, 1304, 463]}, {"label": "cargroup", "bounding_box": [1271, 456, 1338, 485]}, {"label": "pole", "bounding_box": [1252, 358, 1261, 484]}, {"label": "terrain", "bounding_box": [1101, 469, 1250, 486]}, {"label": "wall", "bounding_box": [1103, 475, 1251, 494]}, {"label": "pole", "bounding_box": [1207, 327, 1214, 488]}, {"label": "static", "bounding_box": [1200, 332, 1215, 345]}, {"label": "static", "bounding_box": [1179, 415, 1199, 432]}, {"label": "pole", "bounding_box": [1187, 415, 1191, 489]}, {"label": "pole", "bounding_box": [1101, 291, 1113, 496]}, {"label": "static", "bounding_box": [1095, 302, 1116, 315]}, {"label": "static", "bounding_box": [1095, 416, 1109, 438]}, {"label": "pole", "bounding_box": [1518, 381, 1523, 453]}, {"label": "pole", "bounding_box": [1528, 422, 1530, 455]}, {"label": "static", "bounding_box": [1540, 398, 1607, 476]}, {"label": "pole", "bounding_box": [1590, 364, 1596, 472]}, {"label": "car", "bounding_box": [1555, 452, 1569, 467]}, {"label": "car", "bounding_box": [1534, 450, 1553, 466]}, {"label": "car", "bounding_box": [1544, 457, 1568, 477]}, {"label": "person", "bounding_box": [1498, 451, 1507, 477]}, {"label": "car", "bounding_box": [923, 423, 1062, 489]}, {"label": "wall", "bounding_box": [883, 460, 963, 512]}, {"label": "terrain", "bounding_box": [881, 472, 965, 488]}, {"label": "pole", "bounding_box": [905, 227, 922, 486]}, {"label": "static", "bounding_box": [913, 246, 930, 263]}, {"label": "static", "bounding_box": [897, 240, 915, 259]}, {"label": "static", "bounding_box": [907, 432, 927, 463]}, {"label": "static", "bounding_box": [905, 406, 925, 435]}, {"label": "static", "bounding_box": [1013, 392, 1031, 412]}, {"label": "pole", "bounding_box": [1021, 392, 1024, 425]}, {"label": "static", "bounding_box": [1017, 418, 1034, 436]}, {"label": "static", "bounding_box": [1020, 435, 1032, 444]}, {"label": "pole", "bounding_box": [1025, 418, 1027, 494]}, {"label": "pole", "bounding_box": [1007, 282, 1017, 472]}, {"label": "car", "bounding_box": [938, 464, 1031, 519]}, {"label": "car", "bounding_box": [1020, 461, 1114, 518]}, {"label": "vegetation", "bounding_box": [326, 0, 888, 359]}, {"label": "pole", "bounding_box": [400, 162, 418, 324]}, {"label": "pole", "bounding_box": [405, 41, 450, 327]}, {"label": "static", "bounding_box": [435, 77, 467, 108]}, {"label": "static", "bounding_box": [391, 65, 426, 97]}, {"label": "traffic light", "bounding_box": [801, 210, 824, 260]}, {"label": "traffic light", "bounding_box": [842, 209, 864, 259]}, {"label": "pole", "bounding_box": [591, 217, 854, 330]}, {"label": "train", "bounding_box": [0, 308, 900, 553]}, {"label": "pole", "bounding_box": [1613, 328, 1617, 480]}, {"label": "static", "bounding_box": [1607, 323, 1620, 338]}, {"label": "pole", "bounding_box": [1619, 197, 1630, 500]}, {"label": "pole", "bounding_box": [1632, 379, 1640, 476]}, {"label": "static", "bounding_box": [1609, 211, 1633, 236]}, {"label": "pole", "bounding_box": [1661, 266, 1674, 495]}, {"label": "pole", "bounding_box": [1628, 0, 1656, 541]}, {"label": "traffic sign", "bounding_box": [1624, 343, 1668, 385]}, {"label": "pole", "bounding_box": [1699, 0, 1736, 548]}, {"label": "traffic sign", "bounding_box": [1726, 228, 1799, 291]}, {"label": "traffic sign", "bounding_box": [1736, 291, 1789, 343]}, {"label": "static", "bounding_box": [0, 489, 86, 652]}, {"label": "ground", "bounding_box": [0, 724, 478, 1024]}, {"label": "pole", "bounding_box": [0, 488, 12, 744]}, {"label": "sidewalk", "bounding_box": [0, 873, 359, 1023]}, {"label": "traffic light", "bounding_box": [1517, 399, 1524, 411]}, {"label": "traffic light", "bounding_box": [1555, 398, 1562, 411]}, {"label": "ego vehicle", "bounding_box": [271, 844, 2028, 1023]}, {"label": "out of roi", "bounding_box": [0, 0, 2048, 1024]}]}