{"imgHeight": 1024, "imgWidth": 2048, "objects": [{"label": "sky", "bounding_box": [0, 1, 1361, 269]}, {"label": "road", "bounding_box": [0, 389, 2048, 1024]}, {"label": "vegetation", "bounding_box": [1163, 215, 1246, 256]}, {"label": "sidewalk", "bounding_box": [945, 437, 2048, 1024]}, {"label": "building", "bounding_box": [629, 169, 1246, 437]}, {"label": "building", "bounding_box": [1220, 0, 1589, 499]}, {"label": "vegetation", "bounding_box": [820, 318, 920, 430]}, {"label": "pole", "bounding_box": [886, 330, 900, 429]}, {"label": "traffic light", "bounding_box": [897, 316, 908, 338]}, {"label": "vegetation", "bounding_box": [951, 349, 1066, 458]}, {"label": "pole", "bounding_box": [950, 204, 996, 437]}, {"label": "static", "bounding_box": [944, 229, 962, 247]}, {"label": "car", "bounding_box": [975, 411, 1024, 464]}, {"label": "static", "bounding_box": [981, 360, 1009, 406]}, {"label": "vegetation", "bounding_box": [1151, 245, 1252, 389]}, {"label": "vegetation", "bounding_box": [943, 146, 1191, 475]}, {"label": "dynamic", "bounding_box": [1121, 377, 1244, 443]}, {"label": "dynamic", "bounding_box": [1196, 282, 1293, 436]}, {"label": "vegetation", "bounding_box": [1071, 389, 1191, 458]}, {"label": "vegetation", "bounding_box": [1298, 409, 1322, 490]}, {"label": "static", "bounding_box": [1335, 294, 1409, 351]}, {"label": "vegetation", "bounding_box": [1336, 416, 1385, 476]}, {"label": "dynamic", "bounding_box": [1347, 473, 1374, 495]}, {"label": "static", "bounding_box": [1370, 438, 1399, 495]}, {"label": "building", "bounding_box": [0, 144, 40, 229]}, {"label": "vegetation", "bounding_box": [3, 0, 159, 133]}, {"label": "sidewalk", "bounding_box": [1, 379, 758, 685]}, {"label": "dynamic", "bounding_box": [1112, 414, 1309, 495]}, {"label": "pole", "bounding_box": [1088, 367, 1098, 462]}, {"label": "pole", "bounding_box": [1081, 394, 1086, 458]}, {"label": "static", "bounding_box": [1086, 370, 1102, 426]}, {"label": "pole", "bounding_box": [1039, 59, 1111, 487]}, {"label": "static", "bounding_box": [1027, 99, 1056, 126]}, {"label": "building", "bounding_box": [0, 1, 638, 454]}, {"label": "vegetation", "bounding_box": [530, 0, 817, 460]}, {"label": "car", "bounding_box": [744, 403, 788, 429]}, {"label": "car", "bounding_box": [694, 405, 761, 452]}, {"label": "pole", "bounding_box": [649, 399, 655, 454]}, {"label": "pole", "bounding_box": [612, 414, 621, 477]}, {"label": "pole", "bounding_box": [625, 435, 630, 477]}, {"label": "static", "bounding_box": [616, 443, 681, 485]}, {"label": "pole", "bounding_box": [517, 217, 530, 413]}, {"label": "static", "bounding_box": [504, 242, 534, 270]}, {"label": "pole", "bounding_box": [561, 248, 569, 436]}, {"label": "traffic sign", "bounding_box": [561, 250, 629, 277]}, {"label": "traffic sign", "bounding_box": [491, 285, 561, 298]}, {"label": "traffic sign", "bounding_box": [540, 266, 569, 289]}, {"label": "traffic sign", "bounding_box": [501, 328, 560, 339]}, {"label": "traffic sign", "bounding_box": [513, 343, 563, 358]}, {"label": "vegetation", "bounding_box": [458, 381, 528, 417]}, {"label": "vegetation", "bounding_box": [358, 380, 431, 408]}, {"label": "static", "bounding_box": [502, 366, 542, 411]}, {"label": "person", "bounding_box": [453, 382, 467, 408]}, {"label": "vegetation", "bounding_box": [0, 15, 334, 449]}, {"label": "pole", "bounding_box": [267, 298, 274, 439]}, {"label": "traffic sign", "bounding_box": [249, 304, 293, 340]}, {"label": "traffic sign", "bounding_box": [242, 284, 299, 308]}, {"label": "traffic sign", "bounding_box": [231, 274, 270, 285]}, {"label": "dynamic", "bounding_box": [0, 422, 173, 485]}, {"label": "pole", "bounding_box": [18, 417, 29, 494]}, {"label": "person", "bounding_box": [125, 351, 167, 513]}, {"label": "person", "bounding_box": [175, 360, 210, 517]}, {"label": "person", "bounding_box": [547, 379, 574, 439]}, {"label": "dynamic", "bounding_box": [559, 436, 634, 499]}, {"label": "person", "bounding_box": [567, 380, 608, 501]}, {"label": "pole", "bounding_box": [328, 394, 334, 423]}, {"label": "car", "bounding_box": [222, 393, 582, 512]}, {"label": "person", "bounding_box": [187, 426, 233, 522]}, {"label": "car", "bounding_box": [711, 413, 864, 505]}, {"label": "license plate", "bounding_box": [747, 475, 784, 486]}, {"label": "person", "bounding_box": [1030, 406, 1059, 486]}, {"label": "person", "bounding_box": [1004, 402, 1027, 484]}, {"label": "pole", "bounding_box": [1478, 262, 1489, 503]}, {"label": "dynamic", "bounding_box": [1465, 449, 1539, 503]}, {"label": "static", "bounding_box": [1465, 230, 1503, 255]}, {"label": "building", "bounding_box": [1409, 0, 2048, 616]}, {"label": "pole", "bounding_box": [1256, 0, 1294, 553]}, {"label": "static", "bounding_box": [1258, 292, 1277, 391]}, {"label": "static", "bounding_box": [1236, 399, 1308, 495]}, {"label": "ego vehicle", "bounding_box": [271, 844, 2028, 1023]}, {"label": "out of roi", "bounding_box": [0, 0, 2048, 1024]}]}