{"imgHeight": 1024, "imgWidth": 2048, "objects": [{"label": "sky", "bounding_box": [911, 0, 1189, 241]}, {"label": "road", "bounding_box": [0, 409, 2048, 1024]}, {"label": "sidewalk", "bounding_box": [0, 498, 1051, 1024]}, {"label": "sidewalk", "bounding_box": [864, 447, 947, 489]}, {"label": "sidewalk", "bounding_box": [865, 422, 2048, 693]}, {"label": "vegetation", "bounding_box": [1005, 195, 1107, 420]}, {"label": "building", "bounding_box": [1017, 290, 1092, 329]}, {"label": "building", "bounding_box": [1017, 328, 1099, 420]}, {"label": "vegetation", "bounding_box": [1012, 345, 1059, 435]}, {"label": "building", "bounding_box": [836, 0, 1021, 438]}, {"label": "traffic sign", "bounding_box": [930, 375, 947, 393]}, {"label": "static", "bounding_box": [958, 394, 1026, 421]}, {"label": "dynamic", "bounding_box": [957, 370, 1088, 399]}, {"label": "pole", "bounding_box": [1010, 395, 1014, 437]}, {"label": "pole", "bounding_box": [1031, 394, 1035, 435]}, {"label": "static", "bounding_box": [921, 400, 936, 436]}, {"label": "building", "bounding_box": [1067, 0, 2048, 565]}, {"label": "static", "bounding_box": [949, 429, 1033, 450]}, {"label": "vegetation", "bounding_box": [947, 391, 1035, 439]}, {"label": "traffic sign", "bounding_box": [1069, 360, 1092, 391]}, {"label": "car", "bounding_box": [1029, 394, 1122, 468]}, {"label": "static", "bounding_box": [1092, 344, 1118, 366]}, {"label": "traffic sign", "bounding_box": [1120, 335, 1138, 357]}, {"label": "traffic sign", "bounding_box": [1121, 356, 1140, 368]}, {"label": "car", "bounding_box": [1114, 404, 1220, 486]}, {"label": "person", "bounding_box": [1090, 402, 1129, 485]}, {"label": "traffic sign", "bounding_box": [1185, 334, 1209, 358]}, {"label": "static", "bounding_box": [1205, 327, 1239, 363]}, {"label": "static", "bounding_box": [1257, 321, 1301, 351]}, {"label": "traffic sign", "bounding_box": [1294, 329, 1321, 358]}, {"label": "pole", "bounding_box": [1329, 187, 1337, 422]}, {"label": "static", "bounding_box": [1305, 174, 1335, 188]}, {"label": "static", "bounding_box": [1323, 373, 1350, 417]}, {"label": "person", "bounding_box": [1294, 397, 1324, 440]}, {"label": "static", "bounding_box": [1398, 245, 1440, 282]}, {"label": "static", "bounding_box": [1399, 288, 1440, 339]}, {"label": "static", "bounding_box": [1125, 207, 1147, 331]}, {"label": "static", "bounding_box": [1158, 154, 1197, 193]}, {"label": "car", "bounding_box": [1184, 409, 1317, 507]}, {"label": "car", "bounding_box": [1284, 402, 1442, 526]}, {"label": "car", "bounding_box": [1338, 406, 1514, 557]}, {"label": "car", "bounding_box": [1443, 377, 1761, 603]}, {"label": "person", "bounding_box": [1637, 330, 1718, 619]}, {"label": "person", "bounding_box": [1636, 355, 1769, 634]}, {"label": "static", "bounding_box": [1897, 347, 1946, 560]}, {"label": "pole", "bounding_box": [1944, 176, 1954, 563]}, {"label": "traffic sign", "bounding_box": [1855, 182, 1942, 273]}, {"label": "vegetation", "bounding_box": [859, 0, 1137, 419]}, {"label": "bicycle", "bounding_box": [885, 422, 904, 478]}, {"label": "building", "bounding_box": [0, 0, 897, 745]}, {"label": "traffic sign", "bounding_box": [893, 322, 925, 353]}, {"label": "person", "bounding_box": [926, 388, 960, 491]}, {"label": "ego vehicle", "bounding_box": [271, 844, 2028, 1023]}, {"label": "out of roi", "bounding_box": [0, 0, 2048, 1024]}]}