{"imgHeight": 1024, "imgWidth": 2048, "objects": [{"label": "sky", "bounding_box": [607, 0, 1471, 220]}, {"label": "road", "bounding_box": [0, 392, 2048, 1024]}, {"label": "sidewalk", "bounding_box": [0, 419, 1009, 851]}, {"label": "sidewalk", "bounding_box": [1286, 499, 1440, 549]}, {"label": "sidewalk", "bounding_box": [1337, 479, 1417, 493]}, {"label": "sidewalk", "bounding_box": [1176, 427, 1369, 483]}, {"label": "vegetation", "bounding_box": [958, 155, 1308, 369]}, {"label": "building", "bounding_box": [1120, 0, 2048, 506]}, {"label": "building", "bounding_box": [569, 89, 1122, 427]}, {"label": "vegetation", "bounding_box": [1095, 320, 1163, 401]}, {"label": "vegetation", "bounding_box": [968, 156, 1086, 376]}, {"label": "pole", "bounding_box": [1042, 311, 1048, 363]}, {"label": "static", "bounding_box": [1046, 316, 1065, 331]}, {"label": "vegetation", "bounding_box": [847, 366, 919, 417]}, {"label": "fence", "bounding_box": [789, 345, 1026, 468]}, {"label": "vegetation", "bounding_box": [0, 0, 1080, 407]}, {"label": "vegetation", "bounding_box": [861, 315, 1116, 457]}, {"label": "cargroup", "bounding_box": [991, 400, 1172, 466]}, {"label": "pole", "bounding_box": [928, 385, 936, 466]}, {"label": "static", "bounding_box": [908, 367, 933, 391]}, {"label": "pole", "bounding_box": [917, 368, 921, 468]}, {"label": "traffic sign", "bounding_box": [925, 368, 946, 390]}, {"label": "traffic sign", "bounding_box": [923, 392, 948, 405]}, {"label": "persongroup", "bounding_box": [878, 405, 912, 470]}, {"label": "person", "bounding_box": [858, 425, 882, 465]}, {"label": "person", "bounding_box": [933, 408, 957, 471]}, {"label": "pole", "bounding_box": [307, 18, 321, 290]}, {"label": "fence", "bounding_box": [0, 186, 800, 618]}, {"label": "static", "bounding_box": [322, 4, 427, 148]}, {"label": "static", "bounding_box": [615, 262, 658, 330]}, {"label": "static", "bounding_box": [687, 0, 724, 33]}, {"label": "person", "bounding_box": [702, 381, 750, 519]}, {"label": "person", "bounding_box": [643, 429, 688, 520]}, {"label": "person", "bounding_box": [591, 357, 653, 520]}, {"label": "person", "bounding_box": [532, 360, 602, 547]}, {"label": "dynamic", "bounding_box": [507, 430, 586, 558]}, {"label": "person", "bounding_box": [422, 352, 501, 556]}, {"label": "person", "bounding_box": [0, 298, 176, 733]}, {"label": "vegetation", "bounding_box": [1174, 306, 1363, 464]}, {"label": "traffic sign", "bounding_box": [1182, 393, 1195, 411]}, {"label": "static", "bounding_box": [1187, 409, 1224, 428]}, {"label": "pole", "bounding_box": [1219, 389, 1222, 471]}, {"label": "traffic sign", "bounding_box": [1209, 375, 1231, 395]}, {"label": "person", "bounding_box": [1193, 411, 1206, 446]}, {"label": "person", "bounding_box": [1204, 408, 1219, 446]}, {"label": "pole", "bounding_box": [1248, 284, 1253, 414]}, {"label": "static", "bounding_box": [1222, 285, 1252, 299]}, {"label": "dynamic", "bounding_box": [1221, 422, 1239, 446]}, {"label": "static", "bounding_box": [1238, 425, 1249, 449]}, {"label": "pole", "bounding_box": [1256, 384, 1260, 473]}, {"label": "traffic sign", "bounding_box": [1244, 399, 1270, 412]}, {"label": "traffic sign", "bounding_box": [1247, 376, 1269, 400]}, {"label": "static", "bounding_box": [1245, 467, 1269, 476]}, {"label": "static", "bounding_box": [1229, 454, 1240, 473]}, {"label": "car", "bounding_box": [1108, 415, 1138, 446]}, {"label": "car", "bounding_box": [1109, 414, 1171, 473]}, {"label": "rider", "bounding_box": [1170, 408, 1199, 469]}, {"label": "bicycle", "bounding_box": [1180, 444, 1187, 476]}, {"label": "pole", "bounding_box": [1394, 271, 1405, 452]}, {"label": "car", "bounding_box": [1306, 429, 1456, 484]}, {"label": "pole", "bounding_box": [1375, 408, 1381, 478]}, {"label": "traffic sign", "bounding_box": [1375, 409, 1384, 434]}, {"label": "static", "bounding_box": [1387, 378, 1410, 409]}, {"label": "vegetation", "bounding_box": [1350, 444, 1435, 480]}, {"label": "pole", "bounding_box": [1406, 410, 1415, 480]}, {"label": "static", "bounding_box": [1425, 404, 1446, 475]}, {"label": "vegetation", "bounding_box": [1280, 0, 1640, 453]}, {"label": "vegetation", "bounding_box": [1474, 0, 2048, 396]}, {"label": "pole", "bounding_box": [1861, 267, 1875, 394]}, {"label": "traffic sign", "bounding_box": [1835, 282, 1908, 322]}, {"label": "traffic sign", "bounding_box": [1811, 144, 1909, 282]}, {"label": "static", "bounding_box": [1543, 380, 1562, 407]}, {"label": "static", "bounding_box": [1598, 369, 1630, 400]}, {"label": "car", "bounding_box": [1371, 389, 1820, 684]}, {"label": "car", "bounding_box": [1638, 339, 2048, 1024]}, {"label": "wall", "bounding_box": [1248, 420, 1306, 465]}, {"label": "car", "bounding_box": [971, 421, 1035, 467]}, {"label": "ego vehicle", "bounding_box": [271, 844, 2028, 1023]}, {"label": "out of roi", "bounding_box": [0, 0, 2048, 1024]}]}