{"imgHeight": 1024, "imgWidth": 2048, "objects": [{"label": "sky", "bounding_box": [697, 2, 1172, 221]}, {"label": "road", "bounding_box": [0, 406, 2048, 1024]}, {"label": "sidewalk", "bounding_box": [270, 490, 584, 608]}, {"label": "static", "bounding_box": [992, 296, 1109, 408]}, {"label": "building", "bounding_box": [902, 292, 1001, 452]}, {"label": "pole", "bounding_box": [935, 399, 939, 437]}, {"label": "vegetation", "bounding_box": [575, 117, 1020, 466]}, {"label": "pole", "bounding_box": [949, 412, 953, 447]}, {"label": "traffic light", "bounding_box": [946, 409, 956, 422]}, {"label": "fence", "bounding_box": [798, 425, 930, 459]}, {"label": "person", "bounding_box": [924, 424, 932, 440]}, {"label": "traffic sign", "bounding_box": [862, 415, 889, 425]}, {"label": "pole", "bounding_box": [883, 299, 921, 454]}, {"label": "static", "bounding_box": [836, 336, 855, 360]}, {"label": "static", "bounding_box": [809, 355, 850, 415]}, {"label": "pole", "bounding_box": [820, 359, 830, 464]}, {"label": "static", "bounding_box": [763, 399, 800, 423]}, {"label": "static", "bounding_box": [764, 360, 799, 396]}, {"label": "static", "bounding_box": [760, 346, 795, 361]}, {"label": "static", "bounding_box": [753, 316, 783, 345]}, {"label": "pole", "bounding_box": [780, 242, 789, 438]}, {"label": "static", "bounding_box": [728, 376, 754, 415]}, {"label": "static", "bounding_box": [727, 417, 753, 430]}, {"label": "pole", "bounding_box": [738, 375, 744, 450]}, {"label": "cargroup", "bounding_box": [1000, 403, 1021, 416]}, {"label": "static", "bounding_box": [1058, 411, 1087, 427]}, {"label": "car", "bounding_box": [1079, 420, 1109, 441]}, {"label": "sidewalk", "bounding_box": [1072, 433, 2048, 1024]}, {"label": "building", "bounding_box": [1721, 113, 2048, 484]}, {"label": "vegetation", "bounding_box": [1227, 0, 2046, 473]}, {"label": "pole", "bounding_box": [1250, 367, 1256, 464]}, {"label": "pole", "bounding_box": [1260, 372, 1270, 462]}, {"label": "dynamic", "bounding_box": [1424, 439, 1459, 491]}, {"label": "pole", "bounding_box": [1512, 308, 1521, 470]}, {"label": "terrain", "bounding_box": [1223, 436, 2048, 596]}, {"label": "car", "bounding_box": [1858, 408, 2048, 523]}, {"label": "vegetation", "bounding_box": [1058, 320, 1122, 439]}, {"label": "pole", "bounding_box": [1025, 369, 1088, 377]}, {"label": "traffic light", "bounding_box": [1028, 367, 1035, 380]}, {"label": "traffic light", "bounding_box": [1058, 363, 1065, 378]}, {"label": "traffic sign", "bounding_box": [1087, 363, 1135, 408]}, {"label": "traffic sign", "bounding_box": [1086, 345, 1100, 362]}, {"label": "vegetation", "bounding_box": [910, 197, 1184, 477]}, {"label": "vegetation", "bounding_box": [803, 0, 1538, 498]}, {"label": "vegetation", "bounding_box": [185, 1, 888, 482]}, {"label": "fence", "bounding_box": [390, 438, 671, 530]}, {"label": "person", "bounding_box": [650, 436, 663, 460]}, {"label": "person", "bounding_box": [613, 439, 624, 458]}, {"label": "building", "bounding_box": [0, 2, 408, 559]}, {"label": "static", "bounding_box": [333, 325, 476, 363]}, {"label": "static", "bounding_box": [332, 289, 474, 327]}, {"label": "static", "bounding_box": [331, 251, 471, 292]}, {"label": "pole", "bounding_box": [390, 0, 439, 558]}, {"label": "pole", "bounding_box": [1049, 368, 1052, 409]}, {"label": "pole", "bounding_box": [1055, 387, 1059, 417]}, {"label": "traffic light", "bounding_box": [1017, 378, 1025, 392]}, {"label": "pole", "bounding_box": [954, 381, 1023, 395]}, {"label": "cargroup", "bounding_box": [1013, 422, 1047, 442]}, {"label": "car", "bounding_box": [985, 429, 1009, 445]}, {"label": "car", "bounding_box": [1004, 430, 1031, 452]}, {"label": "car", "bounding_box": [1045, 426, 1073, 446]}, {"label": "car", "bounding_box": [1022, 439, 1059, 469]}, {"label": "car", "bounding_box": [945, 434, 976, 471]}, {"label": "rider", "bounding_box": [955, 430, 968, 459]}, {"label": "motorcycle", "bounding_box": [955, 449, 975, 486]}, {"label": "car", "bounding_box": [846, 436, 900, 489]}, {"label": "car", "bounding_box": [875, 436, 969, 510]}, {"label": "car", "bounding_box": [716, 431, 831, 514]}, {"label": "car", "bounding_box": [528, 450, 682, 562]}, {"label": "car", "bounding_box": [0, 434, 306, 698]}, {"label": "rider", "bounding_box": [825, 408, 883, 525]}, {"label": "motorcycle", "bounding_box": [808, 458, 879, 549]}, {"label": "motorcycle", "bounding_box": [728, 538, 749, 559]}, {"label": "rider", "bounding_box": [654, 401, 742, 570]}, {"label": "motorcycle", "bounding_box": [629, 447, 734, 605]}, {"label": "fence", "bounding_box": [1455, 345, 2047, 602]}, {"label": "ego vehicle", "bounding_box": [271, 844, 2028, 1023]}, {"label": "out of roi", "bounding_box": [0, 0, 2048, 1024]}]}