{"imgHeight": 1024, "imgWidth": 2048, "objects": [{"label": "sky", "bounding_box": [1798, 1, 2048, 199]}, {"label": "road", "bounding_box": [0, 442, 2048, 1024]}, {"label": "building", "bounding_box": [1799, 2, 2048, 490]}, {"label": "sidewalk", "bounding_box": [218, 459, 1843, 491]}, {"label": "sidewalk", "bounding_box": [0, 491, 560, 720]}, {"label": "static", "bounding_box": [1836, 422, 1906, 476]}, {"label": "building", "bounding_box": [0, 1, 1849, 482]}, {"label": "vegetation", "bounding_box": [35, 234, 270, 423]}, {"label": "vegetation", "bounding_box": [337, 179, 579, 486]}, {"label": "pole", "bounding_box": [295, 336, 303, 444]}, {"label": "person", "bounding_box": [284, 359, 298, 430]}, {"label": "person", "bounding_box": [19, 352, 76, 409]}, {"label": "persongroup", "bounding_box": [56, 362, 131, 411]}, {"label": "person", "bounding_box": [117, 353, 146, 401]}, {"label": "person", "bounding_box": [148, 349, 200, 401]}, {"label": "person", "bounding_box": [68, 348, 113, 400]}, {"label": "person", "bounding_box": [133, 366, 166, 397]}, {"label": "person", "bounding_box": [177, 356, 235, 403]}, {"label": "person", "bounding_box": [320, 368, 363, 502]}, {"label": "person", "bounding_box": [415, 408, 440, 482]}, {"label": "pole", "bounding_box": [431, 244, 446, 516]}, {"label": "traffic light", "bounding_box": [448, 258, 483, 306]}, {"label": "traffic light", "bounding_box": [426, 255, 450, 333]}, {"label": "pole", "bounding_box": [405, 268, 421, 534]}, {"label": "static", "bounding_box": [344, 277, 398, 401]}, {"label": "pole", "bounding_box": [342, 278, 353, 535]}, {"label": "pole", "bounding_box": [380, 300, 389, 397]}, {"label": "static", "bounding_box": [365, 381, 408, 547]}, {"label": "vegetation", "bounding_box": [0, 2, 480, 427]}, {"label": "car", "bounding_box": [0, 389, 355, 617]}, {"label": "pole", "bounding_box": [695, 393, 702, 479]}, {"label": "dynamic", "bounding_box": [652, 468, 735, 486]}, {"label": "traffic sign", "bounding_box": [687, 332, 716, 412]}, {"label": "traffic sign", "bounding_box": [785, 289, 802, 340]}, {"label": "vegetation", "bounding_box": [762, 149, 1058, 481]}, {"label": "traffic light", "bounding_box": [984, 146, 1014, 205]}, {"label": "traffic light", "bounding_box": [968, 331, 998, 381]}, {"label": "pole", "bounding_box": [964, 159, 986, 482]}, {"label": "static", "bounding_box": [1884, 344, 1914, 371]}, {"label": "pole", "bounding_box": [1895, 313, 1904, 442]}, {"label": "pole", "bounding_box": [1417, 339, 1426, 477]}, {"label": "static", "bounding_box": [1405, 391, 1432, 428]}, {"label": "sidewalk", "bounding_box": [1211, 478, 2048, 958]}, {"label": "vegetation", "bounding_box": [1160, 216, 1357, 478]}, {"label": "vegetation", "bounding_box": [1486, 189, 1707, 375]}, {"label": "pole", "bounding_box": [1351, 0, 1397, 513]}, {"label": "traffic light", "bounding_box": [1319, 258, 1360, 311]}, {"label": "traffic light", "bounding_box": [1349, 258, 1374, 327]}, {"label": "person", "bounding_box": [1804, 359, 1847, 483]}, {"label": "wall", "bounding_box": [1815, 477, 1877, 519]}, {"label": "person", "bounding_box": [1757, 409, 1843, 512]}, {"label": "vegetation", "bounding_box": [1868, 144, 2048, 536]}, {"label": "dynamic", "bounding_box": [1903, 414, 1974, 515]}, {"label": "dynamic", "bounding_box": [1980, 404, 2048, 543]}, {"label": "bicycle", "bounding_box": [1828, 418, 1921, 523]}, {"label": "traffic sign", "bounding_box": [1396, 237, 1458, 367]}, {"label": "pole", "bounding_box": [1387, 224, 1406, 507]}, {"label": "pole", "bounding_box": [1451, 221, 1471, 485]}, {"label": "static", "bounding_box": [1419, 496, 1538, 582]}, {"label": "terrain", "bounding_box": [1405, 444, 1523, 518]}, {"label": "static", "bounding_box": [1531, 500, 1823, 660]}, {"label": "vegetation", "bounding_box": [1405, 444, 1523, 518]}, {"label": "pole", "bounding_box": [1510, 303, 1525, 527]}, {"label": "traffic sign", "bounding_box": [1488, 148, 1529, 243]}, {"label": "traffic sign", "bounding_box": [1493, 241, 1531, 316]}, {"label": "vegetation", "bounding_box": [1488, 317, 1682, 461]}, {"label": "terrain", "bounding_box": [1535, 416, 1786, 576]}, {"label": "vegetation", "bounding_box": [1535, 416, 1786, 576]}, {"label": "static", "bounding_box": [1813, 561, 2048, 756]}, {"label": "vegetation", "bounding_box": [1819, 277, 2048, 569]}, {"label": "terrain", "bounding_box": [1900, 519, 2048, 603]}, {"label": "static", "bounding_box": [1503, 504, 1551, 633]}, {"label": "static", "bounding_box": [1528, 537, 1681, 612]}, {"label": "static", "bounding_box": [1676, 533, 1741, 707]}, {"label": "static", "bounding_box": [2009, 591, 2048, 841]}, {"label": "car", "bounding_box": [724, 391, 900, 513]}, {"label": "license plate", "bounding_box": [40, 548, 128, 569]}, {"label": "license plate", "bounding_box": [763, 474, 804, 486]}, {"label": "vegetation", "bounding_box": [1900, 519, 2048, 603]}, {"label": "ego vehicle", "bounding_box": [271, 844, 2028, 1023]}, {"label": "out of roi", "bounding_box": [0, 0, 2048, 1024]}]}