{"imgHeight": 1024, "imgWidth": 2048, "objects": [{"label": "sky", "bounding_box": [842, 0, 1391, 169]}, {"label": "building", "bounding_box": [751, 0, 2048, 624]}, {"label": "road", "bounding_box": [0, 390, 2048, 1024]}, {"label": "wall", "bounding_box": [946, 348, 1293, 425]}, {"label": "vegetation", "bounding_box": [0, 0, 1321, 581]}, {"label": "static", "bounding_box": [1248, 336, 1263, 348]}, {"label": "traffic sign", "bounding_box": [1027, 334, 1036, 344]}, {"label": "traffic sign", "bounding_box": [1027, 344, 1036, 353]}, {"label": "pole", "bounding_box": [1083, 337, 1085, 387]}, {"label": "traffic sign", "bounding_box": [1077, 338, 1091, 353]}, {"label": "pole", "bounding_box": [912, 291, 917, 320]}, {"label": "traffic sign", "bounding_box": [906, 334, 923, 346]}, {"label": "traffic sign", "bounding_box": [904, 316, 923, 336]}, {"label": "wall", "bounding_box": [1697, 366, 2047, 566]}, {"label": "static", "bounding_box": [856, 316, 888, 349]}, {"label": "pole", "bounding_box": [870, 304, 874, 352]}, {"label": "wall", "bounding_box": [805, 343, 844, 397]}, {"label": "pole", "bounding_box": [1175, 105, 1239, 413]}, {"label": "static", "bounding_box": [1155, 100, 1179, 109]}, {"label": "car", "bounding_box": [1074, 375, 1119, 402]}, {"label": "cargroup", "bounding_box": [962, 375, 1010, 395]}, {"label": "car", "bounding_box": [1027, 377, 1079, 411]}, {"label": "car", "bounding_box": [997, 386, 1027, 437]}, {"label": "car", "bounding_box": [966, 382, 1014, 446]}, {"label": "car", "bounding_box": [1104, 347, 1177, 420]}, {"label": "car", "bounding_box": [1120, 373, 1184, 426]}, {"label": "car", "bounding_box": [1131, 383, 1188, 433]}, {"label": "car", "bounding_box": [1142, 387, 1191, 444]}, {"label": "car", "bounding_box": [1028, 382, 1119, 450]}, {"label": "license plate", "bounding_box": [1062, 408, 1086, 415]}, {"label": "car", "bounding_box": [847, 343, 986, 479]}, {"label": "car", "bounding_box": [1150, 388, 1241, 457]}, {"label": "license plate", "bounding_box": [1195, 433, 1224, 444]}, {"label": "traffic sign", "bounding_box": [1221, 294, 1232, 305]}, {"label": "pole", "bounding_box": [1382, 0, 1399, 343]}, {"label": "traffic sign", "bounding_box": [1223, 305, 1230, 317]}, {"label": "traffic sign", "bounding_box": [1223, 319, 1239, 335]}, {"label": "traffic sign", "bounding_box": [1223, 334, 1239, 352]}, {"label": "car", "bounding_box": [1214, 386, 1280, 496]}, {"label": "car", "bounding_box": [1226, 388, 1292, 511]}, {"label": "pole", "bounding_box": [1480, 322, 1489, 353]}, {"label": "traffic sign", "bounding_box": [1370, 287, 1412, 329]}, {"label": "traffic sign", "bounding_box": [1456, 273, 1513, 327]}, {"label": "vegetation", "bounding_box": [1552, 341, 1732, 477]}, {"label": "car", "bounding_box": [1246, 331, 1517, 547]}, {"label": "car", "bounding_box": [812, 372, 935, 520]}, {"label": "sidewalk", "bounding_box": [0, 476, 665, 819]}, {"label": "wall", "bounding_box": [0, 422, 592, 611]}, {"label": "fence", "bounding_box": [327, 296, 448, 432]}, {"label": "building", "bounding_box": [112, 221, 355, 465]}, {"label": "vegetation", "bounding_box": [107, 229, 435, 570]}, {"label": "car", "bounding_box": [560, 362, 875, 596]}, {"label": "license plate", "bounding_box": [643, 504, 727, 527]}, {"label": "dynamic", "bounding_box": [1918, 391, 1993, 425]}, {"label": "dynamic", "bounding_box": [1867, 389, 1945, 412]}, {"label": "dynamic", "bounding_box": [1788, 386, 1846, 406]}, {"label": "sidewalk", "bounding_box": [1670, 495, 2047, 776]}, {"label": "bicycle", "bounding_box": [1749, 402, 1822, 522]}, {"label": "car", "bounding_box": [1296, 372, 1730, 661]}, {"label": "license plate", "bounding_box": [1506, 492, 1620, 528]}, {"label": "pole", "bounding_box": [1827, 182, 1843, 617]}, {"label": "traffic sign", "bounding_box": [1797, 186, 1873, 228]}, {"label": "traffic sign", "bounding_box": [1782, 78, 1889, 186]}, {"label": "ego vehicle", "bounding_box": [271, 844, 2028, 1023]}, {"label": "out of roi", "bounding_box": [0, 0, 2048, 1024]}]}