{"imgHeight": 1024, "imgWidth": 2048, "objects": [{"label": "ground", "bounding_box": [0, 528, 717, 661]}, {"label": "ground", "bounding_box": [0, 555, 444, 797]}, {"label": "terrain", "bounding_box": [57, 464, 113, 518]}, {"label": "sky", "bounding_box": [811, 0, 1336, 201]}, {"label": "road", "bounding_box": [253, 345, 2048, 1024]}, {"label": "parking", "bounding_box": [46, 480, 545, 548]}, {"label": "sidewalk", "bounding_box": [0, 377, 1046, 1023]}, {"label": "sidewalk", "bounding_box": [1043, 384, 2048, 856]}, {"label": "building", "bounding_box": [872, 128, 995, 297]}, {"label": "vegetation", "bounding_box": [828, 0, 2048, 412]}, {"label": "wall", "bounding_box": [1069, 279, 2048, 709]}, {"label": "fence", "bounding_box": [1358, 111, 2048, 429]}, {"label": "pole", "bounding_box": [1099, 311, 1108, 437]}, {"label": "static", "bounding_box": [1091, 306, 1112, 315]}, {"label": "fence", "bounding_box": [1100, 391, 1170, 457]}, {"label": "pole", "bounding_box": [1197, 282, 1206, 431]}, {"label": "static", "bounding_box": [1185, 277, 1208, 290]}, {"label": "pole", "bounding_box": [1423, 153, 1449, 477]}, {"label": "static", "bounding_box": [1407, 135, 1425, 150]}, {"label": "cargroup", "bounding_box": [1008, 378, 1068, 416]}, {"label": "person", "bounding_box": [1022, 384, 1037, 414]}, {"label": "car", "bounding_box": [1118, 419, 1208, 503]}, {"label": "car", "bounding_box": [1161, 421, 1216, 528]}, {"label": "car", "bounding_box": [1165, 408, 1282, 539]}, {"label": "car", "bounding_box": [1193, 414, 1464, 608]}, {"label": "license plate", "bounding_box": [1335, 491, 1403, 517]}, {"label": "vegetation", "bounding_box": [201, 0, 1126, 546]}, {"label": "fence", "bounding_box": [253, 324, 380, 487]}, {"label": "building", "bounding_box": [0, 0, 278, 556]}, {"label": "static", "bounding_box": [66, 516, 106, 552]}, {"label": "static", "bounding_box": [197, 472, 236, 519]}, {"label": "terrain", "bounding_box": [169, 399, 267, 478]}, {"label": "vegetation", "bounding_box": [169, 399, 267, 478]}, {"label": "fence", "bounding_box": [903, 365, 1023, 411]}, {"label": "dynamic", "bounding_box": [401, 435, 474, 548]}, {"label": "vegetation", "bounding_box": [57, 464, 113, 518]}, {"label": "vegetation", "bounding_box": [0, 148, 247, 553]}, {"label": "building", "bounding_box": [0, 0, 153, 565]}, {"label": "ego vehicle", "bounding_box": [271, 844, 2028, 1023]}, {"label": "out of roi", "bounding_box": [0, 0, 2048, 1024]}]}