{"imgHeight": 1024, "imgWidth": 2048, "objects": [{"label": "sky", "bounding_box": [948, 0, 1381, 230]}, {"label": "road", "bounding_box": [0, 389, 2048, 1024]}, {"label": "sidewalk", "bounding_box": [0, 387, 1080, 1024]}, {"label": "sidewalk", "bounding_box": [1586, 478, 2007, 658]}, {"label": "building", "bounding_box": [1072, 0, 1293, 293]}, {"label": "building", "bounding_box": [1076, 228, 1267, 427]}, {"label": "vegetation", "bounding_box": [1174, 277, 1206, 324]}, {"label": "vegetation", "bounding_box": [1092, 301, 1119, 376]}, {"label": "building", "bounding_box": [0, 0, 1108, 752]}, {"label": "building", "bounding_box": [1231, 0, 2048, 570]}, {"label": "static", "bounding_box": [877, 185, 955, 242]}, {"label": "static", "bounding_box": [937, 317, 946, 349]}, {"label": "pole", "bounding_box": [933, 315, 940, 470]}, {"label": "car", "bounding_box": [1121, 327, 1238, 446]}, {"label": "static", "bounding_box": [996, 257, 1027, 324]}, {"label": "static", "bounding_box": [1061, 284, 1076, 311]}, {"label": "static", "bounding_box": [1076, 329, 1087, 339]}, {"label": "person", "bounding_box": [976, 371, 994, 426]}, {"label": "static", "bounding_box": [964, 384, 1008, 457]}, {"label": "person", "bounding_box": [1003, 371, 1038, 458]}, {"label": "fence", "bounding_box": [0, 0, 707, 222]}, {"label": "terrain", "bounding_box": [568, 82, 725, 210]}, {"label": "car", "bounding_box": [1238, 157, 1805, 602]}, {"label": "license plate", "bounding_box": [1395, 528, 1483, 549]}, {"label": "truck", "bounding_box": [1121, 327, 1238, 446]}, {"label": "person", "bounding_box": [500, 235, 678, 683]}, {"label": "pole", "bounding_box": [1858, 215, 1903, 595]}, {"label": "traffic sign", "bounding_box": [1856, 131, 1940, 226]}, {"label": "car", "bounding_box": [1847, 407, 2048, 794]}, {"label": "car", "bounding_box": [1043, 361, 1139, 462]}, {"label": "person", "bounding_box": [1045, 379, 1077, 467]}, {"label": "person", "bounding_box": [1086, 383, 1119, 467]}, {"label": "person", "bounding_box": [1120, 338, 1199, 579]}, {"label": "truck", "bounding_box": [1238, 157, 1805, 602]}, {"label": "person", "bounding_box": [1197, 348, 1288, 576]}, {"label": "vegetation", "bounding_box": [568, 82, 725, 210]}, {"label": "ego vehicle", "bounding_box": [271, 844, 2028, 1023]}, {"label": "out of roi", "bounding_box": [0, 0, 2048, 1024]}]}