{"imgHeight": 1024, "imgWidth": 2048, "objects": [{"label": "sky", "bounding_box": [648, 0, 925, 259]}, {"label": "road", "bounding_box": [0, 375, 2048, 1024]}, {"label": "sidewalk", "bounding_box": [0, 374, 786, 582]}, {"label": "building", "bounding_box": [0, 0, 865, 537]}, {"label": "sidewalk", "bounding_box": [616, 416, 2048, 1023]}, {"label": "building", "bounding_box": [740, 0, 2048, 530]}, {"label": "car", "bounding_box": [543, 377, 621, 441]}, {"label": "pole", "bounding_box": [428, 306, 430, 373]}, {"label": "traffic sign", "bounding_box": [419, 315, 439, 325]}, {"label": "traffic sign", "bounding_box": [419, 324, 439, 335]}, {"label": "traffic sign", "bounding_box": [416, 288, 443, 315]}, {"label": "pole", "bounding_box": [175, 383, 180, 430]}, {"label": "pole", "bounding_box": [211, 385, 215, 430]}, {"label": "pole", "bounding_box": [243, 386, 247, 430]}, {"label": "pole", "bounding_box": [307, 387, 310, 428]}, {"label": "pole", "bounding_box": [341, 387, 345, 428]}, {"label": "traffic sign", "bounding_box": [743, 358, 753, 375]}, {"label": "car", "bounding_box": [608, 335, 744, 462]}, {"label": "pole", "bounding_box": [709, 260, 748, 474]}, {"label": "traffic sign", "bounding_box": [695, 224, 734, 264]}, {"label": "traffic sign", "bounding_box": [701, 267, 720, 286]}, {"label": "traffic sign", "bounding_box": [702, 291, 715, 312]}, {"label": "traffic sign", "bounding_box": [727, 302, 765, 339]}, {"label": "person", "bounding_box": [408, 334, 477, 556]}, {"label": "static", "bounding_box": [937, 80, 1051, 233]}, {"label": "vegetation", "bounding_box": [1538, 245, 1619, 350]}, {"label": "pole", "bounding_box": [1350, 263, 1360, 371]}, {"label": "traffic sign", "bounding_box": [1336, 206, 1387, 268]}, {"label": "static", "bounding_box": [1904, 524, 2047, 632]}, {"label": "bicycle", "bounding_box": [1238, 440, 1301, 497]}, {"label": "car", "bounding_box": [1266, 324, 1718, 632]}, {"label": "license plate", "bounding_box": [1524, 466, 1629, 493]}, {"label": "ego vehicle", "bounding_box": [271, 844, 2028, 1023]}, {"label": "out of roi", "bounding_box": [0, 0, 2048, 1024]}]}