{"imgHeight": 1024, "imgWidth": 2048, "objects": [{"label": "sky", "bounding_box": [0, 0, 1419, 292]}, {"label": "road", "bounding_box": [0, 378, 2048, 1024]}, {"label": "building", "bounding_box": [0, 9, 859, 460]}, {"label": "building", "bounding_box": [1158, 0, 2048, 463]}, {"label": "vegetation", "bounding_box": [705, 61, 1204, 427]}, {"label": "vegetation", "bounding_box": [274, 48, 676, 455]}, {"label": "car", "bounding_box": [165, 415, 231, 460]}, {"label": "car", "bounding_box": [218, 409, 339, 461]}, {"label": "fence", "bounding_box": [318, 403, 435, 460]}, {"label": "terrain", "bounding_box": [0, 416, 521, 498]}, {"label": "vegetation", "bounding_box": [0, 416, 521, 498]}, {"label": "sidewalk", "bounding_box": [0, 436, 735, 511]}, {"label": "static", "bounding_box": [362, 424, 372, 457]}, {"label": "pole", "bounding_box": [362, 425, 368, 482]}, {"label": "traffic light", "bounding_box": [302, 371, 314, 385]}, {"label": "static", "bounding_box": [297, 390, 312, 406]}, {"label": "pole", "bounding_box": [297, 337, 309, 485]}, {"label": "pole", "bounding_box": [466, 212, 484, 457]}, {"label": "static", "bounding_box": [436, 123, 465, 141]}, {"label": "static", "bounding_box": [377, 180, 406, 232]}, {"label": "static", "bounding_box": [411, 178, 439, 232]}, {"label": "static", "bounding_box": [189, 330, 217, 358]}, {"label": "static", "bounding_box": [447, 176, 471, 230]}, {"label": "person", "bounding_box": [248, 415, 285, 498]}, {"label": "person", "bounding_box": [242, 418, 262, 498]}, {"label": "pole", "bounding_box": [232, 195, 462, 499]}, {"label": "traffic light", "bounding_box": [231, 346, 261, 387]}, {"label": "pole", "bounding_box": [162, 354, 173, 492]}, {"label": "traffic light", "bounding_box": [167, 385, 184, 399]}, {"label": "vegetation", "bounding_box": [0, 63, 206, 480]}, {"label": "pole", "bounding_box": [65, 85, 102, 486]}, {"label": "person", "bounding_box": [7, 431, 36, 512]}, {"label": "pole", "bounding_box": [32, 331, 45, 447]}, {"label": "traffic light", "bounding_box": [40, 363, 68, 398]}, {"label": "traffic light", "bounding_box": [16, 360, 36, 393]}, {"label": "pole", "bounding_box": [599, 393, 603, 421]}, {"label": "traffic sign", "bounding_box": [588, 376, 609, 398]}, {"label": "car", "bounding_box": [518, 410, 619, 478]}, {"label": "motorcycle", "bounding_box": [967, 414, 972, 423]}, {"label": "cargroup", "bounding_box": [984, 405, 1011, 420]}, {"label": "car", "bounding_box": [716, 396, 955, 487]}, {"label": "static", "bounding_box": [709, 128, 736, 146]}, {"label": "static", "bounding_box": [821, 216, 841, 228]}, {"label": "static", "bounding_box": [856, 224, 876, 235]}, {"label": "static", "bounding_box": [1054, 109, 1082, 126]}, {"label": "static", "bounding_box": [1059, 206, 1079, 226]}, {"label": "sidewalk", "bounding_box": [1251, 413, 2048, 471]}, {"label": "parking", "bounding_box": [1219, 426, 1292, 449]}, {"label": "traffic sign", "bounding_box": [1434, 363, 1455, 438]}, {"label": "fence", "bounding_box": [1503, 374, 1541, 452]}, {"label": "traffic sign", "bounding_box": [1532, 360, 1589, 457]}, {"label": "static", "bounding_box": [1392, 170, 1416, 294]}, {"label": "static", "bounding_box": [1242, 324, 1340, 353]}, {"label": "static", "bounding_box": [1318, 306, 1423, 355]}, {"label": "pole", "bounding_box": [1271, 349, 1275, 419]}, {"label": "traffic sign", "bounding_box": [1263, 308, 1279, 355]}, {"label": "traffic sign", "bounding_box": [1278, 340, 1286, 365]}, {"label": "car", "bounding_box": [1118, 398, 1155, 425]}, {"label": "cargroup", "bounding_box": [1141, 377, 1280, 442]}, {"label": "dynamic", "bounding_box": [1266, 414, 1294, 443]}, {"label": "static", "bounding_box": [1307, 374, 1337, 427]}, {"label": "dynamic", "bounding_box": [1312, 397, 1336, 444]}, {"label": "pole", "bounding_box": [1342, 395, 1347, 445]}, {"label": "static", "bounding_box": [1360, 394, 1385, 433]}, {"label": "pole", "bounding_box": [1363, 237, 1373, 453]}, {"label": "traffic sign", "bounding_box": [1388, 278, 1408, 300]}, {"label": "traffic light", "bounding_box": [1346, 296, 1387, 341]}, {"label": "traffic light", "bounding_box": [1345, 230, 1366, 279]}, {"label": "person", "bounding_box": [1406, 384, 1434, 469]}, {"label": "bus", "bounding_box": [1014, 313, 1122, 453]}, {"label": "persongroup", "bounding_box": [39, 422, 75, 510]}, {"label": "pole", "bounding_box": [1931, 0, 1980, 449]}, {"label": "traffic sign", "bounding_box": [1940, 191, 1950, 241]}, {"label": "traffic light", "bounding_box": [1936, 246, 1979, 310]}, {"label": "ego vehicle", "bounding_box": [24, 796, 2047, 1023]}, {"label": "rectification border", "bounding_box": [416, 0, 2047, 28]}, {"label": "rectification border", "bounding_box": [2037, 509, 2047, 1023]}, {"label": "rectification border", "bounding_box": [0, 0, 17, 474]}, {"label": "rectification border", "bounding_box": [0, 977, 1937, 1023]}, {"label": "out of roi", "bounding_box": [0, 0, 2048, 1024]}]}