{"imgHeight": 1024, "imgWidth": 2048, "objects": [{"label": "building", "bounding_box": [0, 0, 2047, 486]}, {"label": "road", "bounding_box": [0, 451, 2047, 1023]}, {"label": "vegetation", "bounding_box": [0, 0, 83, 443]}, {"label": "car", "bounding_box": [25, 413, 145, 439]}, {"label": "pole", "bounding_box": [155, 375, 160, 438]}, {"label": "traffic sign", "bounding_box": [149, 359, 160, 380]}, {"label": "vegetation", "bounding_box": [0, 0, 355, 437]}, {"label": "sidewalk", "bounding_box": [49, 441, 895, 489]}, {"label": "vegetation", "bounding_box": [0, 429, 186, 467]}, {"label": "static", "bounding_box": [16, 0, 118, 467]}, {"label": "sidewalk", "bounding_box": [674, 484, 2047, 958]}, {"label": "static", "bounding_box": [1235, 51, 1303, 424]}, {"label": "pole", "bounding_box": [1239, 179, 1300, 424]}, {"label": "traffic sign", "bounding_box": [1221, 158, 1281, 215]}, {"label": "traffic sign", "bounding_box": [1233, 216, 1277, 260]}, {"label": "bicycle", "bounding_box": [1305, 374, 1389, 434]}, {"label": "vegetation", "bounding_box": [1219, 418, 2047, 492]}, {"label": "vegetation", "bounding_box": [522, 0, 1541, 456]}, {"label": "building", "bounding_box": [1010, 68, 1080, 110]}, {"label": "pole", "bounding_box": [890, 269, 909, 470]}, {"label": "vegetation", "bounding_box": [879, 417, 2047, 732]}, {"label": "traffic sign", "bounding_box": [864, 199, 915, 281]}, {"label": "pole", "bounding_box": [1089, 0, 1182, 559]}, {"label": "static", "bounding_box": [1075, 20, 1168, 158]}, {"label": "static", "bounding_box": [708, 285, 721, 318]}, {"label": "static", "bounding_box": [715, 324, 726, 352]}, {"label": "pole", "bounding_box": [710, 289, 724, 459]}, {"label": "static", "bounding_box": [768, 208, 843, 279]}, {"label": "pole", "bounding_box": [723, 0, 810, 504]}, {"label": "static", "bounding_box": [709, 216, 760, 263]}, {"label": "static", "bounding_box": [261, 304, 304, 341]}, {"label": "static", "bounding_box": [276, 343, 300, 366]}, {"label": "pole", "bounding_box": [282, 304, 293, 473]}, {"label": "static", "bounding_box": [319, 122, 353, 143]}, {"label": "pole", "bounding_box": [285, 115, 336, 476]}, {"label": "traffic sign", "bounding_box": [290, 313, 317, 352]}, {"label": "traffic sign", "bounding_box": [248, 291, 293, 304]}, {"label": "person", "bounding_box": [1085, 310, 1161, 568]}, {"label": "dynamic", "bounding_box": [973, 437, 1108, 593]}, {"label": "person", "bounding_box": [985, 307, 1114, 590]}, {"label": "pole", "bounding_box": [568, 350, 578, 456]}, {"label": "traffic sign", "bounding_box": [558, 321, 575, 352]}, {"label": "ego vehicle", "bounding_box": [24, 796, 2047, 1023]}, {"label": "rectification border", "bounding_box": [416, 0, 2047, 28]}, {"label": "rectification border", "bounding_box": [2037, 509, 2047, 1023]}, {"label": "rectification border", "bounding_box": [0, 0, 17, 474]}, {"label": "rectification border", "bounding_box": [0, 977, 1937, 1023]}, {"label": "out of roi", "bounding_box": [0, 0, 2048, 1024]}]}