{"imgHeight": 1024, "imgWidth": 2048, "objects": [{"label": "sky", "bounding_box": [533, 0, 1407, 301]}, {"label": "static", "bounding_box": [911, 318, 1113, 430]}, {"label": "road", "bounding_box": [0, 407, 2047, 1023]}, {"label": "vegetation", "bounding_box": [778, 108, 1024, 409]}, {"label": "building", "bounding_box": [0, 0, 890, 547]}, {"label": "cargroup", "bounding_box": [902, 378, 970, 428]}, {"label": "vegetation", "bounding_box": [858, 280, 968, 405]}, {"label": "vegetation", "bounding_box": [1005, 157, 1177, 403]}, {"label": "building", "bounding_box": [1098, 0, 2047, 901]}, {"label": "sidewalk", "bounding_box": [1074, 415, 2047, 955]}, {"label": "dynamic", "bounding_box": [1238, 404, 1275, 447]}, {"label": "vegetation", "bounding_box": [1036, 109, 1199, 422]}, {"label": "person", "bounding_box": [1211, 370, 1235, 452]}, {"label": "vegetation", "bounding_box": [1070, 45, 1311, 476]}, {"label": "car", "bounding_box": [1028, 395, 1056, 420]}, {"label": "person", "bounding_box": [1060, 418, 1069, 430]}, {"label": "dynamic", "bounding_box": [1046, 412, 1077, 440]}, {"label": "person", "bounding_box": [1031, 386, 1053, 440]}, {"label": "person", "bounding_box": [1074, 387, 1093, 440]}, {"label": "pole", "bounding_box": [1101, 379, 1105, 427]}, {"label": "person", "bounding_box": [1097, 397, 1118, 440]}, {"label": "traffic sign", "bounding_box": [1098, 368, 1107, 378]}, {"label": "pole", "bounding_box": [1122, 353, 1127, 441]}, {"label": "traffic sign", "bounding_box": [1106, 330, 1137, 358]}, {"label": "bicycle", "bounding_box": [1145, 407, 1165, 451]}, {"label": "bicycle", "bounding_box": [1172, 402, 1191, 451]}, {"label": "pole", "bounding_box": [1174, 317, 1182, 463]}, {"label": "static", "bounding_box": [1182, 388, 1198, 430]}, {"label": "traffic sign", "bounding_box": [1166, 320, 1187, 344]}, {"label": "pole", "bounding_box": [1174, 416, 1181, 465]}, {"label": "pole", "bounding_box": [1195, 418, 1203, 475]}, {"label": "pole", "bounding_box": [1216, 418, 1224, 483]}, {"label": "pole", "bounding_box": [1249, 420, 1260, 495]}, {"label": "pole", "bounding_box": [1297, 418, 1309, 514]}, {"label": "pole", "bounding_box": [1526, 439, 1557, 622]}, {"label": "pole", "bounding_box": [1862, 459, 1912, 763]}, {"label": "person", "bounding_box": [1349, 345, 1424, 512]}, {"label": "vegetation", "bounding_box": [1131, 0, 1551, 528]}, {"label": "pole", "bounding_box": [1391, 431, 1410, 562]}, {"label": "cargroup", "bounding_box": [881, 398, 935, 431]}, {"label": "static", "bounding_box": [843, 343, 863, 358]}, {"label": "pole", "bounding_box": [852, 345, 854, 374]}, {"label": "dynamic", "bounding_box": [770, 364, 887, 401]}, {"label": "static", "bounding_box": [733, 359, 754, 366]}, {"label": "traffic sign", "bounding_box": [746, 364, 764, 374]}, {"label": "static", "bounding_box": [741, 365, 751, 381]}, {"label": "static", "bounding_box": [744, 378, 768, 403]}, {"label": "car", "bounding_box": [759, 403, 791, 420]}, {"label": "pole", "bounding_box": [753, 375, 758, 409]}, {"label": "traffic sign", "bounding_box": [734, 331, 763, 357]}, {"label": "pole", "bounding_box": [724, 351, 727, 391]}, {"label": "traffic sign", "bounding_box": [703, 354, 723, 377]}, {"label": "car", "bounding_box": [722, 394, 764, 437]}, {"label": "car", "bounding_box": [592, 375, 745, 490]}, {"label": "car", "bounding_box": [730, 390, 919, 513]}, {"label": "pole", "bounding_box": [351, 251, 369, 418]}, {"label": "static", "bounding_box": [371, 0, 414, 438]}, {"label": "static", "bounding_box": [334, 256, 382, 305]}, {"label": "static", "bounding_box": [334, 303, 381, 331]}, {"label": "person", "bounding_box": [410, 367, 429, 404]}, {"label": "static", "bounding_box": [398, 265, 419, 334]}, {"label": "pole", "bounding_box": [371, 0, 414, 438]}, {"label": "static", "bounding_box": [405, 247, 411, 260]}, {"label": "person", "bounding_box": [0, 380, 95, 429]}, {"label": "persongroup", "bounding_box": [480, 378, 521, 402]}, {"label": "car", "bounding_box": [466, 386, 639, 520]}, {"label": "bicycle", "bounding_box": [219, 411, 291, 496]}, {"label": "car", "bounding_box": [249, 397, 546, 570]}, {"label": "car", "bounding_box": [0, 416, 277, 660]}, {"label": "license plate", "bounding_box": [780, 474, 828, 485]}, {"label": "ego vehicle", "bounding_box": [24, 796, 2047, 1023]}, {"label": "rectification border", "bounding_box": [416, 0, 2047, 28]}, {"label": "rectification border", "bounding_box": [2037, 509, 2047, 1023]}, {"label": "rectification border", "bounding_box": [0, 0, 17, 474]}, {"label": "rectification border", "bounding_box": [0, 977, 1937, 1023]}, {"label": "out of roi", "bounding_box": [0, 0, 2048, 1024]}]}