{"imgHeight": 1024, "imgWidth": 2048, "objects": [{"label": "sky", "bounding_box": [1088, 0, 1391, 206]}, {"label": "road", "bounding_box": [0, 367, 2047, 1023]}, {"label": "ground", "bounding_box": [0, 407, 1022, 1023]}, {"label": "building", "bounding_box": [0, 1, 861, 501]}, {"label": "building", "bounding_box": [1109, 0, 2047, 612]}, {"label": "vegetation", "bounding_box": [1049, 236, 1121, 402]}, {"label": "pole", "bounding_box": [1104, 357, 1135, 377]}, {"label": "traffic light", "bounding_box": [1101, 354, 1105, 363]}, {"label": "static", "bounding_box": [1049, 381, 1116, 406]}, {"label": "car", "bounding_box": [1055, 392, 1094, 407]}, {"label": "ground", "bounding_box": [822, 380, 1064, 424]}, {"label": "vegetation", "bounding_box": [1007, 364, 1053, 406]}, {"label": "pole", "bounding_box": [1038, 379, 1040, 412]}, {"label": "traffic sign", "bounding_box": [1036, 370, 1045, 380]}, {"label": "vegetation", "bounding_box": [806, 318, 997, 412]}, {"label": "vegetation", "bounding_box": [939, 126, 1124, 412]}, {"label": "vegetation", "bounding_box": [1047, 112, 1246, 382]}, {"label": "static", "bounding_box": [1179, 195, 1210, 380]}, {"label": "pole", "bounding_box": [1124, 280, 1162, 400]}, {"label": "static", "bounding_box": [1110, 278, 1137, 287]}, {"label": "static", "bounding_box": [1113, 195, 1188, 412]}, {"label": "pole", "bounding_box": [1139, 257, 1183, 394]}, {"label": "static", "bounding_box": [1130, 257, 1166, 265]}, {"label": "traffic sign", "bounding_box": [1171, 365, 1185, 377]}, {"label": "pole", "bounding_box": [1167, 218, 1210, 393]}, {"label": "static", "bounding_box": [1129, 212, 1180, 222]}, {"label": "traffic sign", "bounding_box": [1205, 343, 1220, 348]}, {"label": "traffic sign", "bounding_box": [1198, 350, 1209, 371]}, {"label": "pole", "bounding_box": [1198, 156, 1255, 388]}, {"label": "static", "bounding_box": [1145, 150, 1208, 162]}, {"label": "traffic sign", "bounding_box": [1234, 340, 1264, 363]}, {"label": "pole", "bounding_box": [1269, 22, 1353, 392]}, {"label": "static", "bounding_box": [1239, 17, 1271, 26]}, {"label": "pole", "bounding_box": [1683, 0, 1709, 385]}, {"label": "traffic sign", "bounding_box": [1672, 149, 1722, 197]}, {"label": "traffic sign", "bounding_box": [1671, 202, 1721, 227]}, {"label": "traffic sign", "bounding_box": [1668, 230, 1719, 253]}, {"label": "traffic sign", "bounding_box": [1669, 258, 1719, 283]}, {"label": "cargroup", "bounding_box": [1111, 387, 1185, 434]}, {"label": "car", "bounding_box": [1163, 390, 1211, 441]}, {"label": "car", "bounding_box": [1185, 388, 1238, 451]}, {"label": "car", "bounding_box": [1203, 389, 1238, 454]}, {"label": "car", "bounding_box": [1209, 380, 1291, 462]}, {"label": "car", "bounding_box": [1222, 376, 1341, 472]}, {"label": "car", "bounding_box": [1293, 382, 1398, 505]}, {"label": "car", "bounding_box": [1333, 369, 1496, 536]}, {"label": "car", "bounding_box": [1401, 362, 1678, 581]}, {"label": "car", "bounding_box": [1527, 369, 2047, 679]}, {"label": "car", "bounding_box": [1888, 466, 2047, 800]}, {"label": "rider", "bounding_box": [768, 386, 777, 401]}, {"label": "bicycle", "bounding_box": [766, 393, 776, 404]}, {"label": "pole", "bounding_box": [589, 261, 609, 407]}, {"label": "traffic sign", "bounding_box": [590, 330, 612, 361]}, {"label": "traffic sign", "bounding_box": [601, 353, 614, 365]}, {"label": "static", "bounding_box": [563, 348, 571, 361]}, {"label": "pole", "bounding_box": [566, 351, 570, 406]}, {"label": "static", "bounding_box": [483, 343, 502, 356]}, {"label": "pole", "bounding_box": [487, 247, 495, 405]}, {"label": "car", "bounding_box": [70, 377, 146, 401]}, {"label": "car", "bounding_box": [0, 373, 93, 401]}, {"label": "vegetation", "bounding_box": [607, 78, 986, 417]}, {"label": "vegetation", "bounding_box": [598, 364, 669, 419]}, {"label": "vegetation", "bounding_box": [407, 0, 697, 411]}, {"label": "vegetation", "bounding_box": [325, 0, 562, 418]}, {"label": "vegetation", "bounding_box": [4, 0, 344, 427]}, {"label": "vegetation", "bounding_box": [0, 398, 594, 473]}, {"label": "person", "bounding_box": [619, 367, 642, 419]}, {"label": "dynamic", "bounding_box": [601, 402, 619, 416]}, {"label": "vegetation", "bounding_box": [0, 404, 902, 571]}, {"label": "pole", "bounding_box": [1019, 368, 1021, 419]}, {"label": "traffic sign", "bounding_box": [1014, 359, 1025, 375]}, {"label": "pole", "bounding_box": [978, 367, 982, 422]}, {"label": "traffic sign", "bounding_box": [974, 358, 984, 370]}, {"label": "vegetation", "bounding_box": [846, 54, 1106, 426]}, {"label": "vegetation", "bounding_box": [706, 0, 1279, 439]}, {"label": "vegetation", "bounding_box": [715, 0, 1037, 447]}, {"label": "vegetation", "bounding_box": [369, 0, 1125, 472]}, {"label": "vegetation", "bounding_box": [610, 0, 729, 503]}, {"label": "vegetation", "bounding_box": [179, 0, 454, 595]}, {"label": "pole", "bounding_box": [987, 355, 991, 430]}, {"label": "traffic sign", "bounding_box": [982, 343, 996, 364]}, {"label": "rider", "bounding_box": [1099, 375, 1117, 423]}, {"label": "bicycle", "bounding_box": [1104, 402, 1110, 427]}, {"label": "person", "bounding_box": [653, 306, 739, 534]}, {"label": "dynamic", "bounding_box": [635, 379, 676, 455]}, {"label": "ego vehicle", "bounding_box": [24, 796, 2047, 1023]}, {"label": "rectification border", "bounding_box": [416, 0, 2047, 28]}, {"label": "rectification border", "bounding_box": [2037, 509, 2047, 1023]}, {"label": "rectification border", "bounding_box": [0, 0, 17, 474]}, {"label": "rectification border", "bounding_box": [0, 977, 1937, 1023]}, {"label": "out of roi", "bounding_box": [0, 0, 2048, 1024]}]}