{"imgHeight": 1024, "imgWidth": 2048, "objects": [{"label": "sky", "bounding_box": [755, 0, 1458, 333]}, {"label": "road", "bounding_box": [0, 371, 2047, 1023]}, {"label": "parking", "bounding_box": [1124, 425, 1595, 602]}, {"label": "parking", "bounding_box": [611, 442, 844, 508]}, {"label": "sidewalk", "bounding_box": [0, 440, 638, 679]}, {"label": "sidewalk", "bounding_box": [1483, 517, 2047, 834]}, {"label": "building", "bounding_box": [0, 0, 2047, 575]}, {"label": "static", "bounding_box": [1107, 391, 1141, 426]}, {"label": "vegetation", "bounding_box": [1064, 295, 1218, 395]}, {"label": "cargroup", "bounding_box": [1119, 403, 1156, 434]}, {"label": "static", "bounding_box": [1022, 405, 1078, 423]}, {"label": "cargroup", "bounding_box": [1072, 406, 1113, 432]}, {"label": "vegetation", "bounding_box": [1123, 420, 1155, 444]}, {"label": "vegetation", "bounding_box": [934, 0, 1276, 422]}, {"label": "pole", "bounding_box": [1017, 350, 1020, 401]}, {"label": "static", "bounding_box": [1017, 348, 1026, 352]}, {"label": "pole", "bounding_box": [1008, 351, 1011, 395]}, {"label": "static", "bounding_box": [1007, 346, 1015, 351]}, {"label": "vegetation", "bounding_box": [904, 342, 931, 357]}, {"label": "vegetation", "bounding_box": [930, 348, 949, 365]}, {"label": "pole", "bounding_box": [993, 341, 996, 403]}, {"label": "static", "bounding_box": [993, 336, 1002, 341]}, {"label": "pole", "bounding_box": [978, 330, 983, 411]}, {"label": "static", "bounding_box": [977, 325, 989, 331]}, {"label": "pole", "bounding_box": [954, 312, 956, 412]}, {"label": "static", "bounding_box": [953, 305, 966, 313]}, {"label": "pole", "bounding_box": [921, 289, 925, 412]}, {"label": "static", "bounding_box": [921, 282, 938, 291]}, {"label": "pole", "bounding_box": [868, 256, 875, 410]}, {"label": "static", "bounding_box": [866, 246, 886, 255]}, {"label": "vegetation", "bounding_box": [717, 34, 906, 351]}, {"label": "static", "bounding_box": [818, 351, 841, 373]}, {"label": "static", "bounding_box": [825, 375, 836, 389]}, {"label": "pole", "bounding_box": [828, 353, 831, 417]}, {"label": "pole", "bounding_box": [751, 169, 761, 423]}, {"label": "static", "bounding_box": [748, 158, 779, 171]}, {"label": "car", "bounding_box": [990, 397, 1023, 428]}, {"label": "cargroup", "bounding_box": [966, 406, 1011, 437]}, {"label": "pole", "bounding_box": [1134, 391, 1136, 437]}, {"label": "traffic sign", "bounding_box": [1129, 380, 1139, 392]}, {"label": "pole", "bounding_box": [1350, 350, 1355, 399]}, {"label": "traffic sign", "bounding_box": [1340, 333, 1362, 355]}, {"label": "cargroup", "bounding_box": [1145, 405, 1236, 454]}, {"label": "car", "bounding_box": [1205, 407, 1239, 442]}, {"label": "car", "bounding_box": [1219, 391, 1300, 442]}, {"label": "car", "bounding_box": [1191, 398, 1280, 485]}, {"label": "vegetation", "bounding_box": [1260, 0, 1674, 357]}, {"label": "vegetation", "bounding_box": [1027, 0, 1606, 325]}, {"label": "pole", "bounding_box": [1600, 200, 1620, 305]}, {"label": "traffic sign", "bounding_box": [1589, 143, 1639, 208]}, {"label": "vegetation", "bounding_box": [1914, 222, 2047, 559]}, {"label": "vegetation", "bounding_box": [1743, 0, 1873, 327]}, {"label": "car", "bounding_box": [1230, 399, 1276, 480]}, {"label": "car", "bounding_box": [1231, 390, 1364, 531]}, {"label": "car", "bounding_box": [1293, 382, 1522, 578]}, {"label": "pole", "bounding_box": [2010, 386, 2026, 590]}, {"label": "vegetation", "bounding_box": [1452, 249, 1995, 617]}, {"label": "static", "bounding_box": [1825, 611, 1954, 692]}, {"label": "sidewalk", "bounding_box": [829, 450, 867, 464]}, {"label": "fence", "bounding_box": [1588, 240, 1837, 707]}, {"label": "pole", "bounding_box": [1986, 131, 2013, 744]}, {"label": "traffic sign", "bounding_box": [1937, 21, 2047, 144]}, {"label": "car", "bounding_box": [950, 411, 973, 439]}, {"label": "car", "bounding_box": [941, 412, 961, 442]}, {"label": "static", "bounding_box": [377, 271, 516, 308]}, {"label": "car", "bounding_box": [915, 411, 950, 447]}, {"label": "car", "bounding_box": [824, 406, 930, 452]}, {"label": "car", "bounding_box": [773, 405, 836, 465]}, {"label": "car", "bounding_box": [756, 407, 807, 472]}, {"label": "car", "bounding_box": [721, 403, 780, 478]}, {"label": "car", "bounding_box": [1034, 407, 1063, 434]}, {"label": "car", "bounding_box": [669, 395, 742, 486]}, {"label": "car", "bounding_box": [553, 388, 693, 502]}, {"label": "pole", "bounding_box": [428, 0, 449, 449]}, {"label": "bicycle", "bounding_box": [400, 422, 437, 476]}, {"label": "terrain", "bounding_box": [248, 483, 659, 540]}, {"label": "dynamic", "bounding_box": [292, 427, 390, 538]}, {"label": "vegetation", "bounding_box": [419, 388, 645, 512]}, {"label": "pole", "bounding_box": [403, 449, 415, 543]}, {"label": "pole", "bounding_box": [361, 451, 373, 549]}, {"label": "pole", "bounding_box": [312, 455, 339, 559]}, {"label": "terrain", "bounding_box": [0, 556, 378, 678]}, {"label": "vegetation", "bounding_box": [0, 0, 425, 447]}, {"label": "vegetation", "bounding_box": [0, 412, 254, 592]}, {"label": "vegetation", "bounding_box": [0, 543, 124, 614]}, {"label": "static", "bounding_box": [552, 277, 577, 308]}, {"label": "static", "bounding_box": [553, 308, 575, 346]}, {"label": "pole", "bounding_box": [558, 271, 563, 393]}, {"label": "ego vehicle", "bounding_box": [24, 796, 2047, 1023]}, {"label": "rectification border", "bounding_box": [416, 0, 2047, 28]}, {"label": "rectification border", "bounding_box": [2037, 509, 2047, 1023]}, {"label": "rectification border", "bounding_box": [0, 0, 17, 474]}, {"label": "rectification border", "bounding_box": [0, 977, 1937, 1023]}, {"label": "out of roi", "bounding_box": [0, 0, 2048, 1024]}]}