{"imgHeight": 1024, "imgWidth": 2048, "objects": [{"label": "fence", "bounding_box": [923, 419, 1045, 450]}, {"label": "sidewalk", "bounding_box": [54, 429, 493, 481]}, {"label": "sky", "bounding_box": [768, 0, 1252, 172]}, {"label": "road", "bounding_box": [0, 395, 2047, 1023]}, {"label": "sidewalk", "bounding_box": [1110, 413, 1761, 465]}, {"label": "ground", "bounding_box": [481, 405, 2047, 531]}, {"label": "sidewalk", "bounding_box": [53, 432, 420, 489]}, {"label": "building", "bounding_box": [959, 211, 1226, 412]}, {"label": "building", "bounding_box": [886, 58, 1166, 265]}, {"label": "building", "bounding_box": [0, 0, 1059, 475]}, {"label": "building", "bounding_box": [1139, 0, 2047, 452]}, {"label": "persongroup", "bounding_box": [1117, 405, 1142, 437]}, {"label": "person", "bounding_box": [1087, 411, 1099, 440]}, {"label": "vegetation", "bounding_box": [1048, 402, 1078, 434]}, {"label": "dynamic", "bounding_box": [1059, 432, 1080, 440]}, {"label": "pole", "bounding_box": [1065, 404, 1068, 435]}, {"label": "traffic sign", "bounding_box": [1062, 397, 1070, 407]}, {"label": "pole", "bounding_box": [1041, 401, 1043, 424]}, {"label": "traffic sign", "bounding_box": [1037, 393, 1050, 404]}, {"label": "static", "bounding_box": [978, 382, 989, 399]}, {"label": "terrain", "bounding_box": [0, 499, 554, 544]}, {"label": "pole", "bounding_box": [984, 386, 986, 423]}, {"label": "pole", "bounding_box": [996, 397, 998, 424]}, {"label": "traffic sign", "bounding_box": [986, 381, 1007, 407]}, {"label": "pole", "bounding_box": [936, 352, 940, 454]}, {"label": "static", "bounding_box": [926, 338, 946, 355]}, {"label": "dynamic", "bounding_box": [900, 450, 928, 459]}, {"label": "pole", "bounding_box": [914, 363, 915, 451]}, {"label": "pole", "bounding_box": [883, 339, 893, 458]}, {"label": "static", "bounding_box": [874, 320, 898, 342]}, {"label": "dynamic", "bounding_box": [864, 418, 894, 459]}, {"label": "pole", "bounding_box": [827, 348, 834, 461]}, {"label": "traffic sign", "bounding_box": [815, 325, 840, 349]}, {"label": "static", "bounding_box": [84, 448, 192, 478]}, {"label": "traffic sign", "bounding_box": [816, 352, 840, 369]}, {"label": "static", "bounding_box": [826, 336, 855, 361]}, {"label": "sidewalk", "bounding_box": [0, 477, 436, 515]}, {"label": "static", "bounding_box": [827, 367, 853, 381]}, {"label": "pole", "bounding_box": [840, 337, 843, 444]}, {"label": "traffic sign", "bounding_box": [852, 327, 879, 369]}, {"label": "pole", "bounding_box": [850, 115, 858, 446]}, {"label": "fence", "bounding_box": [833, 443, 885, 462]}, {"label": "pole", "bounding_box": [666, 0, 695, 432]}, {"label": "fence", "bounding_box": [663, 412, 745, 481]}, {"label": "dynamic", "bounding_box": [531, 427, 674, 479]}, {"label": "terrain", "bounding_box": [0, 474, 365, 489]}, {"label": "vegetation", "bounding_box": [531, 427, 676, 479]}, {"label": "dynamic", "bounding_box": [646, 443, 703, 471]}, {"label": "vegetation", "bounding_box": [345, 434, 575, 520]}, {"label": "dynamic", "bounding_box": [568, 416, 661, 514]}, {"label": "pole", "bounding_box": [526, 474, 596, 521]}, {"label": "static", "bounding_box": [248, 444, 340, 474]}, {"label": "vegetation", "bounding_box": [0, 0, 535, 479]}, {"label": "dynamic", "bounding_box": [0, 344, 81, 484]}, {"label": "pole", "bounding_box": [0, 464, 363, 491]}, {"label": "pole", "bounding_box": [50, 481, 56, 504]}, {"label": "pole", "bounding_box": [210, 483, 218, 507]}, {"label": "person", "bounding_box": [690, 316, 832, 663]}, {"label": "person", "bounding_box": [570, 339, 678, 690]}, {"label": "pole", "bounding_box": [1112, 105, 1132, 450]}, {"label": "static", "bounding_box": [1124, 416, 1130, 425]}, {"label": "traffic light", "bounding_box": [1107, 325, 1124, 361]}, {"label": "fence", "bounding_box": [923, 417, 1049, 452]}, {"label": "dynamic", "bounding_box": [997, 407, 1029, 452]}, {"label": "person", "bounding_box": [1041, 398, 1060, 459]}, {"label": "dynamic", "bounding_box": [833, 443, 885, 462]}, {"label": "dynamic", "bounding_box": [1107, 431, 1156, 456]}, {"label": "pole", "bounding_box": [1136, 303, 1149, 418]}, {"label": "traffic sign", "bounding_box": [1123, 276, 1149, 317]}, {"label": "traffic sign", "bounding_box": [1121, 319, 1159, 356]}, {"label": "pole", "bounding_box": [1141, 267, 1149, 419]}, {"label": "static", "bounding_box": [1139, 265, 1153, 357]}, {"label": "dynamic", "bounding_box": [1114, 381, 1194, 502]}, {"label": "static", "bounding_box": [1236, 290, 1254, 310]}, {"label": "pole", "bounding_box": [1240, 82, 1249, 448]}, {"label": "traffic light", "bounding_box": [1238, 314, 1266, 361]}, {"label": "static", "bounding_box": [1244, 409, 1266, 431]}, {"label": "vegetation", "bounding_box": [1813, 0, 2047, 281]}, {"label": "person", "bounding_box": [1983, 364, 2021, 435]}, {"label": "person", "bounding_box": [2013, 358, 2047, 438]}, {"label": "fence", "bounding_box": [1829, 306, 2047, 452]}, {"label": "pole", "bounding_box": [1792, 148, 1799, 430]}, {"label": "sidewalk", "bounding_box": [1508, 572, 2047, 902]}, {"label": "traffic light", "bounding_box": [1790, 272, 1815, 325]}, {"label": "dynamic", "bounding_box": [1758, 418, 1824, 449]}, {"label": "dynamic", "bounding_box": [1975, 565, 2047, 609]}, {"label": "pole", "bounding_box": [2023, 95, 2047, 426]}, {"label": "traffic sign", "bounding_box": [1996, 82, 2047, 269]}, {"label": "pole", "bounding_box": [1799, 0, 1853, 600]}, {"label": "traffic light", "bounding_box": [1706, 0, 1795, 161]}, {"label": "traffic light", "bounding_box": [1792, 0, 1865, 167]}, {"label": "static", "bounding_box": [1801, 437, 1825, 485]}, {"label": "static", "bounding_box": [1836, 392, 1872, 437]}, {"label": "dynamic", "bounding_box": [1697, 564, 1978, 683]}, {"label": "dynamic", "bounding_box": [1331, 437, 1416, 475]}, {"label": "dynamic", "bounding_box": [1219, 437, 1273, 459]}, {"label": "static", "bounding_box": [1358, 255, 1376, 320]}, {"label": "pole", "bounding_box": [1361, 0, 1379, 441]}, {"label": "static", "bounding_box": [1375, 389, 1388, 402]}, {"label": "dynamic", "bounding_box": [1376, 452, 1476, 496]}, {"label": "pole", "bounding_box": [1412, 0, 1437, 455]}, {"label": "traffic light", "bounding_box": [1412, 235, 1436, 310]}, {"label": "pole", "bounding_box": [1534, 0, 1568, 493]}, {"label": "sidewalk", "bounding_box": [0, 651, 63, 718]}, {"label": "traffic light", "bounding_box": [852, 327, 879, 369]}, {"label": "ego vehicle", "bounding_box": [24, 796, 2047, 1023]}, {"label": "rectification border", "bounding_box": [416, 0, 2047, 28]}, {"label": "rectification border", "bounding_box": [2037, 509, 2047, 1023]}, {"label": "rectification border", "bounding_box": [0, 0, 17, 474]}, {"label": "rectification border", "bounding_box": [0, 977, 1937, 1023]}, {"label": "out of roi", "bounding_box": [0, 0, 2048, 1024]}]}