{"imgHeight": 1024, "imgWidth": 2048, "objects": [{"label": "sky", "bounding_box": [695, 0, 1282, 261]}, {"label": "road", "bounding_box": [0, 388, 2047, 1023]}, {"label": "building", "bounding_box": [0, 0, 2047, 631]}, {"label": "sidewalk", "bounding_box": [0, 513, 523, 671]}, {"label": "sidewalk", "bounding_box": [953, 417, 1107, 423]}, {"label": "sidewalk", "bounding_box": [1220, 454, 1894, 710]}, {"label": "dynamic", "bounding_box": [997, 401, 1013, 418]}, {"label": "car", "bounding_box": [927, 371, 992, 423]}, {"label": "traffic sign", "bounding_box": [1047, 361, 1057, 376]}, {"label": "static", "bounding_box": [1043, 387, 1053, 422]}, {"label": "traffic sign", "bounding_box": [874, 375, 879, 385]}, {"label": "static", "bounding_box": [841, 319, 892, 405]}, {"label": "car", "bounding_box": [873, 387, 930, 403]}, {"label": "vegetation", "bounding_box": [858, 200, 979, 399]}, {"label": "vegetation", "bounding_box": [749, 145, 890, 391]}, {"label": "cargroup", "bounding_box": [611, 397, 943, 486]}, {"label": "car", "bounding_box": [649, 363, 889, 564]}, {"label": "ground", "bounding_box": [625, 493, 657, 537]}, {"label": "vegetation", "bounding_box": [615, 422, 661, 505]}, {"label": "vegetation", "bounding_box": [368, 0, 775, 353]}, {"label": "car", "bounding_box": [232, 293, 637, 601]}, {"label": "cargroup", "bounding_box": [1086, 379, 1159, 453]}, {"label": "static", "bounding_box": [1192, 117, 1219, 302]}, {"label": "static", "bounding_box": [1198, 285, 1236, 338]}, {"label": "car", "bounding_box": [1135, 328, 1268, 463]}, {"label": "fence", "bounding_box": [1520, 426, 1848, 547]}, {"label": "car", "bounding_box": [1215, 373, 1363, 507]}, {"label": "car", "bounding_box": [1297, 376, 1527, 541]}, {"label": "car", "bounding_box": [1704, 331, 2047, 867]}, {"label": "pole", "bounding_box": [1051, 376, 1055, 424]}, {"label": "license plate", "bounding_box": [1401, 440, 1467, 459]}, {"label": "license plate", "bounding_box": [715, 502, 789, 523]}, {"label": "license plate", "bounding_box": [328, 519, 405, 546]}, {"label": "ego vehicle", "bounding_box": [24, 796, 2047, 1023]}, {"label": "rectification border", "bounding_box": [416, 0, 2047, 28]}, {"label": "rectification border", "bounding_box": [2037, 509, 2047, 1023]}, {"label": "rectification border", "bounding_box": [0, 0, 17, 474]}, {"label": "rectification border", "bounding_box": [0, 977, 1937, 1023]}, {"label": "out of roi", "bounding_box": [0, 0, 2048, 1024]}]}