{"imgHeight": 1024, "imgWidth": 2048, "objects": [{"label": "sky", "bounding_box": [778, 0, 1172, 302]}, {"label": "road", "bounding_box": [0, 381, 2048, 1024]}, {"label": "building", "bounding_box": [1018, 0, 2048, 630]}, {"label": "vegetation", "bounding_box": [1003, 0, 1423, 464]}, {"label": "building", "bounding_box": [954, 111, 1026, 421]}, {"label": "vegetation", "bounding_box": [945, 189, 1074, 364]}, {"label": "building", "bounding_box": [859, 5, 975, 440]}, {"label": "vegetation", "bounding_box": [851, 14, 973, 224]}, {"label": "building", "bounding_box": [0, 0, 874, 748]}, {"label": "sidewalk", "bounding_box": [867, 389, 1886, 664]}, {"label": "static", "bounding_box": [1080, 382, 1168, 412]}, {"label": "sidewalk", "bounding_box": [0, 458, 967, 1024]}, {"label": "pole", "bounding_box": [632, 247, 645, 536]}, {"label": "traffic sign", "bounding_box": [622, 170, 661, 259]}, {"label": "static", "bounding_box": [870, 269, 912, 310]}, {"label": "vegetation", "bounding_box": [957, 369, 1036, 420]}, {"label": "pole", "bounding_box": [869, 271, 893, 455]}, {"label": "static", "bounding_box": [981, 311, 1003, 348]}, {"label": "traffic sign", "bounding_box": [959, 288, 990, 342]}, {"label": "traffic sign", "bounding_box": [924, 293, 951, 300]}, {"label": "pole", "bounding_box": [980, 279, 1000, 438]}, {"label": "pole", "bounding_box": [1005, 297, 1020, 422]}, {"label": "pole", "bounding_box": [1054, 393, 1060, 416]}, {"label": "person", "bounding_box": [1155, 369, 1169, 388]}, {"label": "persongroup", "bounding_box": [1115, 373, 1143, 404]}, {"label": "traffic sign", "bounding_box": [1208, 278, 1241, 312]}, {"label": "pole", "bounding_box": [1178, 415, 1187, 462]}, {"label": "pole", "bounding_box": [1287, 311, 1292, 391]}, {"label": "traffic sign", "bounding_box": [1273, 263, 1307, 314]}, {"label": "car", "bounding_box": [1196, 387, 1293, 489]}, {"label": "car", "bounding_box": [1240, 377, 1380, 503]}, {"label": "car", "bounding_box": [1308, 377, 1505, 564]}, {"label": "car", "bounding_box": [1394, 374, 1821, 643]}, {"label": "license plate", "bounding_box": [1615, 484, 1724, 514]}, {"label": "car", "bounding_box": [1815, 386, 2048, 886]}, {"label": "ego vehicle", "bounding_box": [24, 796, 2047, 1023]}, {"label": "rectification border", "bounding_box": [416, 0, 2047, 28]}, {"label": "rectification border", "bounding_box": [2037, 509, 2047, 1023]}, {"label": "rectification border", "bounding_box": [0, 0, 17, 474]}, {"label": "rectification border", "bounding_box": [0, 977, 1937, 1023]}, {"label": "out of roi", "bounding_box": [0, 0, 2048, 1024]}]}