{"imgHeight": 1024, "imgWidth": 2048, "objects": [{"label": "sky", "bounding_box": [642, 0, 1398, 356]}, {"label": "road", "bounding_box": [0, 398, 2047, 1023]}, {"label": "building", "bounding_box": [0, 0, 2047, 573]}, {"label": "parking", "bounding_box": [102, 447, 857, 574]}, {"label": "parking", "bounding_box": [1209, 440, 2047, 821]}, {"label": "vegetation", "bounding_box": [1029, 317, 1129, 418]}, {"label": "pole", "bounding_box": [1026, 371, 1066, 422]}, {"label": "traffic light", "bounding_box": [1066, 368, 1071, 377]}, {"label": "static", "bounding_box": [1035, 380, 1049, 397]}, {"label": "traffic sign", "bounding_box": [1085, 390, 1093, 404]}, {"label": "static", "bounding_box": [1080, 406, 1104, 426]}, {"label": "car", "bounding_box": [1109, 409, 1132, 428]}, {"label": "vegetation", "bounding_box": [1121, 292, 1180, 415]}, {"label": "sidewalk", "bounding_box": [0, 419, 984, 632]}, {"label": "sidewalk", "bounding_box": [1117, 422, 2047, 629]}, {"label": "traffic sign", "bounding_box": [1159, 367, 1173, 395]}, {"label": "traffic sign", "bounding_box": [1172, 354, 1199, 383]}, {"label": "traffic sign", "bounding_box": [1172, 357, 1188, 374]}, {"label": "pole", "bounding_box": [1180, 373, 1182, 403]}, {"label": "pole", "bounding_box": [1187, 383, 1190, 403]}, {"label": "car", "bounding_box": [1131, 404, 1153, 431]}, {"label": "cargroup", "bounding_box": [1145, 399, 1178, 438]}, {"label": "car", "bounding_box": [1166, 399, 1228, 442]}, {"label": "bicycle", "bounding_box": [1198, 397, 1232, 444]}, {"label": "vegetation", "bounding_box": [1175, 47, 1344, 412]}, {"label": "car", "bounding_box": [1217, 390, 1263, 467]}, {"label": "car", "bounding_box": [1235, 386, 1282, 477]}, {"label": "traffic sign", "bounding_box": [1352, 248, 1387, 345]}, {"label": "car", "bounding_box": [1256, 378, 1304, 488]}, {"label": "car", "bounding_box": [1289, 333, 1486, 507]}, {"label": "car", "bounding_box": [1372, 374, 1511, 537]}, {"label": "car", "bounding_box": [1456, 295, 1872, 621]}, {"label": "license plate", "bounding_box": [1660, 470, 1763, 492]}, {"label": "car", "bounding_box": [982, 407, 1012, 432]}, {"label": "static", "bounding_box": [921, 359, 934, 410]}, {"label": "cargroup", "bounding_box": [917, 397, 978, 435]}, {"label": "traffic sign", "bounding_box": [939, 385, 953, 411]}, {"label": "static", "bounding_box": [912, 398, 932, 434]}, {"label": "pole", "bounding_box": [870, 351, 873, 405]}, {"label": "traffic sign", "bounding_box": [867, 358, 882, 374]}, {"label": "traffic sign", "bounding_box": [814, 371, 831, 388]}, {"label": "pole", "bounding_box": [821, 388, 825, 402]}, {"label": "cargroup", "bounding_box": [832, 392, 914, 446]}, {"label": "persongroup", "bounding_box": [742, 381, 783, 442]}, {"label": "dynamic", "bounding_box": [763, 394, 843, 449]}, {"label": "static", "bounding_box": [759, 327, 771, 359]}, {"label": "pole", "bounding_box": [761, 328, 768, 446]}, {"label": "person", "bounding_box": [635, 379, 666, 456]}, {"label": "person", "bounding_box": [663, 377, 700, 455]}, {"label": "person", "bounding_box": [368, 367, 386, 390]}, {"label": "car", "bounding_box": [132, 386, 451, 557]}, {"label": "license plate", "bounding_box": [182, 499, 249, 513]}, {"label": "ego vehicle", "bounding_box": [24, 796, 2047, 1023]}, {"label": "rectification border", "bounding_box": [416, 0, 2047, 28]}, {"label": "rectification border", "bounding_box": [2037, 509, 2047, 1023]}, {"label": "rectification border", "bounding_box": [0, 0, 17, 474]}, {"label": "rectification border", "bounding_box": [0, 977, 1937, 1023]}, {"label": "out of roi", "bounding_box": [0, 0, 2048, 1024]}]}