{"imgHeight": 1024, "imgWidth": 2048, "objects": [{"label": "road", "bounding_box": [0, 303, 2048, 1024]}, {"label": "sidewalk", "bounding_box": [1147, 443, 2048, 1024]}, {"label": "sidewalk", "bounding_box": [0, 412, 1072, 498]}, {"label": "parking", "bounding_box": [441, 401, 552, 440]}, {"label": "sky", "bounding_box": [0, 0, 1394, 360]}, {"label": "vegetation", "bounding_box": [1182, 265, 1322, 443]}, {"label": "vegetation", "bounding_box": [126, 260, 468, 365]}, {"label": "static", "bounding_box": [1213, 425, 1297, 450]}, {"label": "pole", "bounding_box": [1234, 341, 1241, 451]}, {"label": "pole", "bounding_box": [1254, 406, 1263, 450]}, {"label": "pole", "bounding_box": [1277, 342, 1293, 430]}, {"label": "traffic sign", "bounding_box": [1212, 298, 1286, 347]}, {"label": "pole", "bounding_box": [1260, 330, 1271, 458]}, {"label": "traffic sign", "bounding_box": [1247, 289, 1301, 335]}, {"label": "pole", "bounding_box": [1264, 338, 1274, 458]}, {"label": "traffic light", "bounding_box": [1273, 344, 1281, 363]}, {"label": "pole", "bounding_box": [1182, 94, 1272, 212]}, {"label": "pole", "bounding_box": [1251, 202, 1263, 476]}, {"label": "traffic sign", "bounding_box": [1236, 206, 1287, 324]}, {"label": "static", "bounding_box": [1211, 392, 1234, 448]}, {"label": "pole", "bounding_box": [1209, 279, 1213, 448]}, {"label": "building", "bounding_box": [1284, 0, 2048, 633]}, {"label": "static", "bounding_box": [1322, 384, 1352, 475]}, {"label": "building", "bounding_box": [0, 193, 1211, 448]}, {"label": "pole", "bounding_box": [374, 302, 379, 377]}, {"label": "pole", "bounding_box": [423, 319, 427, 366]}, {"label": "pole", "bounding_box": [410, 319, 414, 372]}, {"label": "pole", "bounding_box": [399, 318, 402, 388]}, {"label": "pole", "bounding_box": [387, 318, 390, 384]}, {"label": "car", "bounding_box": [343, 373, 398, 407]}, {"label": "static", "bounding_box": [263, 305, 353, 384]}, {"label": "static", "bounding_box": [320, 350, 362, 413]}, {"label": "car", "bounding_box": [230, 352, 355, 414]}, {"label": "car", "bounding_box": [165, 347, 284, 417]}, {"label": "car", "bounding_box": [112, 337, 256, 415]}, {"label": "car", "bounding_box": [10, 334, 206, 418]}, {"label": "car", "bounding_box": [0, 335, 136, 425]}, {"label": "terrain", "bounding_box": [453, 397, 546, 421]}, {"label": "car", "bounding_box": [408, 360, 519, 422]}, {"label": "terrain", "bounding_box": [360, 383, 433, 412]}, {"label": "pole", "bounding_box": [102, 59, 114, 413]}, {"label": "pole", "bounding_box": [60, 228, 68, 414]}, {"label": "static", "bounding_box": [0, 51, 23, 244]}, {"label": "static", "bounding_box": [75, 40, 115, 71]}, {"label": "static", "bounding_box": [57, 0, 92, 256]}, {"label": "wall", "bounding_box": [0, 408, 462, 466]}, {"label": "static", "bounding_box": [658, 309, 669, 334]}, {"label": "pole", "bounding_box": [657, 258, 660, 393]}, {"label": "pole", "bounding_box": [931, 296, 937, 344]}, {"label": "pole", "bounding_box": [929, 357, 935, 442]}, {"label": "static", "bounding_box": [932, 279, 970, 317]}, {"label": "terrain", "bounding_box": [704, 421, 766, 438]}, {"label": "terrain", "bounding_box": [826, 427, 883, 441]}, {"label": "cargroup", "bounding_box": [737, 402, 840, 438]}, {"label": "static", "bounding_box": [886, 406, 896, 443]}, {"label": "static", "bounding_box": [993, 363, 1021, 443]}, {"label": "pole", "bounding_box": [853, 211, 860, 439]}, {"label": "pole", "bounding_box": [827, 228, 835, 438]}, {"label": "pole", "bounding_box": [798, 227, 806, 437]}, {"label": "car", "bounding_box": [642, 389, 712, 453]}, {"label": "vegetation", "bounding_box": [418, 0, 932, 458]}, {"label": "terrain", "bounding_box": [469, 422, 808, 532]}, {"label": "static", "bounding_box": [749, 399, 776, 432]}, {"label": "pole", "bounding_box": [761, 399, 766, 439]}, {"label": "static", "bounding_box": [546, 263, 582, 304]}, {"label": "pole", "bounding_box": [549, 0, 570, 399]}, {"label": "static", "bounding_box": [525, 22, 601, 101]}, {"label": "traffic sign", "bounding_box": [509, 405, 558, 469]}, {"label": "motorcycle", "bounding_box": [541, 432, 668, 606]}, {"label": "rider", "bounding_box": [539, 362, 674, 561]}, {"label": "rider", "bounding_box": [528, 318, 662, 523]}, {"label": "license plate", "bounding_box": [557, 469, 596, 495]}, {"label": "pole", "bounding_box": [1035, 275, 1100, 443]}, {"label": "static", "bounding_box": [1052, 390, 1070, 406]}, {"label": "pole", "bounding_box": [1058, 390, 1061, 445]}, {"label": "pole", "bounding_box": [1131, 384, 1134, 447]}, {"label": "traffic light", "bounding_box": [1127, 400, 1135, 411]}, {"label": "pole", "bounding_box": [1165, 353, 1171, 447]}, {"label": "static", "bounding_box": [1154, 81, 1187, 101]}, {"label": "static", "bounding_box": [1293, 48, 1323, 138]}, {"label": "traffic light", "bounding_box": [1168, 349, 1175, 365]}, {"label": "traffic light", "bounding_box": [1202, 354, 1210, 370]}, {"label": "traffic light", "bounding_box": [1127, 399, 1134, 409]}, {"label": "traffic light", "bounding_box": [1170, 400, 1174, 409]}, {"label": "traffic sign", "bounding_box": [1149, 400, 1160, 409]}, {"label": "ego vehicle", "bounding_box": [24, 796, 2047, 1023]}, {"label": "rectification border", "bounding_box": [416, 0, 2047, 28]}, {"label": "rectification border", "bounding_box": [2037, 509, 2047, 1023]}, {"label": "rectification border", "bounding_box": [0, 0, 17, 474]}, {"label": "rectification border", "bounding_box": [0, 977, 1937, 1023]}, {"label": "out of roi", "bounding_box": [0, 0, 2048, 1024]}]}