{"imgHeight": 1024, "imgWidth": 2048, "objects": [{"label": "road", "bounding_box": [0, 361, 2048, 1024]}, {"label": "sky", "bounding_box": [0, 0, 2048, 365]}, {"label": "building", "bounding_box": [421, 179, 1473, 447]}, {"label": "sidewalk", "bounding_box": [1235, 426, 2048, 799]}, {"label": "terrain", "bounding_box": [1368, 477, 2048, 799]}, {"label": "sidewalk", "bounding_box": [0, 420, 968, 486]}, {"label": "parking", "bounding_box": [562, 418, 788, 450]}, {"label": "vegetation", "bounding_box": [348, 200, 1054, 447]}, {"label": "car", "bounding_box": [431, 399, 497, 437]}, {"label": "car", "bounding_box": [461, 403, 515, 434]}, {"label": "car", "bounding_box": [390, 407, 445, 439]}, {"label": "pole", "bounding_box": [639, 327, 645, 408]}, {"label": "vegetation", "bounding_box": [1277, 0, 2048, 507]}, {"label": "building", "bounding_box": [0, 95, 418, 450]}, {"label": "cargroup", "bounding_box": [514, 403, 665, 438]}, {"label": "terrain", "bounding_box": [0, 427, 727, 476]}, {"label": "pole", "bounding_box": [665, 352, 669, 397]}, {"label": "pole", "bounding_box": [112, 202, 126, 447]}, {"label": "pole", "bounding_box": [226, 209, 233, 455]}, {"label": "pole", "bounding_box": [316, 164, 328, 451]}, {"label": "static", "bounding_box": [510, 375, 553, 432]}, {"label": "static", "bounding_box": [479, 246, 627, 438]}, {"label": "static", "bounding_box": [616, 308, 636, 365]}, {"label": "pole", "bounding_box": [618, 149, 714, 457]}, {"label": "static", "bounding_box": [711, 140, 742, 154]}, {"label": "pole", "bounding_box": [764, 343, 767, 410]}, {"label": "pole", "bounding_box": [730, 347, 735, 413]}, {"label": "static", "bounding_box": [709, 412, 760, 431]}, {"label": "car", "bounding_box": [769, 393, 864, 425]}, {"label": "car", "bounding_box": [738, 403, 855, 440]}, {"label": "static", "bounding_box": [659, 354, 717, 453]}, {"label": "pole", "bounding_box": [925, 290, 973, 437]}, {"label": "vegetation", "bounding_box": [1018, 426, 1067, 446]}, {"label": "fence", "bounding_box": [972, 423, 1031, 447]}, {"label": "fence", "bounding_box": [921, 424, 968, 446]}, {"label": "static", "bounding_box": [971, 286, 986, 295]}, {"label": "car", "bounding_box": [1317, 376, 1368, 446]}, {"label": "truck", "bounding_box": [1250, 356, 1337, 457]}, {"label": "car", "bounding_box": [1232, 377, 1328, 474]}, {"label": "pole", "bounding_box": [1279, 366, 1289, 471]}, {"label": "traffic sign", "bounding_box": [1261, 293, 1380, 379]}, {"label": "pole", "bounding_box": [1258, 453, 1262, 471]}, {"label": "traffic sign", "bounding_box": [1252, 399, 1268, 459]}, {"label": "pole", "bounding_box": [1441, 367, 1446, 434]}, {"label": "static", "bounding_box": [1437, 363, 1449, 369]}, {"label": "static", "bounding_box": [1523, 352, 1541, 440]}, {"label": "pole", "bounding_box": [1620, 176, 1636, 462]}, {"label": "traffic sign", "bounding_box": [1607, 275, 1642, 319]}, {"label": "pole", "bounding_box": [1493, 151, 1512, 466]}, {"label": "pole", "bounding_box": [1362, 224, 1409, 238]}, {"label": "pole", "bounding_box": [1146, 374, 1151, 444]}, {"label": "pole", "bounding_box": [1161, 330, 1181, 333]}, {"label": "static", "bounding_box": [1177, 328, 1187, 332]}, {"label": "static", "bounding_box": [1156, 399, 1171, 426]}, {"label": "traffic sign", "bounding_box": [1154, 390, 1168, 405]}, {"label": "traffic light", "bounding_box": [1160, 403, 1166, 415]}, {"label": "traffic sign", "bounding_box": [1131, 322, 1163, 375]}, {"label": "traffic sign", "bounding_box": [1143, 428, 1154, 438]}, {"label": "car", "bounding_box": [1151, 418, 1188, 448]}, {"label": "pole", "bounding_box": [1066, 371, 1110, 447]}, {"label": "static", "bounding_box": [1041, 434, 1050, 447]}, {"label": "static", "bounding_box": [1109, 370, 1118, 373]}, {"label": "vegetation", "bounding_box": [814, 400, 848, 439]}, {"label": "vegetation", "bounding_box": [868, 400, 904, 434]}, {"label": "traffic sign", "bounding_box": [1349, 392, 1363, 443]}, {"label": "ego vehicle", "bounding_box": [24, 796, 2047, 1023]}, {"label": "rectification border", "bounding_box": [416, 0, 2047, 28]}, {"label": "rectification border", "bounding_box": [2037, 509, 2047, 1023]}, {"label": "rectification border", "bounding_box": [0, 0, 17, 474]}, {"label": "rectification border", "bounding_box": [0, 977, 1937, 1023]}, {"label": "out of roi", "bounding_box": [0, 0, 2048, 1024]}]}