{"imgHeight": 1024, "imgWidth": 2048, "objects": [{"label": "road", "bounding_box": [0, 294, 2048, 1024]}, {"label": "ground", "bounding_box": [1049, 442, 1148, 455]}, {"label": "sidewalk", "bounding_box": [1513, 429, 2048, 718]}, {"label": "building", "bounding_box": [1281, 0, 2048, 531]}, {"label": "traffic sign", "bounding_box": [1718, 105, 1806, 218]}, {"label": "sky", "bounding_box": [712, 0, 1381, 384]}, {"label": "static", "bounding_box": [948, 179, 978, 276]}, {"label": "building", "bounding_box": [1067, 293, 1171, 372]}, {"label": "vegetation", "bounding_box": [806, 0, 1845, 552]}, {"label": "sidewalk", "bounding_box": [0, 456, 906, 661]}, {"label": "building", "bounding_box": [0, 0, 817, 561]}, {"label": "static", "bounding_box": [108, 283, 137, 350]}, {"label": "pole", "bounding_box": [127, 329, 138, 520]}, {"label": "traffic sign", "bounding_box": [123, 291, 149, 339]}, {"label": "traffic sign", "bounding_box": [122, 336, 155, 435]}, {"label": "terrain", "bounding_box": [65, 504, 116, 553]}, {"label": "car", "bounding_box": [95, 416, 475, 617]}, {"label": "pole", "bounding_box": [156, 471, 285, 609]}, {"label": "vegetation", "bounding_box": [0, 0, 457, 596]}, {"label": "terrain", "bounding_box": [42, 578, 307, 635]}, {"label": "pole", "bounding_box": [88, 479, 218, 622]}, {"label": "person", "bounding_box": [533, 404, 592, 503]}, {"label": "static", "bounding_box": [627, 342, 650, 375]}, {"label": "pole", "bounding_box": [636, 343, 643, 491]}, {"label": "static", "bounding_box": [768, 371, 782, 393]}, {"label": "pole", "bounding_box": [772, 371, 776, 440]}, {"label": "person", "bounding_box": [700, 405, 733, 486]}, {"label": "wall", "bounding_box": [1278, 415, 1336, 441]}, {"label": "fence", "bounding_box": [1940, 332, 2048, 540]}, {"label": "static", "bounding_box": [1684, 314, 1766, 586]}, {"label": "pole", "bounding_box": [1717, 182, 1740, 588]}, {"label": "pole", "bounding_box": [1880, 0, 1906, 533]}, {"label": "traffic sign", "bounding_box": [1214, 370, 1222, 389]}, {"label": "pole", "bounding_box": [1241, 383, 1245, 413]}, {"label": "pole", "bounding_box": [1232, 384, 1235, 415]}, {"label": "traffic sign", "bounding_box": [1226, 367, 1250, 390]}, {"label": "traffic light", "bounding_box": [1291, 364, 1303, 398]}, {"label": "pole", "bounding_box": [1300, 362, 1306, 439]}, {"label": "traffic light", "bounding_box": [1303, 365, 1309, 391]}, {"label": "traffic sign", "bounding_box": [1293, 356, 1310, 367]}, {"label": "car", "bounding_box": [1146, 416, 1209, 472]}, {"label": "car", "bounding_box": [1168, 414, 1216, 477]}, {"label": "car", "bounding_box": [1179, 408, 1308, 495]}, {"label": "car", "bounding_box": [1296, 376, 1556, 570]}, {"label": "license plate", "bounding_box": [1408, 470, 1480, 489]}, {"label": "pole", "bounding_box": [1445, 453, 1493, 528]}, {"label": "static", "bounding_box": [1514, 475, 1532, 529]}, {"label": "pole", "bounding_box": [1467, 459, 1555, 529]}, {"label": "terrain", "bounding_box": [1338, 500, 1684, 616]}, {"label": "static", "bounding_box": [813, 340, 833, 429]}, {"label": "static", "bounding_box": [812, 266, 820, 317]}, {"label": "pole", "bounding_box": [820, 249, 824, 324]}, {"label": "static", "bounding_box": [818, 246, 834, 254]}, {"label": "static", "bounding_box": [849, 391, 870, 410]}, {"label": "pole", "bounding_box": [857, 391, 861, 431]}, {"label": "pole", "bounding_box": [883, 401, 888, 428]}, {"label": "cargroup", "bounding_box": [846, 422, 931, 474]}, {"label": "static", "bounding_box": [857, 436, 886, 470]}, {"label": "static", "bounding_box": [885, 432, 891, 468]}, {"label": "terrain", "bounding_box": [856, 453, 894, 473]}, {"label": "car", "bounding_box": [758, 418, 864, 495]}, {"label": "pole", "bounding_box": [1063, 270, 1071, 418]}, {"label": "static", "bounding_box": [1056, 266, 1066, 273]}, {"label": "traffic light", "bounding_box": [1076, 379, 1088, 402]}, {"label": "pole", "bounding_box": [978, 321, 1080, 451]}, {"label": "traffic light", "bounding_box": [1069, 380, 1077, 402]}, {"label": "traffic sign", "bounding_box": [972, 324, 992, 344]}, {"label": "pole", "bounding_box": [1115, 280, 1123, 439]}, {"label": "static", "bounding_box": [1105, 382, 1121, 402]}, {"label": "pole", "bounding_box": [1124, 311, 1152, 445]}, {"label": "traffic sign", "bounding_box": [1113, 333, 1141, 371]}, {"label": "vegetation", "bounding_box": [1338, 500, 1684, 616]}, {"label": "ego vehicle", "bounding_box": [24, 796, 2047, 1023]}, {"label": "rectification border", "bounding_box": [416, 0, 2047, 28]}, {"label": "rectification border", "bounding_box": [2037, 509, 2047, 1023]}, {"label": "rectification border", "bounding_box": [0, 0, 17, 474]}, {"label": "rectification border", "bounding_box": [0, 977, 1937, 1023]}, {"label": "out of roi", "bounding_box": [0, 0, 2048, 1024]}]}