{"imgHeight": 1024, "imgWidth": 2048, "objects": [{"label": "road", "bounding_box": [0, 307, 2048, 1024]}, {"label": "sidewalk", "bounding_box": [462, 421, 773, 444]}, {"label": "sky", "bounding_box": [394, 0, 1168, 164]}, {"label": "sidewalk", "bounding_box": [0, 439, 564, 549]}, {"label": "sidewalk", "bounding_box": [771, 409, 2048, 938]}, {"label": "building", "bounding_box": [390, 0, 2048, 636]}, {"label": "cargroup", "bounding_box": [457, 389, 647, 427]}, {"label": "car", "bounding_box": [767, 395, 803, 426]}, {"label": "vegetation", "bounding_box": [399, 5, 864, 439]}, {"label": "car", "bounding_box": [500, 398, 573, 439]}, {"label": "bicycle", "bounding_box": [460, 406, 486, 434]}, {"label": "rider", "bounding_box": [461, 380, 487, 432]}, {"label": "building", "bounding_box": [0, 0, 441, 496]}, {"label": "static", "bounding_box": [427, 238, 494, 304]}, {"label": "person", "bounding_box": [374, 372, 404, 403]}, {"label": "pole", "bounding_box": [434, 15, 447, 408]}, {"label": "static", "bounding_box": [431, 7, 466, 22]}, {"label": "car", "bounding_box": [326, 393, 486, 503]}, {"label": "car", "bounding_box": [106, 384, 359, 536]}, {"label": "license plate", "bounding_box": [148, 486, 207, 505]}, {"label": "pole", "bounding_box": [716, 137, 727, 435]}, {"label": "static", "bounding_box": [693, 129, 745, 143]}, {"label": "pole", "bounding_box": [738, 369, 751, 432]}, {"label": "traffic sign", "bounding_box": [729, 338, 752, 376]}, {"label": "car", "bounding_box": [784, 396, 837, 427]}, {"label": "car", "bounding_box": [814, 398, 882, 426]}, {"label": "car", "bounding_box": [902, 393, 962, 433]}, {"label": "static", "bounding_box": [965, 355, 974, 393]}, {"label": "car", "bounding_box": [948, 388, 1009, 445]}, {"label": "car", "bounding_box": [958, 393, 1038, 444]}, {"label": "pole", "bounding_box": [1052, 358, 1058, 436]}, {"label": "traffic sign", "bounding_box": [1046, 320, 1062, 362]}, {"label": "static", "bounding_box": [1025, 403, 1043, 430]}, {"label": "pole", "bounding_box": [1031, 347, 1037, 443]}, {"label": "traffic sign", "bounding_box": [1006, 302, 1042, 353]}, {"label": "static", "bounding_box": [1024, 366, 1043, 405]}, {"label": "static", "bounding_box": [1113, 193, 1178, 285]}, {"label": "static", "bounding_box": [1208, 0, 1279, 170]}, {"label": "static", "bounding_box": [1203, 183, 1249, 226]}, {"label": "vegetation", "bounding_box": [1114, 373, 1177, 435]}, {"label": "static", "bounding_box": [1124, 428, 1177, 453]}, {"label": "bicycle", "bounding_box": [1135, 398, 1156, 451]}, {"label": "person", "bounding_box": [1328, 360, 1347, 464]}, {"label": "static", "bounding_box": [1469, 238, 1546, 278]}, {"label": "static", "bounding_box": [1406, 240, 1428, 281]}, {"label": "static", "bounding_box": [525, 337, 537, 359]}, {"label": "pole", "bounding_box": [526, 338, 532, 446]}, {"label": "ego vehicle", "bounding_box": [24, 796, 2047, 1023]}, {"label": "rectification border", "bounding_box": [416, 0, 2047, 28]}, {"label": "rectification border", "bounding_box": [2037, 509, 2047, 1023]}, {"label": "rectification border", "bounding_box": [0, 0, 17, 474]}, {"label": "rectification border", "bounding_box": [0, 977, 1937, 1023]}, {"label": "out of roi", "bounding_box": [0, 0, 2048, 1024]}]}