{"imgHeight": 1024, "imgWidth": 2048, "objects": [{"label": "sky", "bounding_box": [592, 0, 1925, 377]}, {"label": "building", "bounding_box": [965, 236, 1203, 430]}, {"label": "vegetation", "bounding_box": [949, 268, 1112, 410]}, {"label": "terrain", "bounding_box": [996, 399, 1068, 418]}, {"label": "sidewalk", "bounding_box": [980, 407, 1067, 425]}, {"label": "road", "bounding_box": [0, 396, 2048, 1024]}, {"label": "static", "bounding_box": [1035, 378, 1051, 420]}, {"label": "pole", "bounding_box": [1048, 352, 1077, 420]}, {"label": "truck", "bounding_box": [1065, 389, 1094, 409]}, {"label": "pole", "bounding_box": [1074, 371, 1079, 411]}, {"label": "cargroup", "bounding_box": [1054, 404, 1127, 426]}, {"label": "pole", "bounding_box": [996, 297, 1013, 419]}, {"label": "traffic light", "bounding_box": [996, 387, 1001, 397]}, {"label": "sidewalk", "bounding_box": [851, 408, 1011, 439]}, {"label": "pole", "bounding_box": [997, 413, 999, 425]}, {"label": "building", "bounding_box": [0, 0, 993, 533]}, {"label": "bicycle", "bounding_box": [879, 415, 893, 432]}, {"label": "pole", "bounding_box": [884, 280, 938, 435]}, {"label": "static", "bounding_box": [864, 300, 883, 325]}, {"label": "static", "bounding_box": [731, 260, 769, 282]}, {"label": "static", "bounding_box": [741, 281, 770, 304]}, {"label": "static", "bounding_box": [738, 302, 773, 361]}, {"label": "pole", "bounding_box": [733, 280, 741, 415]}, {"label": "pole", "bounding_box": [769, 383, 774, 406]}, {"label": "traffic sign", "bounding_box": [760, 358, 782, 386]}, {"label": "car", "bounding_box": [751, 402, 809, 436]}, {"label": "sidewalk", "bounding_box": [358, 450, 706, 528]}, {"label": "car", "bounding_box": [697, 409, 784, 475]}, {"label": "terrain", "bounding_box": [595, 463, 719, 486]}, {"label": "pole", "bounding_box": [725, 430, 730, 472]}, {"label": "car", "bounding_box": [765, 404, 879, 480]}, {"label": "static", "bounding_box": [794, 274, 809, 329]}, {"label": "static", "bounding_box": [770, 322, 795, 355]}, {"label": "static", "bounding_box": [791, 331, 816, 344]}, {"label": "static", "bounding_box": [792, 362, 825, 384]}, {"label": "static", "bounding_box": [781, 360, 803, 383]}, {"label": "vegetation", "bounding_box": [519, 0, 1157, 471]}, {"label": "pole", "bounding_box": [669, 431, 676, 476]}, {"label": "pole", "bounding_box": [528, 341, 533, 449]}, {"label": "traffic sign", "bounding_box": [491, 335, 532, 344]}, {"label": "bicycle", "bounding_box": [517, 421, 562, 482]}, {"label": "static", "bounding_box": [58, 33, 130, 114]}, {"label": "static", "bounding_box": [59, 127, 139, 203]}, {"label": "car", "bounding_box": [84, 402, 377, 579]}, {"label": "car", "bounding_box": [0, 343, 118, 616]}, {"label": "pole", "bounding_box": [1137, 380, 1140, 407]}, {"label": "traffic sign", "bounding_box": [1124, 351, 1156, 361]}, {"label": "traffic sign", "bounding_box": [1125, 360, 1154, 384]}, {"label": "building", "bounding_box": [1192, 0, 2048, 555]}, {"label": "pole", "bounding_box": [1159, 377, 1163, 402]}, {"label": "traffic sign", "bounding_box": [1151, 359, 1177, 382]}, {"label": "vegetation", "bounding_box": [1072, 157, 1342, 398]}, {"label": "pole", "bounding_box": [1164, 280, 1172, 403]}, {"label": "pole", "bounding_box": [1141, 245, 1164, 276]}, {"label": "pole", "bounding_box": [1094, 233, 1129, 243]}, {"label": "cargroup", "bounding_box": [1100, 401, 1153, 445]}, {"label": "pole", "bounding_box": [1218, 341, 1221, 347]}, {"label": "pole", "bounding_box": [1219, 355, 1223, 392]}, {"label": "traffic sign", "bounding_box": [1213, 359, 1226, 372]}, {"label": "traffic sign", "bounding_box": [1216, 371, 1224, 381]}, {"label": "terrain", "bounding_box": [1177, 372, 1327, 451]}, {"label": "pole", "bounding_box": [1422, 177, 1443, 327]}, {"label": "pole", "bounding_box": [1477, 109, 1504, 331]}, {"label": "vegetation", "bounding_box": [1338, 283, 1417, 370]}, {"label": "static", "bounding_box": [1296, 360, 1436, 405]}, {"label": "pole", "bounding_box": [1290, 284, 1358, 306]}, {"label": "static", "bounding_box": [1313, 301, 1340, 403]}, {"label": "polegroup", "bounding_box": [1292, 403, 1328, 450]}, {"label": "static", "bounding_box": [1363, 309, 1377, 363]}, {"label": "static", "bounding_box": [1398, 307, 1412, 364]}, {"label": "static", "bounding_box": [1419, 321, 1527, 372]}, {"label": "pole", "bounding_box": [1468, 207, 1477, 365]}, {"label": "traffic sign", "bounding_box": [1421, 207, 1465, 250]}, {"label": "sidewalk", "bounding_box": [1201, 433, 2004, 655]}, {"label": "pole", "bounding_box": [1275, 411, 1279, 439]}, {"label": "vegetation", "bounding_box": [1356, 357, 1395, 409]}, {"label": "pole", "bounding_box": [1337, 402, 1342, 443]}, {"label": "pole", "bounding_box": [1345, 402, 1350, 445]}, {"label": "pole", "bounding_box": [1354, 403, 1359, 443]}, {"label": "pole", "bounding_box": [1360, 404, 1366, 448]}, {"label": "pole", "bounding_box": [1400, 407, 1406, 441]}, {"label": "pole", "bounding_box": [1382, 405, 1388, 449]}, {"label": "pole", "bounding_box": [1366, 348, 1370, 451]}, {"label": "static", "bounding_box": [1363, 348, 1369, 392]}, {"label": "pole", "bounding_box": [1351, 0, 1404, 479]}, {"label": "traffic sign", "bounding_box": [1375, 250, 1416, 290]}, {"label": "car", "bounding_box": [1131, 397, 1214, 465]}, {"label": "vegetation", "bounding_box": [1511, 192, 1714, 371]}, {"label": "fence", "bounding_box": [1646, 259, 2048, 524]}, {"label": "fence", "bounding_box": [1478, 361, 1510, 465]}, {"label": "wall", "bounding_box": [1416, 363, 1488, 471]}, {"label": "wall", "bounding_box": [1504, 289, 1753, 500]}, {"label": "wall", "bounding_box": [1889, 254, 2048, 544]}, {"label": "person", "bounding_box": [1642, 357, 1707, 510]}, {"label": "car", "bounding_box": [1904, 498, 2048, 926]}, {"label": "ego vehicle", "bounding_box": [24, 796, 2047, 1023]}, {"label": "rectification border", "bounding_box": [416, 0, 2047, 28]}, {"label": "rectification border", "bounding_box": [2037, 509, 2047, 1023]}, {"label": "rectification border", "bounding_box": [0, 0, 17, 474]}, {"label": "rectification border", "bounding_box": [0, 977, 1937, 1023]}, {"label": "out of roi", "bounding_box": [0, 0, 2048, 1024]}]}