{"imgHeight": 1024, "imgWidth": 2048, "objects": [{"label": "road", "bounding_box": [0, 289, 2048, 1024]}, {"label": "sidewalk", "bounding_box": [507, 436, 1007, 485]}, {"label": "sidewalk", "bounding_box": [962, 415, 1184, 442]}, {"label": "sidewalk", "bounding_box": [1206, 427, 2048, 834]}, {"label": "sky", "bounding_box": [226, 0, 1343, 350]}, {"label": "building", "bounding_box": [0, 0, 1294, 498]}, {"label": "pole", "bounding_box": [863, 304, 901, 428]}, {"label": "fence", "bounding_box": [1440, 320, 2048, 586]}, {"label": "vegetation", "bounding_box": [645, 0, 2048, 488]}, {"label": "traffic light", "bounding_box": [1757, 0, 1839, 111]}, {"label": "pole", "bounding_box": [1826, 0, 1881, 620]}, {"label": "traffic light", "bounding_box": [1820, 0, 1898, 151]}, {"label": "cargroup", "bounding_box": [1170, 405, 1255, 431]}, {"label": "person", "bounding_box": [1240, 384, 1261, 455]}, {"label": "pole", "bounding_box": [1233, 314, 1242, 443]}, {"label": "traffic sign", "bounding_box": [1231, 367, 1247, 384]}, {"label": "pole", "bounding_box": [29, 43, 176, 429]}, {"label": "static", "bounding_box": [165, 33, 213, 54]}, {"label": "static", "bounding_box": [354, 338, 396, 368]}, {"label": "static", "bounding_box": [867, 414, 878, 454]}, {"label": "pole", "bounding_box": [357, 344, 364, 434]}, {"label": "car", "bounding_box": [421, 431, 526, 499]}, {"label": "car", "bounding_box": [306, 431, 439, 497]}, {"label": "car", "bounding_box": [190, 428, 330, 510]}, {"label": "car", "bounding_box": [0, 419, 234, 550]}, {"label": "sidewalk", "bounding_box": [0, 605, 332, 698]}, {"label": "terrain", "bounding_box": [0, 453, 636, 626]}, {"label": "pole", "bounding_box": [639, 233, 713, 433]}, {"label": "car", "bounding_box": [782, 428, 822, 467]}, {"label": "car", "bounding_box": [726, 416, 791, 468]}, {"label": "car", "bounding_box": [706, 429, 755, 473]}, {"label": "car", "bounding_box": [656, 428, 723, 478]}, {"label": "car", "bounding_box": [570, 428, 672, 484]}, {"label": "car", "bounding_box": [926, 424, 971, 451]}, {"label": "car", "bounding_box": [877, 424, 923, 458]}, {"label": "car", "bounding_box": [826, 426, 878, 463]}, {"label": "static", "bounding_box": [708, 228, 731, 239]}, {"label": "pole", "bounding_box": [1110, 323, 1132, 428]}, {"label": "person", "bounding_box": [1080, 406, 1087, 432]}, {"label": "person", "bounding_box": [1094, 408, 1102, 432]}, {"label": "person", "bounding_box": [1120, 405, 1129, 429]}, {"label": "car", "bounding_box": [1017, 413, 1060, 444]}, {"label": "car", "bounding_box": [998, 416, 1044, 452]}, {"label": "pole", "bounding_box": [990, 402, 992, 437]}, {"label": "traffic sign", "bounding_box": [987, 395, 993, 404]}, {"label": "person", "bounding_box": [1248, 298, 1363, 671]}, {"label": "person", "bounding_box": [1240, 298, 1363, 671]}, {"label": "static", "bounding_box": [479, 411, 543, 472]}, {"label": "pole", "bounding_box": [502, 410, 514, 504]}, {"label": "ego vehicle", "bounding_box": [24, 796, 2047, 1023]}, {"label": "rectification border", "bounding_box": [416, 0, 2047, 28]}, {"label": "rectification border", "bounding_box": [2037, 509, 2047, 1023]}, {"label": "rectification border", "bounding_box": [0, 0, 17, 474]}, {"label": "rectification border", "bounding_box": [0, 977, 1937, 1023]}, {"label": "out of roi", "bounding_box": [0, 0, 2048, 1024]}]}