{"imgHeight": 1024, "imgWidth": 2048, "objects": [{"label": "road", "bounding_box": [0, 282, 2048, 1024]}, {"label": "sidewalk", "bounding_box": [134, 405, 929, 466]}, {"label": "sky", "bounding_box": [0, 0, 2048, 361]}, {"label": "vegetation", "bounding_box": [14, 286, 58, 320]}, {"label": "vegetation", "bounding_box": [298, 224, 450, 432]}, {"label": "building", "bounding_box": [0, 190, 395, 448]}, {"label": "static", "bounding_box": [22, 312, 89, 401]}, {"label": "pole", "bounding_box": [29, 317, 39, 416]}, {"label": "pole", "bounding_box": [107, 334, 134, 447]}, {"label": "sidewalk", "bounding_box": [0, 446, 244, 488]}, {"label": "wall", "bounding_box": [20, 409, 97, 459]}, {"label": "car", "bounding_box": [0, 398, 41, 453]}, {"label": "pole", "bounding_box": [0, 255, 49, 276]}, {"label": "static", "bounding_box": [40, 252, 61, 262]}, {"label": "static", "bounding_box": [110, 270, 157, 318]}, {"label": "traffic light", "bounding_box": [160, 319, 190, 365]}, {"label": "static", "bounding_box": [152, 369, 171, 386]}, {"label": "pole", "bounding_box": [150, 128, 373, 476]}, {"label": "traffic light", "bounding_box": [145, 319, 167, 362]}, {"label": "traffic light", "bounding_box": [359, 135, 384, 197]}, {"label": "vegetation", "bounding_box": [229, 403, 266, 434]}, {"label": "vegetation", "bounding_box": [192, 403, 220, 437]}, {"label": "vegetation", "bounding_box": [291, 405, 312, 432]}, {"label": "fence", "bounding_box": [188, 429, 345, 442]}, {"label": "pole", "bounding_box": [277, 380, 279, 445]}, {"label": "static", "bounding_box": [271, 386, 283, 397]}, {"label": "car", "bounding_box": [340, 413, 390, 445]}, {"label": "vegetation", "bounding_box": [1905, 133, 2048, 345]}, {"label": "sidewalk", "bounding_box": [1224, 399, 1496, 428]}, {"label": "sidewalk", "bounding_box": [1313, 447, 1424, 459]}, {"label": "building", "bounding_box": [404, 0, 1997, 437]}, {"label": "vegetation", "bounding_box": [378, 385, 549, 439]}, {"label": "static", "bounding_box": [538, 409, 564, 434]}, {"label": "pole", "bounding_box": [550, 409, 555, 449]}, {"label": "static", "bounding_box": [469, 410, 490, 438]}, {"label": "pole", "bounding_box": [323, 250, 335, 440]}, {"label": "bicycle", "bounding_box": [408, 415, 495, 468]}, {"label": "rider", "bounding_box": [426, 378, 486, 457]}, {"label": "static", "bounding_box": [602, 189, 624, 246]}, {"label": "static", "bounding_box": [594, 256, 639, 306]}, {"label": "traffic light", "bounding_box": [621, 306, 652, 356]}, {"label": "traffic light", "bounding_box": [590, 308, 621, 350]}, {"label": "pole", "bounding_box": [627, 183, 711, 441]}, {"label": "static", "bounding_box": [609, 177, 632, 188]}, {"label": "pole", "bounding_box": [605, 0, 628, 456]}, {"label": "pole", "bounding_box": [637, 431, 643, 457]}, {"label": "traffic sign", "bounding_box": [622, 403, 656, 437]}, {"label": "traffic sign", "bounding_box": [700, 348, 716, 363]}, {"label": "traffic light", "bounding_box": [1031, 297, 1057, 341]}, {"label": "pole", "bounding_box": [1054, 293, 1061, 358]}, {"label": "static", "bounding_box": [1048, 280, 1067, 299]}, {"label": "car", "bounding_box": [1190, 376, 1354, 432]}, {"label": "traffic light", "bounding_box": [1222, 283, 1249, 337]}, {"label": "traffic sign", "bounding_box": [1165, 229, 1219, 300]}, {"label": "pole", "bounding_box": [1216, 109, 1312, 419]}, {"label": "traffic light", "bounding_box": [1204, 291, 1221, 334]}, {"label": "traffic light", "bounding_box": [1298, 113, 1332, 180]}, {"label": "car", "bounding_box": [904, 354, 1256, 497]}, {"label": "pole", "bounding_box": [1352, 420, 1362, 450]}, {"label": "static", "bounding_box": [1356, 372, 1435, 419]}, {"label": "traffic sign", "bounding_box": [1343, 384, 1373, 427]}, {"label": "pole", "bounding_box": [1560, 0, 1575, 380]}, {"label": "pole", "bounding_box": [1513, 293, 1516, 385]}, {"label": "car", "bounding_box": [1468, 362, 1578, 436]}, {"label": "traffic light", "bounding_box": [1515, 250, 1538, 309]}, {"label": "traffic sign", "bounding_box": [1539, 226, 1582, 237]}, {"label": "pole", "bounding_box": [1529, 0, 1543, 406]}, {"label": "traffic light", "bounding_box": [1542, 247, 1575, 306]}, {"label": "traffic light", "bounding_box": [1522, 245, 1549, 280]}, {"label": "traffic light", "bounding_box": [1575, 61, 1610, 133]}, {"label": "pole", "bounding_box": [1574, 56, 1718, 306]}, {"label": "traffic light", "bounding_box": [1682, 108, 1738, 225]}, {"label": "pole", "bounding_box": [1729, 60, 1755, 306]}, {"label": "traffic sign", "bounding_box": [1716, 0, 1852, 95]}, {"label": "traffic light", "bounding_box": [1738, 99, 1785, 227]}, {"label": "traffic sign", "bounding_box": [1730, 241, 1777, 282]}, {"label": "pole", "bounding_box": [1790, 114, 1844, 301]}, {"label": "static", "bounding_box": [1837, 101, 1863, 120]}, {"label": "car", "bounding_box": [1463, 276, 2048, 738]}, {"label": "car", "bounding_box": [1915, 370, 2048, 967]}, {"label": "ground", "bounding_box": [1313, 447, 1424, 459]}, {"label": "ego vehicle", "bounding_box": [24, 796, 2047, 1023]}, {"label": "rectification border", "bounding_box": [416, 0, 2047, 28]}, {"label": "rectification border", "bounding_box": [2037, 509, 2047, 1023]}, {"label": "rectification border", "bounding_box": [0, 0, 17, 474]}, {"label": "rectification border", "bounding_box": [0, 977, 1937, 1023]}, {"label": "out of roi", "bounding_box": [0, 0, 2048, 1024]}]}