{"imgHeight": 1024, "imgWidth": 2048, "objects": [{"label": "road", "bounding_box": [0, 436, 2048, 1024]}, {"label": "sidewalk", "bounding_box": [0, 440, 2048, 544]}, {"label": "building", "bounding_box": [0, 1, 2048, 503]}, {"label": "pole", "bounding_box": [1068, 265, 1078, 394]}, {"label": "static", "bounding_box": [1063, 349, 1084, 366]}, {"label": "static", "bounding_box": [1056, 334, 1092, 353]}, {"label": "static", "bounding_box": [1061, 290, 1082, 335]}, {"label": "static", "bounding_box": [1045, 269, 1103, 292]}, {"label": "static", "bounding_box": [1250, 155, 1342, 273]}, {"label": "vegetation", "bounding_box": [1082, 260, 1442, 498]}, {"label": "static", "bounding_box": [1433, 299, 1460, 333]}, {"label": "static", "bounding_box": [1525, 299, 1552, 337]}, {"label": "vegetation", "bounding_box": [1458, 318, 1615, 488]}, {"label": "vegetation", "bounding_box": [1633, 287, 2048, 479]}, {"label": "car", "bounding_box": [1624, 359, 1987, 501]}, {"label": "car", "bounding_box": [784, 371, 1113, 514]}, {"label": "traffic sign", "bounding_box": [447, 228, 514, 256]}, {"label": "car", "bounding_box": [0, 401, 121, 542]}, {"label": "sidewalk", "bounding_box": [1089, 486, 2048, 572]}, {"label": "static", "bounding_box": [1700, 285, 1773, 507]}, {"label": "pole", "bounding_box": [1756, 138, 1771, 507]}, {"label": "static", "bounding_box": [1735, 119, 1792, 148]}, {"label": "traffic sign", "bounding_box": [1709, 151, 1757, 239]}, {"label": "static", "bounding_box": [1916, 92, 1929, 225]}, {"label": "pole", "bounding_box": [1927, 93, 1948, 532]}, {"label": "static", "bounding_box": [1369, 204, 1381, 284]}, {"label": "pole", "bounding_box": [1357, 198, 1389, 529]}, {"label": "bicycle", "bounding_box": [1238, 388, 1467, 532]}, {"label": "rider", "bounding_box": [1325, 336, 1397, 529]}, {"label": "person", "bounding_box": [1623, 386, 1703, 538]}, {"label": "pole", "bounding_box": [1239, 145, 1259, 541]}, {"label": "traffic sign", "bounding_box": [1206, 90, 1290, 173]}, {"label": "traffic sign", "bounding_box": [1045, 269, 1103, 292]}, {"label": "traffic sign", "bounding_box": [1061, 290, 1082, 335]}, {"label": "traffic sign", "bounding_box": [1063, 349, 1084, 366]}, {"label": "traffic sign", "bounding_box": [1056, 334, 1092, 353]}, {"label": "ego vehicle", "bounding_box": [24, 796, 2047, 1023]}, {"label": "rectification border", "bounding_box": [416, 0, 2047, 28]}, {"label": "rectification border", "bounding_box": [2037, 509, 2047, 1023]}, {"label": "rectification border", "bounding_box": [0, 0, 17, 474]}, {"label": "rectification border", "bounding_box": [0, 977, 1937, 1023]}, {"label": "out of roi", "bounding_box": [0, 0, 2048, 1024]}]}