{"imgHeight": 1024, "imgWidth": 2048, "objects": [{"label": "road", "bounding_box": [0, 367, 2047, 1023]}, {"label": "sky", "bounding_box": [139, 0, 2047, 318]}, {"label": "building", "bounding_box": [1494, 75, 2047, 399]}, {"label": "dynamic", "bounding_box": [1802, 336, 1887, 354]}, {"label": "building", "bounding_box": [348, 187, 462, 269]}, {"label": "pole", "bounding_box": [1761, 123, 1770, 174]}, {"label": "building", "bounding_box": [509, 217, 600, 321]}, {"label": "building", "bounding_box": [0, 325, 187, 472]}, {"label": "parking", "bounding_box": [0, 422, 720, 671]}, {"label": "car", "bounding_box": [2019, 340, 2047, 379]}, {"label": "vegetation", "bounding_box": [0, 0, 441, 437]}, {"label": "fence", "bounding_box": [5, 412, 121, 515]}, {"label": "vegetation", "bounding_box": [501, 0, 2040, 424]}, {"label": "vegetation", "bounding_box": [1730, 0, 2047, 463]}, {"label": "fence", "bounding_box": [844, 343, 2004, 430]}, {"label": "building", "bounding_box": [1924, 330, 1994, 375]}, {"label": "pole", "bounding_box": [1899, 137, 1910, 364]}, {"label": "traffic light", "bounding_box": [1906, 317, 1916, 344]}, {"label": "traffic sign", "bounding_box": [1886, 314, 1902, 329]}, {"label": "car", "bounding_box": [1855, 355, 1960, 437]}, {"label": "license plate", "bounding_box": [1878, 401, 1903, 407]}, {"label": "pole", "bounding_box": [1740, 342, 1745, 386]}, {"label": "traffic sign", "bounding_box": [1738, 343, 1745, 357]}, {"label": "car", "bounding_box": [1736, 355, 1888, 453]}, {"label": "license plate", "bounding_box": [1790, 420, 1818, 429]}, {"label": "person", "bounding_box": [1653, 355, 1670, 389]}, {"label": "person", "bounding_box": [1675, 355, 1684, 376]}, {"label": "person", "bounding_box": [1626, 357, 1646, 391]}, {"label": "sidewalk", "bounding_box": [1595, 388, 1655, 404]}, {"label": "sidewalk", "bounding_box": [668, 398, 1532, 450]}, {"label": "pole", "bounding_box": [1587, 0, 1631, 404]}, {"label": "static", "bounding_box": [1587, 278, 1618, 306]}, {"label": "traffic light", "bounding_box": [1590, 280, 1610, 321]}, {"label": "traffic sign", "bounding_box": [1590, 326, 1612, 343]}, {"label": "car", "bounding_box": [1632, 361, 1766, 448]}, {"label": "license plate", "bounding_box": [1657, 402, 1692, 410]}, {"label": "terrain", "bounding_box": [1929, 422, 2047, 512]}, {"label": "bicycle", "bounding_box": [1764, 410, 1802, 516]}, {"label": "rider", "bounding_box": [1745, 330, 1816, 503]}, {"label": "traffic sign", "bounding_box": [1448, 291, 1505, 308]}, {"label": "pole", "bounding_box": [1464, 247, 1475, 423]}, {"label": "traffic sign", "bounding_box": [1413, 252, 1495, 272]}, {"label": "traffic sign", "bounding_box": [1412, 271, 1496, 292]}, {"label": "license plate", "bounding_box": [1508, 414, 1553, 424]}, {"label": "pole", "bounding_box": [1448, 376, 1453, 404]}, {"label": "pole", "bounding_box": [1376, 379, 1380, 407]}, {"label": "pole", "bounding_box": [1350, 377, 1356, 406]}, {"label": "pole", "bounding_box": [1221, 383, 1226, 406]}, {"label": "pole", "bounding_box": [495, 0, 583, 409]}, {"label": "pole", "bounding_box": [552, 338, 558, 416]}, {"label": "traffic light", "bounding_box": [551, 334, 570, 356]}, {"label": "traffic sign", "bounding_box": [575, 270, 580, 289]}, {"label": "traffic sign", "bounding_box": [535, 255, 558, 288]}, {"label": "traffic sign", "bounding_box": [536, 285, 559, 308]}, {"label": "pole", "bounding_box": [539, 324, 557, 416]}, {"label": "traffic sign", "bounding_box": [536, 308, 560, 329]}, {"label": "fence", "bounding_box": [510, 397, 813, 437]}, {"label": "wall", "bounding_box": [804, 389, 877, 430]}, {"label": "ground", "bounding_box": [1068, 407, 1541, 480]}, {"label": "pole", "bounding_box": [1146, 406, 1154, 462]}, {"label": "traffic sign", "bounding_box": [1129, 378, 1165, 415]}, {"label": "car", "bounding_box": [1203, 375, 1378, 497]}, {"label": "license plate", "bounding_box": [1246, 425, 1297, 439]}, {"label": "car", "bounding_box": [1471, 367, 1620, 480]}, {"label": "license plate", "bounding_box": [1508, 414, 1553, 426]}, {"label": "static", "bounding_box": [672, 313, 686, 355]}, {"label": "pole", "bounding_box": [681, 306, 694, 442]}, {"label": "traffic sign", "bounding_box": [687, 315, 695, 345]}, {"label": "car", "bounding_box": [492, 394, 695, 523]}, {"label": "license plate", "bounding_box": [531, 477, 558, 488]}, {"label": "caravan", "bounding_box": [52, 225, 539, 589]}, {"label": "license plate", "bounding_box": [134, 539, 198, 559]}, {"label": "car", "bounding_box": [0, 399, 71, 629]}, {"label": "ego vehicle", "bounding_box": [24, 796, 2047, 1023]}, {"label": "rectification border", "bounding_box": [416, 0, 2047, 28]}, {"label": "rectification border", "bounding_box": [2037, 509, 2047, 1023]}, {"label": "rectification border", "bounding_box": [0, 0, 17, 474]}, {"label": "rectification border", "bounding_box": [0, 977, 1937, 1023]}, {"label": "out of roi", "bounding_box": [0, 0, 2048, 1024]}]}