{"imgHeight": 1024, "imgWidth": 2048, "objects": [{"label": "sky", "bounding_box": [0, 0, 2047, 298]}, {"label": "road", "bounding_box": [0, 273, 2047, 1023]}, {"label": "building", "bounding_box": [487, 129, 1717, 381]}, {"label": "wall", "bounding_box": [1238, 343, 1670, 425]}, {"label": "building", "bounding_box": [1784, 0, 2047, 425]}, {"label": "sidewalk", "bounding_box": [0, 378, 597, 483]}, {"label": "sidewalk", "bounding_box": [961, 357, 2047, 843]}, {"label": "vegetation", "bounding_box": [810, 211, 952, 362]}, {"label": "vegetation", "bounding_box": [1002, 0, 1866, 374]}, {"label": "car", "bounding_box": [1636, 331, 1830, 419]}, {"label": "pole", "bounding_box": [1659, 177, 1683, 343]}, {"label": "car", "bounding_box": [1754, 366, 1919, 483]}, {"label": "license plate", "bounding_box": [1859, 440, 1910, 456]}, {"label": "static", "bounding_box": [1122, 188, 1251, 294]}, {"label": "sidewalk", "bounding_box": [1947, 421, 2047, 438]}, {"label": "vegetation", "bounding_box": [1824, 43, 1894, 98]}, {"label": "pole", "bounding_box": [722, 291, 735, 364]}, {"label": "pole", "bounding_box": [796, 281, 810, 358]}, {"label": "pole", "bounding_box": [908, 293, 915, 352]}, {"label": "pole", "bounding_box": [658, 301, 671, 369]}, {"label": "pole", "bounding_box": [601, 310, 616, 375]}, {"label": "wall", "bounding_box": [343, 356, 491, 393]}, {"label": "vegetation", "bounding_box": [0, 0, 620, 457]}, {"label": "pole", "bounding_box": [339, 0, 375, 424]}, {"label": "pole", "bounding_box": [553, 320, 565, 375]}, {"label": "fence", "bounding_box": [0, 400, 319, 457]}, {"label": "person", "bounding_box": [230, 362, 253, 433]}, {"label": "fence", "bounding_box": [533, 344, 1017, 382]}, {"label": "pole", "bounding_box": [1350, 206, 1363, 337]}, {"label": "person", "bounding_box": [248, 354, 291, 437]}, {"label": "pole", "bounding_box": [1185, 0, 1214, 387]}, {"label": "person", "bounding_box": [561, 341, 583, 382]}, {"label": "pole", "bounding_box": [551, 74, 579, 390]}, {"label": "static", "bounding_box": [391, 349, 419, 365]}, {"label": "motorcycle", "bounding_box": [1570, 353, 1694, 398]}, {"label": "pole", "bounding_box": [381, 332, 387, 366]}, {"label": "pole", "bounding_box": [411, 286, 428, 364]}, {"label": "pole", "bounding_box": [509, 328, 519, 353]}, {"label": "pole", "bounding_box": [960, 70, 990, 369]}, {"label": "fence", "bounding_box": [1007, 343, 1187, 373]}, {"label": "traffic sign", "bounding_box": [1187, 263, 1217, 295]}, {"label": "static", "bounding_box": [1759, 0, 2047, 51]}, {"label": "static", "bounding_box": [1189, 273, 1218, 354]}, {"label": "fence", "bounding_box": [1206, 326, 1986, 639]}, {"label": "pole", "bounding_box": [1536, 366, 1540, 385]}, {"label": "traffic sign", "bounding_box": [1533, 349, 1545, 370]}, {"label": "pole", "bounding_box": [1158, 0, 1199, 445]}, {"label": "pole", "bounding_box": [1889, 35, 1965, 683]}, {"label": "person", "bounding_box": [544, 341, 563, 386]}, {"label": "person", "bounding_box": [530, 345, 547, 387]}, {"label": "ego vehicle", "bounding_box": [24, 796, 2047, 1023]}, {"label": "rectification border", "bounding_box": [416, 0, 2047, 28]}, {"label": "rectification border", "bounding_box": [2037, 509, 2047, 1023]}, {"label": "rectification border", "bounding_box": [0, 0, 17, 474]}, {"label": "rectification border", "bounding_box": [0, 977, 1937, 1023]}, {"label": "out of roi", "bounding_box": [0, 0, 2048, 1024]}]}