{"imgHeight": 1024, "imgWidth": 2048, "objects": [{"label": "traffic sign", "bounding_box": [880, 341, 910, 380]}, {"label": "sky", "bounding_box": [0, 0, 2047, 321]}, {"label": "building", "bounding_box": [0, 0, 2047, 791]}, {"label": "road", "bounding_box": [0, 418, 2047, 1023]}, {"label": "sidewalk", "bounding_box": [0, 413, 2047, 649]}, {"label": "vegetation", "bounding_box": [931, 358, 972, 406]}, {"label": "pole", "bounding_box": [841, 348, 845, 383]}, {"label": "pole", "bounding_box": [737, 224, 749, 406]}, {"label": "static", "bounding_box": [739, 244, 771, 265]}, {"label": "pole", "bounding_box": [734, 0, 1131, 545]}, {"label": "vegetation", "bounding_box": [734, 0, 1131, 545]}, {"label": "traffic sign", "bounding_box": [831, 348, 853, 358]}, {"label": "pole", "bounding_box": [958, 349, 964, 414]}, {"label": "traffic sign", "bounding_box": [828, 305, 854, 332]}, {"label": "traffic sign", "bounding_box": [830, 327, 854, 351]}, {"label": "persongroup", "bounding_box": [951, 392, 1000, 442]}, {"label": "static", "bounding_box": [787, 377, 803, 397]}, {"label": "static", "bounding_box": [963, 412, 993, 442]}, {"label": "person", "bounding_box": [787, 387, 812, 436]}, {"label": "static", "bounding_box": [783, 418, 791, 426]}, {"label": "traffic sign", "bounding_box": [880, 343, 906, 387]}, {"label": "car", "bounding_box": [782, 371, 988, 544]}, {"label": "static", "bounding_box": [815, 366, 821, 375]}, {"label": "static", "bounding_box": [772, 352, 779, 367]}, {"label": "pole", "bounding_box": [718, 345, 723, 428]}, {"label": "traffic sign", "bounding_box": [708, 350, 723, 357]}, {"label": "pole", "bounding_box": [673, 412, 676, 440]}, {"label": "pole", "bounding_box": [644, 412, 648, 448]}, {"label": "static", "bounding_box": [733, 449, 745, 468]}, {"label": "person", "bounding_box": [684, 398, 704, 441]}, {"label": "person", "bounding_box": [737, 376, 788, 513]}, {"label": "static", "bounding_box": [915, 383, 982, 507]}, {"label": "traffic sign", "bounding_box": [890, 312, 947, 409]}, {"label": "pole", "bounding_box": [898, 182, 926, 560]}, {"label": "traffic sign", "bounding_box": [860, 144, 939, 253]}, {"label": "traffic sign", "bounding_box": [862, 82, 930, 153]}, {"label": "static", "bounding_box": [679, 308, 696, 330]}, {"label": "static", "bounding_box": [641, 320, 671, 343]}, {"label": "static", "bounding_box": [672, 331, 685, 361]}, {"label": "static", "bounding_box": [622, 350, 647, 373]}, {"label": "static", "bounding_box": [599, 307, 625, 332]}, {"label": "static", "bounding_box": [563, 303, 592, 324]}, {"label": "static", "bounding_box": [541, 324, 593, 359]}, {"label": "static", "bounding_box": [537, 313, 586, 340]}, {"label": "static", "bounding_box": [522, 216, 562, 258]}, {"label": "static", "bounding_box": [491, 305, 534, 351]}, {"label": "static", "bounding_box": [459, 297, 492, 331]}, {"label": "static", "bounding_box": [390, 266, 491, 352]}, {"label": "pole", "bounding_box": [615, 382, 635, 466]}, {"label": "static", "bounding_box": [553, 416, 573, 477]}, {"label": "pole", "bounding_box": [513, 449, 524, 492]}, {"label": "bicycle", "bounding_box": [490, 426, 532, 493]}, {"label": "static", "bounding_box": [451, 426, 497, 489]}, {"label": "bicycle", "bounding_box": [443, 427, 491, 509]}, {"label": "pole", "bounding_box": [455, 455, 465, 509]}, {"label": "pole", "bounding_box": [465, 468, 474, 507]}, {"label": "bicycle", "bounding_box": [352, 440, 405, 528]}, {"label": "pole", "bounding_box": [376, 454, 382, 527]}, {"label": "pole", "bounding_box": [389, 459, 401, 525]}, {"label": "static", "bounding_box": [362, 120, 427, 191]}, {"label": "static", "bounding_box": [122, 492, 185, 550]}, {"label": "dynamic", "bounding_box": [670, 470, 734, 514]}, {"label": "bicycle", "bounding_box": [846, 434, 1035, 560]}, {"label": "static", "bounding_box": [955, 353, 964, 363]}, {"label": "person", "bounding_box": [989, 359, 1028, 477]}, {"label": "pole", "bounding_box": [1031, 351, 1038, 402]}, {"label": "person", "bounding_box": [1028, 367, 1062, 475]}, {"label": "static", "bounding_box": [987, 313, 1004, 331]}, {"label": "static", "bounding_box": [987, 326, 1008, 348]}, {"label": "traffic sign", "bounding_box": [1017, 313, 1047, 353]}, {"label": "traffic sign", "bounding_box": [1013, 297, 1045, 321]}, {"label": "car", "bounding_box": [1104, 413, 1137, 456]}, {"label": "static", "bounding_box": [1355, 380, 1417, 528]}, {"label": "static", "bounding_box": [1467, 423, 1540, 525]}, {"label": "static", "bounding_box": [135, 126, 207, 186]}, {"label": "static", "bounding_box": [1198, 0, 1299, 82]}, {"label": "static", "bounding_box": [1087, 266, 1131, 307]}, {"label": "ground", "bounding_box": [0, 569, 2047, 879]}, {"label": "ego vehicle", "bounding_box": [24, 796, 2047, 1023]}, {"label": "rectification border", "bounding_box": [416, 0, 2047, 28]}, {"label": "rectification border", "bounding_box": [2037, 509, 2047, 1023]}, {"label": "rectification border", "bounding_box": [0, 0, 17, 474]}, {"label": "rectification border", "bounding_box": [0, 977, 1937, 1023]}, {"label": "out of roi", "bounding_box": [0, 0, 2048, 1024]}]}