{"imgHeight": 1024, "imgWidth": 2048, "objects": [{"label": "road", "bounding_box": [0, 336, 2047, 1023]}, {"label": "sidewalk", "bounding_box": [1147, 389, 1325, 460]}, {"label": "sidewalk", "bounding_box": [745, 410, 914, 473]}, {"label": "sky", "bounding_box": [838, 0, 1266, 344]}, {"label": "building", "bounding_box": [0, 0, 2047, 634]}, {"label": "vegetation", "bounding_box": [1003, 269, 1104, 393]}, {"label": "vegetation", "bounding_box": [931, 345, 968, 388]}, {"label": "static", "bounding_box": [1002, 358, 1014, 368]}, {"label": "static", "bounding_box": [1014, 369, 1026, 381]}, {"label": "cargroup", "bounding_box": [999, 383, 1028, 403]}, {"label": "cargroup", "bounding_box": [989, 391, 1024, 417]}, {"label": "ground", "bounding_box": [996, 416, 1017, 425]}, {"label": "vegetation", "bounding_box": [997, 404, 1013, 419]}, {"label": "static", "bounding_box": [953, 363, 966, 368]}, {"label": "pole", "bounding_box": [958, 365, 962, 405]}, {"label": "cargroup", "bounding_box": [959, 389, 1005, 431]}, {"label": "car", "bounding_box": [936, 395, 988, 438]}, {"label": "bicyclegroup", "bounding_box": [950, 414, 976, 444]}, {"label": "car", "bounding_box": [898, 391, 963, 449]}, {"label": "car", "bounding_box": [864, 388, 950, 455]}, {"label": "traffic light", "bounding_box": [803, 294, 818, 345]}, {"label": "pole", "bounding_box": [800, 258, 807, 435]}, {"label": "traffic sign", "bounding_box": [782, 282, 831, 300]}, {"label": "traffic light", "bounding_box": [564, 318, 584, 337]}, {"label": "pole", "bounding_box": [580, 301, 586, 395]}, {"label": "traffic sign", "bounding_box": [569, 296, 610, 310]}, {"label": "static", "bounding_box": [636, 233, 690, 285]}, {"label": "static", "bounding_box": [643, 284, 684, 298]}, {"label": "pole", "bounding_box": [658, 192, 668, 392]}, {"label": "traffic light", "bounding_box": [648, 231, 674, 301]}, {"label": "car", "bounding_box": [702, 378, 834, 513]}, {"label": "car", "bounding_box": [592, 368, 819, 562]}, {"label": "car", "bounding_box": [282, 358, 714, 639]}, {"label": "car", "bounding_box": [0, 333, 490, 874]}, {"label": "traffic sign", "bounding_box": [1090, 370, 1098, 393]}, {"label": "static", "bounding_box": [1099, 388, 1118, 414]}, {"label": "car", "bounding_box": [1106, 388, 1150, 435]}, {"label": "pole", "bounding_box": [1099, 225, 1150, 391]}, {"label": "pole", "bounding_box": [1113, 149, 1192, 416]}, {"label": "car", "bounding_box": [1117, 378, 1193, 443]}, {"label": "car", "bounding_box": [1023, 377, 1113, 450]}, {"label": "pole", "bounding_box": [1229, 330, 1233, 437]}, {"label": "traffic sign", "bounding_box": [1220, 328, 1242, 352]}, {"label": "static", "bounding_box": [1221, 351, 1242, 357]}, {"label": "static", "bounding_box": [1224, 367, 1239, 390]}, {"label": "static", "bounding_box": [1264, 145, 1293, 257]}, {"label": "pole", "bounding_box": [1230, 0, 1291, 443]}, {"label": "static", "bounding_box": [1270, 237, 1299, 249]}, {"label": "traffic sign", "bounding_box": [1272, 248, 1297, 275]}, {"label": "traffic sign", "bounding_box": [1269, 275, 1302, 308]}, {"label": "traffic sign", "bounding_box": [1273, 307, 1299, 326]}, {"label": "traffic light", "bounding_box": [1279, 327, 1290, 341]}, {"label": "static", "bounding_box": [1387, 240, 1438, 290]}, {"label": "traffic light", "bounding_box": [1403, 306, 1414, 328]}, {"label": "pole", "bounding_box": [1404, 218, 1423, 419]}, {"label": "traffic light", "bounding_box": [1404, 239, 1429, 304]}, {"label": "traffic light", "bounding_box": [1510, 279, 1535, 328]}, {"label": "traffic sign", "bounding_box": [1399, 324, 1436, 356]}, {"label": "traffic light", "bounding_box": [1494, 326, 1511, 339]}, {"label": "traffic light", "bounding_box": [1405, 357, 1416, 387]}, {"label": "static", "bounding_box": [1714, 359, 1783, 419]}, {"label": "pole", "bounding_box": [1503, 248, 1515, 432]}, {"label": "traffic sign", "bounding_box": [1496, 281, 1509, 313]}, {"label": "traffic light", "bounding_box": [1568, 308, 1589, 328]}, {"label": "traffic light", "bounding_box": [1587, 257, 1620, 318]}, {"label": "pole", "bounding_box": [1583, 245, 1594, 419]}, {"label": "traffic sign", "bounding_box": [1572, 245, 1588, 291]}, {"label": "static", "bounding_box": [1574, 290, 1587, 301]}, {"label": "fence", "bounding_box": [1552, 394, 1872, 512]}, {"label": "wall", "bounding_box": [1606, 456, 1886, 543]}, {"label": "pole", "bounding_box": [1928, 0, 1961, 376]}, {"label": "traffic sign", "bounding_box": [1901, 173, 2004, 195]}, {"label": "car", "bounding_box": [1273, 378, 1439, 547]}, {"label": "car", "bounding_box": [1352, 369, 1689, 604]}, {"label": "license plate", "bounding_box": [1515, 468, 1601, 489]}, {"label": "car", "bounding_box": [1674, 278, 2047, 953]}, {"label": "license plate", "bounding_box": [1147, 404, 1171, 409]}, {"label": "license plate", "bounding_box": [888, 417, 914, 424]}, {"label": "pole", "bounding_box": [1376, 139, 1448, 203]}, {"label": "pole", "bounding_box": [1415, 127, 1452, 194]}, {"label": "static", "bounding_box": [1447, 179, 1460, 205]}, {"label": "static", "bounding_box": [1385, 145, 1414, 193]}, {"label": "static", "bounding_box": [1394, 136, 1436, 225]}, {"label": "license plate", "bounding_box": [1061, 419, 1087, 425]}, {"label": "ego vehicle", "bounding_box": [24, 796, 2047, 1023]}, {"label": "rectification border", "bounding_box": [416, 0, 2047, 28]}, {"label": "rectification border", "bounding_box": [2037, 509, 2047, 1023]}, {"label": "rectification border", "bounding_box": [0, 0, 17, 474]}, {"label": "rectification border", "bounding_box": [0, 977, 1937, 1023]}, {"label": "out of roi", "bounding_box": [0, 0, 2048, 1024]}]}