{"imgHeight": 1024, "imgWidth": 2048, "objects": [{"label": "road", "bounding_box": [0, 305, 2047, 1023]}, {"label": "sidewalk", "bounding_box": [584, 343, 1351, 523]}, {"label": "sky", "bounding_box": [834, 0, 1412, 297]}, {"label": "building", "bounding_box": [0, 0, 1369, 544]}, {"label": "static", "bounding_box": [1156, 371, 1173, 389]}, {"label": "car", "bounding_box": [1305, 404, 1348, 438]}, {"label": "car", "bounding_box": [1253, 407, 1317, 442]}, {"label": "sidewalk", "bounding_box": [1220, 397, 2047, 987]}, {"label": "pole", "bounding_box": [1155, 188, 1195, 444]}, {"label": "static", "bounding_box": [1211, 369, 1223, 387]}, {"label": "bicycle", "bounding_box": [1200, 417, 1229, 442]}, {"label": "pole", "bounding_box": [1215, 369, 1218, 442]}, {"label": "static", "bounding_box": [1059, 352, 1081, 359]}, {"label": "static", "bounding_box": [1061, 361, 1081, 386]}, {"label": "pole", "bounding_box": [1069, 351, 1074, 410]}, {"label": "pole", "bounding_box": [1033, 369, 1038, 416]}, {"label": "traffic sign", "bounding_box": [1032, 377, 1040, 395]}, {"label": "static", "bounding_box": [968, 345, 990, 365]}, {"label": "static", "bounding_box": [926, 332, 946, 343]}, {"label": "static", "bounding_box": [926, 343, 947, 352]}, {"label": "static", "bounding_box": [927, 354, 935, 374]}, {"label": "pole", "bounding_box": [932, 334, 939, 419]}, {"label": "pole", "bounding_box": [905, 69, 965, 414]}, {"label": "car", "bounding_box": [1012, 400, 1113, 461]}, {"label": "car", "bounding_box": [893, 395, 990, 473]}, {"label": "car", "bounding_box": [808, 398, 956, 484]}, {"label": "pole", "bounding_box": [413, 0, 437, 454]}, {"label": "vegetation", "bounding_box": [136, 0, 216, 303]}, {"label": "vegetation", "bounding_box": [0, 0, 107, 117]}, {"label": "static", "bounding_box": [777, 241, 827, 333]}, {"label": "car", "bounding_box": [535, 420, 700, 538]}, {"label": "car", "bounding_box": [354, 413, 620, 571]}, {"label": "car", "bounding_box": [90, 413, 444, 636]}, {"label": "car", "bounding_box": [0, 157, 235, 690]}, {"label": "building", "bounding_box": [1287, 0, 2047, 637]}, {"label": "static", "bounding_box": [1529, 108, 1635, 206]}, {"label": "static", "bounding_box": [1175, 188, 1195, 205]}, {"label": "static", "bounding_box": [937, 71, 965, 96]}, {"label": "license plate", "bounding_box": [833, 453, 861, 460]}, {"label": "license plate", "bounding_box": [1020, 430, 1035, 435]}, {"label": "static", "bounding_box": [1114, 363, 1136, 380]}, {"label": "ego vehicle", "bounding_box": [24, 796, 2047, 1023]}, {"label": "rectification border", "bounding_box": [416, 0, 2047, 28]}, {"label": "rectification border", "bounding_box": [2037, 509, 2047, 1023]}, {"label": "rectification border", "bounding_box": [0, 0, 17, 474]}, {"label": "rectification border", "bounding_box": [0, 977, 1937, 1023]}, {"label": "out of roi", "bounding_box": [0, 0, 2048, 1024]}]}