{"imgHeight": 1024, "imgWidth": 2048, "objects": [{"label": "sky", "bounding_box": [0, 0, 2047, 296]}, {"label": "building", "bounding_box": [0, 104, 464, 462]}, {"label": "car", "bounding_box": [315, 425, 352, 462]}, {"label": "road", "bounding_box": [0, 411, 2047, 1023]}, {"label": "sidewalk", "bounding_box": [922, 410, 2047, 537]}, {"label": "vegetation", "bounding_box": [0, 0, 2047, 500]}, {"label": "vegetation", "bounding_box": [1416, 349, 1426, 415]}, {"label": "pole", "bounding_box": [178, 329, 188, 429]}, {"label": "person", "bounding_box": [1670, 335, 1726, 484]}, {"label": "person", "bounding_box": [1490, 367, 1515, 426]}, {"label": "static", "bounding_box": [1320, 365, 1354, 421]}, {"label": "static", "bounding_box": [1363, 363, 1402, 423]}, {"label": "bicycle", "bounding_box": [1098, 406, 1135, 474]}, {"label": "bicycle", "bounding_box": [1161, 413, 1207, 472]}, {"label": "bicyclegroup", "bounding_box": [1283, 401, 1569, 466]}, {"label": "pole", "bounding_box": [1136, 421, 1146, 479]}, {"label": "pole", "bounding_box": [1113, 436, 1128, 509]}, {"label": "pole", "bounding_box": [981, 421, 988, 471]}, {"label": "pole", "bounding_box": [1016, 421, 1022, 472]}, {"label": "pole", "bounding_box": [1050, 421, 1057, 476]}, {"label": "static", "bounding_box": [1301, 324, 1460, 342]}, {"label": "static", "bounding_box": [1112, 330, 1263, 345]}, {"label": "static", "bounding_box": [1079, 271, 1488, 514]}, {"label": "pole", "bounding_box": [1359, 423, 1366, 500]}, {"label": "dynamic", "bounding_box": [1351, 461, 1374, 507]}, {"label": "pole", "bounding_box": [1415, 421, 1424, 494]}, {"label": "pole", "bounding_box": [1541, 424, 1561, 505]}, {"label": "static", "bounding_box": [1566, 124, 1685, 510]}, {"label": "building", "bounding_box": [1711, 235, 2047, 519]}, {"label": "car", "bounding_box": [185, 391, 254, 466]}, {"label": "pole", "bounding_box": [410, 261, 421, 428]}, {"label": "pole", "bounding_box": [476, 377, 479, 429]}, {"label": "traffic sign", "bounding_box": [462, 340, 489, 373]}, {"label": "static", "bounding_box": [464, 363, 487, 382]}, {"label": "pole", "bounding_box": [558, 236, 576, 420]}, {"label": "pole", "bounding_box": [895, 59, 994, 522]}, {"label": "traffic sign", "bounding_box": [874, 210, 1057, 251]}, {"label": "car", "bounding_box": [193, 410, 304, 507]}, {"label": "license plate", "bounding_box": [254, 469, 296, 479]}, {"label": "car", "bounding_box": [0, 401, 36, 439]}, {"label": "car", "bounding_box": [58, 396, 127, 420]}, {"label": "static", "bounding_box": [30, 393, 46, 431]}, {"label": "static", "bounding_box": [48, 393, 68, 424]}, {"label": "car", "bounding_box": [0, 421, 91, 543]}, {"label": "traffic sign", "bounding_box": [112, 391, 139, 423]}, {"label": "car", "bounding_box": [3, 408, 233, 565]}, {"label": "license plate", "bounding_box": [104, 462, 165, 477]}, {"label": "car", "bounding_box": [320, 418, 410, 494]}, {"label": "car", "bounding_box": [372, 413, 487, 499]}, {"label": "license plate", "bounding_box": [451, 464, 464, 472]}, {"label": "car", "bounding_box": [457, 401, 598, 502]}, {"label": "car", "bounding_box": [512, 405, 631, 510]}, {"label": "car", "bounding_box": [565, 396, 728, 520]}, {"label": "car", "bounding_box": [671, 372, 950, 542]}, {"label": "license plate", "bounding_box": [852, 466, 903, 479]}, {"label": "traffic light", "bounding_box": [244, 292, 284, 325]}, {"label": "person", "bounding_box": [1947, 358, 1982, 460]}, {"label": "static", "bounding_box": [1897, 424, 1923, 462]}, {"label": "pole", "bounding_box": [268, 0, 334, 560]}, {"label": "traffic sign", "bounding_box": [168, 84, 380, 137]}, {"label": "traffic sign", "bounding_box": [168, 140, 388, 175]}, {"label": "traffic sign", "bounding_box": [188, 164, 367, 243]}, {"label": "traffic sign", "bounding_box": [266, 220, 332, 284]}, {"label": "traffic sign", "bounding_box": [273, 277, 330, 320]}, {"label": "rider", "bounding_box": [1224, 327, 1326, 547]}, {"label": "bicycle", "bounding_box": [1145, 416, 1359, 562]}, {"label": "person", "bounding_box": [1958, 335, 1985, 461]}, {"label": "person", "bounding_box": [1965, 341, 2014, 463]}, {"label": "traffic light", "bounding_box": [1816, 181, 1856, 217]}, {"label": "person", "bounding_box": [1921, 344, 1960, 461]}, {"label": "traffic light", "bounding_box": [1814, 141, 1845, 169]}, {"label": "person", "bounding_box": [1884, 362, 1931, 443]}, {"label": "person", "bounding_box": [1870, 364, 1940, 462]}, {"label": "person", "bounding_box": [1853, 375, 1903, 463]}, {"label": "person", "bounding_box": [1841, 365, 1891, 465]}, {"label": "person", "bounding_box": [1841, 344, 1882, 470]}, {"label": "traffic sign", "bounding_box": [1577, 125, 1668, 196]}, {"label": "traffic sign", "bounding_box": [1580, 195, 1668, 229]}, {"label": "pole", "bounding_box": [1807, 124, 1836, 519]}, {"label": "traffic light", "bounding_box": [1817, 242, 1858, 276]}, {"label": "traffic sign", "bounding_box": [1779, 195, 1856, 268]}, {"label": "vegetation", "bounding_box": [1431, 346, 1438, 463]}, {"label": "vegetation", "bounding_box": [1446, 340, 1456, 478]}, {"label": "ego vehicle", "bounding_box": [24, 796, 2047, 1023]}, {"label": "rectification border", "bounding_box": [416, 0, 2047, 28]}, {"label": "rectification border", "bounding_box": [2037, 509, 2047, 1023]}, {"label": "rectification border", "bounding_box": [0, 0, 17, 474]}, {"label": "rectification border", "bounding_box": [0, 977, 1937, 1023]}, {"label": "out of roi", "bounding_box": [0, 0, 2048, 1024]}]}