{"imgHeight": 1024, "imgWidth": 2048, "objects": [{"label": "road", "bounding_box": [0, 419, 2047, 1023]}, {"label": "sidewalk", "bounding_box": [1470, 446, 2047, 508]}, {"label": "building", "bounding_box": [0, 0, 772, 538]}, {"label": "sky", "bounding_box": [704, 0, 1253, 265]}, {"label": "vegetation", "bounding_box": [1104, 211, 1169, 253]}, {"label": "building", "bounding_box": [940, 0, 2047, 485]}, {"label": "sidewalk", "bounding_box": [0, 406, 855, 586]}, {"label": "ground", "bounding_box": [577, 415, 990, 487]}, {"label": "car", "bounding_box": [804, 400, 863, 422]}, {"label": "car", "bounding_box": [799, 406, 866, 453]}, {"label": "pole", "bounding_box": [787, 331, 792, 402]}, {"label": "pole", "bounding_box": [749, 355, 757, 401]}, {"label": "car", "bounding_box": [721, 392, 832, 458]}, {"label": "terrain", "bounding_box": [0, 453, 222, 523]}, {"label": "car", "bounding_box": [679, 400, 767, 464]}, {"label": "license plate", "bounding_box": [807, 420, 820, 426]}, {"label": "vegetation", "bounding_box": [387, 0, 1049, 470]}, {"label": "static", "bounding_box": [959, 401, 975, 429]}, {"label": "pole", "bounding_box": [1020, 392, 1024, 423]}, {"label": "traffic sign", "bounding_box": [1017, 388, 1026, 400]}, {"label": "pole", "bounding_box": [1034, 388, 1039, 425]}, {"label": "static", "bounding_box": [1031, 382, 1040, 394]}, {"label": "pole", "bounding_box": [1135, 369, 1139, 432]}, {"label": "pole", "bounding_box": [1149, 368, 1155, 420]}, {"label": "traffic sign", "bounding_box": [1146, 358, 1160, 375]}, {"label": "car", "bounding_box": [1073, 404, 1107, 431]}, {"label": "license plate", "bounding_box": [1084, 422, 1095, 425]}, {"label": "static", "bounding_box": [962, 400, 971, 434]}, {"label": "pole", "bounding_box": [973, 375, 978, 428]}, {"label": "traffic light", "bounding_box": [968, 369, 982, 383]}, {"label": "traffic sign", "bounding_box": [970, 388, 980, 397]}, {"label": "pole", "bounding_box": [857, 312, 864, 419]}, {"label": "pole", "bounding_box": [787, 331, 793, 393]}, {"label": "car", "bounding_box": [830, 399, 986, 512]}, {"label": "license plate", "bounding_box": [871, 441, 916, 450]}, {"label": "pole", "bounding_box": [595, 224, 611, 412]}, {"label": "car", "bounding_box": [566, 399, 705, 474]}, {"label": "pole", "bounding_box": [590, 319, 602, 435]}, {"label": "motorcycle", "bounding_box": [253, 401, 413, 514]}, {"label": "pole", "bounding_box": [269, 432, 354, 525]}, {"label": "car", "bounding_box": [373, 388, 636, 548]}, {"label": "license plate", "bounding_box": [427, 456, 487, 470]}, {"label": "pole", "bounding_box": [37, 243, 48, 351]}, {"label": "static", "bounding_box": [0, 251, 132, 279]}, {"label": "static", "bounding_box": [0, 285, 125, 308]}, {"label": "pole", "bounding_box": [191, 294, 206, 466]}, {"label": "vegetation", "bounding_box": [0, 277, 228, 481]}, {"label": "traffic sign", "bounding_box": [171, 258, 220, 307]}, {"label": "pole", "bounding_box": [137, 437, 235, 544]}, {"label": "pole", "bounding_box": [1179, 270, 1184, 369]}, {"label": "traffic sign", "bounding_box": [1157, 275, 1233, 288]}, {"label": "traffic sign", "bounding_box": [1156, 292, 1234, 309]}, {"label": "traffic sign", "bounding_box": [1157, 313, 1234, 329]}, {"label": "traffic sign", "bounding_box": [1158, 334, 1231, 350]}, {"label": "static", "bounding_box": [1233, 328, 1256, 351]}, {"label": "pole", "bounding_box": [1228, 317, 1236, 394]}, {"label": "static", "bounding_box": [1358, 305, 1373, 344]}, {"label": "traffic light", "bounding_box": [1370, 313, 1399, 354]}, {"label": "traffic sign", "bounding_box": [1351, 280, 1385, 303]}, {"label": "static", "bounding_box": [1351, 341, 1372, 363]}, {"label": "pole", "bounding_box": [1368, 298, 1376, 354]}, {"label": "pole", "bounding_box": [1380, 218, 1389, 362]}, {"label": "traffic sign", "bounding_box": [1321, 223, 1419, 259]}, {"label": "traffic sign", "bounding_box": [1342, 260, 1470, 285]}, {"label": "traffic sign", "bounding_box": [1342, 290, 1470, 314]}, {"label": "sidewalk", "bounding_box": [1593, 571, 2047, 995]}, {"label": "static", "bounding_box": [1686, 253, 1715, 302]}, {"label": "traffic light", "bounding_box": [1706, 296, 1739, 334]}, {"label": "traffic light", "bounding_box": [1740, 293, 1776, 327]}, {"label": "static", "bounding_box": [1694, 328, 1722, 367]}, {"label": "pole", "bounding_box": [1734, 282, 1748, 503]}, {"label": "pole", "bounding_box": [1818, 114, 1853, 620]}, {"label": "pole", "bounding_box": [1794, 0, 1812, 465]}, {"label": "traffic light", "bounding_box": [1799, 136, 1862, 211]}, {"label": "person", "bounding_box": [1644, 348, 1711, 486]}, {"label": "car", "bounding_box": [1099, 304, 1537, 671]}, {"label": "license plate", "bounding_box": [1200, 486, 1314, 510]}, {"label": "pole", "bounding_box": [717, 231, 734, 470]}, {"label": "traffic light", "bounding_box": [1133, 365, 1139, 386]}, {"label": "static", "bounding_box": [1130, 388, 1141, 394]}, {"label": "ego vehicle", "bounding_box": [24, 796, 2047, 1023]}, {"label": "rectification border", "bounding_box": [416, 0, 2047, 28]}, {"label": "rectification border", "bounding_box": [2037, 509, 2047, 1023]}, {"label": "rectification border", "bounding_box": [0, 0, 17, 474]}, {"label": "rectification border", "bounding_box": [0, 977, 1937, 1023]}, {"label": "out of roi", "bounding_box": [0, 0, 2048, 1024]}]}