{"imgHeight": 1024, "imgWidth": 2048, "objects": [{"label": "road", "bounding_box": [0, 303, 2047, 1023]}, {"label": "sidewalk", "bounding_box": [1306, 379, 2047, 924]}, {"label": "sidewalk", "bounding_box": [627, 329, 1935, 442]}, {"label": "sidewalk", "bounding_box": [414, 371, 601, 406]}, {"label": "sidewalk", "bounding_box": [0, 399, 387, 525]}, {"label": "rail track", "bounding_box": [0, 404, 572, 570]}, {"label": "sidewalk", "bounding_box": [320, 399, 694, 451]}, {"label": "sidewalk", "bounding_box": [328, 373, 390, 393]}, {"label": "sky", "bounding_box": [148, 0, 788, 302]}, {"label": "static", "bounding_box": [355, 188, 365, 236]}, {"label": "building", "bounding_box": [0, 0, 2047, 486]}, {"label": "static", "bounding_box": [412, 377, 425, 391]}, {"label": "cargroup", "bounding_box": [368, 366, 402, 378]}, {"label": "vegetation", "bounding_box": [303, 183, 413, 386]}, {"label": "car", "bounding_box": [386, 366, 413, 387]}, {"label": "car", "bounding_box": [370, 376, 420, 403]}, {"label": "pole", "bounding_box": [394, 341, 401, 407]}, {"label": "traffic sign", "bounding_box": [390, 345, 404, 359]}, {"label": "pole", "bounding_box": [470, 320, 479, 409]}, {"label": "static", "bounding_box": [465, 343, 480, 359]}, {"label": "traffic light", "bounding_box": [471, 346, 477, 363]}, {"label": "pole", "bounding_box": [491, 345, 495, 411]}, {"label": "static", "bounding_box": [491, 341, 505, 356]}, {"label": "static", "bounding_box": [568, 291, 629, 376]}, {"label": "static", "bounding_box": [514, 385, 531, 414]}, {"label": "sidewalk", "bounding_box": [474, 448, 600, 474]}, {"label": "building", "bounding_box": [536, 356, 599, 419]}, {"label": "pole", "bounding_box": [575, 315, 578, 362]}, {"label": "static", "bounding_box": [562, 290, 589, 319]}, {"label": "building", "bounding_box": [570, 326, 653, 428]}, {"label": "static", "bounding_box": [537, 243, 574, 278]}, {"label": "static", "bounding_box": [572, 342, 588, 439]}, {"label": "pole", "bounding_box": [550, 251, 568, 451]}, {"label": "traffic sign", "bounding_box": [537, 284, 574, 320]}, {"label": "person", "bounding_box": [515, 362, 547, 460]}, {"label": "static", "bounding_box": [657, 383, 691, 398]}, {"label": "person", "bounding_box": [608, 354, 631, 432]}, {"label": "pole", "bounding_box": [687, 345, 692, 398]}, {"label": "traffic light", "bounding_box": [685, 334, 692, 354]}, {"label": "static", "bounding_box": [182, 266, 199, 282]}, {"label": "static", "bounding_box": [270, 295, 340, 415]}, {"label": "building", "bounding_box": [249, 338, 348, 437]}, {"label": "person", "bounding_box": [316, 379, 337, 431]}, {"label": "person", "bounding_box": [298, 369, 329, 436]}, {"label": "static", "bounding_box": [196, 279, 266, 312]}, {"label": "static", "bounding_box": [222, 356, 241, 448]}, {"label": "pole", "bounding_box": [185, 253, 204, 459]}, {"label": "pole", "bounding_box": [146, 306, 164, 463]}, {"label": "traffic sign", "bounding_box": [129, 285, 170, 324]}, {"label": "dynamic", "bounding_box": [97, 401, 126, 450]}, {"label": "dynamic", "bounding_box": [0, 364, 29, 392]}, {"label": "dynamic", "bounding_box": [0, 410, 45, 473]}, {"label": "bicycle", "bounding_box": [68, 414, 114, 461]}, {"label": "person", "bounding_box": [59, 380, 99, 463]}, {"label": "pole", "bounding_box": [954, 397, 971, 437]}, {"label": "ground", "bounding_box": [0, 472, 549, 615]}, {"label": "pole", "bounding_box": [1095, 230, 1107, 441]}, {"label": "traffic sign", "bounding_box": [1084, 290, 1110, 300]}, {"label": "static", "bounding_box": [1089, 234, 1098, 248]}, {"label": "traffic sign", "bounding_box": [1075, 255, 1111, 292]}, {"label": "pole", "bounding_box": [1433, 236, 1442, 428]}, {"label": "traffic sign", "bounding_box": [1419, 240, 1459, 269]}, {"label": "traffic light", "bounding_box": [1414, 285, 1434, 310]}, {"label": "pole", "bounding_box": [1366, 62, 1391, 492]}, {"label": "traffic sign", "bounding_box": [1338, 72, 1412, 144]}, {"label": "traffic light", "bounding_box": [1361, 153, 1398, 248]}, {"label": "traffic light", "bounding_box": [1372, 321, 1387, 367]}, {"label": "car", "bounding_box": [1609, 348, 1828, 434]}, {"label": "car", "bounding_box": [1837, 354, 1895, 407]}, {"label": "static", "bounding_box": [1844, 386, 1895, 479]}, {"label": "pole", "bounding_box": [1678, 194, 1694, 443]}, {"label": "pole", "bounding_box": [1402, 390, 1418, 503]}, {"label": "pole", "bounding_box": [1455, 395, 1480, 526]}, {"label": "pole", "bounding_box": [1503, 397, 1526, 544]}, {"label": "pole", "bounding_box": [1563, 400, 1588, 564]}, {"label": "pole", "bounding_box": [1629, 402, 1655, 588]}, {"label": "pole", "bounding_box": [1716, 0, 1771, 624]}, {"label": "motorcycle", "bounding_box": [979, 365, 1132, 606]}, {"label": "rider", "bounding_box": [978, 304, 1119, 589]}, {"label": "rider", "bounding_box": [1116, 492, 1141, 588]}, {"label": "license plate", "bounding_box": [1050, 488, 1083, 511]}, {"label": "license plate", "bounding_box": [1855, 379, 1873, 386]}, {"label": "license plate", "bounding_box": [1625, 385, 1636, 390]}, {"label": "static", "bounding_box": [793, 112, 814, 131]}, {"label": "ego vehicle", "bounding_box": [24, 796, 2047, 1023]}, {"label": "rectification border", "bounding_box": [416, 0, 2047, 28]}, {"label": "rectification border", "bounding_box": [2037, 509, 2047, 1023]}, {"label": "rectification border", "bounding_box": [0, 0, 17, 474]}, {"label": "rectification border", "bounding_box": [0, 977, 1937, 1023]}, {"label": "out of roi", "bounding_box": [0, 0, 2048, 1024]}]}