{"imgHeight": 1024, "imgWidth": 2048, "objects": [{"label": "road", "bounding_box": [0, 477, 2047, 1023]}, {"label": "static", "bounding_box": [0, 503, 1881, 679]}, {"label": "sky", "bounding_box": [1148, 0, 1621, 405]}, {"label": "building", "bounding_box": [0, 0, 1956, 527]}, {"label": "bridge", "bounding_box": [1363, 407, 1651, 444]}, {"label": "vegetation", "bounding_box": [1214, 301, 1411, 451]}, {"label": "vegetation", "bounding_box": [1410, 345, 1504, 406]}, {"label": "vegetation", "bounding_box": [227, 0, 481, 349]}, {"label": "vegetation", "bounding_box": [195, 0, 324, 41]}, {"label": "vegetation", "bounding_box": [385, 0, 949, 273]}, {"label": "static", "bounding_box": [532, 491, 670, 572]}, {"label": "sidewalk", "bounding_box": [0, 556, 2047, 943]}, {"label": "terrain", "bounding_box": [1548, 659, 2047, 830]}, {"label": "vegetation", "bounding_box": [955, 0, 2047, 490]}, {"label": "fence", "bounding_box": [0, 419, 2047, 663]}, {"label": "vegetation", "bounding_box": [1769, 0, 2047, 782]}, {"label": "static", "bounding_box": [304, 314, 449, 614]}, {"label": "static", "bounding_box": [0, 493, 206, 601]}, {"label": "static", "bounding_box": [225, 475, 315, 602]}, {"label": "static", "bounding_box": [711, 476, 922, 625]}, {"label": "static", "bounding_box": [1301, 472, 1562, 678]}, {"label": "ego vehicle", "bounding_box": [24, 796, 2047, 1023]}, {"label": "rectification border", "bounding_box": [416, 0, 2047, 28]}, {"label": "rectification border", "bounding_box": [2037, 509, 2047, 1023]}, {"label": "rectification border", "bounding_box": [0, 0, 17, 474]}, {"label": "rectification border", "bounding_box": [0, 977, 1937, 1023]}, {"label": "out of roi", "bounding_box": [0, 0, 2048, 1024]}]}