{"imgHeight": 1024, "imgWidth": 2048, "objects": [{"label": "road", "bounding_box": [0, 258, 2047, 1023]}, {"label": "sidewalk", "bounding_box": [874, 169, 2047, 1023]}, {"label": "sidewalk", "bounding_box": [0, 352, 992, 984]}, {"label": "sky", "bounding_box": [676, 0, 1187, 280]}, {"label": "building", "bounding_box": [723, 0, 2047, 531]}, {"label": "vegetation", "bounding_box": [759, 218, 868, 346]}, {"label": "static", "bounding_box": [779, 321, 829, 379]}, {"label": "vegetation", "bounding_box": [741, 123, 797, 198]}, {"label": "building", "bounding_box": [0, 0, 810, 478]}, {"label": "person", "bounding_box": [306, 247, 478, 479]}, {"label": "static", "bounding_box": [743, 158, 780, 216]}, {"label": "vegetation", "bounding_box": [877, 292, 935, 358]}, {"label": "static", "bounding_box": [886, 353, 903, 367]}, {"label": "pole", "bounding_box": [829, 239, 838, 358]}, {"label": "static", "bounding_box": [849, 290, 892, 376]}, {"label": "static", "bounding_box": [824, 350, 849, 380]}, {"label": "person", "bounding_box": [788, 328, 805, 383]}, {"label": "person", "bounding_box": [768, 314, 799, 406]}, {"label": "person", "bounding_box": [806, 325, 837, 405]}, {"label": "person", "bounding_box": [915, 349, 930, 373]}, {"label": "person", "bounding_box": [934, 352, 942, 373]}, {"label": "person", "bounding_box": [951, 350, 960, 371]}, {"label": "static", "bounding_box": [984, 334, 1016, 374]}, {"label": "pole", "bounding_box": [1027, 320, 1031, 366]}, {"label": "static", "bounding_box": [1022, 317, 1036, 322]}, {"label": "pole", "bounding_box": [1039, 327, 1041, 356]}, {"label": "static", "bounding_box": [1034, 314, 1046, 336]}, {"label": "persongroup", "bounding_box": [1028, 343, 1052, 376]}, {"label": "static", "bounding_box": [1033, 362, 1045, 376]}, {"label": "static", "bounding_box": [1019, 356, 1036, 374]}, {"label": "static", "bounding_box": [1080, 327, 1119, 376]}, {"label": "traffic sign", "bounding_box": [1107, 287, 1121, 307]}, {"label": "static", "bounding_box": [1096, 289, 1111, 315]}, {"label": "persongroup", "bounding_box": [1170, 321, 1203, 366]}, {"label": "person", "bounding_box": [1122, 325, 1147, 381]}, {"label": "pole", "bounding_box": [1182, 277, 1185, 362]}, {"label": "traffic sign", "bounding_box": [1170, 260, 1197, 289]}, {"label": "static", "bounding_box": [1171, 288, 1196, 298]}, {"label": "static", "bounding_box": [1180, 355, 1207, 394]}, {"label": "bicyclegroup", "bounding_box": [1172, 343, 1230, 401]}, {"label": "pole", "bounding_box": [1220, 288, 1228, 380]}, {"label": "traffic sign", "bounding_box": [1212, 275, 1234, 291]}, {"label": "static", "bounding_box": [1207, 297, 1234, 315]}, {"label": "pole", "bounding_box": [1249, 287, 1253, 357]}, {"label": "traffic sign", "bounding_box": [1244, 275, 1257, 291]}, {"label": "static", "bounding_box": [1245, 289, 1257, 300]}, {"label": "bicycle", "bounding_box": [1222, 348, 1255, 385]}, {"label": "persongroup", "bounding_box": [1267, 318, 1293, 388]}, {"label": "person", "bounding_box": [1242, 305, 1317, 404]}, {"label": "person", "bounding_box": [1346, 310, 1372, 401]}, {"label": "person", "bounding_box": [1329, 294, 1373, 440]}, {"label": "person", "bounding_box": [1132, 307, 1196, 449]}, {"label": "person", "bounding_box": [1094, 282, 1133, 443]}, {"label": "person", "bounding_box": [1044, 292, 1098, 443]}, {"label": "person", "bounding_box": [841, 332, 858, 388]}, {"label": "static", "bounding_box": [864, 349, 897, 380]}, {"label": "pole", "bounding_box": [543, 164, 548, 325]}, {"label": "person", "bounding_box": [871, 321, 926, 394]}, {"label": "traffic sign", "bounding_box": [929, 320, 939, 328]}, {"label": "static", "bounding_box": [930, 328, 939, 338]}, {"label": "person", "bounding_box": [728, 315, 778, 446]}, {"label": "static", "bounding_box": [621, 169, 670, 197]}, {"label": "person", "bounding_box": [639, 293, 690, 440]}, {"label": "car", "bounding_box": [376, 261, 620, 441]}, {"label": "traffic sign", "bounding_box": [516, 144, 572, 174]}, {"label": "traffic sign", "bounding_box": [539, 187, 561, 228]}, {"label": "static", "bounding_box": [543, 228, 559, 242]}, {"label": "dynamic", "bounding_box": [407, 355, 490, 439]}, {"label": "person", "bounding_box": [396, 263, 478, 479]}, {"label": "static", "bounding_box": [377, 371, 464, 523]}, {"label": "bicyclegroup", "bounding_box": [293, 326, 478, 531]}, {"label": "person", "bounding_box": [0, 234, 106, 536]}, {"label": "person", "bounding_box": [75, 219, 185, 539]}, {"label": "static", "bounding_box": [1344, 197, 1387, 239]}, {"label": "static", "bounding_box": [1389, 143, 1419, 182]}, {"label": "static", "bounding_box": [1395, 112, 1433, 149]}, {"label": "static", "bounding_box": [1442, 143, 1491, 182]}, {"label": "static", "bounding_box": [1450, 188, 1500, 223]}, {"label": "static", "bounding_box": [1505, 156, 1576, 188]}, {"label": "person", "bounding_box": [1549, 268, 1633, 486]}, {"label": "person", "bounding_box": [1468, 279, 1564, 490]}, {"label": "person", "bounding_box": [1661, 244, 1758, 505]}, {"label": "person", "bounding_box": [1751, 236, 1844, 505]}, {"label": "person", "bounding_box": [1242, 318, 1282, 404]}, {"label": "person", "bounding_box": [871, 321, 907, 394]}, {"label": "static", "bounding_box": [1141, 60, 1198, 83]}, {"label": "static", "bounding_box": [1112, 122, 1158, 137]}, {"label": "static", "bounding_box": [1092, 169, 1121, 183]}, {"label": "static", "bounding_box": [1047, 198, 1058, 208]}, {"label": "person", "bounding_box": [489, 295, 560, 442]}, {"label": "ego vehicle", "bounding_box": [24, 796, 2047, 1023]}, {"label": "rectification border", "bounding_box": [416, 0, 2047, 28]}, {"label": "rectification border", "bounding_box": [2037, 509, 2047, 1023]}, {"label": "rectification border", "bounding_box": [0, 0, 17, 474]}, {"label": "rectification border", "bounding_box": [0, 977, 1937, 1023]}, {"label": "out of roi", "bounding_box": [0, 0, 2048, 1024]}]}