{"imgHeight": 1024, "imgWidth": 2048, "objects": [{"label": "sky", "bounding_box": [607, 0, 1077, 418]}, {"label": "road", "bounding_box": [0, 425, 2047, 1023]}, {"label": "building", "bounding_box": [0, 108, 923, 538]}, {"label": "road", "bounding_box": [14, 463, 617, 540]}, {"label": "building", "bounding_box": [952, 0, 2047, 672]}, {"label": "sidewalk", "bounding_box": [1191, 500, 2047, 1023]}, {"label": "sidewalk", "bounding_box": [1015, 436, 1139, 500]}, {"label": "car", "bounding_box": [610, 438, 650, 466]}, {"label": "vegetation", "bounding_box": [123, 72, 974, 479]}, {"label": "pole", "bounding_box": [348, 399, 355, 438]}, {"label": "pole", "bounding_box": [516, 450, 528, 476]}, {"label": "terrain", "bounding_box": [0, 437, 898, 609]}, {"label": "sidewalk", "bounding_box": [0, 439, 937, 732]}, {"label": "car", "bounding_box": [827, 432, 839, 444]}, {"label": "static", "bounding_box": [751, 420, 760, 443]}, {"label": "terrain", "bounding_box": [631, 489, 719, 499]}, {"label": "static", "bounding_box": [960, 427, 964, 438]}, {"label": "static", "bounding_box": [946, 416, 950, 435]}, {"label": "static", "bounding_box": [947, 429, 955, 436]}, {"label": "static", "bounding_box": [939, 412, 943, 438]}, {"label": "building", "bounding_box": [216, 351, 341, 442]}, {"label": "static", "bounding_box": [921, 411, 937, 425]}, {"label": "pole", "bounding_box": [886, 390, 891, 453]}, {"label": "static", "bounding_box": [887, 393, 911, 416]}, {"label": "pole", "bounding_box": [424, 317, 444, 517]}, {"label": "traffic light", "bounding_box": [404, 331, 438, 370]}, {"label": "bicycle", "bounding_box": [473, 447, 496, 481]}, {"label": "rider", "bounding_box": [473, 425, 499, 464]}, {"label": "pole", "bounding_box": [450, 377, 466, 483]}, {"label": "pole", "bounding_box": [219, 389, 225, 452]}, {"label": "car", "bounding_box": [289, 430, 395, 493]}, {"label": "car", "bounding_box": [179, 442, 275, 502]}, {"label": "license plate", "bounding_box": [308, 475, 328, 481]}, {"label": "vegetation", "bounding_box": [172, 236, 334, 499]}, {"label": "terrain", "bounding_box": [465, 520, 617, 534]}, {"label": "traffic sign", "bounding_box": [221, 389, 240, 406]}, {"label": "license plate", "bounding_box": [183, 480, 207, 487]}, {"label": "vegetation", "bounding_box": [0, 135, 108, 514]}, {"label": "static", "bounding_box": [23, 409, 77, 519]}, {"label": "pole", "bounding_box": [371, 0, 430, 558]}, {"label": "pole", "bounding_box": [730, 56, 813, 66]}, {"label": "pole", "bounding_box": [836, 188, 863, 195]}, {"label": "pole", "bounding_box": [875, 251, 894, 256]}, {"label": "static", "bounding_box": [174, 369, 194, 395]}, {"label": "vegetation", "bounding_box": [0, 0, 955, 535]}, {"label": "static", "bounding_box": [813, 428, 832, 466]}, {"label": "bicycle", "bounding_box": [760, 440, 812, 476]}, {"label": "static", "bounding_box": [709, 450, 731, 488]}, {"label": "bicycle", "bounding_box": [751, 443, 793, 478]}, {"label": "bicycle", "bounding_box": [730, 442, 777, 480]}, {"label": "pole", "bounding_box": [744, 442, 754, 481]}, {"label": "pole", "bounding_box": [736, 447, 742, 485]}, {"label": "pole", "bounding_box": [702, 444, 719, 491]}, {"label": "pole", "bounding_box": [723, 446, 727, 487]}, {"label": "pole", "bounding_box": [693, 443, 712, 492]}, {"label": "pole", "bounding_box": [498, 456, 528, 534]}, {"label": "pole", "bounding_box": [472, 458, 505, 539]}, {"label": "pole", "bounding_box": [442, 460, 480, 548]}, {"label": "pole", "bounding_box": [370, 463, 413, 570]}, {"label": "pole", "bounding_box": [332, 466, 377, 573]}, {"label": "pole", "bounding_box": [281, 468, 332, 584]}, {"label": "terrain", "bounding_box": [56, 593, 351, 633]}, {"label": "bicycle", "bounding_box": [0, 455, 243, 648]}, {"label": "pole", "bounding_box": [44, 488, 113, 643]}, {"label": "pole", "bounding_box": [0, 502, 24, 660]}, {"label": "bicycle", "bounding_box": [0, 574, 21, 666]}, {"label": "static", "bounding_box": [974, 427, 982, 436]}, {"label": "car", "bounding_box": [989, 423, 1007, 438]}, {"label": "car", "bounding_box": [984, 426, 1001, 444]}, {"label": "license plate", "bounding_box": [989, 434, 995, 437]}, {"label": "vegetation", "bounding_box": [998, 379, 1029, 422]}, {"label": "static", "bounding_box": [1046, 358, 1070, 374]}, {"label": "static", "bounding_box": [1020, 394, 1038, 414]}, {"label": "car", "bounding_box": [1007, 407, 1047, 450]}, {"label": "fence", "bounding_box": [1047, 348, 1449, 496]}, {"label": "static", "bounding_box": [1216, 0, 1261, 71]}, {"label": "static", "bounding_box": [1251, 444, 1277, 524]}, {"label": "person", "bounding_box": [1346, 322, 1423, 525]}, {"label": "license plate", "bounding_box": [1016, 435, 1024, 438]}, {"label": "static", "bounding_box": [783, 56, 813, 63]}, {"label": "ego vehicle", "bounding_box": [24, 796, 2047, 1023]}, {"label": "rectification border", "bounding_box": [416, 0, 2047, 28]}, {"label": "rectification border", "bounding_box": [2037, 509, 2047, 1023]}, {"label": "rectification border", "bounding_box": [0, 0, 17, 474]}, {"label": "rectification border", "bounding_box": [0, 977, 1937, 1023]}, {"label": "out of roi", "bounding_box": [0, 0, 2048, 1024]}]}