{"imgHeight": 1024, "imgWidth": 2048, "objects": [{"label": "sky", "bounding_box": [0, 0, 1836, 318]}, {"label": "building", "bounding_box": [0, 125, 2047, 425]}, {"label": "person", "bounding_box": [700, 392, 727, 414]}, {"label": "static", "bounding_box": [178, 284, 195, 317]}, {"label": "road", "bounding_box": [0, 401, 2047, 1023]}, {"label": "pole", "bounding_box": [184, 284, 193, 401]}, {"label": "person", "bounding_box": [94, 385, 110, 422]}, {"label": "person", "bounding_box": [105, 381, 120, 422]}, {"label": "person", "bounding_box": [131, 380, 149, 419]}, {"label": "static", "bounding_box": [157, 391, 184, 420]}, {"label": "static", "bounding_box": [194, 402, 215, 419]}, {"label": "person", "bounding_box": [176, 381, 200, 420]}, {"label": "static", "bounding_box": [231, 391, 245, 420]}, {"label": "static", "bounding_box": [261, 390, 275, 425]}, {"label": "person", "bounding_box": [288, 376, 312, 422]}, {"label": "static", "bounding_box": [437, 377, 483, 417]}, {"label": "person", "bounding_box": [485, 391, 503, 415]}, {"label": "traffic sign", "bounding_box": [500, 295, 516, 348]}, {"label": "pole", "bounding_box": [495, 295, 508, 414]}, {"label": "person", "bounding_box": [513, 383, 527, 414]}, {"label": "person", "bounding_box": [528, 385, 544, 413]}, {"label": "person", "bounding_box": [562, 388, 583, 416]}, {"label": "persongroup", "bounding_box": [599, 385, 635, 414]}, {"label": "pole", "bounding_box": [717, 386, 720, 411]}, {"label": "static", "bounding_box": [678, 366, 709, 415]}, {"label": "static", "bounding_box": [709, 380, 720, 388]}, {"label": "pole", "bounding_box": [724, 337, 735, 413]}, {"label": "person", "bounding_box": [730, 367, 748, 412]}, {"label": "person", "bounding_box": [675, 393, 691, 417]}, {"label": "static", "bounding_box": [999, 212, 1020, 244]}, {"label": "person", "bounding_box": [697, 397, 708, 413]}, {"label": "person", "bounding_box": [749, 365, 771, 406]}, {"label": "static", "bounding_box": [730, 308, 760, 326]}, {"label": "pole", "bounding_box": [791, 325, 802, 393]}, {"label": "static", "bounding_box": [784, 300, 838, 328]}, {"label": "static", "bounding_box": [769, 362, 803, 406]}, {"label": "person", "bounding_box": [794, 366, 813, 410]}, {"label": "pole", "bounding_box": [1007, 212, 1013, 303]}, {"label": "pole", "bounding_box": [984, 192, 990, 306]}, {"label": "wall", "bounding_box": [49, 405, 793, 437]}, {"label": "vegetation", "bounding_box": [0, 221, 141, 432]}, {"label": "terrain", "bounding_box": [20, 412, 941, 487]}, {"label": "pole", "bounding_box": [787, 402, 792, 425]}, {"label": "pole", "bounding_box": [794, 401, 799, 420]}, {"label": "sidewalk", "bounding_box": [0, 419, 2047, 525]}, {"label": "road", "bounding_box": [1001, 428, 2047, 471]}, {"label": "fence", "bounding_box": [0, 400, 68, 477]}, {"label": "wall", "bounding_box": [0, 461, 74, 501]}, {"label": "fence", "bounding_box": [0, 466, 22, 501]}, {"label": "person", "bounding_box": [860, 364, 876, 415]}, {"label": "pole", "bounding_box": [780, 390, 784, 427]}, {"label": "vegetation", "bounding_box": [763, 391, 794, 430]}, {"label": "person", "bounding_box": [866, 363, 886, 387]}, {"label": "bicycle", "bounding_box": [726, 383, 769, 451]}, {"label": "bicycle", "bounding_box": [744, 388, 784, 450]}, {"label": "wall", "bounding_box": [885, 404, 932, 422]}, {"label": "bicycle", "bounding_box": [797, 381, 831, 448]}, {"label": "pole", "bounding_box": [812, 390, 853, 446]}, {"label": "bicycle", "bounding_box": [844, 385, 875, 420]}, {"label": "pole", "bounding_box": [839, 397, 848, 464]}, {"label": "bicycle", "bounding_box": [875, 388, 904, 449]}, {"label": "bicycle", "bounding_box": [864, 381, 887, 449]}, {"label": "static", "bounding_box": [935, 99, 974, 180]}, {"label": "pole", "bounding_box": [942, 99, 960, 356]}, {"label": "vegetation", "bounding_box": [817, 0, 2047, 429]}, {"label": "pole", "bounding_box": [1665, 214, 1677, 386]}, {"label": "person", "bounding_box": [1873, 336, 1895, 364]}, {"label": "person", "bounding_box": [1890, 336, 1909, 368]}, {"label": "car", "bounding_box": [1663, 343, 1912, 462]}, {"label": "car", "bounding_box": [1807, 334, 2047, 466]}, {"label": "person", "bounding_box": [1938, 312, 1978, 369]}, {"label": "license plate", "bounding_box": [1811, 426, 1828, 436]}, {"label": "pole", "bounding_box": [1989, 379, 2001, 463]}, {"label": "pole", "bounding_box": [1850, 382, 1861, 465]}, {"label": "static", "bounding_box": [1914, 345, 1979, 467]}, {"label": "pole", "bounding_box": [1714, 383, 1724, 466]}, {"label": "vegetation", "bounding_box": [1450, 0, 2047, 464]}, {"label": "car", "bounding_box": [1285, 345, 1502, 420]}, {"label": "car", "bounding_box": [1301, 344, 1710, 468]}, {"label": "pole", "bounding_box": [1434, 387, 1444, 468]}, {"label": "pole", "bounding_box": [1573, 382, 1582, 467]}, {"label": "traffic light", "bounding_box": [1663, 289, 1683, 333]}, {"label": "traffic light", "bounding_box": [1666, 133, 1719, 229]}, {"label": "pole", "bounding_box": [1656, 106, 1672, 475]}, {"label": "static", "bounding_box": [980, 289, 1037, 356]}, {"label": "car", "bounding_box": [1070, 348, 1314, 472]}, {"label": "pole", "bounding_box": [1279, 228, 1289, 473]}, {"label": "traffic sign", "bounding_box": [1254, 178, 1320, 244]}, {"label": "bicycle", "bounding_box": [1222, 373, 1394, 474]}, {"label": "car", "bounding_box": [906, 336, 1117, 496]}, {"label": "license plate", "bounding_box": [995, 464, 1055, 478]}, {"label": "static", "bounding_box": [651, 229, 669, 273]}, {"label": "pole", "bounding_box": [658, 225, 668, 467]}, {"label": "person", "bounding_box": [547, 358, 574, 438]}, {"label": "person", "bounding_box": [584, 358, 612, 438]}, {"label": "static", "bounding_box": [611, 402, 642, 448]}, {"label": "static", "bounding_box": [448, 58, 515, 134]}, {"label": "static", "bounding_box": [463, 248, 505, 298]}, {"label": "static", "bounding_box": [470, 310, 502, 357]}, {"label": "traffic light", "bounding_box": [476, 144, 520, 245]}, {"label": "pole", "bounding_box": [466, 52, 495, 505]}, {"label": "pole", "bounding_box": [124, 381, 145, 503]}, {"label": "person", "bounding_box": [303, 333, 398, 490]}, {"label": "pole", "bounding_box": [306, 0, 338, 509]}, {"label": "traffic sign", "bounding_box": [268, 212, 341, 252]}, {"label": "sidewalk", "bounding_box": [0, 614, 248, 816]}, {"label": "sidewalk", "bounding_box": [1723, 574, 2047, 915]}, {"label": "static", "bounding_box": [944, 168, 963, 182]}, {"label": "person", "bounding_box": [854, 374, 867, 420]}, {"label": "ego vehicle", "bounding_box": [24, 796, 2047, 1023]}, {"label": "rectification border", "bounding_box": [416, 0, 2047, 28]}, {"label": "rectification border", "bounding_box": [2037, 509, 2047, 1023]}, {"label": "rectification border", "bounding_box": [0, 0, 17, 474]}, {"label": "rectification border", "bounding_box": [0, 977, 1937, 1023]}, {"label": "out of roi", "bounding_box": [0, 0, 2048, 1024]}]}