{"imgHeight": 1024, "imgWidth": 2048, "objects": [{"label": "sky", "bounding_box": [351, 0, 1378, 318]}, {"label": "road", "bounding_box": [0, 391, 2047, 1023]}, {"label": "terrain", "bounding_box": [595, 413, 1004, 479]}, {"label": "building", "bounding_box": [1041, 0, 2047, 468]}, {"label": "building", "bounding_box": [0, 0, 938, 471]}, {"label": "vegetation", "bounding_box": [907, 223, 1102, 426]}, {"label": "pole", "bounding_box": [1087, 381, 1093, 406]}, {"label": "static", "bounding_box": [1080, 385, 1084, 391]}, {"label": "car", "bounding_box": [1061, 393, 1084, 405]}, {"label": "pole", "bounding_box": [1064, 381, 1069, 406]}, {"label": "pole", "bounding_box": [1056, 371, 1058, 405]}, {"label": "pole", "bounding_box": [1041, 376, 1044, 406]}, {"label": "car", "bounding_box": [1033, 392, 1051, 410]}, {"label": "pole", "bounding_box": [1017, 375, 1021, 397]}, {"label": "pole", "bounding_box": [1003, 350, 1008, 406]}, {"label": "car", "bounding_box": [993, 392, 1039, 412]}, {"label": "pole", "bounding_box": [1009, 363, 1012, 414]}, {"label": "traffic sign", "bounding_box": [1002, 371, 1011, 386]}, {"label": "static", "bounding_box": [989, 365, 1001, 376]}, {"label": "pole", "bounding_box": [991, 359, 997, 414]}, {"label": "traffic sign", "bounding_box": [989, 351, 1001, 366]}, {"label": "traffic light", "bounding_box": [991, 364, 999, 380]}, {"label": "static", "bounding_box": [1071, 295, 1080, 301]}, {"label": "static", "bounding_box": [964, 318, 972, 321]}, {"label": "pole", "bounding_box": [960, 294, 991, 305]}, {"label": "static", "bounding_box": [968, 374, 978, 406]}, {"label": "pole", "bounding_box": [950, 234, 999, 413]}, {"label": "static", "bounding_box": [902, 345, 913, 366]}, {"label": "static", "bounding_box": [932, 377, 947, 405]}, {"label": "pole", "bounding_box": [952, 368, 959, 406]}, {"label": "static", "bounding_box": [914, 329, 976, 382]}, {"label": "sidewalk", "bounding_box": [1167, 417, 2047, 632]}, {"label": "pole", "bounding_box": [888, 187, 954, 410]}, {"label": "pole", "bounding_box": [863, 290, 918, 411]}, {"label": "static", "bounding_box": [878, 401, 903, 418]}, {"label": "pole", "bounding_box": [867, 364, 874, 418]}, {"label": "static", "bounding_box": [861, 361, 881, 380]}, {"label": "static", "bounding_box": [852, 402, 868, 422]}, {"label": "pole", "bounding_box": [897, 405, 901, 424]}, {"label": "sidewalk", "bounding_box": [131, 426, 820, 488]}, {"label": "sidewalk", "bounding_box": [0, 450, 371, 478]}, {"label": "static", "bounding_box": [810, 358, 818, 388]}, {"label": "static", "bounding_box": [783, 353, 801, 371]}, {"label": "pole", "bounding_box": [792, 357, 795, 431]}, {"label": "pole", "bounding_box": [700, 357, 704, 425]}, {"label": "traffic light", "bounding_box": [692, 368, 699, 383]}, {"label": "static", "bounding_box": [671, 374, 685, 388]}, {"label": "pole", "bounding_box": [676, 376, 679, 425]}, {"label": "person", "bounding_box": [649, 392, 662, 416]}, {"label": "car", "bounding_box": [566, 401, 620, 428]}, {"label": "static", "bounding_box": [510, 296, 553, 326]}, {"label": "fence", "bounding_box": [317, 410, 785, 472]}, {"label": "vegetation", "bounding_box": [697, 157, 829, 434]}, {"label": "static", "bounding_box": [712, 339, 744, 369]}, {"label": "pole", "bounding_box": [672, 63, 767, 436]}, {"label": "vegetation", "bounding_box": [629, 125, 755, 437]}, {"label": "vegetation", "bounding_box": [463, 92, 680, 446]}, {"label": "static", "bounding_box": [547, 411, 580, 449]}, {"label": "person", "bounding_box": [564, 378, 582, 448]}, {"label": "building", "bounding_box": [466, 337, 577, 451]}, {"label": "vegetation", "bounding_box": [429, 208, 549, 455]}, {"label": "static", "bounding_box": [448, 363, 453, 458]}, {"label": "static", "bounding_box": [473, 368, 481, 456]}, {"label": "static", "bounding_box": [479, 365, 488, 454]}, {"label": "static", "bounding_box": [447, 363, 485, 370]}, {"label": "bicycle", "bounding_box": [330, 405, 379, 464]}, {"label": "bicycle", "bounding_box": [361, 407, 394, 464]}, {"label": "bicycle", "bounding_box": [393, 411, 424, 461]}, {"label": "pole", "bounding_box": [52, 0, 72, 461]}, {"label": "static", "bounding_box": [58, 355, 82, 378]}, {"label": "static", "bounding_box": [39, 419, 70, 463]}, {"label": "static", "bounding_box": [164, 419, 187, 477]}, {"label": "pole", "bounding_box": [283, 203, 300, 474]}, {"label": "pole", "bounding_box": [332, 273, 345, 474]}, {"label": "traffic sign", "bounding_box": [252, 210, 358, 252]}, {"label": "traffic sign", "bounding_box": [252, 253, 359, 292]}, {"label": "traffic sign", "bounding_box": [253, 295, 361, 320]}, {"label": "static", "bounding_box": [196, 318, 215, 342]}, {"label": "pole", "bounding_box": [185, 0, 235, 476]}, {"label": "car", "bounding_box": [1076, 392, 1083, 406]}, {"label": "traffic sign", "bounding_box": [204, 319, 243, 364]}, {"label": "pole", "bounding_box": [639, 431, 655, 467]}, {"label": "traffic sign", "bounding_box": [629, 406, 666, 444]}, {"label": "static", "bounding_box": [1114, 394, 1122, 404]}, {"label": "pole", "bounding_box": [1158, 369, 1162, 415]}, {"label": "static", "bounding_box": [1147, 362, 1170, 385]}, {"label": "car", "bounding_box": [1122, 397, 1154, 426]}, {"label": "license plate", "bounding_box": [1132, 409, 1143, 412]}, {"label": "car", "bounding_box": [1071, 398, 1102, 426]}, {"label": "license plate", "bounding_box": [1082, 410, 1092, 413]}, {"label": "vegetation", "bounding_box": [1146, 269, 1239, 379]}, {"label": "vegetation", "bounding_box": [1212, 78, 1239, 149]}, {"label": "pole", "bounding_box": [1175, 378, 1179, 422]}, {"label": "pole", "bounding_box": [1192, 402, 1198, 435]}, {"label": "traffic light", "bounding_box": [1172, 366, 1180, 382]}, {"label": "static", "bounding_box": [1207, 374, 1239, 423]}, {"label": "person", "bounding_box": [1187, 391, 1199, 415]}, {"label": "traffic sign", "bounding_box": [1192, 341, 1211, 359]}, {"label": "traffic sign", "bounding_box": [1191, 357, 1209, 373]}, {"label": "traffic sign", "bounding_box": [1194, 371, 1203, 393]}, {"label": "pole", "bounding_box": [1219, 343, 1224, 435]}, {"label": "traffic sign", "bounding_box": [1203, 346, 1238, 376]}, {"label": "pole", "bounding_box": [1231, 371, 1234, 437]}, {"label": "traffic sign", "bounding_box": [1229, 352, 1236, 382]}, {"label": "pole", "bounding_box": [1214, 354, 1218, 436]}, {"label": "traffic sign", "bounding_box": [1207, 345, 1219, 364]}, {"label": "vegetation", "bounding_box": [1240, 0, 1790, 407]}, {"label": "building", "bounding_box": [1239, 349, 1313, 438]}, {"label": "wall", "bounding_box": [1317, 394, 1597, 446]}, {"label": "fence", "bounding_box": [1586, 393, 1782, 441]}, {"label": "static", "bounding_box": [1254, 422, 1269, 449]}, {"label": "static", "bounding_box": [1264, 422, 1281, 452]}, {"label": "static", "bounding_box": [1276, 425, 1297, 456]}, {"label": "static", "bounding_box": [1289, 426, 1313, 463]}, {"label": "static", "bounding_box": [1296, 430, 1317, 465]}, {"label": "traffic sign", "bounding_box": [1296, 236, 1319, 264]}, {"label": "static", "bounding_box": [1326, 233, 1340, 256]}, {"label": "traffic sign", "bounding_box": [1287, 259, 1366, 351]}, {"label": "pole", "bounding_box": [1336, 229, 1346, 460]}, {"label": "traffic sign", "bounding_box": [1320, 256, 1366, 306]}, {"label": "traffic sign", "bounding_box": [1326, 300, 1361, 313]}, {"label": "pole", "bounding_box": [1314, 418, 1321, 471]}, {"label": "person", "bounding_box": [1365, 374, 1385, 437]}, {"label": "pole", "bounding_box": [1971, 424, 2024, 510]}, {"label": "pole", "bounding_box": [1929, 388, 1937, 449]}, {"label": "pole", "bounding_box": [1955, 387, 1965, 429]}, {"label": "pole", "bounding_box": [1988, 386, 1996, 438]}, {"label": "pole", "bounding_box": [2019, 388, 2029, 448]}, {"label": "bicycle", "bounding_box": [1903, 405, 2047, 589]}, {"label": "static", "bounding_box": [1698, 168, 1736, 219]}, {"label": "pole", "bounding_box": [1730, 0, 1759, 560]}, {"label": "pole", "bounding_box": [1585, 186, 1606, 531]}, {"label": "traffic sign", "bounding_box": [1588, 182, 1608, 263]}, {"label": "pole", "bounding_box": [1324, 422, 1329, 472]}, {"label": "bicycle", "bounding_box": [1325, 393, 1398, 473]}, {"label": "bicycle", "bounding_box": [1330, 412, 1386, 480]}, {"label": "bicycle", "bounding_box": [1349, 404, 1428, 489]}, {"label": "bicycle", "bounding_box": [1375, 404, 1515, 493]}, {"label": "pole", "bounding_box": [1435, 417, 1467, 498]}, {"label": "bicycle", "bounding_box": [1394, 410, 1552, 500]}, {"label": "static", "bounding_box": [185, 66, 224, 107]}, {"label": "bicycle", "bounding_box": [2002, 475, 2047, 589]}, {"label": "static", "bounding_box": [1021, 399, 1031, 413]}, {"label": "ego vehicle", "bounding_box": [24, 796, 2047, 1023]}, {"label": "rectification border", "bounding_box": [416, 0, 2047, 28]}, {"label": "rectification border", "bounding_box": [2037, 509, 2047, 1023]}, {"label": "rectification border", "bounding_box": [0, 0, 17, 474]}, {"label": "rectification border", "bounding_box": [0, 977, 1937, 1023]}, {"label": "out of roi", "bounding_box": [0, 0, 2048, 1024]}]}