{"imgHeight": 1024, "imgWidth": 2048, "objects": [{"label": "building", "bounding_box": [850, 0, 1248, 434]}, {"label": "building", "bounding_box": [488, 0, 895, 521]}, {"label": "building", "bounding_box": [1121, 0, 1477, 501]}, {"label": "static", "bounding_box": [959, 12, 1028, 126]}, {"label": "sidewalk", "bounding_box": [573, 420, 1294, 470]}, {"label": "pole", "bounding_box": [575, 87, 601, 410]}, {"label": "road", "bounding_box": [0, 459, 2047, 1023]}, {"label": "car", "bounding_box": [512, 382, 614, 479]}, {"label": "building", "bounding_box": [1236, 0, 2047, 852]}, {"label": "static", "bounding_box": [1327, 210, 1381, 271]}, {"label": "sidewalk", "bounding_box": [1096, 472, 2047, 1023]}, {"label": "pole", "bounding_box": [1872, 440, 1930, 832]}, {"label": "pole", "bounding_box": [1609, 427, 1647, 696]}, {"label": "pole", "bounding_box": [1465, 423, 1496, 625]}, {"label": "pole", "bounding_box": [1374, 419, 1398, 581]}, {"label": "static", "bounding_box": [592, 295, 600, 328]}, {"label": "traffic sign", "bounding_box": [587, 329, 604, 339]}, {"label": "person", "bounding_box": [598, 346, 633, 487]}, {"label": "person", "bounding_box": [610, 352, 671, 488]}, {"label": "dynamic", "bounding_box": [671, 423, 717, 493]}, {"label": "pole", "bounding_box": [1243, 228, 1254, 487]}, {"label": "traffic light", "bounding_box": [1240, 367, 1249, 401]}, {"label": "traffic sign", "bounding_box": [1227, 328, 1268, 364]}, {"label": "static", "bounding_box": [1135, 249, 1168, 278]}, {"label": "pole", "bounding_box": [1216, 245, 1223, 465]}, {"label": "traffic sign", "bounding_box": [1160, 256, 1229, 284]}, {"label": "traffic light", "bounding_box": [698, 292, 724, 343]}, {"label": "pole", "bounding_box": [1238, 412, 1256, 522]}, {"label": "pole", "bounding_box": [1215, 411, 1229, 512]}, {"label": "pole", "bounding_box": [680, 184, 696, 488]}, {"label": "traffic sign", "bounding_box": [667, 317, 708, 353]}, {"label": "static", "bounding_box": [657, 235, 712, 289]}, {"label": "traffic light", "bounding_box": [674, 231, 700, 304]}, {"label": "static", "bounding_box": [687, 185, 698, 220]}, {"label": "pole", "bounding_box": [821, 287, 828, 409]}, {"label": "traffic sign", "bounding_box": [815, 292, 837, 316]}, {"label": "static", "bounding_box": [825, 319, 832, 337]}, {"label": "vegetation", "bounding_box": [893, 364, 976, 425]}, {"label": "static", "bounding_box": [925, 414, 971, 442]}, {"label": "pole", "bounding_box": [930, 351, 935, 426]}, {"label": "traffic sign", "bounding_box": [924, 342, 941, 365]}, {"label": "bicycle", "bounding_box": [909, 403, 951, 443]}, {"label": "sidewalk", "bounding_box": [0, 484, 855, 1023]}, {"label": "car", "bounding_box": [777, 390, 944, 490]}, {"label": "license plate", "bounding_box": [874, 437, 910, 444]}, {"label": "traffic light", "bounding_box": [712, 254, 736, 278]}, {"label": "pole", "bounding_box": [723, 240, 733, 479]}, {"label": "motorcycle", "bounding_box": [517, 413, 608, 495]}, {"label": "static", "bounding_box": [765, 419, 777, 458]}, {"label": "building", "bounding_box": [0, 0, 566, 647]}, {"label": "static", "bounding_box": [361, 0, 490, 86]}, {"label": "static", "bounding_box": [96, 0, 263, 74]}, {"label": "pole", "bounding_box": [281, 449, 339, 802]}, {"label": "pole", "bounding_box": [509, 427, 546, 678]}, {"label": "pole", "bounding_box": [622, 418, 651, 610]}, {"label": "pole", "bounding_box": [718, 424, 726, 487]}, {"label": "pole", "bounding_box": [691, 415, 712, 572]}, {"label": "person", "bounding_box": [712, 342, 776, 504]}, {"label": "pole", "bounding_box": [768, 417, 783, 529]}, {"label": "pole", "bounding_box": [739, 412, 763, 547]}, {"label": "pole", "bounding_box": [789, 416, 799, 498]}, {"label": "pole", "bounding_box": [805, 416, 816, 503]}, {"label": "person", "bounding_box": [959, 382, 983, 450]}, {"label": "person", "bounding_box": [968, 389, 991, 450]}, {"label": "dynamic", "bounding_box": [995, 397, 1014, 441]}, {"label": "person", "bounding_box": [1093, 399, 1107, 435]}, {"label": "person", "bounding_box": [1100, 400, 1108, 438]}, {"label": "person", "bounding_box": [1003, 381, 1023, 444]}, {"label": "person", "bounding_box": [1027, 394, 1045, 440]}, {"label": "person", "bounding_box": [1047, 392, 1062, 442]}, {"label": "person", "bounding_box": [1032, 390, 1056, 442]}, {"label": "person", "bounding_box": [1072, 395, 1087, 438]}, {"label": "person", "bounding_box": [1064, 397, 1077, 440]}, {"label": "person", "bounding_box": [1077, 393, 1102, 440]}, {"label": "vegetation", "bounding_box": [1111, 361, 1146, 416]}, {"label": "static", "bounding_box": [1122, 412, 1142, 448]}, {"label": "static", "bounding_box": [1138, 357, 1171, 450]}, {"label": "pole", "bounding_box": [1157, 298, 1163, 451]}, {"label": "traffic sign", "bounding_box": [1145, 289, 1174, 318]}, {"label": "pole", "bounding_box": [1210, 300, 1216, 452]}, {"label": "traffic sign", "bounding_box": [1161, 291, 1244, 313]}, {"label": "traffic sign", "bounding_box": [1149, 318, 1173, 342]}, {"label": "traffic sign", "bounding_box": [1223, 241, 1247, 308]}, {"label": "traffic light", "bounding_box": [1199, 341, 1215, 357]}, {"label": "bicycle", "bounding_box": [1136, 409, 1214, 451]}, {"label": "pole", "bounding_box": [1172, 410, 1184, 496]}, {"label": "pole", "bounding_box": [1194, 411, 1207, 502]}, {"label": "vegetation", "bounding_box": [607, 273, 654, 329]}, {"label": "person", "bounding_box": [1106, 397, 1117, 439]}, {"label": "person", "bounding_box": [1112, 405, 1122, 438]}, {"label": "static", "bounding_box": [1000, 349, 1020, 374]}, {"label": "static", "bounding_box": [575, 87, 601, 134]}, {"label": "static", "bounding_box": [1120, 265, 1133, 291]}, {"label": "ego vehicle", "bounding_box": [24, 796, 2047, 1023]}, {"label": "rectification border", "bounding_box": [416, 0, 2047, 28]}, {"label": "rectification border", "bounding_box": [2037, 509, 2047, 1023]}, {"label": "rectification border", "bounding_box": [0, 0, 17, 474]}, {"label": "rectification border", "bounding_box": [0, 977, 1937, 1023]}, {"label": "out of roi", "bounding_box": [0, 0, 2048, 1024]}]}