{"imgHeight": 1024, "imgWidth": 2048, "objects": [{"label": "road", "bounding_box": [0, 322, 2047, 1023]}, {"label": "sidewalk", "bounding_box": [1045, 366, 2047, 956]}, {"label": "sidewalk", "bounding_box": [0, 276, 1074, 1023]}, {"label": "sky", "bounding_box": [892, 0, 1260, 359]}, {"label": "building", "bounding_box": [0, 0, 2047, 574]}, {"label": "static", "bounding_box": [917, 138, 937, 158]}, {"label": "vegetation", "bounding_box": [909, 268, 1005, 407]}, {"label": "static", "bounding_box": [911, 293, 936, 334]}, {"label": "pole", "bounding_box": [928, 349, 931, 415]}, {"label": "pole", "bounding_box": [955, 393, 959, 434]}, {"label": "static", "bounding_box": [951, 391, 964, 405]}, {"label": "static", "bounding_box": [959, 373, 996, 441]}, {"label": "person", "bounding_box": [988, 398, 1015, 452]}, {"label": "person", "bounding_box": [968, 411, 978, 447]}, {"label": "person", "bounding_box": [946, 402, 961, 446]}, {"label": "person", "bounding_box": [928, 395, 950, 455]}, {"label": "person", "bounding_box": [953, 404, 975, 454]}, {"label": "person", "bounding_box": [907, 390, 935, 473]}, {"label": "static", "bounding_box": [865, 313, 892, 329]}, {"label": "person", "bounding_box": [867, 381, 898, 471]}, {"label": "parking", "bounding_box": [821, 308, 825, 389]}, {"label": "traffic sign", "bounding_box": [805, 298, 839, 317]}, {"label": "traffic sign", "bounding_box": [820, 322, 830, 348]}, {"label": "static", "bounding_box": [821, 346, 829, 356]}, {"label": "car", "bounding_box": [776, 371, 867, 466]}, {"label": "fence", "bounding_box": [842, 427, 869, 488]}, {"label": "person", "bounding_box": [826, 391, 855, 419]}, {"label": "static", "bounding_box": [783, 419, 817, 467]}, {"label": "bicyclegroup", "bounding_box": [816, 411, 868, 488]}, {"label": "person", "bounding_box": [730, 374, 776, 472]}, {"label": "person", "bounding_box": [690, 365, 717, 403]}, {"label": "person", "bounding_box": [660, 368, 708, 487]}, {"label": "person", "bounding_box": [700, 362, 745, 467]}, {"label": "bicyclegroup", "bounding_box": [697, 410, 783, 523]}, {"label": "fence", "bounding_box": [723, 435, 756, 521]}, {"label": "bicyclegroup", "bounding_box": [584, 416, 707, 545]}, {"label": "fence", "bounding_box": [636, 439, 669, 476]}, {"label": "person", "bounding_box": [118, 332, 275, 547]}, {"label": "person", "bounding_box": [230, 314, 333, 565]}, {"label": "person", "bounding_box": [1022, 419, 1032, 439]}, {"label": "person", "bounding_box": [1035, 420, 1041, 439]}, {"label": "static", "bounding_box": [1057, 405, 1086, 439]}, {"label": "static", "bounding_box": [1078, 427, 1087, 439]}, {"label": "pole", "bounding_box": [1097, 392, 1099, 431]}, {"label": "static", "bounding_box": [1093, 391, 1102, 394]}, {"label": "traffic sign", "bounding_box": [1102, 389, 1112, 399]}, {"label": "pole", "bounding_box": [1107, 401, 1108, 427]}, {"label": "static", "bounding_box": [1104, 397, 1112, 406]}, {"label": "static", "bounding_box": [1102, 428, 1113, 442]}, {"label": "static", "bounding_box": [1155, 369, 1169, 389]}, {"label": "person", "bounding_box": [1094, 414, 1102, 443]}, {"label": "person", "bounding_box": [1105, 415, 1114, 441]}, {"label": "persongroup", "bounding_box": [1110, 414, 1125, 440]}, {"label": "person", "bounding_box": [1121, 413, 1131, 443]}, {"label": "person", "bounding_box": [1127, 416, 1137, 444]}, {"label": "person", "bounding_box": [1134, 412, 1147, 444]}, {"label": "static", "bounding_box": [1139, 416, 1154, 436]}, {"label": "persongroup", "bounding_box": [1146, 404, 1163, 447]}, {"label": "pole", "bounding_box": [1165, 378, 1168, 444]}, {"label": "traffic sign", "bounding_box": [1160, 370, 1171, 380]}, {"label": "traffic sign", "bounding_box": [1160, 387, 1171, 409]}, {"label": "person", "bounding_box": [1159, 397, 1181, 450]}, {"label": "person", "bounding_box": [1174, 401, 1187, 442]}, {"label": "person", "bounding_box": [1190, 400, 1204, 446]}, {"label": "person", "bounding_box": [1205, 405, 1219, 442]}, {"label": "pole", "bounding_box": [1211, 369, 1216, 430]}, {"label": "traffic sign", "bounding_box": [1203, 355, 1223, 376]}, {"label": "static", "bounding_box": [1205, 375, 1221, 381]}, {"label": "person", "bounding_box": [1216, 403, 1231, 441]}, {"label": "bicyclegroup", "bounding_box": [1206, 417, 1243, 454]}, {"label": "pole", "bounding_box": [1251, 367, 1252, 420]}, {"label": "static", "bounding_box": [1337, 288, 1355, 312]}, {"label": "traffic sign", "bounding_box": [1243, 361, 1259, 373]}, {"label": "person", "bounding_box": [1282, 393, 1307, 454]}, {"label": "person", "bounding_box": [1263, 387, 1287, 455]}, {"label": "person", "bounding_box": [1282, 393, 1299, 454]}, {"label": "static", "bounding_box": [1355, 324, 1385, 345]}, {"label": "person", "bounding_box": [1246, 377, 1272, 470]}, {"label": "person", "bounding_box": [1231, 383, 1266, 472]}, {"label": "static", "bounding_box": [1339, 268, 1362, 292]}, {"label": "person", "bounding_box": [1270, 390, 1299, 473]}, {"label": "person", "bounding_box": [1745, 340, 1849, 569]}, {"label": "static", "bounding_box": [1353, 294, 1378, 320]}, {"label": "static", "bounding_box": [1366, 307, 1405, 333]}, {"label": "static", "bounding_box": [1477, 258, 1523, 306]}, {"label": "static", "bounding_box": [1813, 175, 1901, 221]}, {"label": "person", "bounding_box": [1395, 375, 1422, 407]}, {"label": "person", "bounding_box": [1350, 380, 1387, 483]}, {"label": "person", "bounding_box": [1367, 387, 1404, 493]}, {"label": "person", "bounding_box": [1397, 369, 1448, 521]}, {"label": "person", "bounding_box": [1596, 332, 1682, 590]}, {"label": "person", "bounding_box": [1680, 339, 1778, 589]}, {"label": "dynamic", "bounding_box": [1796, 442, 1886, 575]}, {"label": "rider", "bounding_box": [1818, 462, 1893, 553]}, {"label": "person", "bounding_box": [1921, 334, 2038, 610]}, {"label": "dynamic", "bounding_box": [1958, 426, 2047, 627]}, {"label": "pole", "bounding_box": [1369, 435, 1387, 540]}, {"label": "pole", "bounding_box": [1936, 477, 1990, 805]}, {"label": "person", "bounding_box": [118, 339, 210, 547]}, {"label": "person", "bounding_box": [993, 398, 1015, 452]}, {"label": "static", "bounding_box": [1287, 53, 1363, 81]}, {"label": "static", "bounding_box": [1187, 193, 1234, 210]}, {"label": "static", "bounding_box": [1170, 233, 1204, 245]}, {"label": "static", "bounding_box": [1153, 267, 1185, 279]}, {"label": "static", "bounding_box": [1114, 288, 1125, 296]}, {"label": "static", "bounding_box": [1333, 198, 1345, 265]}, {"label": "static", "bounding_box": [1321, 317, 1339, 344]}, {"label": "traffic sign", "bounding_box": [0, 26, 38, 61]}, {"label": "traffic sign", "bounding_box": [0, 68, 39, 98]}, {"label": "ego vehicle", "bounding_box": [24, 796, 2047, 1023]}, {"label": "rectification border", "bounding_box": [416, 0, 2047, 28]}, {"label": "rectification border", "bounding_box": [2037, 509, 2047, 1023]}, {"label": "rectification border", "bounding_box": [0, 0, 17, 474]}, {"label": "rectification border", "bounding_box": [0, 977, 1937, 1023]}, {"label": "out of roi", "bounding_box": [0, 0, 2048, 1024]}]}