{"imgHeight": 1024, "imgWidth": 2048, "objects": [{"label": "sky", "bounding_box": [0, 0, 1423, 351]}, {"label": "building", "bounding_box": [0, 0, 2047, 1023]}, {"label": "road", "bounding_box": [0, 435, 2047, 1023]}, {"label": "sidewalk", "bounding_box": [1546, 473, 2047, 694]}, {"label": "road", "bounding_box": [1343, 440, 1708, 526]}, {"label": "car", "bounding_box": [220, 364, 425, 443]}, {"label": "sidewalk", "bounding_box": [556, 430, 900, 479]}, {"label": "car", "bounding_box": [1304, 410, 1366, 456]}, {"label": "car", "bounding_box": [1125, 437, 1155, 466]}, {"label": "vegetation", "bounding_box": [336, 0, 1151, 452]}, {"label": "pole", "bounding_box": [639, 202, 656, 415]}, {"label": "fence", "bounding_box": [517, 403, 900, 478]}, {"label": "vegetation", "bounding_box": [0, 220, 217, 463]}, {"label": "person", "bounding_box": [141, 353, 188, 463]}, {"label": "fence", "bounding_box": [0, 383, 556, 529]}, {"label": "vegetation", "bounding_box": [190, 373, 315, 455]}, {"label": "vegetation", "bounding_box": [32, 0, 523, 455]}, {"label": "sidewalk", "bounding_box": [0, 477, 744, 730]}, {"label": "vegetation", "bounding_box": [0, 368, 125, 465]}, {"label": "fence", "bounding_box": [0, 400, 559, 594]}, {"label": "car", "bounding_box": [1047, 407, 1138, 480]}, {"label": "license plate", "bounding_box": [1072, 459, 1107, 465]}, {"label": "car", "bounding_box": [885, 383, 1080, 488]}, {"label": "traffic sign", "bounding_box": [1556, 297, 1596, 351]}, {"label": "car", "bounding_box": [1334, 398, 1404, 490]}, {"label": "car", "bounding_box": [1137, 398, 1345, 512]}, {"label": "car", "bounding_box": [1365, 379, 1505, 496]}, {"label": "car", "bounding_box": [1424, 391, 1540, 508]}, {"label": "person", "bounding_box": [1668, 352, 1728, 444]}, {"label": "car", "bounding_box": [1537, 383, 1710, 527]}, {"label": "bicyclegroup", "bounding_box": [1631, 409, 1777, 541]}, {"label": "bicycle", "bounding_box": [1509, 425, 1573, 619]}, {"label": "rider", "bounding_box": [1476, 306, 1593, 571]}, {"label": "person", "bounding_box": [698, 374, 724, 471]}, {"label": "person", "bounding_box": [730, 377, 767, 472]}, {"label": "person", "bounding_box": [814, 392, 850, 478]}, {"label": "static", "bounding_box": [841, 339, 871, 368]}, {"label": "person", "bounding_box": [792, 392, 825, 478]}, {"label": "bicycle", "bounding_box": [444, 412, 516, 517]}, {"label": "bicycle", "bounding_box": [345, 416, 422, 536]}, {"label": "bicycle", "bounding_box": [209, 424, 294, 562]}, {"label": "bicycle", "bounding_box": [96, 418, 169, 588]}, {"label": "fence", "bounding_box": [1918, 417, 2047, 529]}, {"label": "bicycle", "bounding_box": [1925, 427, 2047, 580]}, {"label": "static", "bounding_box": [559, 185, 608, 244]}, {"label": "pole", "bounding_box": [837, 111, 863, 474]}, {"label": "pole", "bounding_box": [719, 272, 728, 466]}, {"label": "traffic sign", "bounding_box": [662, 281, 753, 298]}, {"label": "traffic sign", "bounding_box": [662, 306, 753, 329]}, {"label": "traffic sign", "bounding_box": [650, 205, 660, 243]}, {"label": "traffic sign", "bounding_box": [649, 244, 658, 267]}, {"label": "pole", "bounding_box": [1736, 175, 1744, 546]}, {"label": "traffic sign", "bounding_box": [647, 269, 658, 294]}, {"label": "traffic sign", "bounding_box": [647, 296, 656, 319]}, {"label": "static", "bounding_box": [558, 246, 607, 305]}, {"label": "pole", "bounding_box": [571, 256, 578, 495]}, {"label": "static", "bounding_box": [532, 209, 587, 266]}, {"label": "traffic sign", "bounding_box": [646, 320, 655, 340]}, {"label": "pole", "bounding_box": [545, 0, 569, 529]}, {"label": "traffic sign", "bounding_box": [1708, 196, 1776, 261]}, {"label": "license plate", "bounding_box": [1011, 438, 1046, 447]}, {"label": "license plate", "bounding_box": [1232, 453, 1283, 465]}, {"label": "vegetation", "bounding_box": [0, 132, 41, 194]}, {"label": "static", "bounding_box": [1875, 60, 1940, 190]}, {"label": "building", "bounding_box": [1882, 64, 1933, 118]}, {"label": "vegetation", "bounding_box": [150, 374, 161, 381]}, {"label": "ego vehicle", "bounding_box": [24, 796, 2047, 1023]}, {"label": "rectification border", "bounding_box": [416, 0, 2047, 28]}, {"label": "rectification border", "bounding_box": [2037, 509, 2047, 1023]}, {"label": "rectification border", "bounding_box": [0, 0, 17, 474]}, {"label": "rectification border", "bounding_box": [0, 977, 1937, 1023]}, {"label": "out of roi", "bounding_box": [0, 0, 2048, 1024]}]}