{"imgHeight": 1024, "imgWidth": 2048, "objects": [{"label": "sky", "bounding_box": [778, 0, 1297, 282]}, {"label": "building", "bounding_box": [0, 0, 2047, 1023]}, {"label": "road", "bounding_box": [0, 338, 2047, 1023]}, {"label": "sidewalk", "bounding_box": [1109, 337, 2047, 1023]}, {"label": "parking", "bounding_box": [500, 390, 989, 583]}, {"label": "static", "bounding_box": [538, 381, 576, 405]}, {"label": "sidewalk", "bounding_box": [0, 420, 809, 1012]}, {"label": "person", "bounding_box": [1231, 326, 1256, 369]}, {"label": "persongroup", "bounding_box": [905, 328, 965, 367]}, {"label": "vegetation", "bounding_box": [287, 0, 934, 403]}, {"label": "static", "bounding_box": [290, 94, 375, 198]}, {"label": "pole", "bounding_box": [333, 144, 364, 398]}, {"label": "vegetation", "bounding_box": [181, 349, 351, 465]}, {"label": "vegetation", "bounding_box": [643, 310, 693, 394]}, {"label": "car", "bounding_box": [959, 348, 1007, 378]}, {"label": "vegetation", "bounding_box": [540, 349, 585, 387]}, {"label": "static", "bounding_box": [873, 338, 911, 362]}, {"label": "car", "bounding_box": [922, 343, 987, 392]}, {"label": "vegetation", "bounding_box": [998, 303, 1033, 349]}, {"label": "person", "bounding_box": [697, 338, 720, 385]}, {"label": "dynamic", "bounding_box": [74, 224, 109, 391]}, {"label": "person", "bounding_box": [607, 345, 646, 394]}, {"label": "car", "bounding_box": [907, 351, 970, 407]}, {"label": "person", "bounding_box": [747, 345, 766, 386]}, {"label": "person", "bounding_box": [683, 343, 703, 386]}, {"label": "person", "bounding_box": [585, 345, 615, 398]}, {"label": "person", "bounding_box": [572, 352, 599, 414]}, {"label": "bicyclegroup", "bounding_box": [511, 395, 601, 481]}, {"label": "car", "bounding_box": [887, 356, 958, 419]}, {"label": "static", "bounding_box": [998, 320, 1038, 354]}, {"label": "car", "bounding_box": [903, 359, 952, 428]}, {"label": "dynamic", "bounding_box": [170, 239, 203, 359]}, {"label": "car", "bounding_box": [850, 354, 941, 439]}, {"label": "car", "bounding_box": [804, 359, 909, 449]}, {"label": "static", "bounding_box": [278, 61, 317, 129]}, {"label": "cargroup", "bounding_box": [1073, 325, 1118, 359]}, {"label": "vegetation", "bounding_box": [374, 357, 459, 440]}, {"label": "car", "bounding_box": [808, 365, 905, 464]}, {"label": "car", "bounding_box": [754, 365, 886, 486]}, {"label": "person", "bounding_box": [728, 332, 747, 386]}, {"label": "car", "bounding_box": [710, 374, 822, 499]}, {"label": "car", "bounding_box": [1031, 336, 1060, 362]}, {"label": "car", "bounding_box": [560, 370, 795, 547]}, {"label": "vegetation", "bounding_box": [0, 0, 373, 586]}, {"label": "car", "bounding_box": [963, 349, 1122, 479]}, {"label": "motorcycle", "bounding_box": [393, 427, 553, 605]}, {"label": "static", "bounding_box": [717, 324, 731, 367]}, {"label": "person", "bounding_box": [170, 341, 241, 550]}, {"label": "bicycle", "bounding_box": [292, 461, 350, 541]}, {"label": "person", "bounding_box": [19, 381, 81, 453]}, {"label": "static", "bounding_box": [1114, 331, 1142, 354]}, {"label": "static", "bounding_box": [0, 411, 96, 480]}, {"label": "static", "bounding_box": [298, 434, 324, 458]}, {"label": "person", "bounding_box": [14, 383, 45, 436]}, {"label": "person", "bounding_box": [0, 362, 35, 528]}, {"label": "person", "bounding_box": [71, 331, 136, 511]}, {"label": "person", "bounding_box": [139, 336, 219, 562]}, {"label": "bicycle", "bounding_box": [54, 463, 167, 597]}, {"label": "person", "bounding_box": [287, 338, 428, 632]}, {"label": "pole", "bounding_box": [443, 194, 453, 385]}, {"label": "person", "bounding_box": [437, 293, 544, 646]}, {"label": "traffic sign", "bounding_box": [405, 126, 478, 231]}, {"label": "persongroup", "bounding_box": [1132, 330, 1182, 363]}, {"label": "person", "bounding_box": [1172, 326, 1186, 361]}, {"label": "person", "bounding_box": [1149, 332, 1162, 363]}, {"label": "person", "bounding_box": [1192, 331, 1211, 414]}, {"label": "person", "bounding_box": [1229, 331, 1247, 362]}, {"label": "person", "bounding_box": [1238, 344, 1258, 389]}, {"label": "person", "bounding_box": [1209, 330, 1249, 399]}, {"label": "person", "bounding_box": [1256, 330, 1287, 398]}, {"label": "person", "bounding_box": [1275, 343, 1295, 392]}, {"label": "person", "bounding_box": [1276, 331, 1306, 418]}, {"label": "static", "bounding_box": [1301, 330, 1392, 540]}, {"label": "static", "bounding_box": [1479, 313, 1544, 481]}, {"label": "license plate", "bounding_box": [1548, 315, 1602, 478]}, {"label": "person", "bounding_box": [1548, 315, 1602, 478]}, {"label": "pole", "bounding_box": [1314, 415, 1337, 543]}, {"label": "pole", "bounding_box": [1390, 428, 1419, 597]}, {"label": "pole", "bounding_box": [1543, 32, 1629, 695]}, {"label": "traffic sign", "bounding_box": [1533, 0, 1580, 75]}, {"label": "static", "bounding_box": [1718, 419, 2047, 585]}, {"label": "pole", "bounding_box": [1121, 341, 1131, 374]}, {"label": "pole", "bounding_box": [1141, 367, 1145, 389]}, {"label": "pole", "bounding_box": [1143, 363, 1147, 392]}, {"label": "pole", "bounding_box": [1133, 358, 1146, 382]}, {"label": "pole", "bounding_box": [1192, 387, 1202, 442]}, {"label": "static", "bounding_box": [1216, 367, 1297, 448]}, {"label": "car", "bounding_box": [1057, 331, 1068, 345]}, {"label": "static", "bounding_box": [267, 410, 293, 458]}, {"label": "static", "bounding_box": [980, 157, 1129, 180]}, {"label": "static", "bounding_box": [349, 73, 404, 153]}, {"label": "static", "bounding_box": [294, 125, 378, 168]}, {"label": "static", "bounding_box": [1605, 180, 1667, 240]}, {"label": "static", "bounding_box": [1484, 157, 1531, 204]}, {"label": "person", "bounding_box": [1190, 326, 1227, 446]}, {"label": "static", "bounding_box": [1429, 207, 1447, 270]}, {"label": "static", "bounding_box": [1366, 239, 1402, 273]}, {"label": "static", "bounding_box": [1321, 215, 1358, 249]}, {"label": "bicycle", "bounding_box": [1111, 340, 1114, 357]}, {"label": "rider", "bounding_box": [1110, 330, 1119, 348]}, {"label": "license plate", "bounding_box": [621, 460, 705, 480]}, {"label": "license plate", "bounding_box": [1014, 405, 1063, 420]}, {"label": "ego vehicle", "bounding_box": [24, 796, 2047, 1023]}, {"label": "rectification border", "bounding_box": [416, 0, 2047, 28]}, {"label": "rectification border", "bounding_box": [2037, 509, 2047, 1023]}, {"label": "rectification border", "bounding_box": [0, 0, 17, 474]}, {"label": "rectification border", "bounding_box": [0, 977, 1937, 1023]}, {"label": "out of roi", "bounding_box": [0, 0, 2048, 1024]}]}