{"imgHeight": 1024, "imgWidth": 2048, "objects": [{"label": "road", "bounding_box": [0, 391, 2047, 1023]}, {"label": "sidewalk", "bounding_box": [626, 354, 2047, 813]}, {"label": "sky", "bounding_box": [606, 0, 1074, 315]}, {"label": "building", "bounding_box": [0, 0, 2047, 541]}, {"label": "vegetation", "bounding_box": [942, 302, 1008, 452]}, {"label": "static", "bounding_box": [963, 422, 990, 456]}, {"label": "pole", "bounding_box": [959, 340, 965, 456]}, {"label": "traffic sign", "bounding_box": [951, 326, 973, 348]}, {"label": "traffic sign", "bounding_box": [951, 346, 974, 355]}, {"label": "static", "bounding_box": [951, 354, 972, 371]}, {"label": "person", "bounding_box": [1005, 412, 1023, 456]}, {"label": "person", "bounding_box": [991, 407, 1010, 456]}, {"label": "pole", "bounding_box": [970, 392, 982, 458]}, {"label": "persongroup", "bounding_box": [931, 425, 952, 459]}, {"label": "person", "bounding_box": [941, 382, 968, 459]}, {"label": "person", "bounding_box": [913, 427, 925, 460]}, {"label": "person", "bounding_box": [926, 439, 934, 459]}, {"label": "person", "bounding_box": [904, 424, 917, 460]}, {"label": "person", "bounding_box": [891, 430, 909, 460]}, {"label": "static", "bounding_box": [633, 391, 707, 411]}, {"label": "static", "bounding_box": [890, 449, 903, 460]}, {"label": "person", "bounding_box": [832, 392, 853, 463]}, {"label": "person", "bounding_box": [828, 441, 837, 466]}, {"label": "person", "bounding_box": [846, 397, 868, 461]}, {"label": "person", "bounding_box": [813, 386, 842, 468]}, {"label": "static", "bounding_box": [796, 332, 824, 374]}, {"label": "dynamic", "bounding_box": [839, 432, 868, 468]}, {"label": "pole", "bounding_box": [807, 315, 813, 397]}, {"label": "static", "bounding_box": [714, 388, 778, 411]}, {"label": "person", "bounding_box": [765, 394, 792, 468]}, {"label": "static", "bounding_box": [805, 307, 816, 317]}, {"label": "rider", "bounding_box": [772, 370, 826, 490]}, {"label": "bicycle", "bounding_box": [777, 420, 822, 503]}, {"label": "rider", "bounding_box": [856, 371, 903, 497]}, {"label": "sidewalk", "bounding_box": [275, 510, 698, 605]}, {"label": "bicycle", "bounding_box": [856, 426, 901, 504]}, {"label": "person", "bounding_box": [739, 409, 763, 466]}, {"label": "person", "bounding_box": [720, 412, 744, 467]}, {"label": "vegetation", "bounding_box": [676, 409, 717, 450]}, {"label": "person", "bounding_box": [698, 397, 732, 467]}, {"label": "vegetation", "bounding_box": [327, 108, 849, 455]}, {"label": "person", "bounding_box": [672, 418, 708, 468]}, {"label": "person", "bounding_box": [647, 401, 675, 470]}, {"label": "sidewalk", "bounding_box": [621, 471, 761, 511]}, {"label": "person", "bounding_box": [626, 391, 662, 471]}, {"label": "pole", "bounding_box": [607, 42, 631, 480]}, {"label": "pole", "bounding_box": [461, 351, 466, 437]}, {"label": "pole", "bounding_box": [354, 337, 552, 446]}, {"label": "pole", "bounding_box": [495, 365, 505, 442]}, {"label": "static", "bounding_box": [526, 298, 634, 525]}, {"label": "person", "bounding_box": [371, 395, 398, 434]}, {"label": "wall", "bounding_box": [352, 446, 562, 490]}, {"label": "fence", "bounding_box": [354, 418, 548, 449]}, {"label": "sidewalk", "bounding_box": [0, 453, 398, 573]}, {"label": "pole", "bounding_box": [537, 473, 656, 527]}, {"label": "static", "bounding_box": [510, 415, 588, 540]}, {"label": "static", "bounding_box": [0, 414, 10, 486]}, {"label": "person", "bounding_box": [247, 407, 261, 429]}, {"label": "person", "bounding_box": [281, 394, 315, 427]}, {"label": "static", "bounding_box": [52, 414, 90, 428]}, {"label": "wall", "bounding_box": [5, 451, 365, 489]}, {"label": "fence", "bounding_box": [7, 417, 363, 460]}, {"label": "static", "bounding_box": [260, 434, 298, 490]}, {"label": "person", "bounding_box": [1159, 381, 1179, 450]}, {"label": "static", "bounding_box": [1088, 354, 1169, 455]}, {"label": "static", "bounding_box": [1204, 334, 1212, 366]}, {"label": "static", "bounding_box": [1150, 419, 1174, 460]}, {"label": "pole", "bounding_box": [1202, 301, 1211, 443]}, {"label": "static", "bounding_box": [1190, 306, 1220, 317]}, {"label": "traffic sign", "bounding_box": [1198, 324, 1207, 356]}, {"label": "static", "bounding_box": [1200, 355, 1206, 364]}, {"label": "persongroup", "bounding_box": [1180, 390, 1207, 442]}, {"label": "bicycle", "bounding_box": [1174, 407, 1251, 458]}, {"label": "person", "bounding_box": [1271, 379, 1290, 430]}, {"label": "person", "bounding_box": [1261, 386, 1290, 452]}, {"label": "person", "bounding_box": [1233, 375, 1255, 434]}, {"label": "person", "bounding_box": [1231, 442, 1243, 471]}, {"label": "person", "bounding_box": [1207, 373, 1251, 476]}, {"label": "person", "bounding_box": [1238, 379, 1278, 467]}, {"label": "pole", "bounding_box": [1249, 310, 1258, 450]}, {"label": "traffic sign", "bounding_box": [1234, 278, 1268, 309]}, {"label": "static", "bounding_box": [1234, 307, 1269, 343]}, {"label": "static", "bounding_box": [1240, 427, 1277, 479]}, {"label": "person", "bounding_box": [1304, 374, 1331, 471]}, {"label": "person", "bounding_box": [1284, 374, 1318, 477]}, {"label": "static", "bounding_box": [1439, 431, 1470, 459]}, {"label": "person", "bounding_box": [1320, 368, 1356, 475]}, {"label": "persongroup", "bounding_box": [1436, 364, 1466, 459]}, {"label": "person", "bounding_box": [1429, 382, 1449, 448]}, {"label": "person", "bounding_box": [1399, 370, 1429, 460]}, {"label": "person", "bounding_box": [1400, 373, 1444, 460]}, {"label": "static", "bounding_box": [1459, 174, 1541, 254]}, {"label": "static", "bounding_box": [1788, 92, 1880, 179]}, {"label": "static", "bounding_box": [1959, 34, 2047, 90]}, {"label": "person", "bounding_box": [1553, 343, 1622, 541]}, {"label": "person", "bounding_box": [1968, 381, 2047, 654]}, {"label": "person", "bounding_box": [1651, 334, 1707, 572]}, {"label": "person", "bounding_box": [1609, 310, 1687, 587]}, {"label": "person", "bounding_box": [1752, 321, 1864, 572]}, {"label": "person", "bounding_box": [1799, 249, 1961, 668]}, {"label": "person", "bounding_box": [1886, 231, 2047, 688]}, {"label": "traffic sign", "bounding_box": [528, 298, 626, 398]}, {"label": "person", "bounding_box": [672, 418, 697, 468]}, {"label": "ego vehicle", "bounding_box": [24, 796, 2047, 1023]}, {"label": "rectification border", "bounding_box": [416, 0, 2047, 28]}, {"label": "rectification border", "bounding_box": [2037, 509, 2047, 1023]}, {"label": "rectification border", "bounding_box": [0, 0, 17, 474]}, {"label": "rectification border", "bounding_box": [0, 977, 1937, 1023]}, {"label": "out of roi", "bounding_box": [0, 0, 2048, 1024]}]}