{"imgHeight": 1024, "imgWidth": 2048, "objects": [{"label": "road", "bounding_box": [0, 277, 2047, 1023]}, {"label": "sidewalk", "bounding_box": [1113, 377, 1199, 412]}, {"label": "rail track", "bounding_box": [1129, 285, 2047, 1023]}, {"label": "sidewalk", "bounding_box": [1342, 309, 2047, 570]}, {"label": "sky", "bounding_box": [817, 0, 1621, 288]}, {"label": "building", "bounding_box": [1094, 0, 2047, 510]}, {"label": "vegetation", "bounding_box": [729, 0, 1345, 339]}, {"label": "building", "bounding_box": [0, 0, 958, 489]}, {"label": "vegetation", "bounding_box": [1366, 290, 1425, 377]}, {"label": "static", "bounding_box": [1395, 367, 1422, 394]}, {"label": "vegetation", "bounding_box": [1282, 363, 1373, 393]}, {"label": "traffic sign", "bounding_box": [1172, 332, 1191, 356]}, {"label": "pole", "bounding_box": [1180, 339, 1183, 376]}, {"label": "traffic light", "bounding_box": [1178, 346, 1183, 358]}, {"label": "parking", "bounding_box": [0, 427, 970, 1023]}, {"label": "static", "bounding_box": [1174, 362, 1200, 386]}, {"label": "car", "bounding_box": [1180, 377, 1211, 402]}, {"label": "train", "bounding_box": [1190, 337, 1305, 426]}, {"label": "pole", "bounding_box": [1311, 390, 1314, 405]}, {"label": "pole", "bounding_box": [1402, 380, 1409, 415]}, {"label": "person", "bounding_box": [1415, 378, 1433, 410]}, {"label": "person", "bounding_box": [1434, 371, 1448, 410]}, {"label": "pole", "bounding_box": [1435, 353, 1441, 417]}, {"label": "static", "bounding_box": [1422, 349, 1434, 365]}, {"label": "static", "bounding_box": [1430, 353, 1443, 368]}, {"label": "rider", "bounding_box": [1413, 382, 1433, 441]}, {"label": "bicycle", "bounding_box": [1417, 411, 1426, 440]}, {"label": "pole", "bounding_box": [1364, 259, 1387, 432]}, {"label": "pole", "bounding_box": [1467, 108, 1511, 454]}, {"label": "traffic sign", "bounding_box": [1463, 312, 1492, 341]}, {"label": "traffic sign", "bounding_box": [1466, 339, 1489, 352]}, {"label": "traffic sign", "bounding_box": [1466, 351, 1488, 359]}, {"label": "pole", "bounding_box": [1738, 278, 1756, 471]}, {"label": "traffic sign", "bounding_box": [1733, 267, 1771, 288]}, {"label": "traffic sign", "bounding_box": [1730, 356, 1752, 379]}, {"label": "pole", "bounding_box": [1875, 285, 1889, 492]}, {"label": "traffic sign", "bounding_box": [1875, 266, 1894, 301]}, {"label": "traffic sign", "bounding_box": [1875, 301, 1892, 344]}, {"label": "traffic sign", "bounding_box": [1876, 344, 1893, 356]}, {"label": "static", "bounding_box": [548, 182, 624, 240]}, {"label": "pole", "bounding_box": [980, 197, 1009, 285]}, {"label": "pole", "bounding_box": [923, 321, 936, 414]}, {"label": "traffic sign", "bounding_box": [916, 307, 946, 333]}, {"label": "traffic sign", "bounding_box": [919, 342, 942, 373]}, {"label": "pole", "bounding_box": [871, 80, 914, 407]}, {"label": "traffic sign", "bounding_box": [870, 326, 897, 362]}, {"label": "static", "bounding_box": [817, 282, 855, 300]}, {"label": "static", "bounding_box": [734, 218, 783, 263]}, {"label": "car", "bounding_box": [862, 356, 935, 458]}, {"label": "car", "bounding_box": [752, 322, 921, 478]}, {"label": "car", "bounding_box": [760, 345, 889, 503]}, {"label": "pole", "bounding_box": [568, 0, 606, 412]}, {"label": "traffic sign", "bounding_box": [563, 209, 611, 325]}, {"label": "static", "bounding_box": [413, 102, 519, 183]}, {"label": "static", "bounding_box": [1059, 253, 1076, 271]}, {"label": "pole", "bounding_box": [142, 147, 199, 420]}, {"label": "traffic sign", "bounding_box": [117, 154, 234, 352]}, {"label": "car", "bounding_box": [552, 297, 832, 549]}, {"label": "license plate", "bounding_box": [643, 460, 688, 476]}, {"label": "car", "bounding_box": [77, 279, 683, 705]}, {"label": "car", "bounding_box": [0, 290, 227, 877]}, {"label": "license plate", "bounding_box": [202, 442, 379, 492]}, {"label": "car", "bounding_box": [926, 256, 1150, 510]}, {"label": "traffic sign", "bounding_box": [1891, 302, 1913, 322]}, {"label": "traffic sign", "bounding_box": [669, 237, 699, 246]}, {"label": "static", "bounding_box": [871, 80, 914, 120]}, {"label": "static", "bounding_box": [980, 197, 1009, 224]}, {"label": "static", "bounding_box": [1366, 259, 1387, 279]}, {"label": "ego vehicle", "bounding_box": [24, 796, 2047, 1023]}, {"label": "rectification border", "bounding_box": [416, 0, 2047, 28]}, {"label": "rectification border", "bounding_box": [2037, 509, 2047, 1023]}, {"label": "rectification border", "bounding_box": [0, 0, 17, 474]}, {"label": "rectification border", "bounding_box": [0, 977, 1937, 1023]}, {"label": "out of roi", "bounding_box": [0, 0, 2048, 1024]}]}