{"imgHeight": 1024, "imgWidth": 2048, "objects": [{"label": "sky", "bounding_box": [0, 0, 2047, 465]}, {"label": "road", "bounding_box": [0, 418, 2047, 1023]}, {"label": "building", "bounding_box": [0, 0, 343, 487]}, {"label": "sidewalk", "bounding_box": [1309, 472, 2047, 1023]}, {"label": "sidewalk", "bounding_box": [535, 417, 1443, 460]}, {"label": "ground", "bounding_box": [1511, 441, 1837, 461]}, {"label": "ground", "bounding_box": [1891, 432, 2047, 449]}, {"label": "sidewalk", "bounding_box": [0, 428, 239, 485]}, {"label": "ground", "bounding_box": [0, 488, 547, 662]}, {"label": "ground", "bounding_box": [151, 428, 622, 481]}, {"label": "building", "bounding_box": [369, 0, 2047, 450]}, {"label": "static", "bounding_box": [1394, 107, 1490, 194]}, {"label": "cargroup", "bounding_box": [443, 395, 545, 435]}, {"label": "vegetation", "bounding_box": [307, 28, 638, 458]}, {"label": "terrain", "bounding_box": [394, 407, 589, 461]}, {"label": "pole", "bounding_box": [1436, 54, 1465, 550]}, {"label": "traffic sign", "bounding_box": [1424, 382, 1456, 417]}, {"label": "traffic light", "bounding_box": [1430, 319, 1453, 374]}, {"label": "traffic sign", "bounding_box": [1413, 227, 1479, 288]}, {"label": "pole", "bounding_box": [1575, 167, 1589, 446]}, {"label": "traffic light", "bounding_box": [1583, 225, 1611, 290]}, {"label": "traffic sign", "bounding_box": [1565, 349, 1583, 380]}, {"label": "traffic sign", "bounding_box": [1560, 230, 1582, 272]}, {"label": "traffic sign", "bounding_box": [1609, 196, 1631, 234]}, {"label": "traffic light", "bounding_box": [1424, 75, 1470, 204]}, {"label": "pole", "bounding_box": [1363, 242, 1374, 447]}, {"label": "static", "bounding_box": [1368, 331, 1385, 389]}, {"label": "traffic light", "bounding_box": [1369, 266, 1394, 333]}, {"label": "static", "bounding_box": [1349, 313, 1365, 336]}, {"label": "traffic sign", "bounding_box": [1351, 268, 1367, 303]}, {"label": "traffic sign", "bounding_box": [1351, 242, 1387, 255]}, {"label": "pole", "bounding_box": [1180, 277, 1192, 448]}, {"label": "traffic sign", "bounding_box": [1147, 287, 1254, 317]}, {"label": "pole", "bounding_box": [959, 304, 970, 450]}, {"label": "static", "bounding_box": [956, 342, 976, 355]}, {"label": "car", "bounding_box": [551, 402, 608, 442]}, {"label": "static", "bounding_box": [943, 204, 993, 305]}, {"label": "static", "bounding_box": [947, 333, 963, 358]}, {"label": "traffic light", "bounding_box": [944, 302, 972, 342]}, {"label": "traffic sign", "bounding_box": [948, 308, 982, 318]}, {"label": "traffic sign", "bounding_box": [948, 276, 982, 307]}, {"label": "traffic sign", "bounding_box": [578, 355, 604, 376]}, {"label": "pole", "bounding_box": [557, 260, 575, 459]}, {"label": "static", "bounding_box": [558, 261, 574, 279]}, {"label": "traffic sign", "bounding_box": [541, 275, 582, 313]}, {"label": "static", "bounding_box": [556, 348, 581, 375]}, {"label": "static", "bounding_box": [559, 374, 574, 398]}, {"label": "traffic sign", "bounding_box": [548, 371, 560, 378]}, {"label": "static", "bounding_box": [528, 359, 543, 382]}, {"label": "pole", "bounding_box": [502, 362, 509, 397]}, {"label": "static", "bounding_box": [498, 351, 509, 364]}, {"label": "static", "bounding_box": [501, 371, 512, 388]}, {"label": "static", "bounding_box": [465, 377, 476, 391]}, {"label": "pole", "bounding_box": [464, 364, 470, 402]}, {"label": "traffic sign", "bounding_box": [427, 371, 442, 387]}, {"label": "pole", "bounding_box": [393, 359, 404, 442]}, {"label": "static", "bounding_box": [377, 375, 389, 413]}, {"label": "static", "bounding_box": [100, 301, 118, 351]}, {"label": "static", "bounding_box": [97, 269, 113, 287]}, {"label": "pole", "bounding_box": [325, 11, 363, 539]}, {"label": "static", "bounding_box": [294, 33, 337, 109]}, {"label": "static", "bounding_box": [373, 143, 388, 205]}, {"label": "traffic sign", "bounding_box": [306, 271, 376, 330]}, {"label": "traffic light", "bounding_box": [332, 333, 356, 391]}, {"label": "pole", "bounding_box": [98, 259, 124, 475]}, {"label": "license plate", "bounding_box": [575, 428, 592, 432]}, {"label": "bicyclegroup", "bounding_box": [364, 413, 407, 437]}, {"label": "car", "bounding_box": [264, 413, 291, 431]}, {"label": "person", "bounding_box": [554, 394, 563, 416]}, {"label": "person", "bounding_box": [656, 391, 676, 434]}, {"label": "person", "bounding_box": [674, 385, 692, 434]}, {"label": "car", "bounding_box": [1715, 343, 1962, 442]}, {"label": "bicycle", "bounding_box": [1358, 397, 1447, 450]}, {"label": "rider", "bounding_box": [1377, 363, 1427, 438]}, {"label": "bicycle", "bounding_box": [1633, 391, 1727, 487]}, {"label": "rider", "bounding_box": [1643, 334, 1714, 473]}, {"label": "bicycle", "bounding_box": [1148, 388, 1239, 451]}, {"label": "person", "bounding_box": [1897, 344, 1941, 461]}, {"label": "static", "bounding_box": [1978, 379, 2008, 434]}, {"label": "static", "bounding_box": [472, 413, 509, 455]}, {"label": "traffic sign", "bounding_box": [692, 305, 720, 337]}, {"label": "traffic sign", "bounding_box": [700, 341, 722, 363]}, {"label": "pole", "bounding_box": [139, 330, 160, 450]}, {"label": "polegroup", "bounding_box": [160, 343, 179, 444]}, {"label": "pole", "bounding_box": [113, 309, 136, 456]}, {"label": "polegroup", "bounding_box": [183, 359, 191, 440]}, {"label": "pole", "bounding_box": [192, 369, 200, 438]}, {"label": "pole", "bounding_box": [65, 275, 97, 471]}, {"label": "static", "bounding_box": [65, 275, 97, 294]}, {"label": "static", "bounding_box": [113, 309, 134, 324]}, {"label": "static", "bounding_box": [139, 330, 160, 340]}, {"label": "static", "bounding_box": [160, 343, 179, 353]}, {"label": "traffic light", "bounding_box": [291, 112, 377, 241]}, {"label": "ego vehicle", "bounding_box": [24, 796, 2047, 1023]}, {"label": "rectification border", "bounding_box": [416, 0, 2047, 28]}, {"label": "rectification border", "bounding_box": [2037, 509, 2047, 1023]}, {"label": "rectification border", "bounding_box": [0, 0, 17, 474]}, {"label": "rectification border", "bounding_box": [0, 977, 1937, 1023]}, {"label": "out of roi", "bounding_box": [0, 0, 2048, 1024]}]}