{"imgHeight": 1024, "imgWidth": 2048, "objects": [{"label": "sky", "bounding_box": [1132, 0, 1557, 87]}, {"label": "building", "bounding_box": [462, 0, 1397, 455]}, {"label": "building", "bounding_box": [1351, 0, 1904, 303]}, {"label": "static", "bounding_box": [1325, 157, 1358, 195]}, {"label": "pole", "bounding_box": [1315, 0, 1334, 314]}, {"label": "vegetation", "bounding_box": [1326, 34, 1795, 336]}, {"label": "building", "bounding_box": [1667, 0, 2047, 543]}, {"label": "building", "bounding_box": [0, 0, 503, 489]}, {"label": "pole", "bounding_box": [1044, 56, 1061, 327]}, {"label": "sidewalk", "bounding_box": [1752, 477, 2047, 590]}, {"label": "static", "bounding_box": [607, 355, 644, 414]}, {"label": "static", "bounding_box": [688, 337, 743, 419]}, {"label": "pole", "bounding_box": [730, 96, 746, 375]}, {"label": "pole", "bounding_box": [1841, 290, 1861, 444]}, {"label": "sidewalk", "bounding_box": [574, 429, 721, 451]}, {"label": "pole", "bounding_box": [674, 409, 679, 438]}, {"label": "traffic sign", "bounding_box": [496, 306, 539, 313]}, {"label": "vegetation", "bounding_box": [0, 279, 46, 426]}, {"label": "traffic light", "bounding_box": [1834, 317, 1848, 340]}, {"label": "rail track", "bounding_box": [598, 430, 2047, 791]}, {"label": "static", "bounding_box": [1206, 214, 1228, 237]}, {"label": "train", "bounding_box": [681, 123, 1862, 525]}, {"label": "pole", "bounding_box": [1209, 185, 1224, 488]}, {"label": "sidewalk", "bounding_box": [685, 442, 2047, 989]}, {"label": "road", "bounding_box": [0, 446, 2047, 1023]}, {"label": "pole", "bounding_box": [535, 307, 543, 404]}, {"label": "pole", "bounding_box": [633, 414, 644, 453]}, {"label": "traffic sign", "bounding_box": [1199, 254, 1235, 294]}, {"label": "pole", "bounding_box": [1617, 449, 1636, 524]}, {"label": "pole", "bounding_box": [1852, 0, 1940, 761]}, {"label": "traffic light", "bounding_box": [1858, 273, 1906, 413]}, {"label": "sidewalk", "bounding_box": [0, 428, 679, 514]}, {"label": "sidewalk", "bounding_box": [0, 611, 53, 674]}, {"label": "dynamic", "bounding_box": [251, 409, 295, 484]}, {"label": "bicyclegroup", "bounding_box": [470, 393, 604, 463]}, {"label": "pole", "bounding_box": [682, 420, 693, 460]}, {"label": "pole", "bounding_box": [726, 422, 739, 466]}, {"label": "vegetation", "bounding_box": [199, 322, 290, 418]}, {"label": "static", "bounding_box": [569, 253, 607, 296]}, {"label": "pole", "bounding_box": [754, 427, 767, 474]}, {"label": "bicyclegroup", "bounding_box": [582, 395, 627, 479]}, {"label": "pole", "bounding_box": [602, 406, 612, 477]}, {"label": "static", "bounding_box": [211, 402, 266, 476]}, {"label": "pole", "bounding_box": [569, 0, 587, 483]}, {"label": "traffic sign", "bounding_box": [557, 251, 595, 292]}, {"label": "pole", "bounding_box": [234, 149, 263, 490]}, {"label": "vegetation", "bounding_box": [0, 300, 44, 415]}, {"label": "static", "bounding_box": [0, 402, 25, 480]}, {"label": "vegetation", "bounding_box": [313, 316, 414, 411]}, {"label": "person", "bounding_box": [368, 350, 423, 475]}, {"label": "traffic sign", "bounding_box": [127, 155, 312, 192]}, {"label": "person", "bounding_box": [411, 349, 460, 478]}, {"label": "traffic sign", "bounding_box": [127, 193, 310, 229]}, {"label": "person", "bounding_box": [340, 340, 377, 476]}, {"label": "traffic light", "bounding_box": [254, 272, 280, 295]}, {"label": "person", "bounding_box": [427, 338, 489, 488]}, {"label": "static", "bounding_box": [325, 386, 361, 460]}, {"label": "person", "bounding_box": [325, 332, 370, 483]}, {"label": "bicycle", "bounding_box": [354, 401, 412, 489]}, {"label": "pole", "bounding_box": [376, 101, 400, 487]}, {"label": "traffic sign", "bounding_box": [340, 229, 478, 278]}, {"label": "traffic sign", "bounding_box": [339, 191, 480, 228]}, {"label": "traffic sign", "bounding_box": [340, 154, 480, 193]}, {"label": "traffic sign", "bounding_box": [340, 107, 480, 156]}, {"label": "person", "bounding_box": [46, 368, 80, 431]}, {"label": "person", "bounding_box": [78, 374, 129, 422]}, {"label": "person", "bounding_box": [47, 380, 95, 430]}, {"label": "dynamic", "bounding_box": [37, 416, 160, 486]}, {"label": "person", "bounding_box": [270, 348, 322, 483]}, {"label": "person", "bounding_box": [130, 348, 225, 525]}, {"label": "static", "bounding_box": [0, 187, 313, 324]}, {"label": "ego vehicle", "bounding_box": [24, 796, 2047, 1023]}, {"label": "rectification border", "bounding_box": [416, 0, 2047, 28]}, {"label": "rectification border", "bounding_box": [2037, 509, 2047, 1023]}, {"label": "rectification border", "bounding_box": [0, 0, 17, 474]}, {"label": "rectification border", "bounding_box": [0, 977, 1937, 1023]}, {"label": "out of roi", "bounding_box": [0, 0, 2048, 1024]}]}