{"imgHeight": 1024, "imgWidth": 2048, "objects": [{"label": "fence", "bounding_box": [107, 294, 112, 337]}, {"label": "sky", "bounding_box": [0, 0, 716, 174]}, {"label": "building", "bounding_box": [0, 0, 2047, 1023]}, {"label": "road", "bounding_box": [0, 414, 2047, 1023]}, {"label": "wall", "bounding_box": [39, 267, 142, 389]}, {"label": "fence", "bounding_box": [64, 275, 75, 342]}, {"label": "ground", "bounding_box": [458, 397, 1496, 531]}, {"label": "sidewalk", "bounding_box": [406, 415, 1252, 474]}, {"label": "fence", "bounding_box": [1248, 22, 1441, 426]}, {"label": "parking", "bounding_box": [935, 451, 1699, 559]}, {"label": "fence", "bounding_box": [123, 301, 125, 334]}, {"label": "road", "bounding_box": [0, 551, 472, 1023]}, {"label": "fence", "bounding_box": [106, 291, 112, 332]}, {"label": "vegetation", "bounding_box": [0, 0, 153, 330]}, {"label": "car", "bounding_box": [0, 312, 441, 680]}, {"label": "static", "bounding_box": [0, 502, 129, 780]}, {"label": "bicycle", "bounding_box": [0, 481, 303, 806]}, {"label": "car", "bounding_box": [521, 355, 745, 471]}, {"label": "car", "bounding_box": [716, 348, 906, 460]}, {"label": "sidewalk", "bounding_box": [1209, 491, 2047, 684]}, {"label": "car", "bounding_box": [865, 340, 1059, 455]}, {"label": "car", "bounding_box": [1343, 310, 1584, 405]}, {"label": "car", "bounding_box": [1626, 276, 1692, 306]}, {"label": "car", "bounding_box": [1307, 290, 1698, 500]}, {"label": "static", "bounding_box": [1538, 397, 1675, 599]}, {"label": "pole", "bounding_box": [1498, 0, 1526, 522]}, {"label": "static", "bounding_box": [1487, 0, 1501, 125]}, {"label": "license plate", "bounding_box": [153, 514, 281, 550]}, {"label": "license plate", "bounding_box": [548, 429, 581, 439]}, {"label": "fence", "bounding_box": [86, 281, 94, 329]}, {"label": "dynamic", "bounding_box": [325, 643, 468, 681]}, {"label": "pole", "bounding_box": [515, 428, 523, 459]}, {"label": "static", "bounding_box": [503, 307, 525, 437]}, {"label": "static", "bounding_box": [486, 267, 534, 316]}, {"label": "ego vehicle", "bounding_box": [24, 796, 2047, 1023]}, {"label": "rectification border", "bounding_box": [416, 0, 2047, 28]}, {"label": "rectification border", "bounding_box": [2037, 509, 2047, 1023]}, {"label": "rectification border", "bounding_box": [0, 0, 17, 474]}, {"label": "rectification border", "bounding_box": [0, 977, 1937, 1023]}, {"label": "out of roi", "bounding_box": [0, 0, 2048, 1024]}]}