{"imgHeight": 1024, "imgWidth": 2048, "objects": [{"label": "ground", "bounding_box": [0, 428, 2047, 1023]}, {"label": "building", "bounding_box": [0, 0, 2047, 653]}, {"label": "pole", "bounding_box": [329, 186, 358, 588]}, {"label": "static", "bounding_box": [1331, 490, 1395, 648]}, {"label": "traffic sign", "bounding_box": [244, 150, 341, 208]}, {"label": "bicycle", "bounding_box": [1069, 496, 1364, 657]}, {"label": "static", "bounding_box": [1699, 465, 1738, 631]}, {"label": "car", "bounding_box": [1691, 334, 2047, 863]}, {"label": "person", "bounding_box": [805, 273, 1023, 802]}, {"label": "person", "bounding_box": [1130, 234, 1322, 757]}, {"label": "license plate", "bounding_box": [1735, 541, 1797, 599]}, {"label": "traffic sign", "bounding_box": [243, 150, 341, 206]}, {"label": "ego vehicle", "bounding_box": [24, 796, 2047, 1023]}, {"label": "rectification border", "bounding_box": [416, 0, 2047, 28]}, {"label": "rectification border", "bounding_box": [2037, 509, 2047, 1023]}, {"label": "rectification border", "bounding_box": [0, 0, 17, 474]}, {"label": "rectification border", "bounding_box": [0, 977, 1937, 1023]}, {"label": "out of roi", "bounding_box": [0, 0, 2048, 1024]}]}