{"imgHeight": 1024, "imgWidth": 2048, "objects": [{"label": "sky", "bounding_box": [695, 0, 1350, 402]}, {"label": "building", "bounding_box": [0, 0, 2047, 1023]}, {"label": "static", "bounding_box": [1215, 315, 1230, 334]}, {"label": "static", "bounding_box": [1224, 309, 1241, 333]}, {"label": "pole", "bounding_box": [1134, 375, 1137, 406]}, {"label": "static", "bounding_box": [1219, 326, 1240, 338]}, {"label": "road", "bounding_box": [0, 426, 2047, 1023]}, {"label": "parking", "bounding_box": [0, 485, 827, 1012]}, {"label": "sidewalk", "bounding_box": [613, 485, 827, 582]}, {"label": "person", "bounding_box": [183, 333, 227, 434]}, {"label": "static", "bounding_box": [926, 416, 946, 446]}, {"label": "person", "bounding_box": [291, 336, 310, 389]}, {"label": "person", "bounding_box": [10, 340, 46, 422]}, {"label": "person", "bounding_box": [1104, 406, 1121, 436]}, {"label": "person", "bounding_box": [416, 338, 450, 385]}, {"label": "sidewalk", "bounding_box": [757, 438, 944, 473]}, {"label": "sidewalk", "bounding_box": [1088, 428, 2047, 1023]}, {"label": "pole", "bounding_box": [414, 292, 417, 362]}, {"label": "person", "bounding_box": [797, 394, 820, 425]}, {"label": "static", "bounding_box": [1209, 336, 1236, 357]}, {"label": "person", "bounding_box": [777, 387, 799, 438]}, {"label": "car", "bounding_box": [44, 380, 142, 460]}, {"label": "person", "bounding_box": [697, 374, 735, 424]}, {"label": "pole", "bounding_box": [844, 338, 849, 426]}, {"label": "vegetation", "bounding_box": [910, 345, 966, 424]}, {"label": "pole", "bounding_box": [1121, 241, 1129, 438]}, {"label": "car", "bounding_box": [924, 352, 1111, 505]}, {"label": "static", "bounding_box": [1217, 339, 1236, 353]}, {"label": "person", "bounding_box": [914, 403, 930, 439]}, {"label": "car", "bounding_box": [448, 319, 801, 563]}, {"label": "persongroup", "bounding_box": [1175, 393, 1198, 448]}, {"label": "car", "bounding_box": [108, 357, 646, 663]}, {"label": "car", "bounding_box": [0, 346, 263, 787]}, {"label": "persongroup", "bounding_box": [1208, 397, 1239, 455]}, {"label": "bicyclegroup", "bounding_box": [787, 403, 864, 470]}, {"label": "bicyclegroup", "bounding_box": [876, 415, 904, 455]}, {"label": "pole", "bounding_box": [1206, 450, 1216, 490]}, {"label": "person", "bounding_box": [1125, 404, 1138, 438]}, {"label": "person", "bounding_box": [1132, 393, 1151, 439]}, {"label": "person", "bounding_box": [1142, 392, 1160, 447]}, {"label": "person", "bounding_box": [1163, 386, 1184, 448]}, {"label": "person", "bounding_box": [1188, 382, 1211, 456]}, {"label": "person", "bounding_box": [1197, 331, 1278, 508]}, {"label": "person", "bounding_box": [1276, 385, 1311, 475]}, {"label": "person", "bounding_box": [1306, 353, 1339, 475]}, {"label": "person", "bounding_box": [1375, 351, 1437, 496]}, {"label": "person", "bounding_box": [1462, 344, 1524, 460]}, {"label": "person", "bounding_box": [1462, 351, 1502, 455]}, {"label": "person", "bounding_box": [1429, 346, 1486, 493]}, {"label": "person", "bounding_box": [1524, 378, 1553, 458]}, {"label": "static", "bounding_box": [1451, 447, 1572, 632]}, {"label": "pole", "bounding_box": [1216, 417, 1228, 496]}, {"label": "pole", "bounding_box": [1158, 413, 1165, 465]}, {"label": "fence", "bounding_box": [1891, 472, 2047, 911]}, {"label": "traffic sign", "bounding_box": [1127, 364, 1145, 381]}, {"label": "traffic sign", "bounding_box": [1126, 381, 1141, 388]}, {"label": "traffic sign", "bounding_box": [411, 278, 426, 320]}, {"label": "static", "bounding_box": [821, 0, 1132, 16]}, {"label": "traffic sign", "bounding_box": [836, 336, 855, 343]}, {"label": "traffic sign", "bounding_box": [836, 350, 855, 358]}, {"label": "traffic sign", "bounding_box": [481, 233, 516, 247]}, {"label": "traffic sign", "bounding_box": [481, 253, 516, 264]}, {"label": "traffic sign", "bounding_box": [1756, 153, 1789, 197]}, {"label": "static", "bounding_box": [1215, 303, 1231, 320]}, {"label": "static", "bounding_box": [1258, 304, 1282, 318]}, {"label": "static", "bounding_box": [1255, 315, 1280, 341]}, {"label": "static", "bounding_box": [684, 47, 763, 76]}, {"label": "traffic sign", "bounding_box": [483, 233, 516, 247]}, {"label": "traffic sign", "bounding_box": [481, 252, 517, 263]}, {"label": "static", "bounding_box": [877, 342, 895, 354]}, {"label": "static", "bounding_box": [903, 327, 922, 343]}, {"label": "static", "bounding_box": [905, 349, 918, 355]}, {"label": "static", "bounding_box": [1118, 233, 1153, 246]}, {"label": "static", "bounding_box": [995, 417, 1050, 428]}, {"label": "vegetation", "bounding_box": [0, 0, 83, 204]}, {"label": "ego vehicle", "bounding_box": [24, 796, 2047, 1023]}, {"label": "rectification border", "bounding_box": [416, 0, 2047, 28]}, {"label": "rectification border", "bounding_box": [2037, 509, 2047, 1023]}, {"label": "rectification border", "bounding_box": [0, 0, 17, 474]}, {"label": "rectification border", "bounding_box": [0, 977, 1937, 1023]}, {"label": "out of roi", "bounding_box": [0, 0, 2048, 1024]}]}