{"imgHeight": 1024, "imgWidth": 2048, "objects": [{"label": "road", "bounding_box": [0, 374, 2047, 1023]}, {"label": "sidewalk", "bounding_box": [1122, 371, 2047, 504]}, {"label": "sidewalk", "bounding_box": [510, 390, 1035, 492]}, {"label": "sky", "bounding_box": [772, 0, 1780, 367]}, {"label": "building", "bounding_box": [0, 0, 2047, 565]}, {"label": "vegetation", "bounding_box": [1465, 181, 1761, 432]}, {"label": "fence", "bounding_box": [1464, 410, 2047, 487]}, {"label": "vegetation", "bounding_box": [821, 185, 1045, 450]}, {"label": "static", "bounding_box": [993, 439, 1015, 454]}, {"label": "static", "bounding_box": [1059, 324, 1135, 333]}, {"label": "persongroup", "bounding_box": [1131, 420, 1185, 455]}, {"label": "cargroup", "bounding_box": [1013, 427, 1068, 460]}, {"label": "car", "bounding_box": [1098, 428, 1143, 459]}, {"label": "car", "bounding_box": [1056, 405, 1111, 459]}, {"label": "pole", "bounding_box": [1143, 386, 1154, 455]}, {"label": "persongroup", "bounding_box": [1190, 434, 1211, 455]}, {"label": "person", "bounding_box": [1239, 426, 1249, 458]}, {"label": "dynamic", "bounding_box": [1200, 435, 1269, 459]}, {"label": "person", "bounding_box": [1251, 425, 1266, 449]}, {"label": "person", "bounding_box": [1344, 395, 1369, 456]}, {"label": "pole", "bounding_box": [1300, 295, 1316, 460]}, {"label": "pole", "bounding_box": [1264, 336, 1277, 460]}, {"label": "persongroup", "bounding_box": [1289, 399, 1315, 460]}, {"label": "persongroup", "bounding_box": [1312, 397, 1348, 460]}, {"label": "persongroup", "bounding_box": [1316, 397, 1348, 460]}, {"label": "person", "bounding_box": [1304, 378, 1356, 463]}, {"label": "persongroup", "bounding_box": [1388, 385, 1438, 449]}, {"label": "person", "bounding_box": [1364, 378, 1436, 467]}, {"label": "person", "bounding_box": [1388, 378, 1436, 465]}, {"label": "rider", "bounding_box": [1430, 366, 1460, 444]}, {"label": "pole", "bounding_box": [1452, 187, 1464, 390]}, {"label": "static", "bounding_box": [1409, 193, 1461, 304]}, {"label": "pole", "bounding_box": [1429, 244, 1459, 470]}, {"label": "person", "bounding_box": [1461, 391, 1491, 450]}, {"label": "rider", "bounding_box": [1459, 364, 1486, 443]}, {"label": "motorcycle", "bounding_box": [1472, 438, 1487, 462]}, {"label": "motorcycle", "bounding_box": [1454, 437, 1480, 464]}, {"label": "rider", "bounding_box": [1451, 357, 1485, 447]}, {"label": "person", "bounding_box": [1489, 375, 1525, 462]}, {"label": "person", "bounding_box": [1543, 370, 1577, 473]}, {"label": "person", "bounding_box": [1561, 366, 1602, 473]}, {"label": "person", "bounding_box": [1601, 371, 1639, 474]}, {"label": "person", "bounding_box": [1619, 356, 1679, 486]}, {"label": "person", "bounding_box": [1670, 362, 1727, 487]}, {"label": "person", "bounding_box": [1730, 374, 1779, 503]}, {"label": "person", "bounding_box": [1768, 361, 1820, 495]}, {"label": "person", "bounding_box": [2023, 366, 2047, 510]}, {"label": "person", "bounding_box": [1097, 388, 1121, 461]}, {"label": "pole", "bounding_box": [1007, 400, 1011, 460]}, {"label": "static", "bounding_box": [979, 426, 995, 459]}, {"label": "traffic sign", "bounding_box": [1003, 387, 1016, 411]}, {"label": "pole", "bounding_box": [991, 361, 996, 460]}, {"label": "traffic sign", "bounding_box": [988, 353, 1002, 366]}, {"label": "traffic sign", "bounding_box": [983, 367, 1029, 380]}, {"label": "traffic sign", "bounding_box": [983, 381, 1028, 393]}, {"label": "person", "bounding_box": [1010, 390, 1051, 462]}, {"label": "static", "bounding_box": [942, 375, 963, 393]}, {"label": "pole", "bounding_box": [946, 350, 960, 454]}, {"label": "pole", "bounding_box": [958, 367, 973, 454]}, {"label": "persongroup", "bounding_box": [965, 417, 982, 438]}, {"label": "vegetation", "bounding_box": [867, 422, 910, 454]}, {"label": "pole", "bounding_box": [970, 412, 974, 456]}, {"label": "person", "bounding_box": [939, 418, 950, 442]}, {"label": "person", "bounding_box": [902, 420, 934, 455]}, {"label": "dynamic", "bounding_box": [889, 405, 928, 414]}, {"label": "sidewalk", "bounding_box": [0, 481, 846, 1023]}, {"label": "pole", "bounding_box": [897, 315, 911, 456]}, {"label": "dynamic", "bounding_box": [878, 390, 895, 426]}, {"label": "person", "bounding_box": [876, 416, 891, 453]}, {"label": "static", "bounding_box": [821, 374, 849, 395]}, {"label": "person", "bounding_box": [842, 369, 880, 478]}, {"label": "static", "bounding_box": [787, 244, 810, 386]}, {"label": "traffic sign", "bounding_box": [785, 297, 815, 338]}, {"label": "vegetation", "bounding_box": [667, 397, 735, 422]}, {"label": "fence", "bounding_box": [540, 394, 752, 459]}, {"label": "person", "bounding_box": [794, 410, 809, 474]}, {"label": "person", "bounding_box": [723, 357, 765, 463]}, {"label": "person", "bounding_box": [741, 321, 815, 532]}, {"label": "static", "bounding_box": [479, 249, 690, 332]}, {"label": "traffic light", "bounding_box": [596, 298, 606, 325]}, {"label": "pole", "bounding_box": [589, 181, 599, 405]}, {"label": "traffic sign", "bounding_box": [539, 188, 624, 220]}, {"label": "dynamic", "bounding_box": [0, 9, 525, 237]}, {"label": "traffic sign", "bounding_box": [565, 224, 649, 255]}, {"label": "static", "bounding_box": [289, 0, 330, 129]}, {"label": "traffic sign", "bounding_box": [566, 263, 648, 280]}, {"label": "traffic light", "bounding_box": [570, 298, 593, 326]}, {"label": "person", "bounding_box": [501, 301, 570, 369]}, {"label": "person", "bounding_box": [557, 309, 641, 513]}, {"label": "person", "bounding_box": [558, 458, 585, 508]}, {"label": "dynamic", "bounding_box": [585, 366, 686, 524]}, {"label": "static", "bounding_box": [0, 413, 574, 574]}, {"label": "vegetation", "bounding_box": [96, 158, 598, 490]}, {"label": "dynamic", "bounding_box": [0, 413, 293, 547]}, {"label": "bicycle", "bounding_box": [432, 357, 585, 560]}, {"label": "person", "bounding_box": [143, 264, 253, 566]}, {"label": "vegetation", "bounding_box": [0, 90, 120, 370]}, {"label": "dynamic", "bounding_box": [0, 321, 233, 653]}, {"label": "pole", "bounding_box": [266, 0, 305, 704]}, {"label": "traffic light", "bounding_box": [218, 0, 312, 52]}, {"label": "traffic sign", "bounding_box": [198, 106, 348, 237]}, {"label": "static", "bounding_box": [1179, 341, 1206, 366]}, {"label": "pole", "bounding_box": [1185, 103, 1195, 462]}, {"label": "traffic sign", "bounding_box": [1180, 171, 1206, 198]}, {"label": "traffic sign", "bounding_box": [1180, 197, 1208, 225]}, {"label": "traffic sign", "bounding_box": [1180, 228, 1203, 237]}, {"label": "traffic sign", "bounding_box": [1185, 241, 1216, 269]}, {"label": "traffic sign", "bounding_box": [1179, 268, 1203, 279]}, {"label": "person", "bounding_box": [1304, 378, 1332, 463]}, {"label": "person", "bounding_box": [917, 420, 934, 455]}, {"label": "person", "bounding_box": [914, 423, 925, 454]}, {"label": "static", "bounding_box": [1302, 295, 1316, 321]}, {"label": "static", "bounding_box": [1433, 244, 1459, 290]}, {"label": "static", "bounding_box": [1266, 336, 1276, 356]}, {"label": "static", "bounding_box": [897, 315, 911, 347]}, {"label": "static", "bounding_box": [947, 350, 960, 374]}, {"label": "static", "bounding_box": [958, 367, 973, 384]}, {"label": "ego vehicle", "bounding_box": [24, 796, 2047, 1023]}, {"label": "rectification border", "bounding_box": [416, 0, 2047, 28]}, {"label": "rectification border", "bounding_box": [2037, 509, 2047, 1023]}, {"label": "rectification border", "bounding_box": [0, 0, 17, 474]}, {"label": "rectification border", "bounding_box": [0, 977, 1937, 1023]}, {"label": "out of roi", "bounding_box": [0, 0, 2048, 1024]}]}