{"imgHeight": 1024, "imgWidth": 2048, "objects": [{"label": "road", "bounding_box": [0, 305, 2047, 1023]}, {"label": "parking", "bounding_box": [940, 409, 1230, 483]}, {"label": "sidewalk", "bounding_box": [889, 287, 2047, 1023]}, {"label": "sidewalk", "bounding_box": [0, 351, 1004, 1023]}, {"label": "sky", "bounding_box": [678, 0, 991, 122]}, {"label": "building", "bounding_box": [0, 0, 2047, 815]}, {"label": "pole", "bounding_box": [714, 282, 728, 410]}, {"label": "traffic sign", "bounding_box": [705, 289, 726, 302]}, {"label": "traffic sign", "bounding_box": [792, 259, 801, 277]}, {"label": "traffic sign", "bounding_box": [686, 310, 716, 340]}, {"label": "pole", "bounding_box": [792, 261, 807, 405]}, {"label": "traffic sign", "bounding_box": [790, 289, 803, 310]}, {"label": "traffic sign", "bounding_box": [791, 313, 801, 337]}, {"label": "pole", "bounding_box": [843, 288, 857, 404]}, {"label": "static", "bounding_box": [371, 0, 503, 135]}, {"label": "static", "bounding_box": [703, 420, 761, 574]}, {"label": "bicycle", "bounding_box": [495, 422, 625, 663]}, {"label": "static", "bounding_box": [562, 439, 660, 668]}, {"label": "static", "bounding_box": [900, 395, 911, 436]}, {"label": "static", "bounding_box": [914, 398, 927, 442]}, {"label": "rider", "bounding_box": [941, 359, 970, 426]}, {"label": "bicycle", "bounding_box": [944, 392, 966, 440]}, {"label": "static", "bounding_box": [932, 398, 949, 447]}, {"label": "car", "bounding_box": [961, 363, 1062, 466]}, {"label": "person", "bounding_box": [1109, 351, 1130, 377]}, {"label": "person", "bounding_box": [1122, 342, 1169, 435]}, {"label": "car", "bounding_box": [997, 362, 1160, 476]}, {"label": "license plate", "bounding_box": [1081, 404, 1116, 414]}, {"label": "bicycle", "bounding_box": [1064, 389, 1118, 478]}, {"label": "static", "bounding_box": [1062, 401, 1104, 477]}, {"label": "bicycle", "bounding_box": [1037, 386, 1092, 479]}, {"label": "pole", "bounding_box": [1185, 279, 1220, 431]}, {"label": "traffic sign", "bounding_box": [1165, 243, 1214, 304]}, {"label": "static", "bounding_box": [1126, 399, 1172, 493]}, {"label": "bicycle", "bounding_box": [1198, 379, 1240, 451]}, {"label": "bicycle", "bounding_box": [1205, 383, 1281, 511]}, {"label": "static", "bounding_box": [1208, 400, 1270, 512]}, {"label": "bicycle", "bounding_box": [1674, 373, 1881, 659]}, {"label": "static", "bounding_box": [1736, 435, 2010, 842]}, {"label": "static", "bounding_box": [1230, 110, 1312, 195]}, {"label": "static", "bounding_box": [1057, 197, 1109, 255]}, {"label": "traffic sign", "bounding_box": [931, 306, 952, 314]}, {"label": "ego vehicle", "bounding_box": [24, 796, 2047, 1023]}, {"label": "rectification border", "bounding_box": [416, 0, 2047, 28]}, {"label": "rectification border", "bounding_box": [2037, 509, 2047, 1023]}, {"label": "rectification border", "bounding_box": [0, 0, 17, 474]}, {"label": "rectification border", "bounding_box": [0, 977, 1937, 1023]}, {"label": "out of roi", "bounding_box": [0, 0, 2048, 1024]}]}