{"imgHeight": 1024, "imgWidth": 2048, "objects": [{"label": "sky", "bounding_box": [777, 0, 1294, 419]}, {"label": "building", "bounding_box": [0, 0, 941, 488]}, {"label": "building", "bounding_box": [991, 0, 2047, 460]}, {"label": "road", "bounding_box": [0, 418, 2047, 1023]}, {"label": "parking", "bounding_box": [1135, 424, 1321, 467]}, {"label": "sidewalk", "bounding_box": [1216, 428, 1678, 475]}, {"label": "parking", "bounding_box": [1372, 503, 2047, 912]}, {"label": "sidewalk", "bounding_box": [1314, 493, 1662, 547]}, {"label": "pole", "bounding_box": [1529, 257, 1537, 461]}, {"label": "traffic sign", "bounding_box": [1507, 247, 1553, 264]}, {"label": "traffic sign", "bounding_box": [1575, 267, 1619, 278]}, {"label": "pole", "bounding_box": [1430, 0, 1466, 508]}, {"label": "traffic light", "bounding_box": [1428, 93, 1478, 149]}, {"label": "traffic sign", "bounding_box": [1409, 162, 1492, 234]}, {"label": "bicycle", "bounding_box": [1499, 387, 1607, 458]}, {"label": "bicycle", "bounding_box": [1416, 398, 1552, 523]}, {"label": "person", "bounding_box": [1863, 294, 1901, 345]}, {"label": "person", "bounding_box": [1552, 319, 1616, 495]}, {"label": "dynamic", "bounding_box": [1577, 416, 1674, 492]}, {"label": "car", "bounding_box": [1040, 401, 1078, 435]}, {"label": "vegetation", "bounding_box": [1117, 343, 1134, 369]}, {"label": "license plate", "bounding_box": [1053, 422, 1074, 424]}, {"label": "static", "bounding_box": [1309, 252, 1337, 277]}, {"label": "static", "bounding_box": [1311, 294, 1339, 321]}, {"label": "dynamic", "bounding_box": [1318, 386, 1343, 436]}, {"label": "pole", "bounding_box": [1281, 343, 1288, 428]}, {"label": "traffic sign", "bounding_box": [1270, 313, 1288, 349]}, {"label": "pole", "bounding_box": [1134, 389, 1135, 413]}, {"label": "traffic sign", "bounding_box": [1130, 371, 1135, 391]}, {"label": "traffic sign", "bounding_box": [1133, 357, 1159, 364]}, {"label": "traffic sign", "bounding_box": [1137, 365, 1159, 369]}, {"label": "traffic sign", "bounding_box": [1134, 371, 1159, 379]}, {"label": "pole", "bounding_box": [1139, 378, 1142, 407]}, {"label": "traffic sign", "bounding_box": [1137, 380, 1144, 388]}, {"label": "traffic light", "bounding_box": [1134, 359, 1143, 379]}, {"label": "pole", "bounding_box": [1147, 376, 1150, 405]}, {"label": "traffic sign", "bounding_box": [1144, 369, 1154, 379]}, {"label": "pole", "bounding_box": [1147, 317, 1161, 404]}, {"label": "cargroup", "bounding_box": [1125, 389, 1190, 439]}, {"label": "car", "bounding_box": [1154, 395, 1185, 451]}, {"label": "car", "bounding_box": [1171, 365, 1260, 455]}, {"label": "car", "bounding_box": [1195, 382, 1291, 456]}, {"label": "car", "bounding_box": [1062, 381, 1131, 447]}, {"label": "license plate", "bounding_box": [1086, 427, 1109, 431]}, {"label": "static", "bounding_box": [296, 331, 328, 344]}, {"label": "static", "bounding_box": [206, 312, 240, 338]}, {"label": "terrain", "bounding_box": [134, 521, 352, 609]}, {"label": "person", "bounding_box": [185, 374, 223, 434]}, {"label": "static", "bounding_box": [243, 198, 314, 271]}, {"label": "sidewalk", "bounding_box": [236, 451, 453, 484]}, {"label": "pole", "bounding_box": [271, 203, 290, 544]}, {"label": "bicycle", "bounding_box": [244, 427, 324, 547]}, {"label": "static", "bounding_box": [99, 423, 251, 517]}, {"label": "bicyclegroup", "bounding_box": [138, 432, 264, 575]}, {"label": "car", "bounding_box": [1008, 389, 1035, 444]}, {"label": "parking", "bounding_box": [423, 427, 925, 493]}, {"label": "vegetation", "bounding_box": [0, 0, 1037, 510]}, {"label": "car", "bounding_box": [0, 377, 187, 752]}, {"label": "car", "bounding_box": [1624, 318, 2047, 776]}, {"label": "dynamic", "bounding_box": [1205, 401, 1302, 464]}, {"label": "traffic sign", "bounding_box": [1265, 403, 1308, 442]}, {"label": "static", "bounding_box": [1294, 405, 1314, 458]}, {"label": "traffic sign", "bounding_box": [1196, 439, 1205, 470]}, {"label": "traffic sign", "bounding_box": [1218, 431, 1233, 464]}, {"label": "traffic sign", "bounding_box": [1235, 429, 1255, 463]}, {"label": "car", "bounding_box": [871, 400, 938, 435]}, {"label": "vegetation", "bounding_box": [906, 377, 916, 418]}, {"label": "car", "bounding_box": [829, 393, 914, 436]}, {"label": "vegetation", "bounding_box": [866, 351, 904, 428]}, {"label": "car", "bounding_box": [863, 413, 904, 443]}, {"label": "license plate", "bounding_box": [891, 429, 900, 434]}, {"label": "car", "bounding_box": [851, 409, 882, 446]}, {"label": "car", "bounding_box": [829, 402, 873, 439]}, {"label": "vegetation", "bounding_box": [843, 365, 860, 432]}, {"label": "car", "bounding_box": [830, 404, 865, 449]}, {"label": "vegetation", "bounding_box": [819, 368, 839, 448]}, {"label": "car", "bounding_box": [830, 404, 855, 449]}, {"label": "car", "bounding_box": [745, 388, 838, 452]}, {"label": "vegetation", "bounding_box": [796, 370, 816, 455]}, {"label": "car", "bounding_box": [704, 391, 803, 443]}, {"label": "car", "bounding_box": [729, 403, 796, 458]}, {"label": "vegetation", "bounding_box": [758, 357, 778, 464]}, {"label": "car", "bounding_box": [684, 399, 784, 461]}, {"label": "license plate", "bounding_box": [760, 438, 777, 443]}, {"label": "vegetation", "bounding_box": [675, 294, 687, 410]}, {"label": "vegetation", "bounding_box": [703, 321, 730, 463]}, {"label": "car", "bounding_box": [453, 371, 742, 577]}, {"label": "license plate", "bounding_box": [520, 460, 595, 479]}, {"label": "trailer", "bounding_box": [917, 329, 1024, 462]}, {"label": "static", "bounding_box": [1833, 16, 1968, 81]}, {"label": "static", "bounding_box": [1198, 341, 1218, 350]}, {"label": "ego vehicle", "bounding_box": [24, 796, 2047, 1023]}, {"label": "rectification border", "bounding_box": [416, 0, 2047, 28]}, {"label": "rectification border", "bounding_box": [2037, 509, 2047, 1023]}, {"label": "rectification border", "bounding_box": [0, 0, 17, 474]}, {"label": "rectification border", "bounding_box": [0, 977, 1937, 1023]}, {"label": "out of roi", "bounding_box": [0, 0, 2048, 1024]}]}