{"imgHeight": 1024, "imgWidth": 2048, "objects": [{"label": "sky", "bounding_box": [253, 0, 1090, 207]}, {"label": "building", "bounding_box": [373, 0, 2047, 636]}, {"label": "building", "bounding_box": [0, 182, 256, 497]}, {"label": "road", "bounding_box": [0, 459, 2047, 1023]}, {"label": "sidewalk", "bounding_box": [687, 466, 1357, 522]}, {"label": "vegetation", "bounding_box": [0, 0, 633, 462]}, {"label": "cargroup", "bounding_box": [236, 442, 308, 475]}, {"label": "static", "bounding_box": [246, 420, 261, 434]}, {"label": "pole", "bounding_box": [252, 395, 258, 464]}, {"label": "pole", "bounding_box": [21, 59, 46, 450]}, {"label": "car", "bounding_box": [426, 442, 452, 478]}, {"label": "car", "bounding_box": [453, 441, 471, 471]}, {"label": "pole", "bounding_box": [485, 420, 489, 444]}, {"label": "traffic sign", "bounding_box": [483, 416, 490, 427]}, {"label": "car", "bounding_box": [468, 438, 493, 470]}, {"label": "pole", "bounding_box": [595, 412, 599, 448]}, {"label": "car", "bounding_box": [476, 437, 520, 467]}, {"label": "car", "bounding_box": [545, 438, 587, 467]}, {"label": "car", "bounding_box": [569, 440, 610, 478]}, {"label": "traffic sign", "bounding_box": [587, 405, 606, 418]}, {"label": "car", "bounding_box": [581, 441, 636, 476]}, {"label": "car", "bounding_box": [612, 438, 667, 478]}, {"label": "car", "bounding_box": [639, 439, 703, 481]}, {"label": "car", "bounding_box": [505, 437, 586, 500]}, {"label": "license plate", "bounding_box": [547, 479, 570, 486]}, {"label": "pole", "bounding_box": [770, 404, 777, 484]}, {"label": "traffic sign", "bounding_box": [759, 375, 784, 401]}, {"label": "traffic sign", "bounding_box": [763, 398, 781, 415]}, {"label": "car", "bounding_box": [891, 411, 1059, 556]}, {"label": "license plate", "bounding_box": [949, 512, 1001, 523]}, {"label": "vegetation", "bounding_box": [1208, 44, 1551, 388]}, {"label": "vegetation", "bounding_box": [1567, 0, 1919, 371]}, {"label": "fence", "bounding_box": [1090, 349, 1984, 490]}, {"label": "wall", "bounding_box": [1114, 451, 1352, 503]}, {"label": "pole", "bounding_box": [1523, 310, 1534, 424]}, {"label": "traffic sign", "bounding_box": [1494, 298, 1547, 315]}, {"label": "pole", "bounding_box": [1215, 199, 1228, 537]}, {"label": "traffic sign", "bounding_box": [1199, 207, 1242, 260]}, {"label": "traffic sign", "bounding_box": [1199, 348, 1241, 383]}, {"label": "traffic light", "bounding_box": [1208, 270, 1233, 341]}, {"label": "traffic light", "bounding_box": [1208, 405, 1219, 438]}, {"label": "static", "bounding_box": [1418, 141, 1443, 185]}, {"label": "static", "bounding_box": [1861, 278, 1890, 334]}, {"label": "pole", "bounding_box": [1877, 0, 1899, 436]}, {"label": "static", "bounding_box": [1368, 0, 1904, 538]}, {"label": "sidewalk", "bounding_box": [1158, 531, 2047, 862]}, {"label": "static", "bounding_box": [1460, 111, 1501, 215]}, {"label": "static", "bounding_box": [514, 304, 535, 383]}, {"label": "pole", "bounding_box": [442, 268, 456, 477]}, {"label": "static", "bounding_box": [359, 217, 386, 256]}, {"label": "static", "bounding_box": [240, 85, 418, 537]}, {"label": "static", "bounding_box": [310, 200, 348, 243]}, {"label": "sidewalk", "bounding_box": [0, 528, 610, 685]}, {"label": "static", "bounding_box": [410, 278, 462, 303]}, {"label": "static", "bounding_box": [427, 308, 464, 338]}, {"label": "static", "bounding_box": [429, 344, 465, 368]}, {"label": "pole", "bounding_box": [455, 275, 476, 540]}, {"label": "traffic sign", "bounding_box": [466, 307, 481, 336]}, {"label": "traffic light", "bounding_box": [470, 354, 484, 373]}, {"label": "wall", "bounding_box": [1340, 345, 2047, 618]}, {"label": "wall", "bounding_box": [0, 439, 470, 578]}, {"label": "terrain", "bounding_box": [1502, 548, 1545, 560]}, {"label": "terrain", "bounding_box": [1837, 586, 1867, 596]}, {"label": "ego vehicle", "bounding_box": [24, 796, 2047, 1023]}, {"label": "rectification border", "bounding_box": [416, 0, 2047, 28]}, {"label": "rectification border", "bounding_box": [2037, 509, 2047, 1023]}, {"label": "rectification border", "bounding_box": [0, 0, 17, 474]}, {"label": "rectification border", "bounding_box": [0, 977, 1937, 1023]}, {"label": "out of roi", "bounding_box": [0, 0, 2048, 1024]}]}