{"imgHeight": 1024, "imgWidth": 2048, "objects": [{"label": "sky", "bounding_box": [0, 0, 465, 280]}, {"label": "road", "bounding_box": [0, 365, 2047, 1023]}, {"label": "building", "bounding_box": [32, 0, 2047, 547]}, {"label": "sidewalk", "bounding_box": [173, 419, 2047, 645]}, {"label": "sidewalk", "bounding_box": [0, 423, 158, 1023]}, {"label": "vegetation", "bounding_box": [0, 0, 260, 622]}, {"label": "car", "bounding_box": [153, 406, 192, 429]}, {"label": "static", "bounding_box": [135, 388, 147, 395]}, {"label": "static", "bounding_box": [142, 387, 149, 394]}, {"label": "static", "bounding_box": [153, 378, 162, 388]}, {"label": "static", "bounding_box": [66, 377, 83, 425]}, {"label": "car", "bounding_box": [103, 407, 174, 435]}, {"label": "pole", "bounding_box": [493, 349, 502, 383]}, {"label": "static", "bounding_box": [488, 326, 508, 351]}, {"label": "bus", "bounding_box": [296, 285, 484, 454]}, {"label": "person", "bounding_box": [523, 357, 543, 395]}, {"label": "person", "bounding_box": [544, 351, 570, 429]}, {"label": "car", "bounding_box": [425, 363, 564, 463]}, {"label": "license plate", "bounding_box": [502, 401, 531, 410]}, {"label": "car", "bounding_box": [181, 334, 340, 490]}, {"label": "license plate", "bounding_box": [225, 443, 265, 451]}, {"label": "person", "bounding_box": [803, 378, 832, 436]}, {"label": "person", "bounding_box": [820, 369, 858, 432]}, {"label": "pole", "bounding_box": [1060, 218, 1075, 327]}, {"label": "static", "bounding_box": [1043, 223, 1093, 276]}, {"label": "static", "bounding_box": [1063, 285, 1086, 337]}, {"label": "person", "bounding_box": [929, 315, 983, 461]}, {"label": "static", "bounding_box": [1014, 395, 1039, 434]}, {"label": "person", "bounding_box": [1058, 295, 1114, 458]}, {"label": "person", "bounding_box": [1141, 284, 1186, 442]}, {"label": "dynamic", "bounding_box": [1926, 318, 1989, 467]}, {"label": "dynamic", "bounding_box": [1891, 333, 1948, 472]}, {"label": "static", "bounding_box": [1669, 383, 1746, 467]}, {"label": "pole", "bounding_box": [1674, 27, 1718, 495]}, {"label": "static", "bounding_box": [1641, 0, 1722, 41]}, {"label": "traffic sign", "bounding_box": [1628, 45, 1735, 149]}, {"label": "traffic sign", "bounding_box": [1666, 153, 1730, 180]}, {"label": "static", "bounding_box": [1677, 178, 1727, 206]}, {"label": "person", "bounding_box": [1699, 223, 1807, 496]}, {"label": "dynamic", "bounding_box": [785, 416, 816, 438]}, {"label": "traffic sign", "bounding_box": [39, 353, 46, 367]}, {"label": "ego vehicle", "bounding_box": [24, 796, 2047, 1023]}, {"label": "rectification border", "bounding_box": [416, 0, 2047, 28]}, {"label": "rectification border", "bounding_box": [2037, 509, 2047, 1023]}, {"label": "rectification border", "bounding_box": [0, 0, 17, 474]}, {"label": "rectification border", "bounding_box": [0, 977, 1937, 1023]}, {"label": "out of roi", "bounding_box": [0, 0, 2048, 1024]}]}