{"imgHeight": 1024, "imgWidth": 2048, "objects": [{"label": "road", "bounding_box": [0, 373, 2047, 1023]}, {"label": "sidewalk", "bounding_box": [1291, 478, 2047, 972]}, {"label": "sidewalk", "bounding_box": [0, 413, 971, 688]}, {"label": "sky", "bounding_box": [643, 0, 1273, 120]}, {"label": "building", "bounding_box": [0, 0, 2047, 627]}, {"label": "vegetation", "bounding_box": [941, 431, 1063, 498]}, {"label": "vegetation", "bounding_box": [779, 0, 2047, 495]}, {"label": "static", "bounding_box": [1106, 428, 1123, 443]}, {"label": "pole", "bounding_box": [1113, 431, 1119, 475]}, {"label": "car", "bounding_box": [1083, 455, 1155, 498]}, {"label": "car", "bounding_box": [1179, 462, 1227, 492]}, {"label": "car", "bounding_box": [1170, 460, 1200, 497]}, {"label": "car", "bounding_box": [1216, 449, 1309, 491]}, {"label": "pole", "bounding_box": [1309, 426, 1312, 481]}, {"label": "static", "bounding_box": [1305, 418, 1317, 430]}, {"label": "car", "bounding_box": [1306, 452, 1402, 488]}, {"label": "car", "bounding_box": [1096, 456, 1196, 510]}, {"label": "car", "bounding_box": [1007, 462, 1100, 511]}, {"label": "car", "bounding_box": [941, 472, 1031, 522]}, {"label": "static", "bounding_box": [873, 470, 886, 523]}, {"label": "car", "bounding_box": [881, 474, 964, 528]}, {"label": "pole", "bounding_box": [851, 491, 856, 526]}, {"label": "pole", "bounding_box": [865, 491, 870, 525]}, {"label": "car", "bounding_box": [743, 471, 852, 545]}, {"label": "car", "bounding_box": [663, 462, 804, 566]}, {"label": "rider", "bounding_box": [524, 453, 574, 565]}, {"label": "bicycle", "bounding_box": [529, 502, 564, 575]}, {"label": "person", "bounding_box": [417, 462, 471, 578]}, {"label": "person", "bounding_box": [1338, 436, 1370, 504]}, {"label": "person", "bounding_box": [1338, 436, 1366, 504]}, {"label": "pole", "bounding_box": [1325, 281, 1343, 509]}, {"label": "static", "bounding_box": [1374, 463, 1388, 497]}, {"label": "fence", "bounding_box": [1389, 414, 2047, 621]}, {"label": "traffic sign", "bounding_box": [1332, 358, 1373, 370]}, {"label": "pole", "bounding_box": [1365, 129, 1400, 520]}, {"label": "traffic sign", "bounding_box": [1380, 297, 1424, 336]}, {"label": "traffic sign", "bounding_box": [1385, 338, 1423, 376]}, {"label": "person", "bounding_box": [1607, 343, 1689, 564]}, {"label": "license plate", "bounding_box": [694, 525, 726, 534]}, {"label": "license plate", "bounding_box": [899, 508, 917, 514]}, {"label": "license plate", "bounding_box": [1111, 490, 1129, 497]}, {"label": "license plate", "bounding_box": [1291, 465, 1301, 468]}, {"label": "ego vehicle", "bounding_box": [24, 796, 2047, 1023]}, {"label": "rectification border", "bounding_box": [416, 0, 2047, 28]}, {"label": "rectification border", "bounding_box": [2037, 509, 2047, 1023]}, {"label": "rectification border", "bounding_box": [0, 0, 17, 474]}, {"label": "rectification border", "bounding_box": [0, 977, 1937, 1023]}, {"label": "out of roi", "bounding_box": [0, 0, 2048, 1024]}]}