{"imgHeight": 1024, "imgWidth": 2048, "objects": [{"label": "sky", "bounding_box": [110, 0, 1297, 366]}, {"label": "vegetation", "bounding_box": [186, 164, 305, 371]}, {"label": "road", "bounding_box": [0, 376, 2047, 1023]}, {"label": "vegetation", "bounding_box": [373, 139, 1236, 428]}, {"label": "building", "bounding_box": [465, 362, 544, 416]}, {"label": "building", "bounding_box": [604, 351, 638, 367]}, {"label": "building", "bounding_box": [383, 400, 415, 430]}, {"label": "static", "bounding_box": [425, 410, 465, 424]}, {"label": "terrain", "bounding_box": [387, 402, 654, 455]}, {"label": "terrain", "bounding_box": [666, 371, 938, 435]}, {"label": "static", "bounding_box": [1184, 428, 1197, 446]}, {"label": "terrain", "bounding_box": [882, 366, 1144, 426]}, {"label": "vegetation", "bounding_box": [888, 331, 984, 417]}, {"label": "traffic sign", "bounding_box": [1056, 352, 1068, 358]}, {"label": "pole", "bounding_box": [1038, 346, 1049, 410]}, {"label": "vegetation", "bounding_box": [1158, 0, 2047, 468]}, {"label": "pole", "bounding_box": [1005, 327, 1010, 379]}, {"label": "traffic sign", "bounding_box": [1002, 354, 1010, 365]}, {"label": "static", "bounding_box": [984, 358, 1138, 441]}, {"label": "pole", "bounding_box": [1112, 215, 1124, 429]}, {"label": "car", "bounding_box": [1121, 343, 1325, 446]}, {"label": "car", "bounding_box": [1172, 386, 1312, 444]}, {"label": "terrain", "bounding_box": [1175, 361, 2047, 551]}, {"label": "ground", "bounding_box": [779, 452, 2047, 751]}, {"label": "car", "bounding_box": [864, 410, 905, 439]}, {"label": "car", "bounding_box": [893, 404, 949, 436]}, {"label": "car", "bounding_box": [766, 409, 821, 441]}, {"label": "terrain", "bounding_box": [785, 430, 1003, 447]}, {"label": "static", "bounding_box": [864, 420, 942, 438]}, {"label": "vegetation", "bounding_box": [924, 381, 930, 436]}, {"label": "car", "bounding_box": [986, 388, 1121, 470]}, {"label": "license plate", "bounding_box": [1070, 423, 1096, 429]}, {"label": "static", "bounding_box": [810, 378, 855, 395]}, {"label": "pole", "bounding_box": [827, 385, 828, 415]}, {"label": "traffic sign", "bounding_box": [820, 375, 831, 393]}, {"label": "pole", "bounding_box": [861, 380, 864, 422]}, {"label": "traffic sign", "bounding_box": [855, 366, 864, 377]}, {"label": "traffic sign", "bounding_box": [855, 377, 865, 386]}, {"label": "traffic sign", "bounding_box": [858, 358, 863, 364]}, {"label": "pole", "bounding_box": [826, 353, 842, 432]}, {"label": "vegetation", "bounding_box": [807, 381, 819, 441]}, {"label": "static", "bounding_box": [860, 429, 885, 440]}, {"label": "static", "bounding_box": [893, 428, 921, 442]}, {"label": "static", "bounding_box": [931, 428, 973, 442]}, {"label": "car", "bounding_box": [505, 423, 536, 443]}, {"label": "license plate", "bounding_box": [523, 436, 529, 438]}, {"label": "ground", "bounding_box": [510, 444, 566, 450]}, {"label": "vegetation", "bounding_box": [526, 399, 553, 446]}, {"label": "pole", "bounding_box": [540, 403, 545, 447]}, {"label": "traffic sign", "bounding_box": [533, 387, 547, 401]}, {"label": "traffic sign", "bounding_box": [536, 400, 547, 406]}, {"label": "pole", "bounding_box": [669, 267, 684, 406]}, {"label": "pole", "bounding_box": [681, 385, 684, 434]}, {"label": "traffic sign", "bounding_box": [676, 376, 690, 389]}, {"label": "ground", "bounding_box": [581, 441, 810, 452]}, {"label": "pole", "bounding_box": [587, 237, 605, 448]}, {"label": "traffic sign", "bounding_box": [605, 390, 613, 399]}, {"label": "traffic sign", "bounding_box": [593, 395, 605, 403]}, {"label": "traffic light", "bounding_box": [594, 374, 602, 397]}, {"label": "static", "bounding_box": [1196, 422, 1245, 443]}, {"label": "static", "bounding_box": [1266, 427, 1268, 443]}, {"label": "car", "bounding_box": [1259, 351, 1616, 605]}, {"label": "license plate", "bounding_box": [1440, 496, 1533, 515]}, {"label": "static", "bounding_box": [633, 382, 663, 400]}, {"label": "car", "bounding_box": [615, 390, 683, 453]}, {"label": "car", "bounding_box": [673, 412, 727, 454]}, {"label": "car", "bounding_box": [696, 406, 776, 455]}, {"label": "license plate", "bounding_box": [744, 436, 760, 441]}, {"label": "car", "bounding_box": [407, 426, 442, 451]}, {"label": "car", "bounding_box": [422, 428, 468, 471]}, {"label": "car", "bounding_box": [440, 426, 503, 473]}, {"label": "license plate", "bounding_box": [467, 446, 483, 450]}, {"label": "sidewalk", "bounding_box": [0, 461, 583, 657]}, {"label": "building", "bounding_box": [0, 0, 402, 570]}, {"label": "pole", "bounding_box": [399, 154, 422, 470]}, {"label": "vegetation", "bounding_box": [401, 449, 423, 488]}, {"label": "pole", "bounding_box": [395, 358, 404, 489]}, {"label": "static", "bounding_box": [364, 227, 380, 231]}, {"label": "pole", "bounding_box": [481, 0, 516, 484]}, {"label": "static", "bounding_box": [288, 258, 343, 319]}, {"label": "pole", "bounding_box": [308, 267, 317, 473]}, {"label": "dynamic", "bounding_box": [37, 368, 209, 559]}, {"label": "fence", "bounding_box": [209, 393, 375, 500]}, {"label": "dynamic", "bounding_box": [178, 440, 353, 590]}, {"label": "ego vehicle", "bounding_box": [24, 796, 2047, 1023]}, {"label": "rectification border", "bounding_box": [416, 0, 2047, 28]}, {"label": "rectification border", "bounding_box": [2037, 509, 2047, 1023]}, {"label": "rectification border", "bounding_box": [0, 0, 17, 474]}, {"label": "rectification border", "bounding_box": [0, 977, 1937, 1023]}, {"label": "out of roi", "bounding_box": [0, 0, 2048, 1024]}]}