{"imgHeight": 1024, "imgWidth": 2048, "objects": [{"label": "sidewalk", "bounding_box": [454, 406, 879, 481]}, {"label": "sky", "bounding_box": [0, 0, 2047, 404]}, {"label": "building", "bounding_box": [0, 0, 2047, 1023]}, {"label": "road", "bounding_box": [0, 401, 2047, 1023]}, {"label": "sidewalk", "bounding_box": [1472, 401, 2047, 673]}, {"label": "sidewalk", "bounding_box": [0, 407, 1304, 1023]}, {"label": "ground", "bounding_box": [1012, 436, 1738, 460]}, {"label": "rail track", "bounding_box": [0, 406, 1033, 855]}, {"label": "sidewalk", "bounding_box": [0, 409, 878, 572]}, {"label": "static", "bounding_box": [722, 358, 836, 426]}, {"label": "vegetation", "bounding_box": [808, 278, 877, 416]}, {"label": "vegetation", "bounding_box": [719, 377, 842, 418]}, {"label": "static", "bounding_box": [793, 370, 801, 379]}, {"label": "static", "bounding_box": [810, 382, 831, 425]}, {"label": "traffic light", "bounding_box": [1060, 363, 1069, 389]}, {"label": "static", "bounding_box": [794, 349, 809, 423]}, {"label": "static", "bounding_box": [1651, 338, 1736, 405]}, {"label": "static", "bounding_box": [1422, 351, 1472, 395]}, {"label": "static", "bounding_box": [1292, 361, 1316, 382]}, {"label": "wall", "bounding_box": [1269, 380, 1328, 441]}, {"label": "persongroup", "bounding_box": [1071, 373, 1090, 411]}, {"label": "static", "bounding_box": [857, 395, 867, 411]}, {"label": "persongroup", "bounding_box": [867, 397, 887, 412]}, {"label": "person", "bounding_box": [856, 378, 871, 413]}, {"label": "person", "bounding_box": [840, 381, 851, 414]}, {"label": "person", "bounding_box": [890, 394, 897, 414]}, {"label": "static", "bounding_box": [948, 373, 982, 410]}, {"label": "person", "bounding_box": [940, 381, 950, 410]}, {"label": "static", "bounding_box": [973, 397, 983, 405]}, {"label": "static", "bounding_box": [1226, 358, 1232, 380]}, {"label": "static", "bounding_box": [990, 390, 998, 406]}, {"label": "static", "bounding_box": [988, 397, 993, 409]}, {"label": "static", "bounding_box": [980, 315, 989, 336]}, {"label": "person", "bounding_box": [1039, 374, 1060, 428]}, {"label": "person", "bounding_box": [1066, 380, 1083, 423]}, {"label": "static", "bounding_box": [1063, 381, 1069, 388]}, {"label": "person", "bounding_box": [1089, 369, 1099, 411]}, {"label": "pole", "bounding_box": [1088, 227, 1099, 424]}, {"label": "static", "bounding_box": [1088, 227, 1099, 424]}, {"label": "static", "bounding_box": [1102, 204, 1112, 405]}, {"label": "static", "bounding_box": [1061, 385, 1070, 429]}, {"label": "pole", "bounding_box": [1102, 204, 1112, 405]}, {"label": "static", "bounding_box": [1105, 382, 1160, 428]}, {"label": "person", "bounding_box": [1094, 376, 1124, 428]}, {"label": "static", "bounding_box": [1202, 314, 1232, 363]}, {"label": "static", "bounding_box": [1238, 261, 1245, 413]}, {"label": "static", "bounding_box": [1257, 257, 1266, 411]}, {"label": "static", "bounding_box": [1276, 245, 1283, 407]}, {"label": "pole", "bounding_box": [1257, 257, 1266, 411]}, {"label": "static", "bounding_box": [1301, 248, 1311, 381]}, {"label": "persongroup", "bounding_box": [1207, 378, 1240, 432]}, {"label": "fence", "bounding_box": [988, 405, 1137, 471]}, {"label": "fence", "bounding_box": [1270, 378, 1309, 419]}, {"label": "person", "bounding_box": [1266, 370, 1277, 412]}, {"label": "pole", "bounding_box": [1526, 309, 1541, 402]}, {"label": "bicycle", "bounding_box": [1258, 390, 1279, 418]}, {"label": "tunnel", "bounding_box": [1415, 400, 1550, 434]}, {"label": "fence", "bounding_box": [1438, 374, 1535, 412]}, {"label": "static", "bounding_box": [1402, 371, 1440, 423]}, {"label": "traffic sign", "bounding_box": [1365, 275, 1407, 346]}, {"label": "pole", "bounding_box": [1403, 289, 1413, 410]}, {"label": "static", "bounding_box": [1421, 329, 1437, 341]}, {"label": "car", "bounding_box": [1308, 374, 1440, 475]}, {"label": "static", "bounding_box": [1497, 322, 1507, 332]}, {"label": "traffic sign", "bounding_box": [1503, 343, 1512, 353]}, {"label": "traffic sign", "bounding_box": [1528, 326, 1539, 337]}, {"label": "traffic light", "bounding_box": [1556, 332, 1586, 371]}, {"label": "traffic sign", "bounding_box": [1539, 324, 1585, 336]}, {"label": "static", "bounding_box": [1562, 368, 1581, 406]}, {"label": "person", "bounding_box": [1575, 361, 1590, 404]}, {"label": "person", "bounding_box": [1575, 359, 1593, 404]}, {"label": "static", "bounding_box": [1594, 353, 1609, 391]}, {"label": "pole", "bounding_box": [1563, 170, 1574, 486]}, {"label": "static", "bounding_box": [1550, 170, 1562, 196]}, {"label": "traffic light", "bounding_box": [1552, 185, 1582, 267]}, {"label": "traffic sign", "bounding_box": [1544, 277, 1587, 317]}, {"label": "person", "bounding_box": [1577, 350, 1626, 461]}, {"label": "pole", "bounding_box": [1598, 0, 1614, 461]}, {"label": "person", "bounding_box": [1608, 346, 1659, 467]}, {"label": "static", "bounding_box": [1663, 295, 1734, 353]}, {"label": "person", "bounding_box": [1723, 368, 1738, 400]}, {"label": "dynamic", "bounding_box": [1722, 381, 1736, 409]}, {"label": "static", "bounding_box": [783, 280, 844, 424]}, {"label": "pole", "bounding_box": [1660, 378, 1667, 410]}, {"label": "pole", "bounding_box": [1671, 380, 1675, 412]}, {"label": "pole", "bounding_box": [1681, 381, 1686, 414]}, {"label": "pole", "bounding_box": [1691, 382, 1697, 414]}, {"label": "pole", "bounding_box": [1699, 383, 1704, 417]}, {"label": "pole", "bounding_box": [1704, 382, 1714, 423]}, {"label": "pole", "bounding_box": [1715, 386, 1719, 425]}, {"label": "static", "bounding_box": [1165, 354, 1193, 430]}, {"label": "person", "bounding_box": [1178, 374, 1199, 447]}, {"label": "static", "bounding_box": [1161, 32, 1175, 46]}, {"label": "static", "bounding_box": [1033, 346, 1061, 356]}, {"label": "static", "bounding_box": [1074, 341, 1086, 354]}, {"label": "static", "bounding_box": [988, 268, 1027, 307]}, {"label": "pole", "bounding_box": [1002, 229, 1014, 465]}, {"label": "traffic light", "bounding_box": [996, 280, 1014, 328]}, {"label": "dynamic", "bounding_box": [854, 412, 915, 460]}, {"label": "static", "bounding_box": [998, 244, 1014, 263]}, {"label": "person", "bounding_box": [960, 386, 980, 455]}, {"label": "person", "bounding_box": [911, 381, 936, 458]}, {"label": "person", "bounding_box": [889, 390, 923, 460]}, {"label": "traffic light", "bounding_box": [801, 370, 809, 388]}, {"label": "pole", "bounding_box": [801, 338, 825, 361]}, {"label": "static", "bounding_box": [805, 352, 837, 362]}, {"label": "static", "bounding_box": [793, 349, 810, 366]}, {"label": "static", "bounding_box": [771, 233, 785, 431]}, {"label": "pole", "bounding_box": [771, 233, 785, 431]}, {"label": "static", "bounding_box": [672, 416, 698, 434]}, {"label": "pole", "bounding_box": [1238, 261, 1245, 413]}, {"label": "pole", "bounding_box": [1276, 245, 1283, 407]}, {"label": "pole", "bounding_box": [1301, 248, 1311, 381]}, {"label": "static", "bounding_box": [722, 390, 769, 436]}, {"label": "static", "bounding_box": [743, 373, 754, 436]}, {"label": "pole", "bounding_box": [758, 234, 771, 432]}, {"label": "static", "bounding_box": [633, 316, 737, 431]}, {"label": "pole", "bounding_box": [619, 271, 629, 429]}, {"label": "static", "bounding_box": [692, 366, 719, 437]}, {"label": "static", "bounding_box": [592, 170, 1397, 280]}, {"label": "pole", "bounding_box": [698, 145, 730, 453]}, {"label": "wall", "bounding_box": [612, 415, 673, 434]}, {"label": "person", "bounding_box": [659, 395, 685, 436]}, {"label": "pole", "bounding_box": [820, 357, 827, 440]}, {"label": "pole", "bounding_box": [599, 283, 609, 424]}, {"label": "pole", "bounding_box": [803, 379, 809, 438]}, {"label": "pole", "bounding_box": [581, 285, 592, 410]}, {"label": "bicycle", "bounding_box": [1278, 392, 1293, 429]}, {"label": "person", "bounding_box": [783, 382, 799, 431]}, {"label": "static", "bounding_box": [550, 397, 599, 432]}, {"label": "person", "bounding_box": [543, 390, 563, 431]}, {"label": "static", "bounding_box": [529, 427, 557, 442]}, {"label": "static", "bounding_box": [538, 292, 576, 333]}, {"label": "static", "bounding_box": [545, 330, 566, 368]}, {"label": "pole", "bounding_box": [551, 289, 562, 481]}, {"label": "pole", "bounding_box": [515, 288, 524, 416]}, {"label": "pole", "bounding_box": [1149, 0, 1173, 448]}, {"label": "traffic light", "bounding_box": [492, 289, 521, 382]}, {"label": "person", "bounding_box": [490, 377, 519, 476]}, {"label": "static", "bounding_box": [526, 431, 549, 475]}, {"label": "persongroup", "bounding_box": [501, 390, 541, 486]}, {"label": "static", "bounding_box": [456, 399, 483, 452]}, {"label": "pole", "bounding_box": [145, 65, 208, 810]}, {"label": "static", "bounding_box": [115, 259, 195, 344]}, {"label": "traffic light", "bounding_box": [0, 16, 193, 190]}, {"label": "person", "bounding_box": [245, 383, 283, 510]}, {"label": "person", "bounding_box": [270, 380, 325, 509]}, {"label": "static", "bounding_box": [1693, 92, 1784, 180]}, {"label": "license plate", "bounding_box": [1341, 415, 1377, 426]}, {"label": "static", "bounding_box": [1015, 56, 1027, 73]}, {"label": "static", "bounding_box": [863, 161, 874, 172]}, {"label": "traffic sign", "bounding_box": [1589, 243, 1618, 289]}, {"label": "person", "bounding_box": [1225, 378, 1240, 431]}, {"label": "ego vehicle", "bounding_box": [24, 796, 2047, 1023]}, {"label": "rectification border", "bounding_box": [416, 0, 2047, 28]}, {"label": "rectification border", "bounding_box": [2037, 509, 2047, 1023]}, {"label": "rectification border", "bounding_box": [0, 0, 17, 474]}, {"label": "rectification border", "bounding_box": [0, 977, 1937, 1023]}, {"label": "out of roi", "bounding_box": [0, 0, 2048, 1024]}]}