{"imgHeight": 1024, "imgWidth": 2048, "objects": [{"label": "road", "bounding_box": [0, 275, 2047, 1023]}, {"label": "sidewalk", "bounding_box": [0, 350, 1458, 1023]}, {"label": "sky", "bounding_box": [1329, 0, 1720, 159]}, {"label": "sidewalk", "bounding_box": [1623, 326, 2047, 932]}, {"label": "parking", "bounding_box": [1451, 447, 1974, 707]}, {"label": "building", "bounding_box": [0, 0, 2047, 821]}, {"label": "static", "bounding_box": [1112, 399, 1135, 440]}, {"label": "traffic sign", "bounding_box": [1586, 264, 1605, 298]}, {"label": "static", "bounding_box": [1507, 257, 1524, 281]}, {"label": "static", "bounding_box": [1270, 176, 1306, 227]}, {"label": "static", "bounding_box": [991, 137, 1070, 174]}, {"label": "static", "bounding_box": [692, 0, 793, 81]}, {"label": "person", "bounding_box": [1129, 325, 1177, 450]}, {"label": "person", "bounding_box": [1040, 314, 1123, 465]}, {"label": "traffic sign", "bounding_box": [931, 151, 956, 178]}, {"label": "car", "bounding_box": [1431, 336, 1491, 455]}, {"label": "car", "bounding_box": [1438, 316, 1572, 472]}, {"label": "car", "bounding_box": [1476, 317, 1637, 524]}, {"label": "car", "bounding_box": [1541, 304, 1915, 590]}, {"label": "bicyclegroup", "bounding_box": [1878, 388, 2047, 783]}, {"label": "license plate", "bounding_box": [1700, 504, 1817, 536]}, {"label": "static", "bounding_box": [868, 87, 966, 158]}, {"label": "person", "bounding_box": [1040, 370, 1080, 463]}, {"label": "static", "bounding_box": [1879, 0, 1991, 46]}, {"label": "traffic sign", "bounding_box": [931, 178, 958, 203]}, {"label": "static", "bounding_box": [1568, 29, 1650, 103]}, {"label": "ego vehicle", "bounding_box": [24, 796, 2047, 1023]}, {"label": "rectification border", "bounding_box": [416, 0, 2047, 28]}, {"label": "rectification border", "bounding_box": [2037, 509, 2047, 1023]}, {"label": "rectification border", "bounding_box": [0, 0, 17, 474]}, {"label": "rectification border", "bounding_box": [0, 977, 1937, 1023]}, {"label": "out of roi", "bounding_box": [0, 0, 2048, 1024]}]}