{"imgHeight": 1024, "imgWidth": 2048, "objects": [{"label": "sky", "bounding_box": [402, 0, 1054, 160]}, {"label": "road", "bounding_box": [0, 311, 2047, 1023]}, {"label": "sidewalk", "bounding_box": [969, 358, 1283, 462]}, {"label": "sidewalk", "bounding_box": [1105, 463, 1133, 480]}, {"label": "sidewalk", "bounding_box": [470, 410, 673, 498]}, {"label": "building", "bounding_box": [0, 0, 2047, 466]}, {"label": "vegetation", "bounding_box": [803, 257, 898, 412]}, {"label": "vegetation", "bounding_box": [1066, 11, 1155, 309]}, {"label": "cargroup", "bounding_box": [805, 395, 849, 437]}, {"label": "car", "bounding_box": [809, 403, 845, 438]}, {"label": "car", "bounding_box": [817, 404, 845, 438]}, {"label": "car", "bounding_box": [826, 400, 864, 440]}, {"label": "car", "bounding_box": [698, 410, 739, 435]}, {"label": "cargroup", "bounding_box": [687, 412, 721, 436]}, {"label": "cargroup", "bounding_box": [666, 415, 709, 436]}, {"label": "car", "bounding_box": [723, 394, 760, 449]}, {"label": "car", "bounding_box": [618, 400, 654, 424]}, {"label": "car", "bounding_box": [605, 403, 692, 470]}, {"label": "person", "bounding_box": [572, 406, 589, 438]}, {"label": "pole", "bounding_box": [575, 403, 579, 456]}, {"label": "traffic sign", "bounding_box": [565, 374, 582, 410]}, {"label": "traffic sign", "bounding_box": [571, 335, 587, 368]}, {"label": "traffic sign", "bounding_box": [551, 331, 582, 366]}, {"label": "person", "bounding_box": [540, 399, 558, 446]}, {"label": "person", "bounding_box": [545, 427, 579, 461]}, {"label": "static", "bounding_box": [545, 541, 661, 559]}, {"label": "pole", "bounding_box": [565, 365, 572, 463]}, {"label": "person", "bounding_box": [515, 394, 537, 444]}, {"label": "static", "bounding_box": [492, 385, 516, 473]}, {"label": "traffic sign", "bounding_box": [501, 396, 512, 410]}, {"label": "traffic sign", "bounding_box": [589, 394, 603, 416]}, {"label": "bicycle", "bounding_box": [509, 423, 540, 477]}, {"label": "static", "bounding_box": [583, 365, 601, 387]}, {"label": "pole", "bounding_box": [591, 360, 593, 436]}, {"label": "static", "bounding_box": [597, 390, 608, 414]}, {"label": "pole", "bounding_box": [603, 414, 608, 431]}, {"label": "traffic sign", "bounding_box": [603, 383, 613, 410]}, {"label": "static", "bounding_box": [610, 315, 652, 373]}, {"label": "pole", "bounding_box": [624, 320, 631, 436]}, {"label": "bicycle", "bounding_box": [580, 412, 666, 470]}, {"label": "pole", "bounding_box": [605, 298, 631, 561]}, {"label": "traffic sign", "bounding_box": [620, 301, 638, 320]}, {"label": "static", "bounding_box": [599, 301, 614, 411]}, {"label": "static", "bounding_box": [595, 554, 659, 582]}, {"label": "person", "bounding_box": [172, 364, 200, 395]}, {"label": "person", "bounding_box": [122, 368, 163, 416]}, {"label": "car", "bounding_box": [117, 323, 549, 671]}, {"label": "license plate", "bounding_box": [219, 509, 276, 534]}, {"label": "car", "bounding_box": [0, 340, 288, 782]}, {"label": "car", "bounding_box": [742, 383, 819, 462]}, {"label": "license plate", "bounding_box": [761, 419, 796, 427]}, {"label": "car", "bounding_box": [851, 396, 890, 442]}, {"label": "car", "bounding_box": [860, 402, 901, 442]}, {"label": "car", "bounding_box": [884, 399, 936, 444]}, {"label": "car", "bounding_box": [902, 400, 933, 446]}, {"label": "traffic sign", "bounding_box": [890, 393, 901, 402]}, {"label": "traffic sign", "bounding_box": [907, 387, 918, 400]}, {"label": "traffic sign", "bounding_box": [932, 356, 950, 381]}, {"label": "car", "bounding_box": [916, 378, 1037, 479]}, {"label": "license plate", "bounding_box": [962, 419, 1000, 428]}, {"label": "pole", "bounding_box": [1140, 331, 1146, 406]}, {"label": "static", "bounding_box": [1134, 260, 1175, 307]}, {"label": "pole", "bounding_box": [1147, 244, 1158, 393]}, {"label": "pole", "bounding_box": [1180, 310, 1189, 381]}, {"label": "traffic sign", "bounding_box": [1164, 301, 1200, 316]}, {"label": "traffic sign", "bounding_box": [1129, 311, 1151, 339]}, {"label": "car", "bounding_box": [1119, 373, 1238, 491]}, {"label": "car", "bounding_box": [1178, 340, 1339, 513]}, {"label": "car", "bounding_box": [1259, 326, 1485, 550]}, {"label": "license plate", "bounding_box": [1411, 432, 1465, 450]}, {"label": "caravan", "bounding_box": [1424, 0, 2047, 738]}, {"label": "license plate", "bounding_box": [1871, 486, 2047, 529]}, {"label": "car", "bounding_box": [1961, 542, 2047, 911]}, {"label": "rider", "bounding_box": [842, 390, 864, 427]}, {"label": "bicycle", "bounding_box": [844, 423, 859, 445]}, {"label": "pole", "bounding_box": [730, 438, 748, 502]}, {"label": "ego vehicle", "bounding_box": [24, 796, 2047, 1023]}, {"label": "rectification border", "bounding_box": [416, 0, 2047, 28]}, {"label": "rectification border", "bounding_box": [2037, 509, 2047, 1023]}, {"label": "rectification border", "bounding_box": [0, 0, 17, 474]}, {"label": "rectification border", "bounding_box": [0, 977, 1937, 1023]}, {"label": "out of roi", "bounding_box": [0, 0, 2048, 1024]}]}