{"imgHeight": 1024, "imgWidth": 2048, "objects": [{"label": "sky", "bounding_box": [443, 0, 1143, 352]}, {"label": "building", "bounding_box": [0, 0, 2047, 1023]}, {"label": "road", "bounding_box": [0, 403, 2047, 1023]}, {"label": "sidewalk", "bounding_box": [1076, 411, 2047, 1023]}, {"label": "sidewalk", "bounding_box": [0, 430, 843, 785]}, {"label": "vegetation", "bounding_box": [841, 334, 905, 392]}, {"label": "pole", "bounding_box": [1356, 321, 1361, 361]}, {"label": "person", "bounding_box": [1349, 350, 1372, 415]}, {"label": "vegetation", "bounding_box": [519, 222, 812, 402]}, {"label": "sidewalk", "bounding_box": [503, 406, 742, 454]}, {"label": "building", "bounding_box": [543, 355, 674, 428]}, {"label": "person", "bounding_box": [553, 364, 582, 434]}, {"label": "person", "bounding_box": [528, 361, 544, 394]}, {"label": "static", "bounding_box": [502, 427, 643, 461]}, {"label": "pole", "bounding_box": [737, 249, 749, 438]}, {"label": "person", "bounding_box": [642, 361, 676, 417]}, {"label": "static", "bounding_box": [662, 292, 742, 456]}, {"label": "static", "bounding_box": [636, 409, 667, 460]}, {"label": "person", "bounding_box": [594, 368, 624, 434]}, {"label": "traffic sign", "bounding_box": [886, 359, 899, 383]}, {"label": "person", "bounding_box": [520, 370, 554, 432]}, {"label": "person", "bounding_box": [775, 361, 796, 432]}, {"label": "person", "bounding_box": [539, 365, 568, 430]}, {"label": "person", "bounding_box": [476, 356, 520, 410]}, {"label": "vegetation", "bounding_box": [1086, 373, 1131, 432]}, {"label": "person", "bounding_box": [805, 367, 838, 456]}, {"label": "person", "bounding_box": [441, 342, 524, 563]}, {"label": "person", "bounding_box": [242, 332, 343, 543]}, {"label": "persongroup", "bounding_box": [902, 391, 939, 432]}, {"label": "bicycle", "bounding_box": [922, 414, 938, 437]}, {"label": "car", "bounding_box": [852, 379, 911, 437]}, {"label": "person", "bounding_box": [706, 351, 744, 471]}, {"label": "person", "bounding_box": [756, 351, 791, 459]}, {"label": "person", "bounding_box": [743, 363, 780, 459]}, {"label": "person", "bounding_box": [1564, 359, 1590, 395]}, {"label": "person", "bounding_box": [695, 364, 747, 472]}, {"label": "bicycle", "bounding_box": [791, 422, 818, 490]}, {"label": "rider", "bounding_box": [769, 352, 821, 476]}, {"label": "car", "bounding_box": [927, 354, 1095, 490]}, {"label": "pole", "bounding_box": [1418, 273, 1422, 370]}, {"label": "person", "bounding_box": [1113, 385, 1132, 430]}, {"label": "bicycle", "bounding_box": [1295, 419, 1332, 462]}, {"label": "person", "bounding_box": [1121, 397, 1136, 438]}, {"label": "static", "bounding_box": [1515, 332, 1575, 426]}, {"label": "person", "bounding_box": [1135, 388, 1166, 434]}, {"label": "person", "bounding_box": [1129, 388, 1144, 439]}, {"label": "person", "bounding_box": [1180, 359, 1221, 472]}, {"label": "person", "bounding_box": [1159, 356, 1212, 489]}, {"label": "person", "bounding_box": [1214, 357, 1269, 487]}, {"label": "person", "bounding_box": [1288, 349, 1318, 473]}, {"label": "static", "bounding_box": [1453, 425, 1522, 532]}, {"label": "person", "bounding_box": [1264, 348, 1315, 488]}, {"label": "person", "bounding_box": [1318, 353, 1365, 480]}, {"label": "person", "bounding_box": [1354, 353, 1391, 415]}, {"label": "person", "bounding_box": [1375, 343, 1438, 420]}, {"label": "person", "bounding_box": [1600, 330, 1620, 392]}, {"label": "pole", "bounding_box": [1127, 346, 1137, 437]}, {"label": "person", "bounding_box": [1391, 368, 1440, 438]}, {"label": "person", "bounding_box": [1427, 351, 1464, 401]}, {"label": "person", "bounding_box": [1438, 358, 1471, 412]}, {"label": "traffic sign", "bounding_box": [1121, 346, 1137, 361]}, {"label": "person", "bounding_box": [1443, 348, 1486, 415]}, {"label": "persongroup", "bounding_box": [1467, 346, 1522, 425]}, {"label": "static", "bounding_box": [1363, 394, 1405, 431]}, {"label": "static", "bounding_box": [1380, 428, 1443, 533]}, {"label": "traffic sign", "bounding_box": [1345, 324, 1366, 334]}, {"label": "bicycle", "bounding_box": [1416, 388, 1528, 585]}, {"label": "motorcycle", "bounding_box": [1500, 362, 1645, 624]}, {"label": "bicycle", "bounding_box": [1132, 402, 1162, 459]}, {"label": "pole", "bounding_box": [1142, 302, 1150, 459]}, {"label": "person", "bounding_box": [833, 365, 865, 458]}, {"label": "traffic sign", "bounding_box": [1132, 285, 1160, 316]}, {"label": "traffic sign", "bounding_box": [1132, 322, 1159, 368]}, {"label": "pole", "bounding_box": [1364, 229, 1372, 492]}, {"label": "traffic sign", "bounding_box": [1330, 170, 1405, 242]}, {"label": "traffic sign", "bounding_box": [1337, 241, 1395, 265]}, {"label": "traffic sign", "bounding_box": [1327, 257, 1385, 300]}, {"label": "traffic sign", "bounding_box": [1336, 312, 1380, 324]}, {"label": "static", "bounding_box": [1141, 40, 1209, 66]}, {"label": "static", "bounding_box": [741, 271, 756, 284]}, {"label": "bicyclegroup", "bounding_box": [1346, 424, 1385, 527]}, {"label": "traffic sign", "bounding_box": [1407, 258, 1426, 285]}, {"label": "traffic sign", "bounding_box": [1410, 287, 1426, 298]}, {"label": "static", "bounding_box": [1209, 5, 1217, 285]}, {"label": "static", "bounding_box": [1040, 197, 1085, 215]}, {"label": "static", "bounding_box": [1104, 148, 1159, 160]}, {"label": "ego vehicle", "bounding_box": [24, 796, 2047, 1023]}, {"label": "rectification border", "bounding_box": [416, 0, 2047, 28]}, {"label": "rectification border", "bounding_box": [2037, 509, 2047, 1023]}, {"label": "rectification border", "bounding_box": [0, 0, 17, 474]}, {"label": "rectification border", "bounding_box": [0, 977, 1937, 1023]}, {"label": "out of roi", "bounding_box": [0, 0, 2048, 1024]}]}