{"imgHeight": 1024, "imgWidth": 2048, "objects": [{"label": "sky", "bounding_box": [1157, 0, 1490, 97]}, {"label": "building", "bounding_box": [484, 0, 1380, 470]}, {"label": "building", "bounding_box": [0, 0, 504, 510]}, {"label": "vegetation", "bounding_box": [196, 322, 287, 414]}, {"label": "building", "bounding_box": [1349, 0, 1851, 495]}, {"label": "road", "bounding_box": [0, 418, 2047, 1023]}, {"label": "ground", "bounding_box": [1092, 434, 1337, 473]}, {"label": "static", "bounding_box": [1470, 346, 1668, 454]}, {"label": "vegetation", "bounding_box": [1331, 35, 1817, 407]}, {"label": "sidewalk", "bounding_box": [0, 609, 53, 669]}, {"label": "building", "bounding_box": [1651, 0, 2047, 545]}, {"label": "sidewalk", "bounding_box": [1313, 437, 2047, 618]}, {"label": "car", "bounding_box": [1539, 399, 1669, 465]}, {"label": "rail track", "bounding_box": [581, 439, 2047, 814]}, {"label": "sidewalk", "bounding_box": [0, 443, 678, 515]}, {"label": "vegetation", "bounding_box": [309, 313, 413, 410]}, {"label": "static", "bounding_box": [332, 400, 383, 472]}, {"label": "bicycle", "bounding_box": [353, 400, 412, 489]}, {"label": "pole", "bounding_box": [377, 100, 399, 487]}, {"label": "traffic sign", "bounding_box": [340, 107, 479, 157]}, {"label": "vegetation", "bounding_box": [0, 302, 45, 411]}, {"label": "static", "bounding_box": [0, 402, 26, 484]}, {"label": "traffic sign", "bounding_box": [340, 153, 480, 192]}, {"label": "traffic sign", "bounding_box": [340, 190, 478, 227]}, {"label": "traffic sign", "bounding_box": [341, 229, 477, 278]}, {"label": "person", "bounding_box": [148, 369, 190, 410]}, {"label": "static", "bounding_box": [608, 355, 643, 434]}, {"label": "dynamic", "bounding_box": [257, 409, 315, 480]}, {"label": "person", "bounding_box": [172, 371, 223, 428]}, {"label": "traffic sign", "bounding_box": [496, 306, 539, 314]}, {"label": "person", "bounding_box": [137, 376, 196, 432]}, {"label": "person", "bounding_box": [80, 375, 125, 430]}, {"label": "person", "bounding_box": [48, 374, 96, 430]}, {"label": "person", "bounding_box": [51, 376, 107, 455]}, {"label": "static", "bounding_box": [571, 358, 590, 400]}, {"label": "dynamic", "bounding_box": [37, 418, 217, 486]}, {"label": "pole", "bounding_box": [537, 305, 543, 401]}, {"label": "static", "bounding_box": [211, 403, 266, 478]}, {"label": "pole", "bounding_box": [237, 148, 264, 491]}, {"label": "traffic light", "bounding_box": [256, 270, 280, 296]}, {"label": "sidewalk", "bounding_box": [773, 453, 2047, 940]}, {"label": "traffic sign", "bounding_box": [127, 193, 312, 230]}, {"label": "traffic sign", "bounding_box": [126, 155, 313, 191]}, {"label": "motorcycle", "bounding_box": [721, 405, 739, 435]}, {"label": "bicyclegroup", "bounding_box": [473, 393, 629, 478]}, {"label": "static", "bounding_box": [557, 253, 608, 297]}, {"label": "pole", "bounding_box": [569, 0, 590, 485]}, {"label": "traffic sign", "bounding_box": [557, 251, 596, 292]}, {"label": "pole", "bounding_box": [633, 414, 643, 455]}, {"label": "pole", "bounding_box": [682, 418, 694, 460]}, {"label": "pole", "bounding_box": [731, 96, 746, 439]}, {"label": "pole", "bounding_box": [726, 420, 737, 466]}, {"label": "person", "bounding_box": [1852, 400, 1875, 505]}, {"label": "traffic light", "bounding_box": [1833, 316, 1852, 340]}, {"label": "pole", "bounding_box": [1851, 0, 1939, 764]}, {"label": "person", "bounding_box": [1825, 397, 1868, 507]}, {"label": "traffic light", "bounding_box": [1860, 273, 1907, 413]}, {"label": "pole", "bounding_box": [602, 406, 617, 476]}, {"label": "static", "bounding_box": [1315, 147, 1340, 171]}, {"label": "motorcycle", "bounding_box": [753, 394, 775, 438]}, {"label": "pole", "bounding_box": [753, 426, 767, 474]}, {"label": "pole", "bounding_box": [1832, 291, 1861, 513]}, {"label": "pole", "bounding_box": [1045, 54, 1062, 423]}, {"label": "pole", "bounding_box": [1617, 451, 1638, 524]}, {"label": "car", "bounding_box": [1204, 407, 1265, 450]}, {"label": "pole", "bounding_box": [1308, 0, 1337, 462]}, {"label": "pole", "bounding_box": [1084, 336, 1090, 437]}, {"label": "traffic sign", "bounding_box": [1078, 326, 1097, 343]}, {"label": "traffic sign", "bounding_box": [1036, 341, 1049, 365]}, {"label": "pole", "bounding_box": [674, 405, 680, 438]}, {"label": "car", "bounding_box": [924, 393, 997, 446]}, {"label": "car", "bounding_box": [1011, 388, 1087, 444]}, {"label": "pole", "bounding_box": [1439, 359, 1444, 439]}, {"label": "traffic sign", "bounding_box": [1431, 355, 1453, 389]}, {"label": "bicycle", "bounding_box": [1440, 413, 1462, 454]}, {"label": "bicycle", "bounding_box": [773, 410, 799, 442]}, {"label": "bicycle", "bounding_box": [799, 405, 821, 439]}, {"label": "pole", "bounding_box": [816, 349, 821, 443]}, {"label": "bicycle", "bounding_box": [829, 407, 854, 439]}, {"label": "static", "bounding_box": [1206, 215, 1228, 237]}, {"label": "bicyclegroup", "bounding_box": [848, 407, 899, 444]}, {"label": "pole", "bounding_box": [875, 410, 882, 446]}, {"label": "bicycle", "bounding_box": [879, 415, 956, 491]}, {"label": "traffic sign", "bounding_box": [808, 341, 826, 366]}, {"label": "vegetation", "bounding_box": [1080, 338, 1424, 462]}, {"label": "rider", "bounding_box": [893, 356, 952, 463]}, {"label": "bicycle", "bounding_box": [1015, 407, 1116, 501]}, {"label": "rider", "bounding_box": [1028, 366, 1092, 478]}, {"label": "pole", "bounding_box": [1209, 185, 1227, 490]}, {"label": "traffic sign", "bounding_box": [1199, 255, 1236, 294]}, {"label": "static", "bounding_box": [0, 188, 312, 321]}, {"label": "ego vehicle", "bounding_box": [24, 796, 2047, 1023]}, {"label": "rectification border", "bounding_box": [416, 0, 2047, 28]}, {"label": "rectification border", "bounding_box": [2037, 509, 2047, 1023]}, {"label": "rectification border", "bounding_box": [0, 0, 17, 474]}, {"label": "rectification border", "bounding_box": [0, 977, 1937, 1023]}, {"label": "out of roi", "bounding_box": [0, 0, 2048, 1024]}]}