{"imgHeight": 1024, "imgWidth": 2048, "objects": [{"label": "sky", "bounding_box": [306, 0, 1596, 336]}, {"label": "building", "bounding_box": [946, 231, 1104, 322]}, {"label": "dynamic", "bounding_box": [1373, 254, 1403, 278]}, {"label": "building", "bounding_box": [0, 0, 2047, 561]}, {"label": "cargroup", "bounding_box": [327, 339, 534, 390]}, {"label": "caravan", "bounding_box": [327, 339, 430, 390]}, {"label": "road", "bounding_box": [0, 393, 2047, 1023]}, {"label": "vegetation", "bounding_box": [907, 0, 1532, 404]}, {"label": "static", "bounding_box": [1340, 374, 1451, 402]}, {"label": "fence", "bounding_box": [1413, 388, 1526, 406]}, {"label": "fence", "bounding_box": [0, 362, 85, 400]}, {"label": "wall", "bounding_box": [0, 378, 1426, 593]}, {"label": "fence", "bounding_box": [0, 398, 1209, 622]}, {"label": "sidewalk", "bounding_box": [0, 427, 1221, 1023]}, {"label": "terrain", "bounding_box": [0, 671, 551, 815]}, {"label": "fence", "bounding_box": [169, 365, 1038, 400]}, {"label": "vegetation", "bounding_box": [0, 0, 827, 429]}, {"label": "vegetation", "bounding_box": [237, 0, 293, 753]}, {"label": "terrain", "bounding_box": [456, 543, 815, 618]}, {"label": "terrain", "bounding_box": [727, 501, 938, 543]}, {"label": "terrain", "bounding_box": [874, 479, 1001, 504]}, {"label": "terrain", "bounding_box": [958, 438, 1058, 484]}, {"label": "sidewalk", "bounding_box": [1292, 404, 1410, 432]}, {"label": "fence", "bounding_box": [1289, 387, 1377, 419]}, {"label": "sidewalk", "bounding_box": [1444, 402, 1527, 410]}, {"label": "car", "bounding_box": [1183, 354, 1304, 476]}, {"label": "sidewalk", "bounding_box": [1471, 419, 2047, 642]}, {"label": "dynamic", "bounding_box": [1535, 398, 1572, 443]}, {"label": "person", "bounding_box": [1856, 364, 1888, 510]}, {"label": "person", "bounding_box": [1806, 369, 1881, 543]}, {"label": "dynamic", "bounding_box": [1795, 460, 1843, 545]}, {"label": "person", "bounding_box": [1734, 376, 1793, 516]}, {"label": "pole", "bounding_box": [1528, 330, 1537, 417]}, {"label": "dynamic", "bounding_box": [1508, 411, 1535, 436]}, {"label": "pole", "bounding_box": [1986, 195, 2007, 571]}, {"label": "static", "bounding_box": [1966, 203, 2047, 287]}, {"label": "static", "bounding_box": [1965, 307, 2027, 468]}, {"label": "static", "bounding_box": [1802, 185, 1857, 249]}, {"label": "static", "bounding_box": [1514, 342, 1529, 356]}, {"label": "person", "bounding_box": [600, 336, 662, 502]}, {"label": "vegetation", "bounding_box": [450, 0, 1156, 582]}, {"label": "bicycle", "bounding_box": [1134, 390, 1169, 436]}, {"label": "pole", "bounding_box": [1400, 348, 1404, 410]}, {"label": "traffic sign", "bounding_box": [1398, 341, 1409, 353]}, {"label": "license plate", "bounding_box": [1224, 430, 1258, 440]}, {"label": "traffic sign", "bounding_box": [1426, 356, 1438, 368]}, {"label": "traffic light", "bounding_box": [1400, 356, 1405, 370]}, {"label": "pole", "bounding_box": [1412, 351, 1416, 406]}, {"label": "static", "bounding_box": [1416, 356, 1419, 367]}, {"label": "person", "bounding_box": [1315, 377, 1328, 418]}, {"label": "person", "bounding_box": [1330, 380, 1342, 418]}, {"label": "static", "bounding_box": [1584, 283, 1620, 324]}, {"label": "static", "bounding_box": [1479, 138, 1543, 161]}, {"label": "ego vehicle", "bounding_box": [24, 796, 2047, 1023]}, {"label": "rectification border", "bounding_box": [416, 0, 2047, 28]}, {"label": "rectification border", "bounding_box": [2037, 509, 2047, 1023]}, {"label": "rectification border", "bounding_box": [0, 0, 17, 474]}, {"label": "rectification border", "bounding_box": [0, 977, 1937, 1023]}, {"label": "out of roi", "bounding_box": [0, 0, 2048, 1024]}]}