{"imgHeight": 1024, "imgWidth": 2048, "objects": [{"label": "road", "bounding_box": [0, 315, 2047, 1023]}, {"label": "sidewalk", "bounding_box": [901, 375, 2047, 636]}, {"label": "sky", "bounding_box": [51, 0, 2047, 330]}, {"label": "building", "bounding_box": [0, 0, 634, 431]}, {"label": "terrain", "bounding_box": [1768, 375, 2047, 476]}, {"label": "building", "bounding_box": [1749, 212, 2047, 387]}, {"label": "fence", "bounding_box": [1764, 353, 2047, 395]}, {"label": "vegetation", "bounding_box": [291, 0, 2047, 420]}, {"label": "vegetation", "bounding_box": [291, 0, 2047, 420]}, {"label": "cargroup", "bounding_box": [909, 363, 947, 387]}, {"label": "car", "bounding_box": [905, 363, 921, 381]}, {"label": "sidewalk", "bounding_box": [832, 354, 907, 371]}, {"label": "cargroup", "bounding_box": [904, 362, 970, 393]}, {"label": "static", "bounding_box": [789, 342, 800, 354]}, {"label": "car", "bounding_box": [796, 345, 807, 355]}, {"label": "cargroup", "bounding_box": [806, 348, 825, 356]}, {"label": "car", "bounding_box": [820, 344, 834, 357]}, {"label": "pole", "bounding_box": [830, 327, 832, 358]}, {"label": "car", "bounding_box": [845, 354, 858, 365]}, {"label": "car", "bounding_box": [868, 355, 881, 365]}, {"label": "pole", "bounding_box": [889, 344, 891, 361]}, {"label": "traffic sign", "bounding_box": [888, 340, 892, 348]}, {"label": "pole", "bounding_box": [988, 349, 989, 388]}, {"label": "pole", "bounding_box": [924, 355, 926, 371]}, {"label": "traffic sign", "bounding_box": [921, 345, 928, 357]}, {"label": "cargroup", "bounding_box": [961, 371, 1002, 401]}, {"label": "traffic sign", "bounding_box": [978, 351, 1009, 357]}, {"label": "sidewalk", "bounding_box": [169, 358, 782, 478]}, {"label": "car", "bounding_box": [990, 379, 1023, 406]}, {"label": "car", "bounding_box": [1009, 379, 1043, 413]}, {"label": "car", "bounding_box": [1027, 381, 1073, 417]}, {"label": "pole", "bounding_box": [1877, 263, 1900, 414]}, {"label": "static", "bounding_box": [754, 354, 765, 368]}, {"label": "pole", "bounding_box": [897, 336, 900, 364]}, {"label": "terrain", "bounding_box": [1674, 389, 1753, 449]}, {"label": "terrain", "bounding_box": [1249, 338, 1508, 418]}, {"label": "car", "bounding_box": [1040, 387, 1080, 420]}, {"label": "car", "bounding_box": [1046, 391, 1098, 427]}, {"label": "car", "bounding_box": [1071, 391, 1135, 441]}, {"label": "sidewalk", "bounding_box": [68, 478, 597, 576]}, {"label": "wall", "bounding_box": [389, 353, 758, 458]}, {"label": "car", "bounding_box": [1116, 383, 1192, 444]}, {"label": "car", "bounding_box": [1153, 394, 1223, 447]}, {"label": "traffic light", "bounding_box": [895, 339, 900, 349]}, {"label": "terrain", "bounding_box": [1613, 393, 2047, 528]}, {"label": "car", "bounding_box": [1194, 394, 1258, 452]}, {"label": "car", "bounding_box": [1221, 390, 1303, 456]}, {"label": "car", "bounding_box": [1263, 390, 1345, 462]}, {"label": "car", "bounding_box": [1302, 387, 1412, 465]}, {"label": "car", "bounding_box": [1373, 383, 1509, 474]}, {"label": "license plate", "bounding_box": [1447, 418, 1483, 427]}, {"label": "car", "bounding_box": [1455, 376, 1669, 492]}, {"label": "pole", "bounding_box": [1682, 174, 1706, 513]}, {"label": "traffic sign", "bounding_box": [1671, 60, 1751, 135]}, {"label": "traffic sign", "bounding_box": [1668, 134, 1746, 208]}, {"label": "traffic sign", "bounding_box": [1667, 208, 1739, 278]}, {"label": "traffic sign", "bounding_box": [1672, 275, 1729, 296]}, {"label": "pole", "bounding_box": [771, 339, 775, 383]}, {"label": "pole", "bounding_box": [704, 365, 708, 430]}, {"label": "pole", "bounding_box": [764, 352, 767, 391]}, {"label": "pole", "bounding_box": [752, 361, 755, 407]}, {"label": "static", "bounding_box": [731, 316, 740, 324]}, {"label": "static", "bounding_box": [499, 333, 527, 368]}, {"label": "static", "bounding_box": [711, 327, 740, 340]}, {"label": "static", "bounding_box": [687, 343, 741, 358]}, {"label": "static", "bounding_box": [686, 359, 741, 369]}, {"label": "pole", "bounding_box": [718, 326, 727, 434]}, {"label": "pole", "bounding_box": [393, 331, 403, 485]}, {"label": "static", "bounding_box": [329, 338, 430, 357]}, {"label": "vegetation", "bounding_box": [0, 241, 45, 391]}, {"label": "fence", "bounding_box": [85, 378, 395, 461]}, {"label": "static", "bounding_box": [498, 297, 526, 334]}, {"label": "wall", "bounding_box": [137, 420, 395, 461]}, {"label": "static", "bounding_box": [269, 452, 285, 492]}, {"label": "ground", "bounding_box": [95, 481, 236, 513]}, {"label": "fence", "bounding_box": [0, 348, 204, 501]}, {"label": "static", "bounding_box": [498, 279, 534, 294]}, {"label": "static", "bounding_box": [251, 485, 279, 498]}, {"label": "static", "bounding_box": [858, 348, 864, 361]}, {"label": "car", "bounding_box": [715, 402, 799, 463]}, {"label": "car", "bounding_box": [523, 394, 678, 507]}, {"label": "car", "bounding_box": [0, 397, 132, 649]}, {"label": "terrain", "bounding_box": [1073, 340, 1123, 376]}, {"label": "pole", "bounding_box": [511, 273, 516, 364]}, {"label": "pole", "bounding_box": [485, 0, 522, 486]}, {"label": "terrain", "bounding_box": [1052, 346, 1063, 376]}, {"label": "terrain", "bounding_box": [1033, 353, 1043, 373]}, {"label": "static", "bounding_box": [1075, 366, 1127, 395]}, {"label": "static", "bounding_box": [1052, 367, 1063, 379]}, {"label": "static", "bounding_box": [1033, 367, 1044, 376]}, {"label": "static", "bounding_box": [1009, 364, 1017, 370]}, {"label": "terrain", "bounding_box": [1010, 356, 1017, 366]}, {"label": "static", "bounding_box": [1369, 352, 1379, 376]}, {"label": "license plate", "bounding_box": [550, 474, 586, 485]}, {"label": "license plate", "bounding_box": [1586, 422, 1633, 432]}, {"label": "license plate", "bounding_box": [742, 450, 765, 455]}, {"label": "ego vehicle", "bounding_box": [24, 796, 2047, 1023]}, {"label": "rectification border", "bounding_box": [416, 0, 2047, 28]}, {"label": "rectification border", "bounding_box": [2037, 509, 2047, 1023]}, {"label": "rectification border", "bounding_box": [0, 0, 17, 474]}, {"label": "rectification border", "bounding_box": [0, 977, 1937, 1023]}, {"label": "out of roi", "bounding_box": [0, 0, 2048, 1024]}]}