{"imgHeight": 1024, "imgWidth": 2048, "objects": [{"label": "road", "bounding_box": [0, 460, 2047, 1023]}, {"label": "sky", "bounding_box": [456, 0, 1116, 319]}, {"label": "building", "bounding_box": [0, 0, 2047, 642]}, {"label": "sidewalk", "bounding_box": [929, 466, 1891, 526]}, {"label": "sidewalk", "bounding_box": [0, 496, 536, 688]}, {"label": "sidewalk", "bounding_box": [0, 465, 717, 487]}, {"label": "pole", "bounding_box": [464, 368, 481, 409]}, {"label": "vegetation", "bounding_box": [121, 0, 669, 539]}, {"label": "vegetation", "bounding_box": [0, 0, 73, 51]}, {"label": "vegetation", "bounding_box": [661, 167, 876, 449]}, {"label": "car", "bounding_box": [720, 444, 751, 470]}, {"label": "pole", "bounding_box": [741, 380, 743, 456]}, {"label": "traffic sign", "bounding_box": [734, 366, 752, 382]}, {"label": "pole", "bounding_box": [703, 431, 706, 466]}, {"label": "traffic light", "bounding_box": [698, 410, 710, 436]}, {"label": "static", "bounding_box": [481, 370, 514, 393]}, {"label": "car", "bounding_box": [642, 440, 694, 475]}, {"label": "car", "bounding_box": [611, 426, 637, 477]}, {"label": "car", "bounding_box": [565, 419, 629, 476]}, {"label": "traffic sign", "bounding_box": [592, 382, 608, 403]}, {"label": "traffic sign", "bounding_box": [548, 373, 565, 397]}, {"label": "car", "bounding_box": [541, 432, 594, 480]}, {"label": "car", "bounding_box": [509, 424, 562, 481]}, {"label": "car", "bounding_box": [483, 419, 538, 484]}, {"label": "car", "bounding_box": [400, 407, 513, 485]}, {"label": "terrain", "bounding_box": [0, 490, 59, 504]}, {"label": "traffic sign", "bounding_box": [477, 352, 501, 375]}, {"label": "pole", "bounding_box": [366, 368, 369, 409]}, {"label": "static", "bounding_box": [362, 356, 386, 371]}, {"label": "static", "bounding_box": [354, 406, 371, 471]}, {"label": "sidewalk", "bounding_box": [1348, 543, 2047, 921]}, {"label": "traffic light", "bounding_box": [89, 211, 125, 264]}, {"label": "pole", "bounding_box": [369, 447, 382, 487]}, {"label": "pole", "bounding_box": [20, 51, 35, 504]}, {"label": "static", "bounding_box": [69, 427, 158, 585]}, {"label": "static", "bounding_box": [0, 196, 34, 230]}, {"label": "pole", "bounding_box": [249, 278, 268, 557]}, {"label": "static", "bounding_box": [225, 174, 334, 295]}, {"label": "bicycle", "bounding_box": [263, 422, 346, 556]}, {"label": "pole", "bounding_box": [280, 172, 294, 561]}, {"label": "pole", "bounding_box": [251, 441, 272, 580]}, {"label": "static", "bounding_box": [901, 266, 910, 289]}, {"label": "pole", "bounding_box": [71, 223, 97, 631]}, {"label": "traffic light", "bounding_box": [33, 57, 99, 222]}, {"label": "traffic sign", "bounding_box": [34, 252, 126, 328]}, {"label": "pole", "bounding_box": [161, 446, 184, 602]}, {"label": "static", "bounding_box": [1069, 459, 1083, 481]}, {"label": "terrain", "bounding_box": [39, 602, 120, 641]}, {"label": "pole", "bounding_box": [788, 337, 793, 446]}, {"label": "pole", "bounding_box": [902, 317, 914, 407]}, {"label": "static", "bounding_box": [892, 276, 932, 322]}, {"label": "traffic sign", "bounding_box": [894, 327, 925, 354]}, {"label": "pole", "bounding_box": [929, 324, 984, 411]}, {"label": "pole", "bounding_box": [976, 395, 988, 427]}, {"label": "pole", "bounding_box": [992, 386, 1005, 456]}, {"label": "pole", "bounding_box": [1007, 375, 1025, 476]}, {"label": "pole", "bounding_box": [1028, 359, 1050, 480]}, {"label": "pole", "bounding_box": [1063, 336, 1088, 481]}, {"label": "car", "bounding_box": [731, 403, 1008, 500]}, {"label": "static", "bounding_box": [1243, 407, 1267, 481]}, {"label": "pole", "bounding_box": [1133, 207, 1146, 497]}, {"label": "traffic sign", "bounding_box": [1112, 216, 1171, 275]}, {"label": "pole", "bounding_box": [1239, 276, 1248, 481]}, {"label": "static", "bounding_box": [1197, 439, 1229, 481]}, {"label": "traffic light", "bounding_box": [1224, 331, 1241, 348]}, {"label": "traffic light", "bounding_box": [1244, 385, 1253, 410]}, {"label": "static", "bounding_box": [1223, 253, 1268, 283]}, {"label": "car", "bounding_box": [1642, 444, 1777, 487]}, {"label": "static", "bounding_box": [1283, 414, 1329, 484]}, {"label": "pole", "bounding_box": [1339, 320, 1351, 485]}, {"label": "traffic sign", "bounding_box": [1329, 246, 1343, 298]}, {"label": "static", "bounding_box": [1336, 162, 1380, 325]}, {"label": "pole", "bounding_box": [1357, 157, 1378, 490]}, {"label": "car", "bounding_box": [1368, 394, 1656, 490]}, {"label": "person", "bounding_box": [1461, 300, 1574, 619]}, {"label": "bicycle", "bounding_box": [1531, 393, 1710, 621]}, {"label": "terrain", "bounding_box": [1750, 406, 1880, 495]}, {"label": "static", "bounding_box": [1629, 12, 1674, 99]}, {"label": "person", "bounding_box": [1700, 336, 1778, 501]}, {"label": "pole", "bounding_box": [1735, 134, 1752, 511]}, {"label": "traffic sign", "bounding_box": [1719, 144, 1745, 217]}, {"label": "traffic sign", "bounding_box": [1718, 219, 1742, 242]}, {"label": "traffic light", "bounding_box": [1715, 241, 1743, 271]}, {"label": "pole", "bounding_box": [1656, 209, 1690, 613]}, {"label": "traffic light", "bounding_box": [1662, 0, 1727, 218]}, {"label": "traffic sign", "bounding_box": [1623, 231, 1723, 315]}, {"label": "traffic sign", "bounding_box": [1643, 415, 1698, 462]}, {"label": "pole", "bounding_box": [1569, 424, 1597, 639]}, {"label": "pole", "bounding_box": [1709, 432, 1746, 695]}, {"label": "dynamic", "bounding_box": [1867, 382, 1942, 586]}, {"label": "pole", "bounding_box": [1901, 441, 1956, 768]}, {"label": "person", "bounding_box": [2019, 344, 2047, 443]}, {"label": "dynamic", "bounding_box": [2026, 440, 2047, 592]}, {"label": "traffic light", "bounding_box": [1655, 318, 1681, 401]}, {"label": "traffic light", "bounding_box": [1639, 151, 1663, 196]}, {"label": "license plate", "bounding_box": [429, 452, 455, 458]}, {"label": "traffic light", "bounding_box": [1248, 289, 1275, 343]}, {"label": "static", "bounding_box": [94, 0, 137, 47]}, {"label": "static", "bounding_box": [658, 377, 673, 415]}, {"label": "static", "bounding_box": [475, 374, 498, 393]}, {"label": "static", "bounding_box": [1314, 93, 1333, 181]}, {"label": "pole", "bounding_box": [350, 65, 436, 77]}, {"label": "pole", "bounding_box": [533, 198, 587, 207]}, {"label": "pole", "bounding_box": [627, 269, 667, 275]}, {"label": "traffic sign", "bounding_box": [225, 268, 284, 282]}, {"label": "static", "bounding_box": [414, 65, 436, 75]}, {"label": "static", "bounding_box": [572, 198, 587, 207]}, {"label": "ego vehicle", "bounding_box": [24, 796, 2047, 1023]}, {"label": "rectification border", "bounding_box": [416, 0, 2047, 28]}, {"label": "rectification border", "bounding_box": [2037, 509, 2047, 1023]}, {"label": "rectification border", "bounding_box": [0, 0, 17, 474]}, {"label": "rectification border", "bounding_box": [0, 977, 1937, 1023]}, {"label": "out of roi", "bounding_box": [0, 0, 2048, 1024]}]}