{"imgHeight": 1024, "imgWidth": 2048, "objects": [{"label": "sky", "bounding_box": [1974, 0, 2047, 154]}, {"label": "road", "bounding_box": [0, 406, 2047, 1023]}, {"label": "sidewalk", "bounding_box": [0, 285, 2047, 747]}, {"label": "sky", "bounding_box": [716, 31, 1369, 252]}, {"label": "building", "bounding_box": [0, 0, 2047, 443]}, {"label": "wall", "bounding_box": [1527, 310, 1746, 465]}, {"label": "fence", "bounding_box": [1543, 387, 2047, 541]}, {"label": "vegetation", "bounding_box": [543, 0, 2043, 443]}, {"label": "bicycle", "bounding_box": [339, 341, 370, 375]}, {"label": "vegetation", "bounding_box": [0, 0, 393, 402]}, {"label": "rider", "bounding_box": [321, 305, 350, 377]}, {"label": "motorcycle", "bounding_box": [320, 334, 348, 377]}, {"label": "ground", "bounding_box": [12, 380, 252, 428]}, {"label": "terrain", "bounding_box": [50, 380, 239, 392]}, {"label": "vegetation", "bounding_box": [400, 309, 467, 390]}, {"label": "static", "bounding_box": [22, 405, 64, 452]}, {"label": "static", "bounding_box": [62, 377, 93, 443]}, {"label": "static", "bounding_box": [197, 410, 236, 455]}, {"label": "static", "bounding_box": [368, 416, 406, 460]}, {"label": "pole", "bounding_box": [468, 182, 504, 430]}, {"label": "static", "bounding_box": [631, 290, 656, 388]}, {"label": "person", "bounding_box": [564, 317, 608, 418]}, {"label": "person", "bounding_box": [496, 301, 560, 461]}, {"label": "static", "bounding_box": [537, 417, 573, 462]}, {"label": "person", "bounding_box": [660, 337, 687, 422]}, {"label": "person", "bounding_box": [693, 336, 710, 367]}, {"label": "person", "bounding_box": [634, 321, 685, 424]}, {"label": "rider", "bounding_box": [747, 334, 766, 392]}, {"label": "motorcycle", "bounding_box": [751, 382, 768, 399]}, {"label": "person", "bounding_box": [719, 330, 760, 409]}, {"label": "rider", "bounding_box": [785, 330, 807, 394]}, {"label": "motorcycle", "bounding_box": [781, 373, 806, 401]}, {"label": "wall", "bounding_box": [707, 401, 971, 450]}, {"label": "terrain", "bounding_box": [731, 401, 953, 417]}, {"label": "static", "bounding_box": [705, 419, 741, 461]}, {"label": "person", "bounding_box": [682, 328, 741, 478]}, {"label": "static", "bounding_box": [869, 422, 904, 466]}, {"label": "pole", "bounding_box": [1022, 388, 1033, 468]}, {"label": "fence", "bounding_box": [1228, 334, 1413, 399]}, {"label": "pole", "bounding_box": [1169, 393, 1181, 474]}, {"label": "person", "bounding_box": [1183, 332, 1221, 435]}, {"label": "pole", "bounding_box": [1312, 259, 1338, 438]}, {"label": "wall", "bounding_box": [1329, 377, 1489, 446]}, {"label": "static", "bounding_box": [1316, 259, 1338, 291]}, {"label": "wall", "bounding_box": [1311, 410, 1739, 493]}, {"label": "static", "bounding_box": [1293, 427, 1328, 478]}, {"label": "terrain", "bounding_box": [1395, 412, 1635, 449]}, {"label": "person", "bounding_box": [1252, 320, 1319, 489]}, {"label": "pole", "bounding_box": [1343, 232, 1357, 436]}, {"label": "traffic sign", "bounding_box": [1326, 203, 1387, 263]}, {"label": "traffic sign", "bounding_box": [1331, 261, 1378, 277]}, {"label": "traffic sign", "bounding_box": [1330, 278, 1378, 294]}, {"label": "traffic sign", "bounding_box": [1331, 293, 1376, 309]}, {"label": "person", "bounding_box": [1465, 317, 1545, 509]}, {"label": "person", "bounding_box": [1551, 385, 1581, 431]}, {"label": "person", "bounding_box": [1563, 379, 1597, 414]}, {"label": "person", "bounding_box": [1585, 377, 1611, 419]}, {"label": "person", "bounding_box": [1560, 393, 1621, 493]}, {"label": "person", "bounding_box": [1663, 382, 1754, 491]}, {"label": "dynamic", "bounding_box": [1751, 400, 1796, 474]}, {"label": "dynamic", "bounding_box": [1756, 387, 1817, 490]}, {"label": "pole", "bounding_box": [1604, 69, 1658, 505]}, {"label": "sky", "bounding_box": [1094, 94, 1223, 180]}, {"label": "static", "bounding_box": [468, 182, 504, 235]}, {"label": "ego vehicle", "bounding_box": [24, 796, 2047, 1023]}, {"label": "rectification border", "bounding_box": [416, 0, 2047, 28]}, {"label": "rectification border", "bounding_box": [2037, 509, 2047, 1023]}, {"label": "rectification border", "bounding_box": [0, 0, 17, 474]}, {"label": "rectification border", "bounding_box": [0, 977, 1937, 1023]}, {"label": "out of roi", "bounding_box": [0, 0, 2048, 1024]}]}