{"imgHeight": 1024, "imgWidth": 2048, "objects": [{"label": "sky", "bounding_box": [0, 0, 410, 101]}, {"label": "sky", "bounding_box": [572, 0, 1113, 326]}, {"label": "building", "bounding_box": [0, 0, 858, 437]}, {"label": "vegetation", "bounding_box": [821, 268, 922, 418]}, {"label": "building", "bounding_box": [903, 0, 2047, 545]}, {"label": "static", "bounding_box": [961, 264, 977, 315]}, {"label": "sidewalk", "bounding_box": [864, 399, 1708, 486]}, {"label": "vegetation", "bounding_box": [709, 228, 836, 415]}, {"label": "pole", "bounding_box": [605, 131, 622, 324]}, {"label": "pole", "bounding_box": [592, 218, 613, 325]}, {"label": "pole", "bounding_box": [605, 266, 624, 319]}, {"label": "static", "bounding_box": [681, 300, 711, 329]}, {"label": "pole", "bounding_box": [690, 217, 702, 381]}, {"label": "traffic sign", "bounding_box": [672, 222, 721, 272]}, {"label": "vegetation", "bounding_box": [2, 185, 95, 400]}, {"label": "vegetation", "bounding_box": [424, 154, 570, 307]}, {"label": "static", "bounding_box": [464, 184, 519, 203]}, {"label": "building", "bounding_box": [111, 271, 574, 413]}, {"label": "pole", "bounding_box": [478, 99, 516, 332]}, {"label": "static", "bounding_box": [472, 241, 519, 255]}, {"label": "car", "bounding_box": [32, 330, 157, 407]}, {"label": "fence", "bounding_box": [0, 357, 163, 437]}, {"label": "static", "bounding_box": [151, 352, 362, 456]}, {"label": "static", "bounding_box": [726, 376, 763, 405]}, {"label": "person", "bounding_box": [739, 376, 754, 404]}, {"label": "car", "bounding_box": [771, 382, 834, 435]}, {"label": "static", "bounding_box": [826, 310, 833, 332]}, {"label": "pole", "bounding_box": [830, 313, 833, 391]}, {"label": "traffic sign", "bounding_box": [822, 338, 843, 359]}, {"label": "static", "bounding_box": [843, 365, 861, 388]}, {"label": "static", "bounding_box": [869, 371, 903, 403]}, {"label": "car", "bounding_box": [879, 392, 914, 417]}, {"label": "person", "bounding_box": [917, 393, 924, 420]}, {"label": "person", "bounding_box": [947, 394, 960, 423]}, {"label": "static", "bounding_box": [1133, 423, 1150, 450]}, {"label": "person", "bounding_box": [1194, 394, 1211, 450]}, {"label": "sidewalk", "bounding_box": [0, 422, 414, 497]}, {"label": "pole", "bounding_box": [1477, 281, 1499, 429]}, {"label": "static", "bounding_box": [0, 354, 16, 431]}, {"label": "wall", "bounding_box": [1450, 425, 1489, 474]}, {"label": "pole", "bounding_box": [1639, 154, 1694, 453]}, {"label": "fence", "bounding_box": [1465, 430, 1679, 495]}, {"label": "vegetation", "bounding_box": [1487, 413, 1550, 441]}, {"label": "traffic light", "bounding_box": [1654, 340, 1675, 380]}, {"label": "pole", "bounding_box": [1689, 237, 1720, 439]}, {"label": "vegetation", "bounding_box": [1568, 414, 1654, 449]}, {"label": "wall", "bounding_box": [1659, 431, 1726, 497]}, {"label": "fence", "bounding_box": [1710, 439, 1983, 520]}, {"label": "vegetation", "bounding_box": [1750, 417, 1858, 463]}, {"label": "vegetation", "bounding_box": [1900, 420, 1963, 462]}, {"label": "road", "bounding_box": [0, 422, 2047, 777]}, {"label": "ground", "bounding_box": [0, 514, 2047, 1023]}, {"label": "rail track", "bounding_box": [871, 435, 2019, 615]}, {"label": "sidewalk", "bounding_box": [1411, 712, 2047, 1023]}, {"label": "license plate", "bounding_box": [721, 463, 797, 485]}, {"label": "tunnel", "bounding_box": [792, 381, 898, 458]}, {"label": "car", "bounding_box": [302, 297, 843, 580]}, {"label": "fence", "bounding_box": [101, 376, 608, 658]}, {"label": "static", "bounding_box": [1951, 255, 2047, 878]}, {"label": "bicycle", "bounding_box": [1764, 495, 2047, 934]}, {"label": "pole", "bounding_box": [911, 302, 921, 441]}, {"label": "pole", "bounding_box": [1976, 0, 2047, 935]}, {"label": "pole", "bounding_box": [1360, 319, 1370, 467]}, {"label": "static", "bounding_box": [1265, 307, 1281, 322]}, {"label": "traffic sign", "bounding_box": [1355, 319, 1381, 329]}, {"label": "traffic light", "bounding_box": [1352, 382, 1363, 394]}, {"label": "static", "bounding_box": [1264, 423, 1288, 456]}, {"label": "traffic sign", "bounding_box": [907, 295, 932, 318]}, {"label": "traffic light", "bounding_box": [1366, 352, 1383, 383]}, {"label": "static", "bounding_box": [1265, 325, 1295, 353]}, {"label": "pole", "bounding_box": [1271, 292, 1279, 464]}, {"label": "traffic light", "bounding_box": [1276, 300, 1290, 313]}, {"label": "traffic light", "bounding_box": [1275, 328, 1289, 365]}, {"label": "traffic light", "bounding_box": [912, 319, 926, 355]}, {"label": "car", "bounding_box": [1281, 411, 1455, 471]}, {"label": "pole", "bounding_box": [1221, 425, 1227, 458]}, {"label": "pole", "bounding_box": [1259, 428, 1263, 461]}, {"label": "car", "bounding_box": [962, 397, 1113, 451]}, {"label": "pole", "bounding_box": [947, 411, 955, 438]}, {"label": "pole", "bounding_box": [1033, 422, 1041, 450]}, {"label": "pole", "bounding_box": [1077, 290, 1088, 476]}, {"label": "traffic sign", "bounding_box": [1071, 285, 1104, 317]}, {"label": "traffic sign", "bounding_box": [1078, 266, 1090, 285]}, {"label": "static", "bounding_box": [1639, 154, 1694, 175]}, {"label": "static", "bounding_box": [1692, 237, 1720, 290]}, {"label": "static", "bounding_box": [1480, 281, 1499, 318]}, {"label": "static", "bounding_box": [478, 99, 516, 175]}, {"label": "static", "bounding_box": [592, 218, 613, 264]}, {"label": "static", "bounding_box": [605, 266, 624, 301]}, {"label": "static", "bounding_box": [1369, 334, 1376, 349]}, {"label": "license plate", "bounding_box": [721, 463, 797, 485]}, {"label": "ego vehicle", "bounding_box": [24, 796, 2047, 1023]}, {"label": "rectification border", "bounding_box": [416, 0, 2047, 28]}, {"label": "rectification border", "bounding_box": [2037, 509, 2047, 1023]}, {"label": "rectification border", "bounding_box": [0, 0, 17, 474]}, {"label": "rectification border", "bounding_box": [0, 977, 1937, 1023]}, {"label": "out of roi", "bounding_box": [0, 0, 2048, 1024]}]}