{"imgHeight": 1024, "imgWidth": 2048, "objects": [{"label": "static", "bounding_box": [1048, 399, 1089, 422]}, {"label": "sky", "bounding_box": [612, 0, 1380, 365]}, {"label": "building", "bounding_box": [1221, 0, 2047, 653]}, {"label": "building", "bounding_box": [779, 260, 917, 363]}, {"label": "vegetation", "bounding_box": [746, 12, 1257, 412]}, {"label": "building", "bounding_box": [0, 224, 524, 375]}, {"label": "fence", "bounding_box": [0, 356, 532, 409]}, {"label": "static", "bounding_box": [1553, 184, 1654, 234]}, {"label": "road", "bounding_box": [0, 398, 2047, 1023]}, {"label": "sidewalk", "bounding_box": [1166, 395, 1183, 424]}, {"label": "sidewalk", "bounding_box": [1269, 395, 1372, 429]}, {"label": "sidewalk", "bounding_box": [1314, 441, 2047, 697]}, {"label": "dynamic", "bounding_box": [1399, 401, 1441, 461]}, {"label": "pole", "bounding_box": [1369, 257, 1378, 449]}, {"label": "pole", "bounding_box": [1369, 257, 1378, 449]}, {"label": "traffic sign", "bounding_box": [1363, 357, 1381, 374]}, {"label": "pole", "bounding_box": [1337, 314, 1342, 426]}, {"label": "bridge", "bounding_box": [0, 350, 1055, 473]}, {"label": "traffic sign", "bounding_box": [1332, 324, 1351, 340]}, {"label": "traffic light", "bounding_box": [1353, 310, 1373, 326]}, {"label": "static", "bounding_box": [1168, 388, 1185, 403]}, {"label": "traffic light", "bounding_box": [1352, 309, 1375, 349]}, {"label": "vegetation", "bounding_box": [0, 0, 1060, 504]}, {"label": "sidewalk", "bounding_box": [0, 414, 1063, 1023]}, {"label": "fence", "bounding_box": [0, 381, 978, 623]}, {"label": "dynamic", "bounding_box": [657, 473, 690, 505]}, {"label": "car", "bounding_box": [1076, 364, 1175, 454]}, {"label": "car", "bounding_box": [1199, 390, 1216, 404]}, {"label": "license plate", "bounding_box": [1113, 414, 1141, 423]}, {"label": "truck", "bounding_box": [1226, 369, 1275, 412]}, {"label": "car", "bounding_box": [1235, 383, 1275, 412]}, {"label": "car", "bounding_box": [1238, 390, 1283, 423]}, {"label": "pole", "bounding_box": [1283, 367, 1288, 423]}, {"label": "traffic sign", "bounding_box": [1273, 367, 1283, 378]}, {"label": "traffic sign", "bounding_box": [1281, 352, 1293, 371]}, {"label": "pole", "bounding_box": [1301, 409, 1304, 432]}, {"label": "traffic sign", "bounding_box": [1297, 393, 1314, 416]}, {"label": "static", "bounding_box": [1266, 349, 1277, 362]}, {"label": "pole", "bounding_box": [817, 246, 824, 374]}, {"label": "pole", "bounding_box": [827, 287, 832, 377]}, {"label": "pole", "bounding_box": [1060, 334, 1064, 412]}, {"label": "pole", "bounding_box": [1032, 337, 1038, 415]}, {"label": "pole", "bounding_box": [1026, 332, 1032, 426]}, {"label": "pole", "bounding_box": [922, 325, 926, 370]}, {"label": "pole", "bounding_box": [940, 320, 948, 376]}, {"label": "pole", "bounding_box": [951, 325, 958, 371]}, {"label": "static", "bounding_box": [816, 233, 827, 252]}, {"label": "traffic sign", "bounding_box": [1055, 324, 1072, 342]}, {"label": "static", "bounding_box": [1019, 301, 1040, 338]}, {"label": "traffic sign", "bounding_box": [1017, 276, 1043, 300]}, {"label": "traffic sign", "bounding_box": [1037, 322, 1043, 339]}, {"label": "bicycle", "bounding_box": [790, 413, 815, 468]}, {"label": "bicycle", "bounding_box": [838, 379, 875, 456]}, {"label": "bicycle", "bounding_box": [580, 391, 645, 510]}, {"label": "person", "bounding_box": [646, 294, 733, 522]}, {"label": "person", "bounding_box": [745, 310, 809, 529]}, {"label": "traffic sign", "bounding_box": [1304, 353, 1317, 368]}, {"label": "traffic sign", "bounding_box": [1303, 367, 1317, 371]}, {"label": "traffic sign", "bounding_box": [1304, 371, 1317, 376]}, {"label": "sidewalk", "bounding_box": [1278, 431, 1370, 440]}, {"label": "traffic light", "bounding_box": [1019, 301, 1040, 338]}, {"label": "ego vehicle", "bounding_box": [24, 796, 2047, 1023]}, {"label": "rectification border", "bounding_box": [416, 0, 2047, 28]}, {"label": "rectification border", "bounding_box": [2037, 509, 2047, 1023]}, {"label": "rectification border", "bounding_box": [0, 0, 17, 474]}, {"label": "rectification border", "bounding_box": [0, 977, 1937, 1023]}, {"label": "out of roi", "bounding_box": [0, 0, 2048, 1024]}]}