{"imgHeight": 1024, "imgWidth": 2048, "objects": [{"label": "sidewalk", "bounding_box": [873, 373, 1300, 386]}, {"label": "building", "bounding_box": [0, 0, 2047, 1023]}, {"label": "wall", "bounding_box": [879, 290, 1300, 420]}, {"label": "road", "bounding_box": [0, 373, 2047, 1023]}, {"label": "sidewalk", "bounding_box": [880, 374, 1300, 386]}, {"label": "bicycle", "bounding_box": [1106, 342, 1158, 390]}, {"label": "sidewalk", "bounding_box": [0, 382, 982, 1023]}, {"label": "sidewalk", "bounding_box": [1190, 389, 2047, 863]}, {"label": "person", "bounding_box": [1134, 318, 1160, 382]}, {"label": "person", "bounding_box": [1119, 316, 1144, 388]}, {"label": "person", "bounding_box": [1162, 313, 1190, 391]}, {"label": "person", "bounding_box": [1139, 316, 1178, 395]}, {"label": "static", "bounding_box": [1218, 377, 1255, 407]}, {"label": "pole", "bounding_box": [960, 256, 965, 376]}, {"label": "traffic sign", "bounding_box": [965, 254, 972, 270]}, {"label": "traffic sign", "bounding_box": [962, 275, 975, 296]}, {"label": "person", "bounding_box": [585, 261, 676, 492]}, {"label": "person", "bounding_box": [587, 322, 680, 510]}, {"label": "person", "bounding_box": [718, 284, 763, 498]}, {"label": "person", "bounding_box": [685, 289, 778, 514]}, {"label": "person", "bounding_box": [1386, 315, 1462, 548]}, {"label": "person", "bounding_box": [1523, 285, 1605, 540]}, {"label": "static", "bounding_box": [1755, 0, 1879, 105]}, {"label": "bicycle", "bounding_box": [1268, 355, 1301, 390]}, {"label": "ego vehicle", "bounding_box": [24, 796, 2047, 1023]}, {"label": "rectification border", "bounding_box": [416, 0, 2047, 28]}, {"label": "rectification border", "bounding_box": [2037, 509, 2047, 1023]}, {"label": "rectification border", "bounding_box": [0, 0, 17, 474]}, {"label": "rectification border", "bounding_box": [0, 977, 1937, 1023]}, {"label": "out of roi", "bounding_box": [0, 0, 2048, 1024]}]}