{"imgHeight": 1024, "imgWidth": 2048, "objects": [{"label": "sky", "bounding_box": [0, 0, 1411, 300]}, {"label": "building", "bounding_box": [0, 0, 349, 432]}, {"label": "road", "bounding_box": [0, 413, 2047, 1023]}, {"label": "sidewalk", "bounding_box": [1475, 439, 2047, 615]}, {"label": "person", "bounding_box": [1540, 367, 1585, 467]}, {"label": "static", "bounding_box": [1587, 439, 1602, 467]}, {"label": "person", "bounding_box": [1624, 417, 1653, 465]}, {"label": "vegetation", "bounding_box": [57, 320, 572, 467]}, {"label": "vegetation", "bounding_box": [718, 0, 1418, 428]}, {"label": "traffic sign", "bounding_box": [1211, 350, 1240, 361]}, {"label": "traffic sign", "bounding_box": [1216, 361, 1242, 368]}, {"label": "traffic sign", "bounding_box": [1228, 368, 1251, 377]}, {"label": "pole", "bounding_box": [1235, 367, 1241, 425]}, {"label": "car", "bounding_box": [1267, 392, 1329, 419]}, {"label": "pole", "bounding_box": [1296, 357, 1301, 409]}, {"label": "car", "bounding_box": [1327, 398, 1387, 429]}, {"label": "building", "bounding_box": [720, 392, 773, 440]}, {"label": "sidewalk", "bounding_box": [1248, 425, 1535, 462]}, {"label": "vegetation", "bounding_box": [1142, 0, 1645, 442]}, {"label": "building", "bounding_box": [1510, 0, 2047, 585]}, {"label": "traffic sign", "bounding_box": [1548, 235, 1643, 264]}, {"label": "pole", "bounding_box": [1381, 385, 1383, 425]}, {"label": "traffic sign", "bounding_box": [1377, 382, 1388, 390]}, {"label": "traffic sign", "bounding_box": [1377, 370, 1387, 383]}, {"label": "fence", "bounding_box": [1156, 407, 1259, 422]}, {"label": "bicycle", "bounding_box": [1257, 407, 1273, 462]}, {"label": "rider", "bounding_box": [1245, 366, 1283, 451]}, {"label": "pole", "bounding_box": [1277, 125, 1338, 450]}, {"label": "traffic sign", "bounding_box": [1315, 316, 1346, 356]}, {"label": "pole", "bounding_box": [1361, 301, 1367, 448]}, {"label": "traffic sign", "bounding_box": [1330, 303, 1430, 326]}, {"label": "traffic sign", "bounding_box": [1329, 327, 1430, 344]}, {"label": "bicycle", "bounding_box": [1433, 409, 1454, 476]}, {"label": "rider", "bounding_box": [1426, 352, 1464, 472]}, {"label": "fence", "bounding_box": [90, 422, 545, 487]}, {"label": "sidewalk", "bounding_box": [0, 451, 558, 580]}, {"label": "person", "bounding_box": [481, 400, 510, 460]}, {"label": "person", "bounding_box": [459, 407, 486, 455]}, {"label": "person", "bounding_box": [379, 417, 412, 450]}, {"label": "terrain", "bounding_box": [0, 474, 512, 552]}, {"label": "pole", "bounding_box": [877, 350, 882, 379]}, {"label": "static", "bounding_box": [248, 446, 298, 474]}, {"label": "pole", "bounding_box": [871, 233, 930, 276]}, {"label": "vegetation", "bounding_box": [0, 0, 788, 533]}, {"label": "pole", "bounding_box": [92, 300, 113, 543]}, {"label": "static", "bounding_box": [0, 301, 106, 498]}, {"label": "car", "bounding_box": [1131, 397, 1170, 441]}, {"label": "car", "bounding_box": [1097, 398, 1155, 448]}, {"label": "car", "bounding_box": [1057, 398, 1133, 459]}, {"label": "caravan", "bounding_box": [814, 369, 903, 450]}, {"label": "car", "bounding_box": [876, 381, 1007, 483]}, {"label": "license plate", "bounding_box": [921, 422, 961, 434]}, {"label": "car", "bounding_box": [771, 404, 849, 455]}, {"label": "car", "bounding_box": [735, 413, 793, 461]}, {"label": "car", "bounding_box": [712, 412, 755, 465]}, {"label": "pole", "bounding_box": [699, 367, 706, 416]}, {"label": "car", "bounding_box": [650, 409, 731, 471]}, {"label": "car", "bounding_box": [614, 413, 690, 478]}, {"label": "car", "bounding_box": [543, 395, 650, 488]}, {"label": "license plate", "bounding_box": [569, 464, 586, 473]}, {"label": "static", "bounding_box": [382, 325, 422, 366]}, {"label": "traffic sign", "bounding_box": [392, 364, 422, 373]}, {"label": "pole", "bounding_box": [383, 252, 405, 497]}, {"label": "building", "bounding_box": [1513, 368, 2047, 464]}, {"label": "static", "bounding_box": [1277, 125, 1315, 144]}, {"label": "ego vehicle", "bounding_box": [24, 796, 2047, 1023]}, {"label": "rectification border", "bounding_box": [416, 0, 2047, 28]}, {"label": "rectification border", "bounding_box": [2037, 509, 2047, 1023]}, {"label": "rectification border", "bounding_box": [0, 0, 17, 474]}, {"label": "rectification border", "bounding_box": [0, 977, 1937, 1023]}, {"label": "out of roi", "bounding_box": [0, 0, 2048, 1024]}]}