{"imgHeight": 1024, "imgWidth": 2048, "objects": [{"label": "road", "bounding_box": [0, 342, 2047, 1023]}, {"label": "sidewalk", "bounding_box": [1343, 399, 1527, 454]}, {"label": "ground", "bounding_box": [1470, 443, 2047, 627]}, {"label": "sidewalk", "bounding_box": [229, 381, 1025, 473]}, {"label": "sky", "bounding_box": [137, 0, 2047, 380]}, {"label": "static", "bounding_box": [1788, 303, 1906, 338]}, {"label": "vegetation", "bounding_box": [1263, 266, 1340, 291]}, {"label": "building", "bounding_box": [178, 34, 1403, 451]}, {"label": "pole", "bounding_box": [805, 267, 817, 417]}, {"label": "vegetation", "bounding_box": [148, 17, 812, 451]}, {"label": "terrain", "bounding_box": [267, 404, 820, 460]}, {"label": "vegetation", "bounding_box": [1272, 0, 2047, 590]}, {"label": "static", "bounding_box": [1531, 310, 1732, 374]}, {"label": "fence", "bounding_box": [1601, 350, 1708, 367]}, {"label": "vegetation", "bounding_box": [1620, 307, 1707, 379]}, {"label": "vegetation", "bounding_box": [1526, 307, 1628, 389]}, {"label": "pole", "bounding_box": [1277, 298, 1284, 392]}, {"label": "pole", "bounding_box": [1223, 289, 1232, 398]}, {"label": "persongroup", "bounding_box": [1207, 374, 1222, 398]}, {"label": "pole", "bounding_box": [1153, 273, 1162, 381]}, {"label": "traffic light", "bounding_box": [1087, 349, 1094, 364]}, {"label": "static", "bounding_box": [1012, 295, 1032, 316]}, {"label": "pole", "bounding_box": [1064, 246, 1078, 388]}, {"label": "static", "bounding_box": [1014, 316, 1029, 321]}, {"label": "sidewalk", "bounding_box": [1293, 389, 1513, 415]}, {"label": "pole", "bounding_box": [1019, 294, 1026, 386]}, {"label": "traffic sign", "bounding_box": [1012, 325, 1031, 343]}, {"label": "static", "bounding_box": [1051, 349, 1060, 357]}, {"label": "car", "bounding_box": [1311, 380, 1329, 391]}, {"label": "pole", "bounding_box": [1366, 320, 1375, 392]}, {"label": "traffic sign", "bounding_box": [1355, 322, 1376, 326]}, {"label": "traffic sign", "bounding_box": [1360, 327, 1376, 331]}, {"label": "traffic sign", "bounding_box": [1356, 333, 1376, 339]}, {"label": "static", "bounding_box": [1361, 341, 1377, 348]}, {"label": "traffic sign", "bounding_box": [1361, 341, 1377, 348]}, {"label": "traffic sign", "bounding_box": [1353, 341, 1365, 352]}, {"label": "person", "bounding_box": [1350, 366, 1361, 397]}, {"label": "pole", "bounding_box": [1345, 308, 1355, 407]}, {"label": "traffic sign", "bounding_box": [1311, 330, 1364, 348]}, {"label": "traffic sign", "bounding_box": [1340, 296, 1356, 313]}, {"label": "traffic sign", "bounding_box": [1309, 314, 1364, 331]}, {"label": "pole", "bounding_box": [1270, 280, 1330, 285]}, {"label": "traffic light", "bounding_box": [1267, 269, 1275, 293]}, {"label": "pole", "bounding_box": [1319, 120, 1341, 410]}, {"label": "traffic sign", "bounding_box": [1320, 305, 1344, 328]}, {"label": "pole", "bounding_box": [1302, 389, 1306, 412]}, {"label": "pole", "bounding_box": [1370, 132, 1388, 400]}, {"label": "person", "bounding_box": [1410, 354, 1435, 399]}, {"label": "person", "bounding_box": [1455, 337, 1515, 400]}, {"label": "person", "bounding_box": [1455, 340, 1490, 400]}, {"label": "pole", "bounding_box": [1456, 217, 1472, 401]}, {"label": "traffic light", "bounding_box": [1461, 255, 1486, 300]}, {"label": "person", "bounding_box": [1520, 348, 1535, 366]}, {"label": "bicycle", "bounding_box": [1551, 356, 1570, 386]}, {"label": "rider", "bounding_box": [1549, 333, 1573, 377]}, {"label": "pole", "bounding_box": [1507, 231, 1516, 393]}, {"label": "traffic sign", "bounding_box": [1487, 234, 1555, 248]}, {"label": "traffic sign", "bounding_box": [1487, 249, 1556, 264]}, {"label": "traffic sign", "bounding_box": [1490, 265, 1551, 282]}, {"label": "traffic sign", "bounding_box": [1489, 284, 1525, 298]}, {"label": "pole", "bounding_box": [1564, 211, 1577, 389]}, {"label": "traffic sign", "bounding_box": [1556, 256, 1580, 268]}, {"label": "traffic light", "bounding_box": [1558, 295, 1571, 312]}, {"label": "traffic sign", "bounding_box": [1565, 321, 1580, 330]}, {"label": "pole", "bounding_box": [1663, 267, 1672, 364]}, {"label": "bicycle", "bounding_box": [1660, 342, 1682, 371]}, {"label": "traffic sign", "bounding_box": [1655, 269, 1678, 294]}, {"label": "sky", "bounding_box": [1657, 295, 1680, 306]}, {"label": "static", "bounding_box": [1669, 287, 1690, 296]}, {"label": "pole", "bounding_box": [1677, 265, 1687, 375]}, {"label": "static", "bounding_box": [1662, 256, 1693, 268]}, {"label": "pole", "bounding_box": [1124, 44, 1340, 52]}, {"label": "static", "bounding_box": [1415, 233, 1460, 254]}, {"label": "static", "bounding_box": [1414, 197, 1446, 229]}, {"label": "static", "bounding_box": [1416, 257, 1462, 278]}, {"label": "ground", "bounding_box": [1415, 392, 1512, 410]}, {"label": "traffic light", "bounding_box": [1130, 0, 1159, 78]}, {"label": "pole", "bounding_box": [1434, 115, 1463, 419]}, {"label": "traffic sign", "bounding_box": [1423, 159, 1464, 199]}, {"label": "traffic sign", "bounding_box": [1428, 200, 1462, 215]}, {"label": "traffic sign", "bounding_box": [1434, 288, 1464, 314]}, {"label": "road", "bounding_box": [1711, 373, 1768, 394]}, {"label": "sidewalk", "bounding_box": [1694, 362, 1768, 386]}, {"label": "traffic light", "bounding_box": [1442, 313, 1452, 341]}, {"label": "wall", "bounding_box": [1700, 331, 1767, 371]}, {"label": "road", "bounding_box": [1799, 357, 1913, 406]}, {"label": "static", "bounding_box": [1862, 202, 1915, 354]}, {"label": "ground", "bounding_box": [1799, 356, 1918, 382]}, {"label": "vegetation", "bounding_box": [1834, 320, 1855, 342]}, {"label": "wall", "bounding_box": [1796, 321, 1946, 366]}, {"label": "sidewalk", "bounding_box": [1872, 371, 1914, 405]}, {"label": "fence", "bounding_box": [1811, 321, 1950, 371]}, {"label": "static", "bounding_box": [1872, 8, 2047, 419]}, {"label": "fence", "bounding_box": [1504, 381, 1585, 414]}, {"label": "fence", "bounding_box": [1537, 389, 2047, 480]}, {"label": "static", "bounding_box": [1797, 358, 1813, 373]}, {"label": "pole", "bounding_box": [946, 353, 950, 413]}, {"label": "traffic sign", "bounding_box": [936, 350, 960, 356]}, {"label": "static", "bounding_box": [924, 361, 937, 374]}, {"label": "traffic sign", "bounding_box": [937, 356, 961, 365]}, {"label": "pole", "bounding_box": [929, 359, 935, 417]}, {"label": "pole", "bounding_box": [904, 354, 911, 414]}, {"label": "static", "bounding_box": [899, 366, 910, 376]}, {"label": "static", "bounding_box": [900, 353, 912, 357]}, {"label": "pole", "bounding_box": [828, 364, 837, 418]}, {"label": "pole", "bounding_box": [801, 343, 807, 424]}, {"label": "pole", "bounding_box": [495, 365, 503, 452]}, {"label": "bicycle", "bounding_box": [473, 425, 529, 461]}, {"label": "rider", "bounding_box": [485, 401, 511, 448]}, {"label": "static", "bounding_box": [757, 411, 773, 427]}, {"label": "static", "bounding_box": [747, 410, 765, 427]}, {"label": "pole", "bounding_box": [753, 411, 760, 438]}, {"label": "static", "bounding_box": [657, 303, 681, 327]}, {"label": "sidewalk", "bounding_box": [0, 473, 503, 595]}, {"label": "static", "bounding_box": [663, 336, 682, 379]}, {"label": "pole", "bounding_box": [657, 183, 675, 399]}, {"label": "pole", "bounding_box": [608, 349, 619, 448]}, {"label": "static", "bounding_box": [563, 352, 633, 364]}, {"label": "bicycle", "bounding_box": [254, 428, 303, 467]}, {"label": "pole", "bounding_box": [602, 341, 611, 450]}, {"label": "pole", "bounding_box": [283, 346, 294, 463]}, {"label": "traffic sign", "bounding_box": [284, 349, 292, 371]}, {"label": "traffic sign", "bounding_box": [284, 370, 294, 381]}, {"label": "rider", "bounding_box": [261, 409, 284, 458]}, {"label": "building", "bounding_box": [0, 0, 272, 532]}, {"label": "static", "bounding_box": [296, 438, 330, 487]}, {"label": "pole", "bounding_box": [329, 264, 351, 484]}, {"label": "static", "bounding_box": [317, 267, 364, 303]}, {"label": "static", "bounding_box": [319, 304, 366, 337]}, {"label": "sidewalk", "bounding_box": [946, 452, 993, 464]}, {"label": "static", "bounding_box": [391, 295, 429, 334]}, {"label": "pole", "bounding_box": [400, 273, 423, 492]}, {"label": "pole", "bounding_box": [367, 434, 374, 485]}, {"label": "static", "bounding_box": [243, 219, 297, 297]}, {"label": "pole", "bounding_box": [157, 0, 215, 529]}, {"label": "bicycle", "bounding_box": [622, 404, 739, 487]}, {"label": "ground", "bounding_box": [937, 460, 984, 470]}, {"label": "rider", "bounding_box": [648, 376, 705, 477]}, {"label": "ground", "bounding_box": [965, 446, 986, 454]}, {"label": "ground", "bounding_box": [951, 427, 985, 432]}, {"label": "pole", "bounding_box": [959, 217, 982, 461]}, {"label": "traffic light", "bounding_box": [955, 284, 965, 306]}, {"label": "traffic light", "bounding_box": [954, 229, 978, 290]}, {"label": "traffic sign", "bounding_box": [950, 300, 983, 328]}, {"label": "traffic sign", "bounding_box": [952, 373, 989, 410]}, {"label": "car", "bounding_box": [1069, 357, 1190, 483]}, {"label": "car", "bounding_box": [973, 361, 1182, 524]}, {"label": "license plate", "bounding_box": [1029, 465, 1097, 481]}, {"label": "traffic light", "bounding_box": [1437, 225, 1458, 279]}, {"label": "static", "bounding_box": [1442, 214, 1450, 224]}, {"label": "static", "bounding_box": [657, 183, 672, 200]}, {"label": "static", "bounding_box": [1064, 246, 1077, 251]}, {"label": "ego vehicle", "bounding_box": [24, 796, 2047, 1023]}, {"label": "rectification border", "bounding_box": [416, 0, 2047, 28]}, {"label": "rectification border", "bounding_box": [2037, 509, 2047, 1023]}, {"label": "rectification border", "bounding_box": [0, 0, 17, 474]}, {"label": "rectification border", "bounding_box": [0, 977, 1937, 1023]}, {"label": "out of roi", "bounding_box": [0, 0, 2048, 1024]}]}