{"imgHeight": 1024, "imgWidth": 2048, "objects": [{"label": "sky", "bounding_box": [466, 0, 1044, 318]}, {"label": "building", "bounding_box": [559, 0, 2047, 607]}, {"label": "vegetation", "bounding_box": [580, 241, 685, 399]}, {"label": "building", "bounding_box": [0, 0, 593, 475]}, {"label": "road", "bounding_box": [0, 406, 2047, 1023]}, {"label": "parking", "bounding_box": [870, 410, 1202, 481]}, {"label": "vegetation", "bounding_box": [680, 277, 887, 390]}, {"label": "train", "bounding_box": [646, 376, 901, 414]}, {"label": "pole", "bounding_box": [693, 305, 710, 400]}, {"label": "pole", "bounding_box": [678, 290, 697, 402]}, {"label": "ground", "bounding_box": [1015, 412, 1477, 504]}, {"label": "pole", "bounding_box": [655, 265, 681, 406]}, {"label": "pole", "bounding_box": [627, 234, 655, 398]}, {"label": "cargroup", "bounding_box": [610, 381, 729, 427]}, {"label": "car", "bounding_box": [540, 386, 601, 442]}, {"label": "pole", "bounding_box": [566, 171, 607, 405]}, {"label": "sidewalk", "bounding_box": [0, 430, 441, 507]}, {"label": "car", "bounding_box": [562, 387, 642, 452]}, {"label": "license plate", "bounding_box": [587, 429, 610, 435]}, {"label": "static", "bounding_box": [432, 376, 450, 406]}, {"label": "car", "bounding_box": [489, 388, 557, 452]}, {"label": "pole", "bounding_box": [434, 28, 500, 391]}, {"label": "static", "bounding_box": [314, 287, 339, 321]}, {"label": "car", "bounding_box": [423, 380, 535, 465]}, {"label": "license plate", "bounding_box": [452, 436, 479, 442]}, {"label": "pole", "bounding_box": [921, 357, 927, 385]}, {"label": "pole", "bounding_box": [874, 379, 878, 401]}, {"label": "sidewalk", "bounding_box": [1074, 420, 2047, 696]}, {"label": "traffic sign", "bounding_box": [869, 368, 880, 382]}, {"label": "car", "bounding_box": [828, 395, 850, 415]}, {"label": "car", "bounding_box": [836, 393, 861, 416]}, {"label": "car", "bounding_box": [848, 383, 879, 417]}, {"label": "car", "bounding_box": [867, 383, 902, 418]}, {"label": "car", "bounding_box": [879, 374, 923, 418]}, {"label": "car", "bounding_box": [897, 381, 923, 426]}, {"label": "car", "bounding_box": [904, 375, 963, 431]}, {"label": "car", "bounding_box": [934, 375, 991, 440]}, {"label": "car", "bounding_box": [956, 370, 1035, 447]}, {"label": "car", "bounding_box": [976, 371, 1086, 456]}, {"label": "license plate", "bounding_box": [1027, 410, 1057, 416]}, {"label": "static", "bounding_box": [946, 97, 976, 298]}, {"label": "pole", "bounding_box": [1170, 275, 1183, 473]}, {"label": "traffic sign", "bounding_box": [1141, 205, 1198, 260]}, {"label": "traffic sign", "bounding_box": [1165, 298, 1181, 331]}, {"label": "traffic sign", "bounding_box": [1147, 259, 1194, 275]}, {"label": "traffic sign", "bounding_box": [1151, 282, 1194, 303]}, {"label": "traffic sign", "bounding_box": [1150, 272, 1193, 289]}, {"label": "traffic light", "bounding_box": [1820, 151, 1875, 211]}, {"label": "pole", "bounding_box": [1861, 115, 1903, 573]}, {"label": "pole", "bounding_box": [1599, 0, 1638, 407]}, {"label": "ground", "bounding_box": [0, 514, 94, 548]}, {"label": "pole", "bounding_box": [0, 246, 5, 521]}, {"label": "static", "bounding_box": [0, 209, 19, 261]}, {"label": "static", "bounding_box": [0, 261, 22, 279]}, {"label": "traffic sign", "bounding_box": [915, 345, 927, 361]}, {"label": "pole", "bounding_box": [1223, 377, 1247, 425]}, {"label": "pole", "bounding_box": [1233, 378, 1255, 423]}, {"label": "pole", "bounding_box": [1240, 379, 1257, 425]}, {"label": "pole", "bounding_box": [1251, 378, 1266, 425]}, {"label": "pole", "bounding_box": [1265, 378, 1284, 424]}, {"label": "pole", "bounding_box": [1257, 379, 1270, 424]}, {"label": "pole", "bounding_box": [1278, 376, 1294, 427]}, {"label": "pole", "bounding_box": [1289, 375, 1309, 427]}, {"label": "pole", "bounding_box": [1301, 377, 1319, 428]}, {"label": "pole", "bounding_box": [1315, 374, 1334, 428]}, {"label": "pole", "bounding_box": [1329, 373, 1356, 428]}, {"label": "static", "bounding_box": [442, 33, 500, 61]}, {"label": "ego vehicle", "bounding_box": [24, 796, 2047, 1023]}, {"label": "rectification border", "bounding_box": [416, 0, 2047, 28]}, {"label": "rectification border", "bounding_box": [2037, 509, 2047, 1023]}, {"label": "rectification border", "bounding_box": [0, 0, 17, 474]}, {"label": "rectification border", "bounding_box": [0, 977, 1937, 1023]}, {"label": "out of roi", "bounding_box": [0, 0, 2048, 1024]}]}