{"imgHeight": 1024, "imgWidth": 2048, "objects": [{"label": "ground", "bounding_box": [706, 473, 829, 486]}, {"label": "sky", "bounding_box": [0, 0, 1299, 420]}, {"label": "building", "bounding_box": [0, 109, 827, 443]}, {"label": "vegetation", "bounding_box": [0, 0, 1160, 485]}, {"label": "static", "bounding_box": [929, 423, 954, 477]}, {"label": "road", "bounding_box": [221, 466, 2047, 1023]}, {"label": "ground", "bounding_box": [706, 473, 829, 486]}, {"label": "building", "bounding_box": [1155, 0, 2047, 608]}, {"label": "pole", "bounding_box": [404, 234, 416, 375]}, {"label": "traffic light", "bounding_box": [388, 236, 404, 265]}, {"label": "traffic light", "bounding_box": [379, 277, 405, 333]}, {"label": "pole", "bounding_box": [52, 0, 109, 436]}, {"label": "pole", "bounding_box": [102, 242, 129, 430]}, {"label": "person", "bounding_box": [9, 406, 35, 437]}, {"label": "pole", "bounding_box": [850, 362, 858, 423]}, {"label": "wall", "bounding_box": [0, 419, 589, 740]}, {"label": "sidewalk", "bounding_box": [0, 546, 915, 1023]}, {"label": "fence", "bounding_box": [0, 447, 536, 736]}, {"label": "fence", "bounding_box": [641, 429, 836, 483]}, {"label": "sidewalk", "bounding_box": [642, 456, 1062, 513]}, {"label": "fence", "bounding_box": [577, 428, 667, 571]}, {"label": "wall", "bounding_box": [833, 419, 938, 480]}, {"label": "fence", "bounding_box": [951, 430, 1077, 473]}, {"label": "pole", "bounding_box": [817, 363, 822, 429]}, {"label": "pole", "bounding_box": [834, 359, 839, 424]}, {"label": "bicycle", "bounding_box": [951, 429, 971, 475]}, {"label": "pole", "bounding_box": [869, 221, 891, 419]}, {"label": "pole", "bounding_box": [886, 303, 893, 487]}, {"label": "static", "bounding_box": [891, 304, 900, 333]}, {"label": "pole", "bounding_box": [942, 338, 952, 479]}, {"label": "traffic sign", "bounding_box": [927, 305, 963, 340]}, {"label": "pole", "bounding_box": [782, 160, 809, 558]}, {"label": "traffic sign", "bounding_box": [747, 84, 824, 162]}, {"label": "dynamic", "bounding_box": [318, 454, 524, 693]}, {"label": "traffic light", "bounding_box": [771, 178, 807, 277]}, {"label": "person", "bounding_box": [444, 333, 554, 488]}, {"label": "person", "bounding_box": [403, 320, 495, 456]}, {"label": "person", "bounding_box": [306, 426, 356, 581]}, {"label": "person", "bounding_box": [365, 329, 440, 411]}, {"label": "sidewalk", "bounding_box": [1354, 455, 1970, 527]}, {"label": "rider", "bounding_box": [315, 474, 420, 601]}, {"label": "dynamic", "bounding_box": [481, 432, 583, 648]}, {"label": "person", "bounding_box": [337, 385, 523, 695]}, {"label": "person", "bounding_box": [207, 285, 338, 709]}, {"label": "person", "bounding_box": [106, 453, 260, 722]}, {"label": "pole", "bounding_box": [1341, 381, 1345, 437]}, {"label": "traffic sign", "bounding_box": [1318, 369, 1338, 391]}, {"label": "traffic sign", "bounding_box": [1344, 357, 1363, 389]}, {"label": "traffic sign", "bounding_box": [1329, 350, 1353, 382]}, {"label": "pole", "bounding_box": [1356, 388, 1362, 452]}, {"label": "static", "bounding_box": [1334, 319, 1358, 343]}, {"label": "static", "bounding_box": [1072, 379, 1098, 436]}, {"label": "pole", "bounding_box": [1492, 344, 1501, 480]}, {"label": "pole", "bounding_box": [1491, 264, 1496, 275]}, {"label": "traffic sign", "bounding_box": [1474, 273, 1514, 310]}, {"label": "static", "bounding_box": [1482, 310, 1511, 346]}, {"label": "sidewalk", "bounding_box": [1584, 548, 2047, 685]}, {"label": "building", "bounding_box": [1837, 267, 1905, 551]}, {"label": "pole", "bounding_box": [1939, 265, 1959, 550]}, {"label": "pole", "bounding_box": [1500, 468, 1511, 510]}, {"label": "static", "bounding_box": [1496, 415, 1515, 467]}, {"label": "traffic sign", "bounding_box": [1505, 417, 1529, 470]}, {"label": "car", "bounding_box": [1023, 357, 1388, 660]}, {"label": "license plate", "bounding_box": [1161, 489, 1275, 513]}, {"label": "static", "bounding_box": [1276, 186, 1311, 205]}, {"label": "static", "bounding_box": [1232, 235, 1272, 249]}, {"label": "static", "bounding_box": [1257, 267, 1289, 319]}, {"label": "static", "bounding_box": [1248, 331, 1264, 348]}, {"label": "static", "bounding_box": [1232, 366, 1245, 378]}, {"label": "static", "bounding_box": [1212, 270, 1242, 282]}, {"label": "static", "bounding_box": [1308, 72, 1375, 94]}, {"label": "static", "bounding_box": [869, 221, 891, 267]}, {"label": "static", "bounding_box": [52, 0, 95, 34]}, {"label": "traffic sign", "bounding_box": [1637, 244, 1689, 263]}, {"label": "ego vehicle", "bounding_box": [24, 796, 2047, 1023]}, {"label": "rectification border", "bounding_box": [416, 0, 2047, 28]}, {"label": "rectification border", "bounding_box": [2037, 509, 2047, 1023]}, {"label": "rectification border", "bounding_box": [0, 0, 17, 474]}, {"label": "rectification border", "bounding_box": [0, 977, 1937, 1023]}, {"label": "out of roi", "bounding_box": [0, 0, 2048, 1024]}]}