{"imgHeight": 1024, "imgWidth": 2048, "objects": [{"label": "sky", "bounding_box": [136, 0, 2047, 309]}, {"label": "building", "bounding_box": [114, 56, 1232, 485]}, {"label": "road", "bounding_box": [0, 390, 2047, 1023]}, {"label": "pole", "bounding_box": [1134, 301, 1169, 339]}, {"label": "vegetation", "bounding_box": [1119, 0, 2047, 419]}, {"label": "pole", "bounding_box": [1116, 260, 1158, 363]}, {"label": "pole", "bounding_box": [1070, 351, 1076, 411]}, {"label": "traffic light", "bounding_box": [1065, 331, 1080, 363]}, {"label": "building", "bounding_box": [1987, 248, 2037, 329]}, {"label": "ground", "bounding_box": [1449, 415, 1733, 438]}, {"label": "building", "bounding_box": [1526, 186, 1870, 416]}, {"label": "sidewalk", "bounding_box": [96, 466, 491, 541]}, {"label": "wall", "bounding_box": [1526, 253, 1870, 416]}, {"label": "traffic sign", "bounding_box": [1343, 321, 1370, 353]}, {"label": "rider", "bounding_box": [1354, 285, 1425, 383]}, {"label": "pole", "bounding_box": [1459, 388, 1468, 443]}, {"label": "terrain", "bounding_box": [575, 431, 911, 461]}, {"label": "pole", "bounding_box": [1475, 381, 1482, 418]}, {"label": "pole", "bounding_box": [1547, 382, 1552, 422]}, {"label": "static", "bounding_box": [1595, 269, 1612, 306]}, {"label": "pole", "bounding_box": [1608, 378, 1614, 418]}, {"label": "pole", "bounding_box": [1571, 0, 1608, 419]}, {"label": "static", "bounding_box": [1577, 266, 1584, 297]}, {"label": "pole", "bounding_box": [1648, 209, 1673, 415]}, {"label": "ground", "bounding_box": [1612, 424, 1756, 444]}, {"label": "traffic light", "bounding_box": [1668, 188, 1708, 259]}, {"label": "sidewalk", "bounding_box": [480, 437, 911, 470]}, {"label": "traffic light", "bounding_box": [1645, 276, 1659, 297]}, {"label": "static", "bounding_box": [1673, 261, 1689, 295]}, {"label": "pole", "bounding_box": [1659, 149, 1686, 428]}, {"label": "traffic sign", "bounding_box": [1643, 166, 1697, 186]}, {"label": "car", "bounding_box": [1738, 258, 2047, 559]}, {"label": "license plate", "bounding_box": [1999, 439, 2047, 460]}, {"label": "car", "bounding_box": [289, 440, 328, 476]}, {"label": "pole", "bounding_box": [1545, 304, 1559, 423]}, {"label": "traffic sign", "bounding_box": [1546, 305, 1561, 336]}, {"label": "pole", "bounding_box": [285, 431, 289, 468]}, {"label": "person", "bounding_box": [560, 430, 571, 461]}, {"label": "car", "bounding_box": [191, 451, 220, 477]}, {"label": "person", "bounding_box": [572, 422, 585, 461]}, {"label": "person", "bounding_box": [602, 436, 620, 452]}, {"label": "person", "bounding_box": [623, 436, 637, 450]}, {"label": "person", "bounding_box": [643, 431, 657, 449]}, {"label": "motorcycle", "bounding_box": [829, 417, 864, 439]}, {"label": "static", "bounding_box": [500, 415, 533, 462]}, {"label": "pole", "bounding_box": [550, 398, 557, 455]}, {"label": "traffic light", "bounding_box": [282, 424, 289, 434]}, {"label": "static", "bounding_box": [552, 442, 565, 462]}, {"label": "pole", "bounding_box": [447, 425, 452, 460]}, {"label": "traffic sign", "bounding_box": [440, 413, 452, 430]}, {"label": "bicyclegroup", "bounding_box": [437, 446, 491, 472]}, {"label": "rider", "bounding_box": [462, 436, 475, 451]}, {"label": "rider", "bounding_box": [472, 435, 485, 463]}, {"label": "car", "bounding_box": [319, 435, 370, 477]}, {"label": "static", "bounding_box": [922, 358, 961, 394]}, {"label": "car", "bounding_box": [383, 432, 447, 485]}, {"label": "vegetation", "bounding_box": [0, 0, 1000, 500]}, {"label": "fence", "bounding_box": [105, 465, 255, 511]}, {"label": "pole", "bounding_box": [258, 407, 268, 481]}, {"label": "pole", "bounding_box": [249, 456, 258, 505]}, {"label": "pole", "bounding_box": [275, 460, 281, 504]}, {"label": "pole", "bounding_box": [223, 458, 233, 507]}, {"label": "pole", "bounding_box": [151, 460, 163, 516]}, {"label": "pole", "bounding_box": [113, 386, 129, 490]}, {"label": "pole", "bounding_box": [381, 451, 397, 485]}, {"label": "pole", "bounding_box": [368, 451, 374, 492]}, {"label": "pole", "bounding_box": [357, 448, 365, 492]}, {"label": "pole", "bounding_box": [348, 452, 355, 493]}, {"label": "pole", "bounding_box": [336, 452, 342, 497]}, {"label": "pole", "bounding_box": [319, 452, 326, 496]}, {"label": "traffic sign", "bounding_box": [101, 332, 130, 374]}, {"label": "traffic sign", "bounding_box": [105, 373, 134, 400]}, {"label": "license plate", "bounding_box": [411, 458, 428, 463]}, {"label": "pole", "bounding_box": [1024, 382, 1027, 414]}, {"label": "traffic sign", "bounding_box": [1021, 376, 1029, 388]}, {"label": "car", "bounding_box": [992, 401, 1055, 430]}, {"label": "pole", "bounding_box": [955, 368, 963, 417]}, {"label": "car", "bounding_box": [953, 400, 1002, 431]}, {"label": "car", "bounding_box": [931, 407, 987, 442]}, {"label": "pole", "bounding_box": [914, 237, 966, 417]}, {"label": "car", "bounding_box": [903, 407, 953, 453]}, {"label": "person", "bounding_box": [943, 398, 972, 450]}, {"label": "license plate", "bounding_box": [918, 434, 929, 439]}, {"label": "person", "bounding_box": [926, 397, 941, 451]}, {"label": "pole", "bounding_box": [658, 4, 728, 413]}, {"label": "static", "bounding_box": [690, 353, 715, 376]}, {"label": "traffic light", "bounding_box": [712, 358, 739, 399]}, {"label": "car", "bounding_box": [662, 406, 787, 478]}, {"label": "license plate", "bounding_box": [731, 443, 758, 450]}, {"label": "car", "bounding_box": [0, 377, 173, 793]}, {"label": "license plate", "bounding_box": [0, 536, 26, 576]}, {"label": "car", "bounding_box": [1007, 325, 1487, 644]}, {"label": "license plate", "bounding_box": [1260, 463, 1380, 493]}, {"label": "person", "bounding_box": [941, 399, 971, 450]}, {"label": "static", "bounding_box": [1769, 186, 1814, 290]}, {"label": "static", "bounding_box": [658, 4, 721, 25]}, {"label": "ego vehicle", "bounding_box": [24, 796, 2047, 1023]}, {"label": "rectification border", "bounding_box": [416, 0, 2047, 28]}, {"label": "rectification border", "bounding_box": [2037, 509, 2047, 1023]}, {"label": "rectification border", "bounding_box": [0, 0, 17, 474]}, {"label": "rectification border", "bounding_box": [0, 977, 1937, 1023]}, {"label": "out of roi", "bounding_box": [0, 0, 2048, 1024]}]}