{"imgHeight": 1024, "imgWidth": 2048, "objects": [{"label": "sky", "bounding_box": [501, 0, 1542, 179]}, {"label": "road", "bounding_box": [-2, 428, 2045, 1022]}, {"label": "building", "bounding_box": [-1, 0, 2045, 528]}, {"label": "sidewalk", "bounding_box": [-2, 449, 796, 500]}, {"label": "sidewalk", "bounding_box": [1176, 438, 1435, 478]}, {"label": "ground", "bounding_box": [1291, 487, 2044, 601]}, {"label": "terrain", "bounding_box": [-1, 452, 987, 1020]}, {"label": "vegetation", "bounding_box": [1284, 425, 1900, 532]}, {"label": "vegetation", "bounding_box": [843, 286, 1206, 455]}, {"label": "vegetation", "bounding_box": [1058, 0, 1530, 475]}, {"label": "pole", "bounding_box": [1004, 284, 1008, 438]}, {"label": "traffic sign", "bounding_box": [990, 394, 1017, 423]}, {"label": "car", "bounding_box": [1036, 431, 1058, 457]}, {"label": "car", "bounding_box": [1022, 430, 1045, 460]}, {"label": "car", "bounding_box": [1006, 429, 1037, 464]}, {"label": "car", "bounding_box": [998, 435, 1026, 466]}, {"label": "truck", "bounding_box": [1052, 408, 1095, 466]}, {"label": "car", "bounding_box": [1060, 440, 1103, 476]}, {"label": "traffic sign", "bounding_box": [1126, 419, 1133, 427]}, {"label": "car", "bounding_box": [1099, 427, 1193, 502]}, {"label": "car", "bounding_box": [1172, 434, 1295, 521]}, {"label": "vegetation", "bounding_box": [940, 344, 1015, 443]}, {"label": "pole", "bounding_box": [962, 301, 969, 438]}, {"label": "static", "bounding_box": [953, 419, 971, 454]}, {"label": "car", "bounding_box": [961, 434, 1026, 483]}, {"label": "bridge", "bounding_box": [174, 134, 1600, 325]}, {"label": "pole", "bounding_box": [1541, 322, 1565, 496]}, {"label": "pole", "bounding_box": [1580, 316, 1607, 499]}, {"label": "person", "bounding_box": [1345, 431, 1352, 466]}, {"label": "pole", "bounding_box": [1327, 319, 1358, 476]}, {"label": "person", "bounding_box": [1355, 436, 1364, 469]}, {"label": "pole", "bounding_box": [1382, 453, 1384, 472]}, {"label": "pole", "bounding_box": [1390, 452, 1392, 468]}, {"label": "pole", "bounding_box": [1434, 464, 1438, 515]}, {"label": "pole", "bounding_box": [1453, 463, 1458, 515]}, {"label": "pole", "bounding_box": [1518, 466, 1524, 516]}, {"label": "pole", "bounding_box": [1565, 462, 1569, 519]}, {"label": "vegetation", "bounding_box": [1352, 0, 2045, 509]}, {"label": "pole", "bounding_box": [1766, 523, 1772, 535]}, {"label": "car", "bounding_box": [1606, 394, 1831, 544]}, {"label": "pole", "bounding_box": [1706, 464, 1714, 544]}, {"label": "pole", "bounding_box": [1750, 465, 1758, 549]}, {"label": "fence", "bounding_box": [1844, 405, 1946, 466]}, {"label": "pole", "bounding_box": [1845, 466, 1852, 543]}, {"label": "pole", "bounding_box": [1839, 467, 1847, 543]}, {"label": "pole", "bounding_box": [1863, 386, 1870, 533]}, {"label": "traffic sign", "bounding_box": [1857, 324, 1880, 395]}, {"label": "static", "bounding_box": [2008, 291, 2045, 396]}, {"label": "car", "bounding_box": [1864, 416, 2045, 574]}, {"label": "car", "bounding_box": [931, 427, 956, 447]}, {"label": "car", "bounding_box": [930, 434, 952, 448]}, {"label": "car", "bounding_box": [930, 436, 947, 457]}, {"label": "car", "bounding_box": [894, 436, 909, 450]}, {"label": "car", "bounding_box": [881, 424, 897, 458]}, {"label": "car", "bounding_box": [854, 420, 887, 464]}, {"label": "static", "bounding_box": [912, 423, 933, 456]}, {"label": "vegetation", "bounding_box": [851, 303, 967, 462]}, {"label": "static", "bounding_box": [893, 408, 915, 463]}, {"label": "vegetation", "bounding_box": [761, 321, 881, 445]}, {"label": "static", "bounding_box": [834, 394, 865, 477]}, {"label": "static", "bounding_box": [834, 411, 859, 481]}, {"label": "static", "bounding_box": [832, 376, 873, 383]}, {"label": "traffic light", "bounding_box": [871, 370, 877, 385]}, {"label": "car", "bounding_box": [785, 417, 818, 475]}, {"label": "vegetation", "bounding_box": [587, -1, 1078, 479]}, {"label": "vegetation", "bounding_box": [714, 157, 897, 486]}, {"label": "static", "bounding_box": [759, 367, 818, 497]}, {"label": "car", "bounding_box": [738, 427, 761, 467]}, {"label": "car", "bounding_box": [666, 419, 732, 478]}, {"label": "vegetation", "bounding_box": [542, 0, 906, 540]}, {"label": "static", "bounding_box": [657, 320, 748, 541]}, {"label": "static", "bounding_box": [590, 300, 614, 373]}, {"label": "car", "bounding_box": [475, 436, 589, 521]}, {"label": "car", "bounding_box": [243, 443, 278, 500]}, {"label": "pole", "bounding_box": [344, 0, 421, 617]}, {"label": "static", "bounding_box": [466, 297, 491, 634]}, {"label": "static", "bounding_box": [267, 283, 488, 570]}, {"label": "ego vehicle", "bounding_box": [271, 844, 2028, 1023]}, {"label": "out of roi", "bounding_box": [0, 0, 2048, 1024]}]}