{"imgHeight": 1024, "imgWidth": 2048, "objects": [{"label": "sky", "bounding_box": [321, 0, 1425, 159]}, {"label": "road", "bounding_box": [0, 420, 2044, 1021]}, {"label": "vegetation", "bounding_box": [431, 36, 1357, 507]}, {"label": "building", "bounding_box": [516, 96, 963, 177]}, {"label": "building", "bounding_box": [987, 129, 1133, 209]}, {"label": "vegetation", "bounding_box": [855, 131, 1224, 314]}, {"label": "building", "bounding_box": [1166, 284, 1252, 324]}, {"label": "vegetation", "bounding_box": [1029, 233, 1204, 424]}, {"label": "building", "bounding_box": [1320, 0, 2045, 455]}, {"label": "building", "bounding_box": [500, 57, 1044, 488]}, {"label": "building", "bounding_box": [493, 419, 563, 479]}, {"label": "static", "bounding_box": [562, 433, 589, 464]}, {"label": "pole", "bounding_box": [519, 413, 523, 462]}, {"label": "person", "bounding_box": [470, 445, 481, 480]}, {"label": "person", "bounding_box": [509, 450, 526, 477]}, {"label": "person", "bounding_box": [529, 443, 544, 475]}, {"label": "pole", "bounding_box": [596, 422, 599, 459]}, {"label": "static", "bounding_box": [598, 423, 605, 439]}, {"label": "building", "bounding_box": [-2, 0, 538, 520]}, {"label": "static", "bounding_box": [516, 388, 522, 415]}, {"label": "car", "bounding_box": [-2, 425, 91, 519]}, {"label": "person", "bounding_box": [96, 463, 118, 510]}, {"label": "car", "bounding_box": [571, 454, 628, 474]}, {"label": "static", "bounding_box": [750, 448, 761, 460]}, {"label": "car", "bounding_box": [708, 446, 754, 467]}, {"label": "static", "bounding_box": [713, 429, 726, 468]}, {"label": "car", "bounding_box": [991, 423, 1011, 447]}, {"label": "truck", "bounding_box": [949, 406, 996, 448]}, {"label": "pole", "bounding_box": [1008, 312, 1018, 444]}, {"label": "pole", "bounding_box": [1074, 358, 1077, 417]}, {"label": "traffic sign", "bounding_box": [1069, 370, 1080, 382]}, {"label": "traffic sign", "bounding_box": [1069, 382, 1082, 397]}, {"label": "pole", "bounding_box": [1102, 395, 1106, 419]}, {"label": "traffic sign", "bounding_box": [1097, 386, 1107, 399]}, {"label": "truck", "bounding_box": [1117, 394, 1131, 410]}, {"label": "pole", "bounding_box": [1140, 356, 1145, 395]}, {"label": "car", "bounding_box": [1133, 393, 1159, 407]}, {"label": "static", "bounding_box": [1074, 335, 1148, 363]}, {"label": "traffic light", "bounding_box": [1146, 332, 1155, 352]}, {"label": "pole", "bounding_box": [1151, 353, 1154, 396]}, {"label": "traffic sign", "bounding_box": [1147, 385, 1155, 395]}, {"label": "static", "bounding_box": [1148, 393, 1159, 404]}, {"label": "vegetation", "bounding_box": [1223, 354, 1252, 393]}, {"label": "truck", "bounding_box": [1229, 386, 1255, 415]}, {"label": "static", "bounding_box": [1251, 403, 1274, 426]}, {"label": "static", "bounding_box": [1157, 365, 1220, 371]}, {"label": "vegetation", "bounding_box": [1188, 313, 1327, 392]}, {"label": "pole", "bounding_box": [1220, 348, 1224, 399]}, {"label": "pole", "bounding_box": [1211, 348, 1215, 409]}, {"label": "car", "bounding_box": [1215, 396, 1233, 413]}, {"label": "traffic sign", "bounding_box": [1204, 374, 1217, 391]}, {"label": "car", "bounding_box": [1212, 406, 1225, 414]}, {"label": "pole", "bounding_box": [1202, 356, 1208, 420]}, {"label": "pole", "bounding_box": [1194, 377, 1198, 416]}, {"label": "car", "bounding_box": [1228, 408, 1246, 422]}, {"label": "car", "bounding_box": [1209, 409, 1229, 423]}, {"label": "car", "bounding_box": [1174, 415, 1202, 435]}, {"label": "car", "bounding_box": [1162, 432, 1187, 458]}, {"label": "static", "bounding_box": [1265, 360, 1303, 471]}, {"label": "vegetation", "bounding_box": [1135, 1, 1852, 446]}, {"label": "car", "bounding_box": [1173, 428, 1226, 481]}, {"label": "car", "bounding_box": [1183, 423, 1277, 498]}, {"label": "car", "bounding_box": [1121, 406, 1161, 461]}, {"label": "pole", "bounding_box": [973, 419, 977, 450]}, {"label": "traffic sign", "bounding_box": [968, 397, 980, 409]}, {"label": "static", "bounding_box": [969, 409, 979, 419]}, {"label": "static", "bounding_box": [954, 388, 968, 399]}, {"label": "pole", "bounding_box": [942, 286, 951, 448]}, {"label": "static", "bounding_box": [1020, 367, 1035, 378]}, {"label": "person", "bounding_box": [893, 433, 901, 451]}, {"label": "car", "bounding_box": [909, 439, 939, 449]}, {"label": "static", "bounding_box": [882, 417, 896, 426]}, {"label": "car", "bounding_box": [833, 425, 888, 458]}, {"label": "person", "bounding_box": [858, 439, 868, 457]}, {"label": "pole", "bounding_box": [841, 407, 846, 459]}, {"label": "pole", "bounding_box": [822, 387, 830, 477]}, {"label": "car", "bounding_box": [776, 437, 819, 460]}, {"label": "pole", "bounding_box": [538, 344, 551, 478]}, {"label": "pole", "bounding_box": [811, 336, 822, 459]}, {"label": "static", "bounding_box": [539, 335, 815, 349]}, {"label": "wall", "bounding_box": [-2, 451, 823, 525]}, {"label": "pole", "bounding_box": [653, 300, 666, 472]}, {"label": "pole", "bounding_box": [659, 264, 692, 511]}, {"label": "pole", "bounding_box": [417, 209, 471, 552]}, {"label": "static", "bounding_box": [-2, 450, 185, 605]}, {"label": "static", "bounding_box": [65, 285, 308, 583]}, {"label": "static", "bounding_box": [0, 258, 299, 314]}, {"label": "static", "bounding_box": [-2, 302, 446, 346]}, {"label": "wall", "bounding_box": [-2, 442, 1018, 982]}, {"label": "ground", "bounding_box": [-2, 462, 1011, 1021]}, {"label": "car", "bounding_box": [988, 406, 1167, 551]}, {"label": "car", "bounding_box": [1283, 377, 1412, 492]}, {"label": "car", "bounding_box": [1397, 332, 1589, 511]}, {"label": "pole", "bounding_box": [1630, 294, 1647, 384]}, {"label": "traffic sign", "bounding_box": [1622, 300, 1648, 327]}, {"label": "static", "bounding_box": [1696, 202, 1816, 401]}, {"label": "car", "bounding_box": [1823, 388, 1953, 523]}, {"label": "car", "bounding_box": [1909, 350, 2045, 545]}, {"label": "static", "bounding_box": [1938, 133, 2033, 200]}, {"label": "car", "bounding_box": [1458, 379, 1918, 661]}, {"label": "static", "bounding_box": [1143, 87, 1166, 102]}, {"label": "static", "bounding_box": [1128, 157, 1141, 167]}, {"label": "static", "bounding_box": [1107, 219, 1120, 230]}, {"label": "static", "bounding_box": [1114, 290, 1126, 297]}, {"label": "static", "bounding_box": [1050, 334, 1058, 341]}, {"label": "static", "bounding_box": [1082, 332, 1090, 338]}, {"label": "static", "bounding_box": [1131, 345, 1140, 350]}, {"label": "static", "bounding_box": [650, 236, 667, 246]}, {"label": "static", "bounding_box": [727, 402, 733, 423]}, {"label": "static", "bounding_box": [740, 397, 747, 404]}, {"label": "license plate", "bounding_box": [1715, 554, 1832, 582]}, {"label": "license plate", "bounding_box": [1054, 477, 1112, 493]}, {"label": "ego vehicle", "bounding_box": [271, 844, 2028, 1023]}, {"label": "out of roi", "bounding_box": [0, 0, 2048, 1024]}]}