{"imgHeight": 1024, "imgWidth": 2048, "objects": [{"label": "sky", "bounding_box": [608, 0, 1366, 303]}, {"label": "vegetation", "bounding_box": [950, 240, 1163, 446]}, {"label": "building", "bounding_box": [1002, 237, 1156, 346]}, {"label": "building", "bounding_box": [1097, 241, 1120, 249]}, {"label": "building", "bounding_box": [-1, 0, 1043, 611]}, {"label": "static", "bounding_box": [1008, 139, 1029, 150]}, {"label": "road", "bounding_box": [-1, 356, 2046, 1022]}, {"label": "building", "bounding_box": [1139, 0, 2044, 639]}, {"label": "traffic light", "bounding_box": [1229, 370, 1244, 385]}, {"label": "pole", "bounding_box": [1112, 258, 1244, 395]}, {"label": "traffic light", "bounding_box": [1099, 252, 1117, 286]}, {"label": "parking", "bounding_box": [180, 529, 272, 569]}, {"label": "traffic sign", "bounding_box": [1164, 397, 1181, 412]}, {"label": "traffic sign", "bounding_box": [1256, 355, 1265, 382]}, {"label": "sidewalk", "bounding_box": [-1, 451, 902, 664]}, {"label": "sidewalk", "bounding_box": [1607, 513, 2046, 730]}, {"label": "cargroup", "bounding_box": [1039, 360, 1062, 400]}, {"label": "car", "bounding_box": [1041, 402, 1052, 410]}, {"label": "car", "bounding_box": [1047, 405, 1057, 413]}, {"label": "vegetation", "bounding_box": [998, 396, 1030, 429]}, {"label": "static", "bounding_box": [996, 381, 1042, 439]}, {"label": "car", "bounding_box": [1025, 409, 1043, 423]}, {"label": "car", "bounding_box": [1023, 415, 1038, 429]}, {"label": "car", "bounding_box": [1036, 419, 1054, 433]}, {"label": "car", "bounding_box": [1048, 422, 1072, 434]}, {"label": "car", "bounding_box": [1013, 423, 1037, 436]}, {"label": "car", "bounding_box": [1004, 432, 1025, 448]}, {"label": "cargroup", "bounding_box": [995, 436, 1018, 452]}, {"label": "truck", "bounding_box": [915, 367, 1002, 473]}, {"label": "static", "bounding_box": [1103, 410, 1117, 432]}, {"label": "static", "bounding_box": [1129, 399, 1135, 430]}, {"label": "static", "bounding_box": [1138, 394, 1150, 416]}, {"label": "cargroup", "bounding_box": [1088, 406, 1140, 462]}, {"label": "car", "bounding_box": [1069, 423, 1105, 460]}, {"label": "car", "bounding_box": [1131, 421, 1171, 464]}, {"label": "car", "bounding_box": [1152, 424, 1176, 469]}, {"label": "static", "bounding_box": [1198, 279, 1218, 308]}, {"label": "static", "bounding_box": [1198, 310, 1218, 339]}, {"label": "static", "bounding_box": [1194, 371, 1205, 412]}, {"label": "car", "bounding_box": [1158, 408, 1221, 482]}, {"label": "car", "bounding_box": [1194, 384, 1269, 495]}, {"label": "car", "bounding_box": [1202, 386, 1333, 505]}, {"label": "car", "bounding_box": [1235, 390, 1344, 518]}, {"label": "car", "bounding_box": [1266, 413, 1338, 541]}, {"label": "car", "bounding_box": [1302, 213, 1672, 588]}, {"label": "person", "bounding_box": [1515, 373, 1614, 617]}, {"label": "car", "bounding_box": [894, 438, 927, 466]}, {"label": "traffic sign", "bounding_box": [884, 453, 907, 473]}, {"label": "dynamic", "bounding_box": [815, 440, 840, 472]}, {"label": "traffic light", "bounding_box": [804, 382, 816, 400]}, {"label": "pole", "bounding_box": [805, 400, 810, 481]}, {"label": "static", "bounding_box": [736, 360, 759, 437]}, {"label": "traffic sign", "bounding_box": [636, 369, 645, 428]}, {"label": "pole", "bounding_box": [640, 428, 642, 450]}, {"label": "pole", "bounding_box": [868, 387, 871, 474]}, {"label": "static", "bounding_box": [746, 283, 806, 347]}, {"label": "static", "bounding_box": [660, 366, 683, 390]}, {"label": "vegetation", "bounding_box": [654, 16, 742, 310]}, {"label": "static", "bounding_box": [417, 208, 489, 295]}, {"label": "car", "bounding_box": [710, 426, 802, 513]}, {"label": "car", "bounding_box": [612, 430, 741, 536]}, {"label": "license plate", "bounding_box": [1446, 504, 1521, 521]}, {"label": "dynamic", "bounding_box": [453, 449, 499, 529]}, {"label": "dynamic", "bounding_box": [328, 469, 424, 536]}, {"label": "person", "bounding_box": [404, 452, 455, 530]}, {"label": "license plate", "bounding_box": [648, 504, 682, 515]}, {"label": "license plate", "bounding_box": [952, 450, 968, 456]}, {"label": "license plate", "bounding_box": [1082, 439, 1092, 441]}, {"label": "static", "bounding_box": [527, 322, 573, 360]}, {"label": "ego vehicle", "bounding_box": [271, 844, 2028, 1023]}, {"label": "out of roi", "bounding_box": [0, 0, 2048, 1024]}]}