{"imgHeight": 1024, "imgWidth": 2048, "objects": [{"label": "sky", "bounding_box": [668, 0, 1363, 297]}, {"label": "static", "bounding_box": [950, 217, 1165, 342]}, {"label": "building", "bounding_box": [-2, 0, 1081, 689]}, {"label": "vegetation", "bounding_box": [1066, 278, 1120, 400]}, {"label": "building", "bounding_box": [1082, 0, 2045, 765]}, {"label": "sidewalk", "bounding_box": [1089, 416, 1164, 478]}, {"label": "sidewalk", "bounding_box": [829, 386, 1034, 489]}, {"label": "static", "bounding_box": [1012, 380, 1037, 423]}, {"label": "road", "bounding_box": [-2, 378, 2046, 1022]}, {"label": "sidewalk", "bounding_box": [1579, 496, 1903, 654]}, {"label": "cargroup", "bounding_box": [1035, 372, 1050, 382]}, {"label": "cargroup", "bounding_box": [1054, 373, 1062, 387]}, {"label": "static", "bounding_box": [1075, 371, 1104, 419]}, {"label": "rider", "bounding_box": [1061, 428, 1071, 441]}, {"label": "bicycle", "bounding_box": [1057, 440, 1078, 451]}, {"label": "cargroup", "bounding_box": [1063, 373, 1114, 461]}, {"label": "cargroup", "bounding_box": [1046, 388, 1058, 408]}, {"label": "cargroup", "bounding_box": [1024, 380, 1046, 420]}, {"label": "person", "bounding_box": [986, 431, 990, 448]}, {"label": "person", "bounding_box": [979, 428, 985, 448]}, {"label": "person", "bounding_box": [994, 430, 1008, 453]}, {"label": "pole", "bounding_box": [941, 411, 942, 438]}, {"label": "traffic sign", "bounding_box": [933, 393, 949, 406]}, {"label": "traffic light", "bounding_box": [939, 403, 944, 414]}, {"label": "car", "bounding_box": [943, 433, 969, 461]}, {"label": "car", "bounding_box": [856, 433, 957, 466]}, {"label": "traffic light", "bounding_box": [891, 408, 895, 416]}, {"label": "traffic light", "bounding_box": [894, 409, 899, 418]}, {"label": "car", "bounding_box": [876, 424, 930, 470]}, {"label": "license plate", "bounding_box": [894, 454, 907, 458]}, {"label": "pole", "bounding_box": [847, 370, 852, 469]}, {"label": "static", "bounding_box": [892, 309, 909, 372]}, {"label": "static", "bounding_box": [823, 273, 858, 370]}, {"label": "static", "bounding_box": [837, 352, 851, 367]}, {"label": "car", "bounding_box": [717, 416, 790, 445]}, {"label": "car", "bounding_box": [775, 426, 842, 488]}, {"label": "car", "bounding_box": [757, 431, 815, 492]}, {"label": "car", "bounding_box": [727, 428, 781, 499]}, {"label": "car", "bounding_box": [723, 430, 768, 507]}, {"label": "static", "bounding_box": [770, 208, 789, 230]}, {"label": "static", "bounding_box": [771, 239, 790, 262]}, {"label": "static", "bounding_box": [771, 272, 790, 295]}, {"label": "static", "bounding_box": [773, 305, 791, 327]}, {"label": "static", "bounding_box": [773, 338, 792, 360]}, {"label": "pole", "bounding_box": [684, 336, 686, 376]}, {"label": "static", "bounding_box": [674, 344, 683, 367]}, {"label": "car", "bounding_box": [203, 388, 452, 593]}, {"label": "car", "bounding_box": [-2, 402, 268, 646]}, {"label": "car", "bounding_box": [356, 364, 741, 642]}, {"label": "license plate", "bounding_box": [433, 547, 526, 570]}, {"label": "car", "bounding_box": [1025, 434, 1048, 452]}, {"label": "person", "bounding_box": [1028, 418, 1053, 475]}, {"label": "pole", "bounding_box": [1161, 414, 1162, 433]}, {"label": "traffic light", "bounding_box": [1158, 404, 1163, 417]}, {"label": "static", "bounding_box": [1137, 413, 1145, 423]}, {"label": "static", "bounding_box": [1135, 435, 1152, 451]}, {"label": "pole", "bounding_box": [1141, 410, 1142, 457]}, {"label": "traffic sign", "bounding_box": [1204, 386, 1216, 399]}, {"label": "static", "bounding_box": [1184, 297, 1208, 359]}, {"label": "pole", "bounding_box": [1231, 364, 1233, 422]}, {"label": "traffic sign", "bounding_box": [1227, 353, 1247, 374]}, {"label": "car", "bounding_box": [1142, 427, 1215, 484]}, {"label": "traffic sign", "bounding_box": [1279, 387, 1311, 421]}, {"label": "car", "bounding_box": [1193, 416, 1312, 512]}, {"label": "traffic sign", "bounding_box": [1344, 369, 1386, 412]}, {"label": "car", "bounding_box": [1266, 408, 1381, 554]}, {"label": "car", "bounding_box": [1317, 400, 1593, 596]}, {"label": "license plate", "bounding_box": [1456, 487, 1528, 505]}, {"label": "car", "bounding_box": [1846, 356, 2046, 853]}, {"label": "static", "bounding_box": [912, 2, 950, 14]}, {"label": "ego vehicle", "bounding_box": [271, 844, 2028, 1023]}, {"label": "out of roi", "bounding_box": [0, 0, 2048, 1024]}]}