{"imgHeight": 1024, "imgWidth": 2048, "objects": [{"label": "sky", "bounding_box": [-1, 0, 1433, 318]}, {"label": "vegetation", "bounding_box": [625, 124, 737, 243]}, {"label": "building", "bounding_box": [0, 29, 1284, 738]}, {"label": "vegetation", "bounding_box": [1109, 375, 1232, 463]}, {"label": "vegetation", "bounding_box": [0, 0, 1080, 555]}, {"label": "static", "bounding_box": [531, 395, 649, 570]}, {"label": "building", "bounding_box": [-2, 152, 379, 686]}, {"label": "road", "bounding_box": [-2, 462, 2044, 1022]}, {"label": "sidewalk", "bounding_box": [0, 482, 1029, 826]}, {"label": "cargroup", "bounding_box": [1144, 448, 1183, 485]}, {"label": "car", "bounding_box": [1180, 455, 1223, 500]}, {"label": "static", "bounding_box": [908, 459, 994, 511]}, {"label": "static", "bounding_box": [925, 421, 940, 436]}, {"label": "pole", "bounding_box": [927, 413, 939, 508]}, {"label": "fence", "bounding_box": [723, 467, 920, 526]}, {"label": "static", "bounding_box": [701, 448, 728, 546]}, {"label": "static", "bounding_box": [606, 357, 630, 407]}, {"label": "pole", "bounding_box": [601, 364, 626, 507]}, {"label": "building", "bounding_box": [1368, 0, 1679, 333]}, {"label": "vegetation", "bounding_box": [1069, 1, 2046, 545]}, {"label": "terrain", "bounding_box": [1345, 209, 1652, 322]}, {"label": "fence", "bounding_box": [1202, 459, 1335, 576]}, {"label": "building", "bounding_box": [1309, 259, 1698, 576]}, {"label": "sidewalk", "bounding_box": [1094, 498, 1368, 685]}, {"label": "car", "bounding_box": [993, 435, 1176, 584]}, {"label": "static", "bounding_box": [437, 428, 460, 450]}, {"label": "car", "bounding_box": [490, 448, 641, 637]}, {"label": "car", "bounding_box": [126, 434, 561, 715]}, {"label": "license plate", "bounding_box": [235, 617, 352, 650]}, {"label": "pole", "bounding_box": [1607, 20, 1636, 359]}, {"label": "traffic sign", "bounding_box": [1620, 24, 1702, 120]}, {"label": "traffic sign", "bounding_box": [1618, 115, 1702, 219]}, {"label": "car", "bounding_box": [1336, 332, 2032, 840]}, {"label": "car", "bounding_box": [1842, 454, 2044, 1022]}, {"label": "static", "bounding_box": [848, 69, 887, 95]}, {"label": "license plate", "bounding_box": [1068, 503, 1124, 517]}, {"label": "ego vehicle", "bounding_box": [271, 844, 2028, 1023]}, {"label": "out of roi", "bounding_box": [0, 0, 2048, 1024]}]}