{"imgHeight": 1024, "imgWidth": 2048, "objects": [{"label": "sky", "bounding_box": [735, 0, 1366, 284]}, {"label": "road", "bounding_box": [-2, 329, 2045, 1020]}, {"label": "static", "bounding_box": [1082, 232, 1212, 373]}, {"label": "sidewalk", "bounding_box": [997, 395, 1065, 434]}, {"label": "building", "bounding_box": [976, 269, 1117, 416]}, {"label": "static", "bounding_box": [1037, 379, 1072, 402]}, {"label": "cargroup", "bounding_box": [1053, 366, 1115, 414]}, {"label": "car", "bounding_box": [1134, 370, 1148, 381]}, {"label": "sidewalk", "bounding_box": [1199, 416, 1406, 486]}, {"label": "building", "bounding_box": [1172, 180, 1343, 426]}, {"label": "terrain", "bounding_box": [1276, 431, 1352, 445]}, {"label": "vegetation", "bounding_box": [1184, 80, 1336, 434]}, {"label": "pole", "bounding_box": [1226, 343, 1231, 426]}, {"label": "static", "bounding_box": [1149, 333, 1227, 346]}, {"label": "traffic light", "bounding_box": [1142, 326, 1151, 346]}, {"label": "traffic sign", "bounding_box": [1226, 391, 1245, 406]}, {"label": "traffic sign", "bounding_box": [1228, 405, 1238, 437]}, {"label": "static", "bounding_box": [1234, 416, 1247, 442]}, {"label": "person", "bounding_box": [1248, 399, 1264, 436]}, {"label": "pole", "bounding_box": [1270, 372, 1275, 422]}, {"label": "static", "bounding_box": [1264, 401, 1279, 436]}, {"label": "pole", "bounding_box": [1261, 287, 1267, 429]}, {"label": "traffic sign", "bounding_box": [1252, 375, 1276, 398]}, {"label": "pole", "bounding_box": [1276, 323, 1284, 452]}, {"label": "traffic sign", "bounding_box": [1271, 351, 1286, 366]}, {"label": "traffic light", "bounding_box": [1275, 368, 1284, 391]}, {"label": "person", "bounding_box": [1288, 405, 1303, 443]}, {"label": "building", "bounding_box": [1278, 0, 2045, 570]}, {"label": "vegetation", "bounding_box": [1328, 306, 1570, 464]}, {"label": "pole", "bounding_box": [1318, 363, 1321, 462]}, {"label": "traffic sign", "bounding_box": [1319, 358, 1332, 372]}, {"label": "cargroup", "bounding_box": [1154, 365, 1204, 422]}, {"label": "static", "bounding_box": [1339, 433, 1367, 457]}, {"label": "person", "bounding_box": [1323, 401, 1345, 459]}, {"label": "persongroup", "bounding_box": [1348, 391, 1383, 459]}, {"label": "pole", "bounding_box": [1371, 334, 1375, 438]}, {"label": "traffic sign", "bounding_box": [1369, 358, 1390, 370]}, {"label": "traffic sign", "bounding_box": [1370, 340, 1387, 357]}, {"label": "pole", "bounding_box": [1628, 240, 1643, 368]}, {"label": "pole", "bounding_box": [1565, 310, 1573, 372]}, {"label": "static", "bounding_box": [1567, 233, 1628, 290]}, {"label": "static", "bounding_box": [1703, 169, 1794, 247]}, {"label": "pole", "bounding_box": [1753, 174, 1767, 351]}, {"label": "pole", "bounding_box": [1771, 216, 1780, 304]}, {"label": "traffic sign", "bounding_box": [1755, 232, 1810, 264]}, {"label": "traffic sign", "bounding_box": [1752, 180, 1809, 232]}, {"label": "traffic sign", "bounding_box": [1256, 407, 1267, 458]}, {"label": "car", "bounding_box": [1347, 389, 1456, 540]}, {"label": "car", "bounding_box": [1395, 360, 1622, 578]}, {"label": "car", "bounding_box": [1505, 351, 1749, 641]}, {"label": "car", "bounding_box": [1688, 169, 2044, 874]}, {"label": "car", "bounding_box": [1068, 402, 1100, 432]}, {"label": "car", "bounding_box": [1092, 401, 1156, 459]}, {"label": "static", "bounding_box": [1009, 383, 1022, 396]}, {"label": "pole", "bounding_box": [1043, 354, 1046, 409]}, {"label": "pole", "bounding_box": [1015, 393, 1017, 422]}, {"label": "pole", "bounding_box": [1004, 354, 1008, 416]}, {"label": "static", "bounding_box": [1007, 364, 1018, 381]}, {"label": "static", "bounding_box": [1008, 331, 1081, 352]}, {"label": "building", "bounding_box": [824, 48, 999, 169]}, {"label": "vegetation", "bounding_box": [825, 57, 1112, 442]}, {"label": "ground", "bounding_box": [960, 430, 1008, 449]}, {"label": "static", "bounding_box": [962, 406, 1024, 442]}, {"label": "pole", "bounding_box": [962, 334, 965, 421]}, {"label": "static", "bounding_box": [961, 305, 1064, 338]}, {"label": "pole", "bounding_box": [937, 385, 940, 416]}, {"label": "static", "bounding_box": [924, 385, 941, 389]}, {"label": "static", "bounding_box": [901, 374, 918, 405]}, {"label": "pole", "bounding_box": [905, 358, 910, 422]}, {"label": "traffic sign", "bounding_box": [866, 373, 886, 380]}, {"label": "pole", "bounding_box": [883, 371, 887, 421]}, {"label": "sidewalk", "bounding_box": [736, 451, 828, 507]}, {"label": "building", "bounding_box": [0, 0, 846, 564]}, {"label": "person", "bounding_box": [864, 407, 880, 422]}, {"label": "bicycle", "bounding_box": [752, 433, 771, 475]}, {"label": "static", "bounding_box": [772, 426, 801, 473]}, {"label": "static", "bounding_box": [658, 402, 674, 415]}, {"label": "car", "bounding_box": [922, 413, 982, 466]}, {"label": "car", "bounding_box": [914, 420, 958, 470]}, {"label": "car", "bounding_box": [890, 419, 938, 476]}, {"label": "car", "bounding_box": [850, 418, 917, 481]}, {"label": "car", "bounding_box": [812, 420, 901, 491]}, {"label": "car", "bounding_box": [608, 408, 767, 533]}, {"label": "car", "bounding_box": [396, 387, 628, 582]}, {"label": "car", "bounding_box": [160, 408, 489, 623]}, {"label": "static", "bounding_box": [1, 60, 173, 153]}, {"label": "static", "bounding_box": [298, 61, 499, 162]}, {"label": "static", "bounding_box": [688, 230, 738, 278]}, {"label": "static", "bounding_box": [690, 284, 740, 331]}, {"label": "license plate", "bounding_box": [189, 558, 269, 582]}, {"label": "motorcycle", "bounding_box": [-2, 483, 218, 667]}, {"label": "static", "bounding_box": [1045, 61, 1078, 82]}, {"label": "traffic light", "bounding_box": [1137, 290, 1155, 316]}, {"label": "ego vehicle", "bounding_box": [271, 844, 2028, 1023]}, {"label": "out of roi", "bounding_box": [0, 0, 2048, 1024]}]}