{"imgHeight": 1024, "imgWidth": 2048, "objects": [{"label": "sky", "bounding_box": [664, 0, 1628, 195]}, {"label": "static", "bounding_box": [761, 54, 1381, 267]}, {"label": "building", "bounding_box": [-1, 0, 1196, 650]}, {"label": "vegetation", "bounding_box": [1152, 192, 1287, 398]}, {"label": "dynamic", "bounding_box": [1268, 168, 1321, 418]}, {"label": "building", "bounding_box": [1290, 1, 2045, 619]}, {"label": "road", "bounding_box": [-2, 379, 2045, 1023]}, {"label": "sidewalk", "bounding_box": [1104, 390, 1249, 463]}, {"label": "static", "bounding_box": [1224, 352, 1275, 417]}, {"label": "vegetation", "bounding_box": [1202, 230, 1307, 415]}, {"label": "static", "bounding_box": [1188, 375, 1215, 399]}, {"label": "static", "bounding_box": [1133, 390, 1189, 426]}, {"label": "sidewalk", "bounding_box": [942, 371, 1130, 447]}, {"label": "static", "bounding_box": [1107, 370, 1130, 393]}, {"label": "vegetation", "bounding_box": [1116, 320, 1195, 451]}, {"label": "cargroup", "bounding_box": [1001, 379, 1104, 428]}, {"label": "vegetation", "bounding_box": [965, 408, 1030, 444]}, {"label": "static", "bounding_box": [815, 411, 892, 445]}, {"label": "pole", "bounding_box": [869, 385, 873, 437]}, {"label": "static", "bounding_box": [863, 381, 887, 408]}, {"label": "person", "bounding_box": [755, 425, 768, 442]}, {"label": "person", "bounding_box": [776, 418, 798, 439]}, {"label": "sidewalk", "bounding_box": [0, 547, 291, 742]}, {"label": "car", "bounding_box": [925, 429, 968, 473]}, {"label": "car", "bounding_box": [885, 415, 954, 482]}, {"label": "car", "bounding_box": [858, 430, 923, 495]}, {"label": "car", "bounding_box": [824, 436, 897, 507]}, {"label": "car", "bounding_box": [735, 432, 862, 531]}, {"label": "car", "bounding_box": [541, 431, 754, 587]}, {"label": "car", "bounding_box": [41, 375, 569, 721]}, {"label": "license plate", "bounding_box": [588, 531, 648, 551]}, {"label": "license plate", "bounding_box": [148, 605, 262, 638]}, {"label": "static", "bounding_box": [1113, 426, 1125, 439]}, {"label": "terrain", "bounding_box": [1117, 453, 1152, 466]}, {"label": "cargroup", "bounding_box": [1143, 426, 1197, 478]}, {"label": "car", "bounding_box": [1173, 405, 1365, 502]}, {"label": "car", "bounding_box": [1199, 424, 1297, 508]}, {"label": "cargroup", "bounding_box": [1226, 426, 1350, 521]}, {"label": "car", "bounding_box": [1273, 427, 1409, 540]}, {"label": "car", "bounding_box": [1330, 425, 1598, 567]}, {"label": "static", "bounding_box": [1451, 223, 1503, 393]}, {"label": "vegetation", "bounding_box": [670, 0, 886, 417]}, {"label": "static", "bounding_box": [478, 215, 563, 294]}, {"label": "terrain", "bounding_box": [1298, 508, 1737, 600]}, {"label": "vegetation", "bounding_box": [1397, 0, 1641, 554]}, {"label": "pole", "bounding_box": [1868, 318, 1880, 410]}, {"label": "traffic sign", "bounding_box": [1849, 309, 1893, 338]}, {"label": "traffic sign", "bounding_box": [1849, 261, 1890, 309]}, {"label": "car", "bounding_box": [1580, 391, 2029, 638]}, {"label": "car", "bounding_box": [1723, 446, 2032, 692]}, {"label": "car", "bounding_box": [1907, 407, 2045, 815]}, {"label": "license plate", "bounding_box": [1631, 497, 1699, 520]}, {"label": "license plate", "bounding_box": [1791, 550, 1890, 580]}, {"label": "license plate", "bounding_box": [765, 492, 797, 504]}, {"label": "ego vehicle", "bounding_box": [271, 844, 2028, 1023]}, {"label": "out of roi", "bounding_box": [0, 0, 2048, 1024]}]}