{"imgHeight": 1024, "imgWidth": 2048, "objects": [{"label": "sky", "bounding_box": [629, 0, 2045, 312]}, {"label": "building", "bounding_box": [928, 149, 1032, 210]}, {"label": "vegetation", "bounding_box": [816, 0, 2045, 675]}, {"label": "road", "bounding_box": [-2, 393, 2045, 1021]}, {"label": "vegetation", "bounding_box": [860, 393, 1040, 445]}, {"label": "sidewalk", "bounding_box": [879, 438, 946, 448]}, {"label": "static", "bounding_box": [744, 357, 882, 434]}, {"label": "terrain", "bounding_box": [-1, 406, 788, 599]}, {"label": "wall", "bounding_box": [0, 449, 794, 688]}, {"label": "sidewalk", "bounding_box": [-2, 447, 862, 953]}, {"label": "vegetation", "bounding_box": [795, 341, 842, 406]}, {"label": "vegetation", "bounding_box": [754, 375, 788, 433]}, {"label": "static", "bounding_box": [833, 369, 856, 413]}, {"label": "car", "bounding_box": [786, 411, 800, 435]}, {"label": "car", "bounding_box": [790, 409, 816, 435]}, {"label": "car", "bounding_box": [800, 411, 830, 438]}, {"label": "car", "bounding_box": [822, 412, 858, 440]}, {"label": "vegetation", "bounding_box": [-2, 0, 874, 481]}, {"label": "pole", "bounding_box": [675, 118, 704, 451]}, {"label": "pole", "bounding_box": [858, 384, 863, 438]}, {"label": "car", "bounding_box": [861, 414, 910, 446]}, {"label": "pole", "bounding_box": [985, 391, 988, 418]}, {"label": "traffic sign", "bounding_box": [979, 388, 989, 396]}, {"label": "traffic sign", "bounding_box": [980, 378, 989, 387]}, {"label": "car", "bounding_box": [923, 416, 955, 452]}, {"label": "car", "bounding_box": [935, 415, 990, 454]}, {"label": "car", "bounding_box": [965, 415, 1030, 458]}, {"label": "car", "bounding_box": [1014, 418, 1064, 468]}, {"label": "car", "bounding_box": [1044, 415, 1098, 475]}, {"label": "car", "bounding_box": [1065, 415, 1128, 476]}, {"label": "pole", "bounding_box": [1098, 456, 1102, 481]}, {"label": "traffic sign", "bounding_box": [1093, 434, 1105, 458]}, {"label": "car", "bounding_box": [1100, 423, 1156, 491]}, {"label": "car", "bounding_box": [1124, 416, 1220, 500]}, {"label": "car", "bounding_box": [1155, 421, 1244, 513]}, {"label": "car", "bounding_box": [1203, 417, 1341, 537]}, {"label": "car", "bounding_box": [1262, 413, 1428, 566]}, {"label": "car", "bounding_box": [1349, 414, 1651, 611]}, {"label": "car", "bounding_box": [1595, 396, 2046, 765]}, {"label": "car", "bounding_box": [1870, 482, 2044, 860]}, {"label": "pole", "bounding_box": [829, 361, 837, 460]}, {"label": "license plate", "bounding_box": [1523, 495, 1597, 513]}, {"label": "traffic sign", "bounding_box": [2004, 183, 2045, 253]}, {"label": "traffic sign", "bounding_box": [2011, 250, 2045, 274]}, {"label": "ego vehicle", "bounding_box": [271, 844, 2028, 1023]}, {"label": "out of roi", "bounding_box": [0, 0, 2048, 1024]}]}