{"imgHeight": 1024, "imgWidth": 2048, "objects": [{"label": "sky", "bounding_box": [212, 0, 1073, 101]}, {"label": "vegetation", "bounding_box": [-1, 0, 1022, 115]}, {"label": "building", "bounding_box": [-1, 0, 984, 448]}, {"label": "road", "bounding_box": [-2, 422, 2044, 1022]}, {"label": "vegetation", "bounding_box": [795, 281, 923, 432]}, {"label": "pole", "bounding_box": [814, 287, 825, 404]}, {"label": "vegetation", "bounding_box": [357, 279, 659, 419]}, {"label": "fence", "bounding_box": [165, 403, 772, 445]}, {"label": "traffic sign", "bounding_box": [739, 393, 754, 432]}, {"label": "car", "bounding_box": [748, 398, 803, 436]}, {"label": "traffic light", "bounding_box": [862, 247, 920, 281]}, {"label": "traffic sign", "bounding_box": [207, 344, 239, 385]}, {"label": "pole", "bounding_box": [499, 99, 521, 434]}, {"label": "static", "bounding_box": [481, 212, 537, 240]}, {"label": "car", "bounding_box": [551, 392, 647, 446]}, {"label": "car", "bounding_box": [775, 394, 876, 471]}, {"label": "car", "bounding_box": [379, 385, 477, 444]}, {"label": "static", "bounding_box": [329, 393, 351, 438]}, {"label": "car", "bounding_box": [337, 392, 464, 461]}, {"label": "car", "bounding_box": [180, 382, 317, 458]}, {"label": "vegetation", "bounding_box": [1, 39, 136, 295]}, {"label": "car", "bounding_box": [-2, 389, 104, 470]}, {"label": "car", "bounding_box": [16, 394, 210, 529]}, {"label": "terrain", "bounding_box": [877, 430, 2045, 671]}, {"label": "vegetation", "bounding_box": [913, 0, 2045, 555]}, {"label": "pole", "bounding_box": [1478, 236, 1501, 497]}, {"label": "traffic sign", "bounding_box": [1476, 236, 1543, 308]}, {"label": "ground", "bounding_box": [881, 480, 951, 520]}, {"label": "pole", "bounding_box": [1840, 1, 1884, 389]}, {"label": "static", "bounding_box": [1778, 350, 1926, 560]}, {"label": "sidewalk", "bounding_box": [1298, 536, 2045, 670]}, {"label": "pole", "bounding_box": [1715, 74, 1762, 591]}, {"label": "traffic sign", "bounding_box": [1700, 81, 1804, 182]}, {"label": "truck", "bounding_box": [870, 86, 1432, 596]}, {"label": "license plate", "bounding_box": [1210, 491, 1292, 523]}, {"label": "license plate", "bounding_box": [66, 482, 110, 495]}, {"label": "ego vehicle", "bounding_box": [271, 844, 2028, 1023]}, {"label": "out of roi", "bounding_box": [0, 0, 2048, 1024]}]}