{"imgHeight": 1024, "imgWidth": 2048, "objects": [{"label": "sky", "bounding_box": [-1, 0, 2045, 241]}, {"label": "building", "bounding_box": [0, 11, 1213, 496]}, {"label": "vegetation", "bounding_box": [1440, 171, 1975, 253]}, {"label": "road", "bounding_box": [-2, 413, 2045, 1022]}, {"label": "building", "bounding_box": [1259, 191, 1989, 448]}, {"label": "vegetation", "bounding_box": [1786, 141, 2046, 437]}, {"label": "pole", "bounding_box": [1863, 386, 1867, 429]}, {"label": "traffic sign", "bounding_box": [1865, 389, 1876, 399]}, {"label": "traffic light", "bounding_box": [1483, 396, 1495, 408]}, {"label": "sidewalk", "bounding_box": [1521, 420, 1538, 433]}, {"label": "person", "bounding_box": [1528, 406, 1534, 424]}, {"label": "person", "bounding_box": [1519, 407, 1525, 423]}, {"label": "vegetation", "bounding_box": [1466, 415, 1549, 437]}, {"label": "pole", "bounding_box": [1647, 378, 1649, 432]}, {"label": "traffic light", "bounding_box": [1643, 393, 1647, 400]}, {"label": "pole", "bounding_box": [1779, 372, 1781, 405]}, {"label": "static", "bounding_box": [1764, 380, 1778, 408]}, {"label": "vegetation", "bounding_box": [1624, 279, 1780, 446]}, {"label": "traffic light", "bounding_box": [1648, 393, 1652, 404]}, {"label": "pole", "bounding_box": [1709, 232, 1711, 409]}, {"label": "static", "bounding_box": [1698, 230, 1720, 239]}, {"label": "static", "bounding_box": [1699, 378, 1726, 402]}, {"label": "static", "bounding_box": [1620, 406, 1622, 412]}, {"label": "static", "bounding_box": [1610, 406, 1618, 422]}, {"label": "traffic sign", "bounding_box": [1611, 419, 1626, 433]}, {"label": "traffic light", "bounding_box": [1580, 396, 1588, 410]}, {"label": "static", "bounding_box": [1620, 343, 1637, 357]}, {"label": "traffic light", "bounding_box": [1579, 373, 1584, 380]}, {"label": "terrain", "bounding_box": [1620, 429, 1750, 451]}, {"label": "pole", "bounding_box": [1624, 201, 1634, 448]}, {"label": "traffic light", "bounding_box": [1609, 362, 1625, 380]}, {"label": "car", "bounding_box": [1527, 414, 1553, 451]}, {"label": "car", "bounding_box": [1538, 408, 1625, 454]}, {"label": "static", "bounding_box": [1172, 404, 1195, 442]}, {"label": "vegetation", "bounding_box": [1060, 120, 1515, 462]}, {"label": "sidewalk", "bounding_box": [1858, 527, 2044, 965]}, {"label": "sidewalk", "bounding_box": [0, 607, 613, 753]}, {"label": "sidewalk", "bounding_box": [533, 461, 871, 480]}, {"label": "car", "bounding_box": [1874, 415, 1921, 445]}, {"label": "static", "bounding_box": [1135, 382, 1144, 401]}, {"label": "pole", "bounding_box": [1141, 382, 1146, 445]}, {"label": "static", "bounding_box": [1059, 418, 1078, 452]}, {"label": "pole", "bounding_box": [1050, 210, 1062, 451]}, {"label": "static", "bounding_box": [1032, 374, 1049, 390]}, {"label": "pole", "bounding_box": [1040, 373, 1044, 451]}, {"label": "traffic sign", "bounding_box": [1009, 409, 1025, 462]}, {"label": "static", "bounding_box": [925, 410, 952, 455]}, {"label": "person", "bounding_box": [859, 420, 870, 441]}, {"label": "static", "bounding_box": [859, 430, 886, 466]}, {"label": "static", "bounding_box": [916, 42, 976, 87]}, {"label": "pole", "bounding_box": [868, 1, 933, 461]}, {"label": "person", "bounding_box": [14, 421, 45, 451]}, {"label": "person", "bounding_box": [53, 435, 66, 449]}, {"label": "person", "bounding_box": [99, 428, 113, 446]}, {"label": "person", "bounding_box": [119, 425, 147, 446]}, {"label": "pole", "bounding_box": [158, 344, 168, 445]}, {"label": "traffic light", "bounding_box": [144, 367, 160, 397]}, {"label": "pole", "bounding_box": [203, 322, 213, 444]}, {"label": "traffic light", "bounding_box": [193, 382, 207, 405]}, {"label": "traffic sign", "bounding_box": [181, 350, 199, 380]}, {"label": "static", "bounding_box": [523, 355, 546, 380]}, {"label": "pole", "bounding_box": [537, 354, 544, 471]}, {"label": "fence", "bounding_box": [581, 424, 652, 479]}, {"label": "polegroup", "bounding_box": [738, 184, 816, 462]}, {"label": "pole", "bounding_box": [785, 356, 789, 394]}, {"label": "static", "bounding_box": [735, 211, 803, 371]}, {"label": "traffic light", "bounding_box": [1171, 290, 1186, 321]}, {"label": "traffic light", "bounding_box": [1255, 288, 1272, 319]}, {"label": "traffic light", "bounding_box": [1333, 287, 1350, 318]}, {"label": "traffic light", "bounding_box": [1433, 284, 1451, 314]}, {"label": "static", "bounding_box": [1226, 281, 1245, 293]}, {"label": "static", "bounding_box": [1058, 280, 1624, 298]}, {"label": "car", "bounding_box": [1482, 425, 1516, 451]}, {"label": "car", "bounding_box": [1460, 415, 1488, 452]}, {"label": "static", "bounding_box": [1449, 349, 1470, 411]}, {"label": "truck", "bounding_box": [1365, 341, 1470, 453]}, {"label": "static", "bounding_box": [1655, 382, 1697, 394]}, {"label": "pole", "bounding_box": [1681, 160, 1692, 433]}, {"label": "static", "bounding_box": [1665, 152, 1700, 163]}, {"label": "static", "bounding_box": [1660, 348, 1691, 382]}, {"label": "terrain", "bounding_box": [372, 438, 572, 496]}, {"label": "terrain", "bounding_box": [-1, 431, 970, 654]}, {"label": "car", "bounding_box": [1738, 404, 1898, 461]}, {"label": "pole", "bounding_box": [2014, 380, 2019, 424]}, {"label": "static", "bounding_box": [1979, 314, 2010, 343]}, {"label": "traffic sign", "bounding_box": [1978, 331, 2031, 383]}, {"label": "pole", "bounding_box": [1989, 307, 1994, 427]}, {"label": "traffic light", "bounding_box": [2001, 337, 2016, 370]}, {"label": "traffic sign", "bounding_box": [1960, 350, 1971, 390]}, {"label": "traffic light", "bounding_box": [1962, 377, 1973, 391]}, {"label": "pole", "bounding_box": [1963, 399, 1968, 436]}, {"label": "traffic sign", "bounding_box": [1958, 390, 1969, 403]}, {"label": "terrain", "bounding_box": [1944, 435, 1969, 457]}, {"label": "terrain", "bounding_box": [1953, 447, 2046, 499]}, {"label": "car", "bounding_box": [1978, 413, 2045, 459]}, {"label": "pole", "bounding_box": [2003, 369, 2007, 395]}, {"label": "traffic sign", "bounding_box": [1999, 390, 2016, 463]}, {"label": "static", "bounding_box": [1979, 5, 2037, 44]}, {"label": "pole", "bounding_box": [1966, 0, 1985, 639]}, {"label": "polegroup", "bounding_box": [1994, 436, 2044, 579]}, {"label": "traffic light", "bounding_box": [1984, 3, 2045, 141]}, {"label": "pole", "bounding_box": [0, 468, 455, 614]}, {"label": "static", "bounding_box": [0, 470, 437, 488]}, {"label": "terrain", "bounding_box": [844, 431, 1458, 521]}, {"label": "traffic sign", "bounding_box": [1358, 394, 1368, 454]}, {"label": "pole", "bounding_box": [1363, 403, 1367, 466]}, {"label": "static", "bounding_box": [1356, 401, 1379, 425]}, {"label": "traffic sign", "bounding_box": [1319, 388, 1340, 481]}, {"label": "static", "bounding_box": [10, 434, 381, 622]}, {"label": "person", "bounding_box": [848, 299, 1107, 757]}, {"label": "person", "bounding_box": [557, 157, 940, 901]}, {"label": "static", "bounding_box": [1406, 404, 1422, 446]}, {"label": "pole", "bounding_box": [1410, 405, 1414, 452]}, {"label": "ego vehicle", "bounding_box": [271, 844, 2028, 1023]}, {"label": "out of roi", "bounding_box": [0, 0, 2048, 1024]}]}