{"imgHeight": 1024, "imgWidth": 2048, "objects": [{"label": "sky", "bounding_box": [918, 0, 1420, 278]}, {"label": "road", "bounding_box": [-2, 335, 2045, 1022]}, {"label": "static", "bounding_box": [1135, 223, 1286, 366]}, {"label": "sidewalk", "bounding_box": [-2, 380, 1175, 606]}, {"label": "sidewalk", "bounding_box": [1252, 384, 2045, 763]}, {"label": "building", "bounding_box": [1255, 208, 1364, 400]}, {"label": "vegetation", "bounding_box": [1307, 140, 1346, 190]}, {"label": "static", "bounding_box": [1318, 190, 1337, 225]}, {"label": "vegetation", "bounding_box": [1253, 233, 1346, 363]}, {"label": "cargroup", "bounding_box": [1238, 361, 1268, 413]}, {"label": "car", "bounding_box": [1216, 369, 1229, 379]}, {"label": "building", "bounding_box": [1309, 0, 2045, 511]}, {"label": "static", "bounding_box": [1266, 356, 1304, 472]}, {"label": "static", "bounding_box": [1445, 416, 1460, 455]}, {"label": "static", "bounding_box": [1349, 142, 1367, 314]}, {"label": "static", "bounding_box": [1562, 140, 1615, 265]}, {"label": "static", "bounding_box": [1468, 411, 1507, 464]}, {"label": "static", "bounding_box": [1201, 320, 1296, 332]}, {"label": "traffic light", "bounding_box": [1203, 316, 1212, 335]}, {"label": "static", "bounding_box": [1217, 342, 1288, 357]}, {"label": "traffic light", "bounding_box": [1215, 336, 1222, 350]}, {"label": "static", "bounding_box": [1214, 320, 1224, 330]}, {"label": "truck", "bounding_box": [1273, 306, 1453, 509]}, {"label": "bicycle", "bounding_box": [1459, 435, 1554, 520]}, {"label": "rider", "bounding_box": [1478, 365, 1540, 491]}, {"label": "static", "bounding_box": [1710, 436, 1736, 498]}, {"label": "static", "bounding_box": [1710, 159, 1795, 252]}, {"label": "pole", "bounding_box": [1789, 157, 1805, 516]}, {"label": "person", "bounding_box": [1868, 344, 1927, 532]}, {"label": "person", "bounding_box": [1661, 349, 1725, 515]}, {"label": "building", "bounding_box": [1629, 218, 1954, 535]}, {"label": "pole", "bounding_box": [1664, 145, 1683, 551]}, {"label": "static", "bounding_box": [1664, 152, 1781, 218]}, {"label": "person", "bounding_box": [1745, 342, 1801, 496]}, {"label": "dynamic", "bounding_box": [1782, 492, 1815, 529]}, {"label": "person", "bounding_box": [1748, 376, 1845, 530]}, {"label": "building", "bounding_box": [1810, 259, 1935, 517]}, {"label": "motorcycle", "bounding_box": [1911, 368, 2045, 550]}, {"label": "building", "bounding_box": [977, 96, 1199, 411]}, {"label": "cargroup", "bounding_box": [1140, 360, 1206, 406]}, {"label": "vegetation", "bounding_box": [964, 130, 1179, 434]}, {"label": "building", "bounding_box": [-2, 0, 999, 540]}, {"label": "car", "bounding_box": [1169, 391, 1193, 405]}, {"label": "pole", "bounding_box": [1069, 338, 1073, 407]}, {"label": "static", "bounding_box": [1070, 330, 1124, 344]}, {"label": "pole", "bounding_box": [1133, 368, 1136, 397]}, {"label": "pole", "bounding_box": [1111, 384, 1114, 408]}, {"label": "static", "bounding_box": [1105, 380, 1117, 390]}, {"label": "static", "bounding_box": [1075, 398, 1118, 424]}, {"label": "person", "bounding_box": [1101, 408, 1118, 439]}, {"label": "car", "bounding_box": [1167, 398, 1206, 438]}, {"label": "pole", "bounding_box": [1033, 360, 1037, 412]}, {"label": "static", "bounding_box": [1029, 386, 1042, 398]}, {"label": "static", "bounding_box": [1037, 402, 1051, 414]}, {"label": "traffic sign", "bounding_box": [1004, 376, 1017, 383]}, {"label": "pole", "bounding_box": [1015, 372, 1018, 412]}, {"label": "person", "bounding_box": [987, 403, 1005, 435]}, {"label": "car", "bounding_box": [1046, 406, 1088, 443]}, {"label": "car", "bounding_box": [1035, 410, 1072, 445]}, {"label": "car", "bounding_box": [1016, 408, 1063, 446]}, {"label": "car", "bounding_box": [989, 411, 1048, 455]}, {"label": "car", "bounding_box": [935, 407, 991, 465]}, {"label": "car", "bounding_box": [863, 398, 949, 476]}, {"label": "car", "bounding_box": [826, 408, 918, 480]}, {"label": "static", "bounding_box": [790, 417, 809, 461]}, {"label": "motorcycle", "bounding_box": [805, 427, 867, 489]}, {"label": "static", "bounding_box": [741, 320, 765, 370]}, {"label": "pole", "bounding_box": [751, 313, 757, 485]}, {"label": "static", "bounding_box": [784, 245, 874, 293]}, {"label": "static", "bounding_box": [722, 273, 790, 310]}, {"label": "static", "bounding_box": [912, 294, 944, 325]}, {"label": "static", "bounding_box": [914, 328, 945, 356]}, {"label": "person", "bounding_box": [380, 404, 430, 507]}, {"label": "static", "bounding_box": [315, 363, 410, 513]}, {"label": "pole", "bounding_box": [174, 208, 194, 527]}, {"label": "traffic sign", "bounding_box": [187, 213, 253, 309]}, {"label": "static", "bounding_box": [177, 355, 203, 439]}, {"label": "static", "bounding_box": [5, 173, 129, 224]}, {"label": "static", "bounding_box": [1038, 36, 1076, 55]}, {"label": "license plate", "bounding_box": [1352, 467, 1396, 482]}, {"label": "ego vehicle", "bounding_box": [271, 844, 2028, 1023]}, {"label": "out of roi", "bounding_box": [0, 0, 2048, 1024]}]}