{"imgHeight": 1024, "imgWidth": 2048, "objects": [{"label": "sky", "bounding_box": [745, 0, 1320, 348]}, {"label": "static", "bounding_box": [992, 284, 1159, 470]}, {"label": "building", "bounding_box": [-2, 0, 1013, 669]}, {"label": "vegetation", "bounding_box": [1085, 39, 1370, 436]}, {"label": "building", "bounding_box": [1268, 0, 2045, 602]}, {"label": "static", "bounding_box": [1814, 97, 1891, 170]}, {"label": "road", "bounding_box": [-2, 439, 2045, 1022]}, {"label": "sidewalk", "bounding_box": [-2, 532, 473, 746]}, {"label": "pole", "bounding_box": [968, 394, 969, 426]}, {"label": "traffic sign", "bounding_box": [962, 391, 976, 404]}, {"label": "cargroup", "bounding_box": [913, 421, 1039, 477]}, {"label": "vegetation", "bounding_box": [836, 73, 971, 437]}, {"label": "static", "bounding_box": [838, 291, 880, 354]}, {"label": "car", "bounding_box": [832, 416, 918, 500]}, {"label": "license plate", "bounding_box": [855, 473, 882, 482]}, {"label": "static", "bounding_box": [674, 263, 715, 306]}, {"label": "static", "bounding_box": [781, 296, 811, 325]}, {"label": "static", "bounding_box": [718, 231, 740, 434]}, {"label": "static", "bounding_box": [747, 248, 754, 424]}, {"label": "person", "bounding_box": [742, 546, 799, 588]}, {"label": "static", "bounding_box": [399, 348, 464, 580]}, {"label": "car", "bounding_box": [448, 402, 846, 624]}, {"label": "license plate", "bounding_box": [516, 549, 596, 572]}, {"label": "traffic sign", "bounding_box": [1109, 416, 1118, 425]}, {"label": "traffic sign", "bounding_box": [1119, 405, 1130, 424]}, {"label": "traffic sign", "bounding_box": [1128, 402, 1140, 417]}, {"label": "pole", "bounding_box": [1131, 402, 1132, 434]}, {"label": "traffic sign", "bounding_box": [1125, 391, 1139, 406]}, {"label": "pole", "bounding_box": [1193, 360, 1195, 419]}, {"label": "pole", "bounding_box": [1199, 384, 1201, 420]}, {"label": "pole", "bounding_box": [1228, 389, 1231, 421]}, {"label": "traffic sign", "bounding_box": [1224, 367, 1234, 392]}, {"label": "cargroup", "bounding_box": [1089, 421, 1177, 475]}, {"label": "car", "bounding_box": [1032, 403, 1099, 475]}, {"label": "license plate", "bounding_box": [1057, 450, 1076, 454]}, {"label": "car", "bounding_box": [1167, 407, 1246, 493]}, {"label": "car", "bounding_box": [1189, 422, 1248, 502]}, {"label": "car", "bounding_box": [1207, 405, 1288, 515]}, {"label": "car", "bounding_box": [1234, 414, 1283, 533]}, {"label": "car", "bounding_box": [1263, 357, 1480, 557]}, {"label": "car", "bounding_box": [1317, 409, 1512, 596]}, {"label": "car", "bounding_box": [1401, 387, 1869, 685]}, {"label": "license plate", "bounding_box": [1668, 518, 1779, 545]}, {"label": "static", "bounding_box": [1476, 162, 2045, 360]}, {"label": "car", "bounding_box": [1842, 166, 2047, 961]}, {"label": "static", "bounding_box": [1029, 167, 1059, 184]}, {"label": "ego vehicle", "bounding_box": [271, 844, 2028, 1023]}, {"label": "out of roi", "bounding_box": [0, 0, 2048, 1024]}]}