{"imgHeight": 1024, "imgWidth": 2048, "objects": [{"label": "sky", "bounding_box": [209, 0, 1831, 550]}, {"label": "road", "bounding_box": [-2, 477, 2045, 1020]}, {"label": "static", "bounding_box": [906, 407, 1136, 511]}, {"label": "building", "bounding_box": [742, 217, 929, 512]}, {"label": "building", "bounding_box": [1103, 23, 1541, 567]}, {"label": "building", "bounding_box": [1538, 0, 2045, 603]}, {"label": "pole", "bounding_box": [939, 411, 947, 487]}, {"label": "bus", "bounding_box": [919, 483, 994, 510]}, {"label": "car", "bounding_box": [1000, 498, 1016, 510]}, {"label": "sidewalk", "bounding_box": [1102, 501, 1209, 512]}, {"label": "pole", "bounding_box": [1184, 388, 1189, 503]}, {"label": "pole", "bounding_box": [1174, 397, 1177, 505]}, {"label": "pole", "bounding_box": [1168, 378, 1173, 505]}, {"label": "pole", "bounding_box": [1138, 345, 1142, 507]}, {"label": "pole", "bounding_box": [1233, 400, 1237, 434]}, {"label": "traffic sign", "bounding_box": [1215, 401, 1227, 416]}, {"label": "traffic sign", "bounding_box": [1224, 385, 1239, 406]}, {"label": "traffic sign", "bounding_box": [1226, 419, 1243, 434]}, {"label": "traffic sign", "bounding_box": [1226, 407, 1238, 414]}, {"label": "traffic sign", "bounding_box": [1164, 379, 1188, 402]}, {"label": "pole", "bounding_box": [1111, 475, 1114, 500]}, {"label": "pole", "bounding_box": [1125, 475, 1130, 502]}, {"label": "pole", "bounding_box": [1160, 485, 1164, 504]}, {"label": "car", "bounding_box": [1069, 483, 1110, 510]}, {"label": "traffic light", "bounding_box": [1134, 361, 1144, 398]}, {"label": "traffic light", "bounding_box": [1136, 402, 1146, 446]}, {"label": "car", "bounding_box": [1007, 434, 1112, 514]}, {"label": "vegetation", "bounding_box": [712, 0, 944, 119]}, {"label": "vegetation", "bounding_box": [254, 0, 872, 518]}, {"label": "building", "bounding_box": [0, 1, 364, 587]}, {"label": "vegetation", "bounding_box": [0, 0, 331, 337]}, {"label": "sidewalk", "bounding_box": [0, 501, 778, 619]}, {"label": "sidewalk", "bounding_box": [1568, 528, 2045, 717]}, {"label": "pole", "bounding_box": [1385, 346, 1391, 417]}, {"label": "traffic sign", "bounding_box": [1379, 361, 1397, 383]}, {"label": "static", "bounding_box": [1384, 348, 1394, 361]}, {"label": "car", "bounding_box": [1203, 424, 1257, 522]}, {"label": "car", "bounding_box": [1236, 394, 1391, 535]}, {"label": "car", "bounding_box": [1272, 410, 1412, 558]}, {"label": "car", "bounding_box": [1312, 402, 1478, 588]}, {"label": "vegetation", "bounding_box": [1479, 120, 2028, 416]}, {"label": "car", "bounding_box": [1392, 400, 1737, 645]}, {"label": "terrain", "bounding_box": [1902, 426, 2045, 606]}, {"label": "building", "bounding_box": [815, 452, 863, 501]}, {"label": "person", "bounding_box": [836, 475, 847, 504]}, {"label": "person", "bounding_box": [820, 467, 837, 503]}, {"label": "static", "bounding_box": [822, 438, 866, 453]}, {"label": "static", "bounding_box": [814, 367, 827, 413]}, {"label": "pole", "bounding_box": [816, 359, 824, 509]}, {"label": "traffic light", "bounding_box": [816, 418, 839, 447]}, {"label": "person", "bounding_box": [793, 464, 803, 504]}, {"label": "pole", "bounding_box": [789, 405, 796, 502]}, {"label": "traffic sign", "bounding_box": [794, 408, 817, 439]}, {"label": "static", "bounding_box": [758, 492, 773, 501]}, {"label": "pole", "bounding_box": [752, 488, 755, 500]}, {"label": "pole", "bounding_box": [743, 485, 748, 500]}, {"label": "pole", "bounding_box": [737, 481, 741, 500]}, {"label": "pole", "bounding_box": [729, 478, 732, 501]}, {"label": "pole", "bounding_box": [720, 474, 725, 502]}, {"label": "pole", "bounding_box": [711, 473, 715, 501]}, {"label": "pole", "bounding_box": [668, 356, 674, 502]}, {"label": "traffic sign", "bounding_box": [673, 358, 708, 404]}, {"label": "pole", "bounding_box": [626, 267, 640, 488]}, {"label": "building", "bounding_box": [582, 375, 697, 504]}, {"label": "pole", "bounding_box": [702, 469, 705, 501]}, {"label": "person", "bounding_box": [673, 421, 714, 503]}, {"label": "pole", "bounding_box": [583, 458, 588, 503]}, {"label": "motorcycle", "bounding_box": [542, 454, 573, 503]}, {"label": "bicycle", "bounding_box": [526, 462, 553, 502]}, {"label": "bicycle", "bounding_box": [508, 467, 536, 501]}, {"label": "pole", "bounding_box": [536, 457, 541, 502]}, {"label": "pole", "bounding_box": [467, 455, 472, 504]}, {"label": "pole", "bounding_box": [448, 455, 453, 507]}, {"label": "static", "bounding_box": [428, 476, 443, 506]}, {"label": "pole", "bounding_box": [427, 462, 432, 508]}, {"label": "static", "bounding_box": [992, 345, 1008, 353]}, {"label": "static", "bounding_box": [791, 169, 815, 183]}, {"label": "static", "bounding_box": [1108, 168, 1131, 183]}, {"label": "license plate", "bounding_box": [1573, 550, 1661, 575]}, {"label": "license plate", "bounding_box": [1044, 462, 1077, 473]}, {"label": "building", "bounding_box": [1800, 204, 2033, 302]}, {"label": "vegetation", "bounding_box": [1902, 426, 2045, 606]}, {"label": "ego vehicle", "bounding_box": [271, 844, 2028, 1023]}, {"label": "out of roi", "bounding_box": [0, 0, 2048, 1024]}]}