{"imgHeight": 1024, "imgWidth": 2048, "objects": [{"label": "sky", "bounding_box": [605, 0, 1299, 251]}, {"label": "vegetation", "bounding_box": [801, 139, 1164, 302]}, {"label": "car", "bounding_box": [1036, 261, 1065, 277]}, {"label": "static", "bounding_box": [900, 248, 909, 260]}, {"label": "wall", "bounding_box": [829, 246, 928, 320]}, {"label": "vegetation", "bounding_box": [827, 210, 892, 290]}, {"label": "pole", "bounding_box": [867, 104, 878, 284]}, {"label": "pole", "bounding_box": [875, 112, 884, 173]}, {"label": "pole", "bounding_box": [1065, 191, 1072, 279]}, {"label": "traffic sign", "bounding_box": [1081, 234, 1092, 272]}, {"label": "car", "bounding_box": [1076, 257, 1090, 274]}, {"label": "car", "bounding_box": [944, 255, 955, 274]}, {"label": "road", "bounding_box": [-2, 275, 2044, 1020]}, {"label": "building", "bounding_box": [1116, 0, 1437, 397]}, {"label": "pole", "bounding_box": [1404, 27, 1411, 405]}, {"label": "sidewalk", "bounding_box": [1115, 271, 1453, 515]}, {"label": "pole", "bounding_box": [1365, 403, 1369, 417]}, {"label": "pole", "bounding_box": [1376, 398, 1381, 419]}, {"label": "pole", "bounding_box": [1392, 393, 1398, 420]}, {"label": "static", "bounding_box": [1365, 383, 1408, 409]}, {"label": "building", "bounding_box": [1393, 0, 2046, 667]}, {"label": "building", "bounding_box": [-2, 0, 849, 483]}, {"label": "sidewalk", "bounding_box": [793, 266, 933, 341]}, {"label": "ground", "bounding_box": [796, 321, 893, 405]}, {"label": "pole", "bounding_box": [933, 236, 938, 251]}, {"label": "car", "bounding_box": [924, 249, 951, 275]}, {"label": "car", "bounding_box": [920, 252, 949, 275]}, {"label": "car", "bounding_box": [917, 255, 945, 276]}, {"label": "car", "bounding_box": [914, 257, 944, 284]}, {"label": "car", "bounding_box": [896, 261, 934, 286]}, {"label": "car", "bounding_box": [896, 271, 926, 292]}, {"label": "car", "bounding_box": [882, 273, 906, 292]}, {"label": "car", "bounding_box": [881, 276, 905, 292]}, {"label": "car", "bounding_box": [869, 281, 901, 305]}, {"label": "car", "bounding_box": [855, 286, 898, 320]}, {"label": "car", "bounding_box": [848, 291, 892, 330]}, {"label": "car", "bounding_box": [832, 295, 878, 338]}, {"label": "car", "bounding_box": [801, 301, 849, 362]}, {"label": "car", "bounding_box": [802, 328, 837, 375]}, {"label": "car", "bounding_box": [963, 257, 999, 286]}, {"label": "car", "bounding_box": [893, 287, 970, 369]}, {"label": "car", "bounding_box": [861, 334, 949, 410]}, {"label": "car", "bounding_box": [1082, 253, 1102, 275]}, {"label": "car", "bounding_box": [1088, 255, 1119, 279]}, {"label": "car", "bounding_box": [1096, 260, 1125, 281]}, {"label": "car", "bounding_box": [1097, 263, 1128, 289]}, {"label": "car", "bounding_box": [1102, 269, 1136, 299]}, {"label": "ground", "bounding_box": [1106, 303, 1182, 349]}, {"label": "car", "bounding_box": [1142, 250, 1172, 274]}, {"label": "car", "bounding_box": [1153, 256, 1186, 287]}, {"label": "pole", "bounding_box": [1159, 255, 1162, 287]}, {"label": "pole", "bounding_box": [1198, 255, 1200, 286]}, {"label": "traffic sign", "bounding_box": [1198, 242, 1205, 255]}, {"label": "traffic sign", "bounding_box": [1198, 256, 1205, 262]}, {"label": "traffic sign", "bounding_box": [1161, 243, 1167, 252]}, {"label": "traffic sign", "bounding_box": [1160, 252, 1166, 257]}, {"label": "building", "bounding_box": [1160, 282, 1236, 363]}, {"label": "car", "bounding_box": [1132, 306, 1176, 353]}, {"label": "car", "bounding_box": [1138, 320, 1175, 367]}, {"label": "ground", "bounding_box": [1128, 376, 2046, 1023]}, {"label": "static", "bounding_box": [1167, 302, 1222, 387]}, {"label": "static", "bounding_box": [1222, 358, 1236, 389]}, {"label": "car", "bounding_box": [1237, 311, 1303, 359]}, {"label": "car", "bounding_box": [1265, 323, 1319, 383]}, {"label": "pole", "bounding_box": [1232, 262, 1238, 394]}, {"label": "traffic sign", "bounding_box": [1203, 256, 1235, 301]}, {"label": "pole", "bounding_box": [1229, 343, 1236, 417]}, {"label": "pole", "bounding_box": [1252, 116, 1263, 421]}, {"label": "static", "bounding_box": [1242, 394, 1253, 410]}, {"label": "traffic light", "bounding_box": [1251, 139, 1269, 238]}, {"label": "traffic light", "bounding_box": [1218, 245, 1251, 307]}, {"label": "traffic light", "bounding_box": [1250, 247, 1285, 304]}, {"label": "pole", "bounding_box": [1266, 342, 1272, 418]}, {"label": "static", "bounding_box": [1401, 342, 1499, 417]}, {"label": "wall", "bounding_box": [1244, 448, 2045, 836]}, {"label": "ground", "bounding_box": [1204, 414, 2045, 613]}, {"label": "pole", "bounding_box": [1455, 131, 1469, 425]}, {"label": "traffic sign", "bounding_box": [1388, 139, 1455, 229]}, {"label": "static", "bounding_box": [1405, 39, 1668, 57]}, {"label": "pole", "bounding_box": [1650, 0, 1672, 452]}, {"label": "static", "bounding_box": [1429, 65, 1651, 135]}, {"label": "static", "bounding_box": [1707, 0, 1911, 34]}, {"label": "static", "bounding_box": [1843, 287, 1926, 423]}, {"label": "pole", "bounding_box": [1887, 0, 1913, 477]}, {"label": "static", "bounding_box": [1982, 1, 2045, 449]}, {"label": "pole", "bounding_box": [1955, 2, 1984, 477]}, {"label": "static", "bounding_box": [2003, 38, 2045, 486]}, {"label": "train", "bounding_box": [0, 0, 825, 795]}, {"label": "car", "bounding_box": [985, 383, 1193, 551]}, {"label": "static", "bounding_box": [766, 22, 799, 41]}, {"label": "static", "bounding_box": [886, 106, 905, 118]}, {"label": "static", "bounding_box": [1115, 4, 1143, 13]}, {"label": "static", "bounding_box": [1096, 96, 1114, 104]}, {"label": "static", "bounding_box": [1075, 117, 1090, 126]}, {"label": "license plate", "bounding_box": [1064, 452, 1126, 468]}, {"label": "ego vehicle", "bounding_box": [271, 844, 2028, 1023]}, {"label": "out of roi", "bounding_box": [0, 0, 2048, 1024]}]}