{"imgHeight": 1024, "imgWidth": 2048, "objects": [{"label": "sky", "bounding_box": [376, 0, 2045, 303]}, {"label": "building", "bounding_box": [1209, 182, 1635, 569]}, {"label": "road", "bounding_box": [-2, 434, 2044, 1021]}, {"label": "terrain", "bounding_box": [766, 452, 866, 478]}, {"label": "sidewalk", "bounding_box": [1355, 544, 2045, 922]}, {"label": "vegetation", "bounding_box": [-2, 0, 1294, 650]}, {"label": "pole", "bounding_box": [1328, 305, 1346, 494]}, {"label": "vegetation", "bounding_box": [1046, 0, 1744, 380]}, {"label": "car", "bounding_box": [967, 413, 1016, 453]}, {"label": "car", "bounding_box": [918, 415, 978, 460]}, {"label": "car", "bounding_box": [876, 415, 933, 463]}, {"label": "car", "bounding_box": [808, 416, 901, 476]}, {"label": "car", "bounding_box": [718, 416, 802, 491]}, {"label": "car", "bounding_box": [635, 417, 741, 511]}, {"label": "car", "bounding_box": [529, 418, 673, 526]}, {"label": "truck", "bounding_box": [69, 321, 602, 635]}, {"label": "car", "bounding_box": [-2, 450, 166, 820]}, {"label": "dynamic", "bounding_box": [1902, 451, 2046, 628]}, {"label": "dynamic", "bounding_box": [1511, 501, 1601, 568]}, {"label": "building", "bounding_box": [1577, 0, 2045, 631]}, {"label": "fence", "bounding_box": [1473, 188, 1967, 654]}, {"label": "dynamic", "bounding_box": [1511, 350, 1546, 578]}, {"label": "dynamic", "bounding_box": [1965, 292, 1998, 639]}, {"label": "car", "bounding_box": [1007, 348, 1179, 452]}, {"label": "dynamic", "bounding_box": [911, 371, 1522, 777]}, {"label": "license plate", "bounding_box": [203, 552, 276, 574]}, {"label": "ego vehicle", "bounding_box": [271, 844, 2028, 1023]}, {"label": "out of roi", "bounding_box": [0, 0, 2048, 1024]}]}