{"imgHeight": 1024, "imgWidth": 2048, "objects": [{"label": "sky", "bounding_box": [507, 0, 989, 179]}, {"label": "road", "bounding_box": [-2, 346, 2045, 1022]}, {"label": "building", "bounding_box": [-2, 0, 1056, 388]}, {"label": "vegetation", "bounding_box": [15, 267, 107, 302]}, {"label": "fence", "bounding_box": [111, 291, 384, 421]}, {"label": "car", "bounding_box": [132, 368, 243, 417]}, {"label": "static", "bounding_box": [324, 345, 332, 366]}, {"label": "pole", "bounding_box": [326, 306, 331, 399]}, {"label": "pole", "bounding_box": [315, 343, 319, 399]}, {"label": "terrain", "bounding_box": [108, 396, 383, 446]}, {"label": "traffic sign", "bounding_box": [153, 296, 177, 417]}, {"label": "vegetation", "bounding_box": [248, 25, 447, 403]}, {"label": "pole", "bounding_box": [266, 275, 285, 406]}, {"label": "traffic sign", "bounding_box": [218, 123, 315, 281]}, {"label": "static", "bounding_box": [354, 188, 430, 302]}, {"label": "car", "bounding_box": [573, 369, 611, 391]}, {"label": "static", "bounding_box": [534, 359, 543, 371]}, {"label": "car", "bounding_box": [536, 367, 576, 390]}, {"label": "terrain", "bounding_box": [540, 388, 614, 397]}, {"label": "vegetation", "bounding_box": [782, 328, 807, 350]}, {"label": "traffic light", "bounding_box": [927, 287, 931, 299]}, {"label": "traffic light", "bounding_box": [915, 313, 919, 319]}, {"label": "static", "bounding_box": [829, 276, 844, 311]}, {"label": "static", "bounding_box": [823, 305, 940, 312]}, {"label": "traffic light", "bounding_box": [893, 300, 901, 317]}, {"label": "traffic light", "bounding_box": [850, 302, 857, 317]}, {"label": "truck", "bounding_box": [844, 314, 927, 386]}, {"label": "vegetation", "bounding_box": [807, 311, 844, 352]}, {"label": "pole", "bounding_box": [821, 257, 826, 348]}, {"label": "pole", "bounding_box": [811, 253, 816, 349]}, {"label": "traffic light", "bounding_box": [811, 332, 818, 349]}, {"label": "static", "bounding_box": [772, 296, 787, 354]}, {"label": "pole", "bounding_box": [777, 299, 783, 360]}, {"label": "static", "bounding_box": [755, 300, 767, 331]}, {"label": "pole", "bounding_box": [759, 302, 762, 322]}, {"label": "static", "bounding_box": [584, 136, 633, 146]}, {"label": "pole", "bounding_box": [630, 93, 637, 131]}, {"label": "static", "bounding_box": [734, 106, 766, 230]}, {"label": "static", "bounding_box": [651, 5, 749, 107]}, {"label": "static", "bounding_box": [730, 232, 792, 248]}, {"label": "static", "bounding_box": [749, 272, 791, 278]}, {"label": "pole", "bounding_box": [781, 246, 784, 278]}, {"label": "sidewalk", "bounding_box": [541, 331, 2045, 534]}, {"label": "pole", "bounding_box": [591, 213, 609, 487]}, {"label": "traffic sign", "bounding_box": [565, 162, 618, 216]}, {"label": "traffic sign", "bounding_box": [576, 227, 610, 265]}, {"label": "person", "bounding_box": [889, 336, 906, 391]}, {"label": "car", "bounding_box": [1011, 344, 1040, 391]}, {"label": "vegetation", "bounding_box": [750, 0, 1036, 416]}, {"label": "car", "bounding_box": [774, 344, 892, 452]}, {"label": "license plate", "bounding_box": [809, 391, 848, 400]}, {"label": "building", "bounding_box": [950, 0, 2045, 463]}, {"label": "pole", "bounding_box": [1073, 186, 1123, 447]}, {"label": "pole", "bounding_box": [1107, 161, 1161, 467]}, {"label": "pole", "bounding_box": [1147, 129, 1220, 497]}, {"label": "traffic sign", "bounding_box": [1032, 62, 1048, 127]}, {"label": "static", "bounding_box": [1035, 126, 1050, 166]}, {"label": "pole", "bounding_box": [1029, 173, 1055, 470]}, {"label": "traffic light", "bounding_box": [995, 181, 1032, 261]}, {"label": "traffic sign", "bounding_box": [1028, 210, 1046, 232]}, {"label": "traffic sign", "bounding_box": [1020, 255, 1052, 278]}, {"label": "traffic sign", "bounding_box": [1071, 193, 1113, 282]}, {"label": "traffic light", "bounding_box": [1069, 186, 1098, 268]}, {"label": "traffic light", "bounding_box": [968, 0, 1046, 79]}, {"label": "traffic light", "bounding_box": [1062, 0, 1184, 79]}, {"label": "pole", "bounding_box": [1627, 120, 1679, 480]}, {"label": "ground", "bounding_box": [1605, 545, 2046, 584]}, {"label": "pole", "bounding_box": [1730, 223, 1757, 557]}, {"label": "static", "bounding_box": [1750, 231, 1763, 264]}, {"label": "traffic light", "bounding_box": [1751, 285, 1793, 370]}, {"label": "traffic sign", "bounding_box": [1711, 379, 1730, 551]}, {"label": "ground", "bounding_box": [0, 641, 1370, 1022]}, {"label": "pole", "bounding_box": [1039, 0, 1093, 690]}, {"label": "static", "bounding_box": [237, 429, 305, 630]}, {"label": "sidewalk", "bounding_box": [0, 659, 1352, 948]}, {"label": "pole", "bounding_box": [262, 421, 299, 697]}, {"label": "pole", "bounding_box": [12, 802, 57, 899]}, {"label": "person", "bounding_box": [-2, 138, 36, 295]}, {"label": "traffic sign", "bounding_box": [-2, 283, 121, 816]}, {"label": "dynamic", "bounding_box": [267, 701, 463, 761]}, {"label": "pole", "bounding_box": [414, 0, 548, 776]}, {"label": "person", "bounding_box": [285, 121, 647, 884]}, {"label": "person", "bounding_box": [824, 195, 1169, 873]}, {"label": "person", "bounding_box": [498, 88, 946, 1000]}, {"label": "person", "bounding_box": [1387, 149, 1626, 848]}, {"label": "person", "bounding_box": [1227, 145, 1596, 912]}, {"label": "pole", "bounding_box": [153, 296, 177, 417]}, {"label": "traffic sign", "bounding_box": [141, 280, 191, 296]}, {"label": "ego vehicle", "bounding_box": [271, 844, 2028, 1023]}, {"label": "out of roi", "bounding_box": [0, 0, 2048, 1024]}]}