{"imgHeight": 1024, "imgWidth": 2048, "objects": [{"label": "building", "bounding_box": [0, 0, 1461, 541]}, {"label": "road", "bounding_box": [0, 449, 2044, 1021]}, {"label": "sidewalk", "bounding_box": [503, 457, 2045, 956]}, {"label": "static", "bounding_box": [306, 389, 328, 428]}, {"label": "vegetation", "bounding_box": [253, 0, 604, 430]}, {"label": "car", "bounding_box": [574, 409, 669, 484]}, {"label": "car", "bounding_box": [634, 398, 780, 490]}, {"label": "static", "bounding_box": [798, 426, 831, 479]}, {"label": "vegetation", "bounding_box": [737, 62, 1448, 395]}, {"label": "static", "bounding_box": [840, 419, 912, 482]}, {"label": "bicycle", "bounding_box": [855, 426, 909, 482]}, {"label": "pole", "bounding_box": [853, 347, 868, 480]}, {"label": "traffic sign", "bounding_box": [849, 323, 870, 362]}, {"label": "traffic sign", "bounding_box": [848, 302, 870, 332]}, {"label": "pole", "bounding_box": [1234, 109, 1243, 168]}, {"label": "static", "bounding_box": [1225, 91, 1254, 118]}, {"label": "building", "bounding_box": [858, 1, 2045, 602]}, {"label": "static", "bounding_box": [1584, 46, 1633, 104]}, {"label": "static", "bounding_box": [1678, 51, 1714, 81]}, {"label": "static", "bounding_box": [1863, 0, 1931, 42]}, {"label": "fence", "bounding_box": [1521, 0, 2042, 120]}, {"label": "fence", "bounding_box": [854, 186, 1283, 486]}, {"label": "static", "bounding_box": [933, 407, 1012, 492]}, {"label": "vegetation", "bounding_box": [0, 0, 98, 168]}, {"label": "car", "bounding_box": [283, 419, 395, 496]}, {"label": "car", "bounding_box": [375, 412, 523, 521]}, {"label": "truck", "bounding_box": [-2, 157, 303, 580]}, {"label": "dynamic", "bounding_box": [1122, 417, 1200, 497]}, {"label": "pole", "bounding_box": [1200, 249, 1214, 506]}, {"label": "traffic sign", "bounding_box": [1152, 250, 1208, 323]}, {"label": "static", "bounding_box": [1188, 362, 1218, 429]}, {"label": "static", "bounding_box": [1170, 431, 1206, 490]}, {"label": "building", "bounding_box": [1420, 183, 1937, 584]}, {"label": "pole", "bounding_box": [1752, 47, 1791, 676]}, {"label": "traffic sign", "bounding_box": [1714, 2, 1842, 81]}, {"label": "terrain", "bounding_box": [1688, 479, 2044, 827]}, {"label": "license plate", "bounding_box": [80, 476, 143, 493]}, {"label": "license plate", "bounding_box": [441, 480, 477, 491]}, {"label": "license plate", "bounding_box": [720, 444, 748, 452]}, {"label": "static", "bounding_box": [246, 93, 281, 114]}, {"label": "ego vehicle", "bounding_box": [271, 844, 2028, 1023]}, {"label": "out of roi", "bounding_box": [0, 0, 2048, 1024]}]}