{"imgHeight": 1024, "imgWidth": 2048, "objects": [{"label": "sky", "bounding_box": [537, 0, 1218, 287]}, {"label": "building", "bounding_box": [620, 161, 1204, 503]}, {"label": "vegetation", "bounding_box": [623, 187, 792, 489]}, {"label": "building", "bounding_box": [0, 0, 717, 632]}, {"label": "vegetation", "bounding_box": [1084, 1, 2043, 481]}, {"label": "road", "bounding_box": [0, 446, 2045, 1021]}, {"label": "static", "bounding_box": [825, 410, 978, 470]}, {"label": "car", "bounding_box": [792, 429, 837, 460]}, {"label": "pole", "bounding_box": [813, 426, 822, 457]}, {"label": "traffic light", "bounding_box": [820, 411, 835, 440]}, {"label": "traffic light", "bounding_box": [810, 403, 824, 439]}, {"label": "static", "bounding_box": [1011, 400, 1067, 477]}, {"label": "car", "bounding_box": [954, 449, 1012, 478]}, {"label": "static", "bounding_box": [740, 384, 772, 418]}, {"label": "pole", "bounding_box": [760, 388, 771, 446]}, {"label": "cargroup", "bounding_box": [839, 441, 935, 504]}, {"label": "car", "bounding_box": [745, 430, 811, 464]}, {"label": "sidewalk", "bounding_box": [-2, 482, 734, 697]}, {"label": "car", "bounding_box": [711, 454, 793, 523]}, {"label": "car", "bounding_box": [755, 448, 881, 543]}, {"label": "pole", "bounding_box": [1054, 425, 1062, 461]}, {"label": "traffic light", "bounding_box": [1040, 410, 1055, 431]}, {"label": "traffic light", "bounding_box": [1049, 405, 1064, 432]}, {"label": "car", "bounding_box": [1029, 452, 1070, 508]}, {"label": "car", "bounding_box": [1042, 453, 1074, 511]}, {"label": "car", "bounding_box": [1050, 448, 1103, 519]}, {"label": "car", "bounding_box": [1064, 443, 1137, 526]}, {"label": "car", "bounding_box": [1092, 441, 1154, 539]}, {"label": "car", "bounding_box": [1109, 437, 1196, 551]}, {"label": "pole", "bounding_box": [1276, 1, 1317, 431]}, {"label": "car", "bounding_box": [1143, 425, 1266, 571]}, {"label": "car", "bounding_box": [592, 458, 715, 553]}, {"label": "car", "bounding_box": [471, 458, 651, 588]}, {"label": "car", "bounding_box": [1191, 408, 1424, 607]}, {"label": "car", "bounding_box": [1288, 426, 1557, 665]}, {"label": "car", "bounding_box": [1437, 371, 1960, 783]}, {"label": "car", "bounding_box": [8, 446, 426, 703]}, {"label": "license plate", "bounding_box": [82, 599, 181, 637]}, {"label": "car", "bounding_box": [1699, 300, 2043, 939]}, {"label": "license plate", "bounding_box": [513, 539, 563, 556]}, {"label": "license plate", "bounding_box": [794, 508, 832, 521]}, {"label": "cargroup", "bounding_box": [954, 449, 1012, 478]}, {"label": "ego vehicle", "bounding_box": [271, 844, 2028, 1023]}, {"label": "out of roi", "bounding_box": [0, 0, 2048, 1024]}]}