{"imgHeight": 1024, "imgWidth": 2048, "objects": [{"label": "sky", "bounding_box": [1255, 0, 1714, 107]}, {"label": "static", "bounding_box": [1142, 0, 1690, 214]}, {"label": "building", "bounding_box": [-1, 0, 1301, 246]}, {"label": "vegetation", "bounding_box": [1220, 0, 1555, 173]}, {"label": "building", "bounding_box": [1639, 23, 1752, 172]}, {"label": "pole", "bounding_box": [1488, 15, 1493, 177]}, {"label": "pole", "bounding_box": [1448, 104, 1452, 152]}, {"label": "pole", "bounding_box": [1469, 110, 1472, 147]}, {"label": "static", "bounding_box": [1447, 102, 1473, 129]}, {"label": "road", "bounding_box": [0, 204, 2045, 1022]}, {"label": "car", "bounding_box": [1452, 181, 1500, 216]}, {"label": "cargroup", "bounding_box": [1424, 191, 1487, 236]}, {"label": "vegetation", "bounding_box": [1491, 33, 1742, 255]}, {"label": "car", "bounding_box": [1375, 187, 1420, 220]}, {"label": "car", "bounding_box": [1326, 182, 1386, 244]}, {"label": "static", "bounding_box": [1280, 97, 1314, 169]}, {"label": "static", "bounding_box": [1253, 97, 1284, 140]}, {"label": "pole", "bounding_box": [1268, 98, 1271, 166]}, {"label": "pole", "bounding_box": [1339, 138, 1345, 236]}, {"label": "static", "bounding_box": [1332, 133, 1353, 154]}, {"label": "pole", "bounding_box": [1368, 4, 1375, 131]}, {"label": "sidewalk", "bounding_box": [1515, 256, 1770, 341]}, {"label": "terrain", "bounding_box": [1336, 233, 1587, 337]}, {"label": "pole", "bounding_box": [1360, 56, 1368, 243]}, {"label": "static", "bounding_box": [1364, 103, 1376, 175]}, {"label": "traffic sign", "bounding_box": [1351, 182, 1371, 203]}, {"label": "traffic light", "bounding_box": [1355, 141, 1370, 175]}, {"label": "static", "bounding_box": [1008, 87, 1047, 158]}, {"label": "static", "bounding_box": [872, 168, 1016, 208]}, {"label": "static", "bounding_box": [918, 167, 938, 196]}, {"label": "truck", "bounding_box": [1003, 135, 1128, 221]}, {"label": "cargroup", "bounding_box": [1133, 169, 1226, 218]}, {"label": "car", "bounding_box": [1079, 181, 1143, 227]}, {"label": "car", "bounding_box": [1041, 195, 1099, 233]}, {"label": "pole", "bounding_box": [1151, 178, 1156, 198]}, {"label": "traffic sign", "bounding_box": [1135, 146, 1170, 191]}, {"label": "static", "bounding_box": [1087, 116, 1105, 131]}, {"label": "pole", "bounding_box": [1094, 111, 1097, 213]}, {"label": "static", "bounding_box": [1087, 123, 1107, 139]}, {"label": "traffic light", "bounding_box": [1079, 142, 1090, 171]}, {"label": "traffic light", "bounding_box": [1100, 142, 1109, 169]}, {"label": "pole", "bounding_box": [823, 72, 829, 219]}, {"label": "cargroup", "bounding_box": [664, 203, 780, 235]}, {"label": "car", "bounding_box": [823, 189, 916, 233]}, {"label": "static", "bounding_box": [939, 188, 965, 201]}, {"label": "car", "bounding_box": [852, 192, 955, 227]}, {"label": "terrain", "bounding_box": [724, 202, 954, 239]}, {"label": "traffic light", "bounding_box": [860, 135, 868, 170]}, {"label": "pole", "bounding_box": [855, 97, 863, 225]}, {"label": "traffic sign", "bounding_box": [848, 104, 866, 119]}, {"label": "car", "bounding_box": [548, 188, 636, 224]}, {"label": "traffic light", "bounding_box": [638, 149, 653, 177]}, {"label": "pole", "bounding_box": [635, 98, 640, 208]}, {"label": "static", "bounding_box": [635, 68, 750, 102]}, {"label": "car", "bounding_box": [558, 199, 677, 241]}, {"label": "pole", "bounding_box": [527, 74, 533, 217]}, {"label": "car", "bounding_box": [440, 201, 541, 245]}, {"label": "building", "bounding_box": [-2, 85, 445, 314]}, {"label": "sidewalk", "bounding_box": [0, 240, 834, 329]}, {"label": "terrain", "bounding_box": [799, 212, 827, 261]}, {"label": "static", "bounding_box": [0, 229, 113, 302]}, {"label": "fence", "bounding_box": [-1, 210, 746, 306]}, {"label": "ground", "bounding_box": [404, 336, 857, 372]}, {"label": "sidewalk", "bounding_box": [0, 386, 87, 467]}, {"label": "pole", "bounding_box": [-2, 0, 22, 276]}, {"label": "car", "bounding_box": [-2, 240, 78, 380]}, {"label": "traffic light", "bounding_box": [337, 140, 362, 188]}, {"label": "static", "bounding_box": [345, 22, 354, 65]}, {"label": "pole", "bounding_box": [352, 13, 371, 313]}, {"label": "static", "bounding_box": [347, 123, 364, 158]}, {"label": "traffic light", "bounding_box": [453, 118, 529, 188]}, {"label": "static", "bounding_box": [436, 84, 468, 119]}, {"label": "static", "bounding_box": [442, 0, 462, 31]}, {"label": "pole", "bounding_box": [439, 25, 460, 312]}, {"label": "static", "bounding_box": [481, 14, 514, 74]}, {"label": "traffic light", "bounding_box": [504, 110, 568, 184]}, {"label": "static", "bounding_box": [481, 2, 513, 13]}, {"label": "static", "bounding_box": [570, 283, 748, 314]}, {"label": "pole", "bounding_box": [496, 0, 518, 340]}, {"label": "pole", "bounding_box": [579, 285, 589, 306]}, {"label": "pole", "bounding_box": [706, 259, 714, 294]}, {"label": "traffic sign", "bounding_box": [684, 265, 737, 308]}, {"label": "traffic light", "bounding_box": [762, 110, 793, 186]}, {"label": "pole", "bounding_box": [785, 94, 798, 348]}, {"label": "terrain", "bounding_box": [1096, 213, 1135, 243]}, {"label": "traffic sign", "bounding_box": [1091, 211, 1102, 228]}, {"label": "car", "bounding_box": [1115, 194, 1218, 264]}, {"label": "car", "bounding_box": [1012, 234, 1109, 255]}, {"label": "car", "bounding_box": [943, 181, 1021, 234]}, {"label": "car", "bounding_box": [910, 231, 1064, 371]}, {"label": "car", "bounding_box": [1203, 161, 1355, 337]}, {"label": "fence", "bounding_box": [1558, 219, 1733, 300]}, {"label": "pole", "bounding_box": [1588, 117, 1606, 332]}, {"label": "traffic light", "bounding_box": [1576, 146, 1592, 165]}, {"label": "traffic sign", "bounding_box": [1585, 168, 1605, 197]}, {"label": "car", "bounding_box": [1492, 154, 1534, 191]}, {"label": "traffic light", "bounding_box": [1608, 126, 1627, 168]}, {"label": "traffic light", "bounding_box": [1479, 149, 1495, 178]}, {"label": "pole", "bounding_box": [1472, 130, 1481, 246]}, {"label": "traffic light", "bounding_box": [1463, 159, 1473, 179]}, {"label": "static", "bounding_box": [1469, 127, 1486, 140]}, {"label": "sidewalk", "bounding_box": [1298, 378, 2045, 1022]}, {"label": "building", "bounding_box": [1487, 0, 2045, 577]}, {"label": "static", "bounding_box": [1194, 16, 1365, 65]}, {"label": "traffic light", "bounding_box": [1225, 10, 1247, 53]}, {"label": "traffic sign", "bounding_box": [1184, 20, 1209, 43]}, {"label": "static", "bounding_box": [1386, 17, 1452, 80]}, {"label": "traffic sign", "bounding_box": [1399, 0, 1451, 43]}, {"label": "traffic sign", "bounding_box": [1398, 42, 1448, 91]}, {"label": "pole", "bounding_box": [1406, 168, 1434, 422]}, {"label": "traffic light", "bounding_box": [1396, 92, 1433, 182]}, {"label": "traffic light", "bounding_box": [1423, 152, 1461, 184]}, {"label": "person", "bounding_box": [1636, 264, 1754, 542]}, {"label": "car", "bounding_box": [437, 298, 844, 565]}, {"label": "car", "bounding_box": [1232, 265, 1296, 371]}, {"label": "car", "bounding_box": [930, 247, 1309, 584]}, {"label": "license plate", "bounding_box": [522, 473, 631, 498]}, {"label": "license plate", "bounding_box": [1074, 386, 1181, 416]}, {"label": "vegetation", "bounding_box": [799, 212, 827, 261]}, {"label": "ego vehicle", "bounding_box": [271, 844, 2028, 1023]}, {"label": "out of roi", "bounding_box": [0, 0, 2048, 1024]}]}