{"imgHeight": 1024, "imgWidth": 2048, "objects": [{"label": "sky", "bounding_box": [510, -1, 1214, 330]}, {"label": "static", "bounding_box": [582, 29, 822, 51]}, {"label": "building", "bounding_box": [-2, -1, 922, 570]}, {"label": "building", "bounding_box": [969, 0, 2045, 533]}, {"label": "road", "bounding_box": [-2, 438, 2045, 1020]}, {"label": "pole", "bounding_box": [820, 0, 834, 126]}, {"label": "static", "bounding_box": [864, 51, 900, 59]}, {"label": "static", "bounding_box": [749, 54, 781, 62]}, {"label": "vegetation", "bounding_box": [0, -1, 1028, 470]}, {"label": "car", "bounding_box": [1742, 383, 1975, 479]}, {"label": "static", "bounding_box": [1944, 421, 2045, 501]}, {"label": "vegetation", "bounding_box": [1009, 0, 2045, 500]}, {"label": "static", "bounding_box": [1040, 209, 1191, 226]}, {"label": "traffic sign", "bounding_box": [1110, 412, 1115, 421]}, {"label": "pole", "bounding_box": [1239, 379, 1242, 441]}, {"label": "traffic sign", "bounding_box": [1236, 388, 1245, 398]}, {"label": "traffic sign", "bounding_box": [1236, 398, 1246, 410]}, {"label": "terrain", "bounding_box": [-2, 465, 845, 694]}, {"label": "cargroup", "bounding_box": [357, 415, 465, 488]}, {"label": "terrain", "bounding_box": [69, 448, 841, 590]}, {"label": "parking", "bounding_box": [1129, 452, 1297, 487]}, {"label": "cargroup", "bounding_box": [1111, 427, 1153, 449]}, {"label": "ground", "bounding_box": [1205, 445, 2045, 582]}, {"label": "ground", "bounding_box": [1212, 446, 2046, 545]}, {"label": "static", "bounding_box": [1524, 418, 1560, 467]}, {"label": "wall", "bounding_box": [1599, 433, 1742, 465]}, {"label": "terrain", "bounding_box": [1209, 390, 2046, 550]}, {"label": "static", "bounding_box": [1164, 365, 1227, 410]}, {"label": "pole", "bounding_box": [1227, 355, 1231, 457]}, {"label": "traffic sign", "bounding_box": [1220, 355, 1237, 374]}, {"label": "pole", "bounding_box": [1417, 350, 1420, 423]}, {"label": "traffic sign", "bounding_box": [1410, 352, 1421, 378]}, {"label": "truck", "bounding_box": [1039, 369, 1096, 459]}, {"label": "car", "bounding_box": [1048, 426, 1108, 473]}, {"label": "static", "bounding_box": [818, 406, 846, 447]}, {"label": "car", "bounding_box": [720, 430, 747, 450]}, {"label": "traffic light", "bounding_box": [993, 408, 998, 421]}, {"label": "pole", "bounding_box": [795, 336, 804, 477]}, {"label": "traffic light", "bounding_box": [789, 345, 803, 384]}, {"label": "pole", "bounding_box": [1186, 220, 1264, 486]}, {"label": "traffic sign", "bounding_box": [1262, 330, 1290, 340]}, {"label": "traffic light", "bounding_box": [1238, 348, 1264, 386]}, {"label": "cargroup", "bounding_box": [1148, 416, 1214, 463]}, {"label": "traffic light", "bounding_box": [1019, 187, 1042, 233]}, {"label": "pole", "bounding_box": [1627, 289, 1633, 467]}, {"label": "static", "bounding_box": [1632, 284, 1668, 335]}, {"label": "traffic sign", "bounding_box": [1607, 301, 1626, 345]}, {"label": "person", "bounding_box": [1570, 377, 1626, 529]}, {"label": "person", "bounding_box": [1641, 404, 1698, 533]}, {"label": "person", "bounding_box": [1383, 408, 1408, 438]}, {"label": "car", "bounding_box": [1362, 403, 1547, 527]}, {"label": "pole", "bounding_box": [481, 0, 508, 376]}, {"label": "static", "bounding_box": [458, 367, 540, 428]}, {"label": "traffic light", "bounding_box": [414, 190, 439, 241]}, {"label": "static", "bounding_box": [178, 207, 440, 321]}, {"label": "static", "bounding_box": [-2, 307, 369, 572]}, {"label": "car", "bounding_box": [412, 387, 768, 622]}, {"label": "license plate", "bounding_box": [499, 534, 589, 557]}, {"label": "license plate", "bounding_box": [1465, 461, 1508, 471]}, {"label": "car", "bounding_box": [1017, 424, 1035, 453]}, {"label": "car", "bounding_box": [994, 423, 1025, 455]}, {"label": "car", "bounding_box": [965, 424, 1009, 458]}, {"label": "car", "bounding_box": [918, 417, 977, 479]}, {"label": "car", "bounding_box": [827, 417, 945, 502]}, {"label": "license plate", "bounding_box": [861, 468, 896, 477]}, {"label": "vegetation", "bounding_box": [1702, 390, 1815, 468]}, {"label": "ego vehicle", "bounding_box": [271, 844, 2028, 1023]}, {"label": "out of roi", "bounding_box": [0, 0, 2048, 1024]}]}