{"imgHeight": 1024, "imgWidth": 2048, "objects": [{"label": "sky", "bounding_box": [676, 0, 1239, 298]}, {"label": "vegetation", "bounding_box": [934, 230, 1089, 306]}, {"label": "building", "bounding_box": [950, 0, 2046, 575]}, {"label": "building", "bounding_box": [1036, 266, 1051, 282]}, {"label": "building", "bounding_box": [-1, 0, 974, 590]}, {"label": "road", "bounding_box": [-2, 393, 2045, 1022]}, {"label": "static", "bounding_box": [932, 182, 953, 195]}, {"label": "static", "bounding_box": [953, 210, 968, 220]}, {"label": "vegetation", "bounding_box": [736, 222, 992, 446]}, {"label": "static", "bounding_box": [1098, 222, 1120, 331]}, {"label": "vegetation", "bounding_box": [1085, 151, 1203, 326]}, {"label": "static", "bounding_box": [1103, 368, 1122, 384]}, {"label": "car", "bounding_box": [1122, 367, 1208, 419]}, {"label": "pole", "bounding_box": [1023, 290, 1156, 387]}, {"label": "traffic light", "bounding_box": [1014, 279, 1028, 307]}, {"label": "traffic sign", "bounding_box": [1042, 286, 1058, 302]}, {"label": "traffic light", "bounding_box": [1150, 363, 1157, 384]}, {"label": "pole", "bounding_box": [1162, 339, 1166, 356]}, {"label": "traffic sign", "bounding_box": [1155, 331, 1171, 347]}, {"label": "traffic sign", "bounding_box": [1155, 351, 1174, 370]}, {"label": "sidewalk", "bounding_box": [1207, 445, 1926, 687]}, {"label": "sidewalk", "bounding_box": [-2, 477, 641, 626]}, {"label": "car", "bounding_box": [987, 389, 997, 398]}, {"label": "truck", "bounding_box": [959, 396, 989, 422]}, {"label": "cargroup", "bounding_box": [955, 408, 976, 431]}, {"label": "car", "bounding_box": [942, 404, 954, 418]}, {"label": "car", "bounding_box": [930, 417, 949, 434]}, {"label": "car", "bounding_box": [921, 420, 943, 437]}, {"label": "car", "bounding_box": [905, 422, 936, 447]}, {"label": "car", "bounding_box": [950, 425, 975, 443]}, {"label": "truck", "bounding_box": [982, 394, 1045, 425]}, {"label": "car", "bounding_box": [1038, 398, 1062, 430]}, {"label": "car", "bounding_box": [1006, 411, 1026, 427]}, {"label": "car", "bounding_box": [980, 415, 1033, 452]}, {"label": "car", "bounding_box": [963, 420, 1031, 473]}, {"label": "car", "bounding_box": [1048, 413, 1073, 435]}, {"label": "car", "bounding_box": [1053, 416, 1077, 436]}, {"label": "car", "bounding_box": [1059, 378, 1220, 538]}, {"label": "license plate", "bounding_box": [1115, 445, 1164, 456]}, {"label": "static", "bounding_box": [1257, 410, 1278, 456]}, {"label": "bicycle", "bounding_box": [1262, 428, 1316, 489]}, {"label": "pole", "bounding_box": [1270, 313, 1282, 490]}, {"label": "traffic sign", "bounding_box": [1270, 340, 1294, 363]}, {"label": "traffic sign", "bounding_box": [1273, 311, 1304, 329]}, {"label": "pole", "bounding_box": [1513, 312, 1520, 424]}, {"label": "traffic sign", "bounding_box": [1490, 291, 1537, 328]}, {"label": "static", "bounding_box": [1511, 226, 1574, 284]}, {"label": "car", "bounding_box": [1479, 395, 1569, 487]}, {"label": "person", "bounding_box": [1422, 356, 1485, 519]}, {"label": "person", "bounding_box": [1538, 366, 1573, 509]}, {"label": "bicycle", "bounding_box": [1771, 405, 1893, 543]}, {"label": "static", "bounding_box": [1744, 94, 1894, 155]}, {"label": "pole", "bounding_box": [2006, 39, 2034, 301]}, {"label": "traffic sign", "bounding_box": [1900, 48, 2011, 206]}, {"label": "building", "bounding_box": [1943, 109, 2045, 176]}, {"label": "car", "bounding_box": [1880, 226, 2045, 871]}, {"label": "pole", "bounding_box": [894, 393, 896, 428]}, {"label": "pole", "bounding_box": [868, 378, 869, 434]}, {"label": "traffic light", "bounding_box": [867, 397, 874, 412]}, {"label": "static", "bounding_box": [851, 379, 867, 403]}, {"label": "pole", "bounding_box": [841, 399, 843, 431]}, {"label": "traffic sign", "bounding_box": [841, 404, 848, 407]}, {"label": "pole", "bounding_box": [825, 385, 829, 421]}, {"label": "traffic sign", "bounding_box": [828, 399, 839, 402]}, {"label": "car", "bounding_box": [820, 422, 885, 470]}, {"label": "pole", "bounding_box": [786, 404, 790, 429]}, {"label": "traffic light", "bounding_box": [783, 386, 791, 407]}, {"label": "pole", "bounding_box": [756, 366, 762, 428]}, {"label": "traffic light", "bounding_box": [758, 391, 766, 405]}, {"label": "traffic sign", "bounding_box": [760, 357, 781, 403]}, {"label": "person", "bounding_box": [740, 415, 754, 435]}, {"label": "person", "bounding_box": [724, 418, 733, 431]}, {"label": "car", "bounding_box": [744, 418, 826, 484]}, {"label": "static", "bounding_box": [703, 347, 725, 430]}, {"label": "person", "bounding_box": [644, 417, 673, 460]}, {"label": "car", "bounding_box": [624, 426, 778, 539]}, {"label": "static", "bounding_box": [580, 318, 673, 374]}, {"label": "static", "bounding_box": [433, 291, 643, 382]}, {"label": "static", "bounding_box": [429, 327, 498, 358]}, {"label": "dynamic", "bounding_box": [464, 451, 571, 504]}, {"label": "person", "bounding_box": [550, 433, 564, 459]}, {"label": "person", "bounding_box": [539, 433, 556, 461]}, {"label": "person", "bounding_box": [524, 430, 550, 483]}, {"label": "person", "bounding_box": [499, 433, 511, 457]}, {"label": "person", "bounding_box": [480, 434, 512, 462]}, {"label": "person", "bounding_box": [428, 404, 470, 507]}, {"label": "person", "bounding_box": [583, 415, 622, 495]}, {"label": "person", "bounding_box": [559, 404, 594, 501]}, {"label": "dynamic", "bounding_box": [301, 389, 348, 523]}, {"label": "pole", "bounding_box": [265, 277, 276, 438]}, {"label": "traffic sign", "bounding_box": [228, 276, 265, 290]}, {"label": "traffic sign", "bounding_box": [266, 292, 281, 326]}, {"label": "traffic sign", "bounding_box": [270, 328, 281, 373]}, {"label": "traffic sign", "bounding_box": [265, 397, 275, 411]}, {"label": "vegetation", "bounding_box": [199, 416, 309, 526]}, {"label": "person", "bounding_box": [150, 407, 180, 527]}, {"label": "person", "bounding_box": [207, 410, 267, 542]}, {"label": "motorcycle", "bounding_box": [0, 433, 54, 560]}, {"label": "fence", "bounding_box": [51, 448, 108, 552]}, {"label": "person", "bounding_box": [68, 388, 155, 580]}, {"label": "static", "bounding_box": [-2, 225, 79, 586]}, {"label": "license plate", "bounding_box": [670, 501, 714, 510]}, {"label": "license plate", "bounding_box": [840, 453, 854, 458]}, {"label": "license plate", "bounding_box": [990, 440, 1009, 445]}, {"label": "static", "bounding_box": [850, 13, 892, 34]}, {"label": "ego vehicle", "bounding_box": [271, 844, 2028, 1023]}, {"label": "out of roi", "bounding_box": [0, 0, 2048, 1024]}]}