{"imgHeight": 1024, "imgWidth": 2048, "objects": [{"label": "road", "bounding_box": [-2, 474, 2045, 1021]}, {"label": "sidewalk", "bounding_box": [1285, 550, 2045, 1012]}, {"label": "sidewalk", "bounding_box": [-2, 512, 660, 1017]}, {"label": "building", "bounding_box": [-2, 0, 863, 416]}, {"label": "building", "bounding_box": [932, 0, 2046, 511]}, {"label": "sidewalk", "bounding_box": [-1, 451, 2046, 523]}, {"label": "vegetation", "bounding_box": [691, 0, 1416, 440]}, {"label": "vegetation", "bounding_box": [678, 231, 950, 334]}, {"label": "vegetation", "bounding_box": [-2, -1, 582, 451]}, {"label": "static", "bounding_box": [617, 281, 655, 321]}, {"label": "building", "bounding_box": [285, 127, 472, 333]}, {"label": "vegetation", "bounding_box": [370, 224, 494, 340]}, {"label": "fence", "bounding_box": [323, 323, 635, 388]}, {"label": "fence", "bounding_box": [-2, 431, 352, 443]}, {"label": "terrain", "bounding_box": [-2, 435, 346, 459]}, {"label": "wall", "bounding_box": [-2, 451, 341, 469]}, {"label": "wall", "bounding_box": [339, 374, 625, 465]}, {"label": "pole", "bounding_box": [154, 203, 167, 474]}, {"label": "static", "bounding_box": [163, 204, 212, 290]}, {"label": "dynamic", "bounding_box": [85, 349, 162, 477]}, {"label": "dynamic", "bounding_box": [314, 352, 408, 479]}, {"label": "terrain", "bounding_box": [1045, 447, 1160, 474]}, {"label": "fence", "bounding_box": [1045, 449, 1156, 475]}, {"label": "wall", "bounding_box": [1045, 468, 1158, 498]}, {"label": "building", "bounding_box": [520, 313, 1053, 499]}, {"label": "vegetation", "bounding_box": [492, 339, 628, 420]}, {"label": "dynamic", "bounding_box": [564, 355, 639, 489]}, {"label": "pole", "bounding_box": [118, 397, 133, 519]}, {"label": "pole", "bounding_box": [303, 402, 316, 532]}, {"label": "pole", "bounding_box": [547, 421, 563, 562]}, {"label": "traffic sign", "bounding_box": [436, 65, 550, 178]}, {"label": "dynamic", "bounding_box": [1418, 426, 1508, 496]}, {"label": "building", "bounding_box": [1137, 316, 1471, 502]}, {"label": "person", "bounding_box": [1230, 407, 1260, 472]}, {"label": "dynamic", "bounding_box": [1242, 429, 1272, 501]}, {"label": "person", "bounding_box": [1316, 408, 1369, 500]}, {"label": "person", "bounding_box": [1540, 386, 1580, 505]}, {"label": "person", "bounding_box": [1495, 379, 1545, 503]}, {"label": "person", "bounding_box": [1605, 395, 1647, 498]}, {"label": "bicycle", "bounding_box": [1701, 436, 1773, 493]}, {"label": "person", "bounding_box": [1752, 414, 1788, 496]}, {"label": "static", "bounding_box": [1850, 397, 2046, 450]}, {"label": "vegetation", "bounding_box": [1954, 0, 2046, 146]}, {"label": "static", "bounding_box": [1975, 308, 2004, 424]}, {"label": "vegetation", "bounding_box": [1924, 415, 2046, 459]}, {"label": "wall", "bounding_box": [1926, 452, 2046, 505]}, {"label": "person", "bounding_box": [1896, 413, 1918, 501]}, {"label": "dynamic", "bounding_box": [1927, 464, 1966, 505]}, {"label": "person", "bounding_box": [1902, 411, 1944, 503]}, {"label": "pole", "bounding_box": [1830, 269, 1848, 505]}, {"label": "traffic sign", "bounding_box": [1842, 271, 1879, 330]}, {"label": "pole", "bounding_box": [1879, 449, 1898, 564]}, {"label": "pole", "bounding_box": [1651, 441, 1667, 560]}, {"label": "pole", "bounding_box": [1465, 15, 1487, 565]}, {"label": "static", "bounding_box": [1440, 57, 1521, 108]}, {"label": "static", "bounding_box": [1449, 107, 1511, 139]}, {"label": "traffic sign", "bounding_box": [1421, 17, 1543, 123]}, {"label": "traffic sign", "bounding_box": [1435, 122, 1523, 207]}, {"label": "traffic sign", "bounding_box": [1446, 205, 1509, 251]}, {"label": "pole", "bounding_box": [1451, 446, 1470, 610]}, {"label": "pole", "bounding_box": [1392, 449, 1419, 583]}, {"label": "pole", "bounding_box": [1533, 455, 1557, 650]}, {"label": "pole", "bounding_box": [1655, 468, 1685, 711]}, {"label": "static", "bounding_box": [1835, 446, 1862, 499]}, {"label": "pole", "bounding_box": [1850, 489, 1888, 803]}, {"label": "pole", "bounding_box": [503, 434, 524, 613]}, {"label": "pole", "bounding_box": [424, 443, 448, 649]}, {"label": "pole", "bounding_box": [318, 457, 351, 711]}, {"label": "pole", "bounding_box": [165, 470, 207, 782]}, {"label": "dynamic", "bounding_box": [789, 373, 881, 500]}, {"label": "traffic sign", "bounding_box": [893, 334, 937, 379]}, {"label": "traffic sign", "bounding_box": [894, 381, 935, 412]}, {"label": "traffic sign", "bounding_box": [893, 416, 933, 440]}, {"label": "pole", "bounding_box": [1588, 292, 1611, 500]}, {"label": "static", "bounding_box": [1567, 247, 1630, 291]}, {"label": "static", "bounding_box": [485, 4, 589, 27]}, {"label": "pole", "bounding_box": [551, 0, 582, 585]}, {"label": "static", "bounding_box": [313, 228, 369, 269]}, {"label": "pole", "bounding_box": [337, 267, 354, 432]}, {"label": "ego vehicle", "bounding_box": [271, 844, 2028, 1023]}, {"label": "out of roi", "bounding_box": [0, 0, 2048, 1024]}]}