{"imgHeight": 1024, "imgWidth": 2048, "objects": [{"label": "sky", "bounding_box": [745, 0, 1309, 241]}, {"label": "vegetation", "bounding_box": [929, 169, 1251, 233]}, {"label": "building", "bounding_box": [955, 194, 1215, 266]}, {"label": "vegetation", "bounding_box": [1041, 129, 1303, 429]}, {"label": "traffic sign", "bounding_box": [1225, 354, 1251, 402]}, {"label": "building", "bounding_box": [872, 196, 1217, 469]}, {"label": "building", "bounding_box": [1261, 0, 2044, 598]}, {"label": "vegetation", "bounding_box": [-1, 0, 951, 554]}, {"label": "road", "bounding_box": [0, 450, 2045, 1022]}, {"label": "car", "bounding_box": [1182, 417, 1226, 472]}, {"label": "car", "bounding_box": [1193, 393, 1329, 524]}, {"label": "car", "bounding_box": [1256, 390, 1365, 563]}, {"label": "car", "bounding_box": [872, 412, 908, 444]}, {"label": "car", "bounding_box": [828, 410, 889, 487]}, {"label": "car", "bounding_box": [871, 406, 1011, 501]}, {"label": "pole", "bounding_box": [722, 1, 770, 427]}, {"label": "car", "bounding_box": [770, 417, 870, 506]}, {"label": "car", "bounding_box": [987, 375, 1159, 533]}, {"label": "car", "bounding_box": [749, 409, 807, 520]}, {"label": "car", "bounding_box": [1302, 332, 1617, 619]}, {"label": "sidewalk", "bounding_box": [1726, 532, 2045, 799]}, {"label": "car", "bounding_box": [1433, 361, 1923, 737]}, {"label": "license plate", "bounding_box": [1666, 534, 1812, 579]}, {"label": "car", "bounding_box": [188, 412, 500, 629]}, {"label": "car", "bounding_box": [417, 387, 796, 650]}, {"label": "license plate", "bounding_box": [492, 561, 603, 596]}, {"label": "car", "bounding_box": [0, 405, 267, 753]}, {"label": "license plate", "bounding_box": [1048, 484, 1101, 500]}, {"label": "ego vehicle", "bounding_box": [271, 844, 2028, 1023]}, {"label": "out of roi", "bounding_box": [0, 0, 2048, 1024]}]}