{"imgHeight": 1024, "imgWidth": 2048, "objects": [{"label": "sky", "bounding_box": [1152, 0, 1654, 99]}, {"label": "building", "bounding_box": [1461, 0, 2045, 456]}, {"label": "vegetation", "bounding_box": [753, 1, 1549, 535]}, {"label": "vegetation", "bounding_box": [1527, 391, 1772, 448]}, {"label": "vegetation", "bounding_box": [1878, 406, 1990, 443]}, {"label": "parking", "bounding_box": [677, 511, 891, 595]}, {"label": "car", "bounding_box": [769, 471, 807, 501]}, {"label": "car", "bounding_box": [780, 470, 872, 531]}, {"label": "building", "bounding_box": [-2, 0, 794, 583]}, {"label": "building", "bounding_box": [1175, 50, 1888, 445]}, {"label": "vegetation", "bounding_box": [2012, 264, 2043, 346]}, {"label": "wall", "bounding_box": [876, 345, 2045, 624]}, {"label": "traffic sign", "bounding_box": [889, 414, 912, 432]}, {"label": "traffic sign", "bounding_box": [891, 481, 922, 502]}, {"label": "traffic sign", "bounding_box": [881, 439, 921, 480]}, {"label": "static", "bounding_box": [689, 487, 860, 562]}, {"label": "traffic sign", "bounding_box": [625, 395, 664, 439]}, {"label": "traffic sign", "bounding_box": [628, 441, 667, 479]}, {"label": "road", "bounding_box": [0, 568, 2044, 1021]}, {"label": "sidewalk", "bounding_box": [2, 551, 2045, 642]}, {"label": "sidewalk", "bounding_box": [0, 600, 818, 829]}, {"label": "sidewalk", "bounding_box": [1631, 659, 2044, 785]}, {"label": "pole", "bounding_box": [207, 242, 216, 581]}, {"label": "traffic sign", "bounding_box": [190, 309, 235, 350]}, {"label": "pole", "bounding_box": [329, 505, 339, 580]}, {"label": "pole", "bounding_box": [390, 502, 398, 574]}, {"label": "static", "bounding_box": [341, 162, 419, 272]}, {"label": "pole", "bounding_box": [406, 174, 428, 611]}, {"label": "pole", "bounding_box": [518, 215, 535, 685]}, {"label": "person", "bounding_box": [0, 333, 33, 619]}, {"label": "traffic sign", "bounding_box": [502, 0, 568, 232]}, {"label": "pole", "bounding_box": [963, 522, 971, 601]}, {"label": "pole", "bounding_box": [990, 523, 1011, 595]}, {"label": "pole", "bounding_box": [1874, 530, 1890, 664]}, {"label": "pole", "bounding_box": [1754, 521, 1781, 670]}, {"label": "pole", "bounding_box": [2023, 533, 2045, 666]}, {"label": "static", "bounding_box": [1279, 527, 1570, 560]}, {"label": "static", "bounding_box": [1840, 1, 1947, 122]}, {"label": "pole", "bounding_box": [1864, 0, 1887, 717]}, {"label": "traffic sign", "bounding_box": [1880, 0, 2042, 133]}, {"label": "person", "bounding_box": [1360, 375, 1484, 679]}, {"label": "person", "bounding_box": [1404, 361, 1558, 685]}, {"label": "pole", "bounding_box": [979, 520, 1001, 602]}, {"label": "pole", "bounding_box": [1271, 519, 1283, 602]}, {"label": "pole", "bounding_box": [1568, 529, 1578, 613]}, {"label": "static", "bounding_box": [997, 523, 1274, 575]}, {"label": "ego vehicle", "bounding_box": [271, 844, 2028, 1023]}, {"label": "out of roi", "bounding_box": [0, 0, 2048, 1024]}]}