{"imgHeight": 1024, "imgWidth": 2048, "objects": [{"label": "sky", "bounding_box": [742, 1, 1771, 279]}, {"label": "road", "bounding_box": [0, 430, 2047, 1024]}, {"label": "vegetation", "bounding_box": [959, 200, 1171, 431]}, {"label": "building", "bounding_box": [1250, 155, 2047, 464]}, {"label": "pole", "bounding_box": [1054, 390, 1071, 430]}, {"label": "traffic light", "bounding_box": [1052, 386, 1057, 400]}, {"label": "vegetation", "bounding_box": [1063, 163, 1416, 474]}, {"label": "vegetation", "bounding_box": [1377, 112, 2047, 476]}, {"label": "pole", "bounding_box": [1360, 237, 1367, 415]}, {"label": "pole", "bounding_box": [1377, 225, 1385, 422]}, {"label": "pole", "bounding_box": [1202, 374, 1210, 409]}, {"label": "pole", "bounding_box": [1398, 224, 1406, 440]}, {"label": "static", "bounding_box": [1367, 271, 1408, 330]}, {"label": "sidewalk", "bounding_box": [1386, 449, 2047, 610]}, {"label": "pole", "bounding_box": [1408, 1, 1423, 487]}, {"label": "vegetation", "bounding_box": [1475, 420, 1648, 477]}, {"label": "pole", "bounding_box": [1654, 372, 1659, 424]}, {"label": "static", "bounding_box": [1641, 394, 1886, 476]}, {"label": "pole", "bounding_box": [1741, 378, 1744, 430]}, {"label": "pole", "bounding_box": [1690, 435, 1697, 483]}, {"label": "pole", "bounding_box": [1667, 434, 1676, 478]}, {"label": "pole", "bounding_box": [1644, 431, 1649, 478]}, {"label": "static", "bounding_box": [1718, 432, 1743, 485]}, {"label": "pole", "bounding_box": [1880, 340, 1889, 431]}, {"label": "pole", "bounding_box": [1999, 327, 2007, 387]}, {"label": "static", "bounding_box": [1981, 294, 2022, 329]}, {"label": "static", "bounding_box": [1873, 312, 1903, 340]}, {"label": "fence", "bounding_box": [1811, 395, 2042, 487]}, {"label": "dynamic", "bounding_box": [1998, 412, 2045, 524]}, {"label": "person", "bounding_box": [2003, 383, 2047, 544]}, {"label": "vegetation", "bounding_box": [1305, 1, 1689, 482]}, {"label": "static", "bounding_box": [1735, 355, 1753, 382]}, {"label": "vegetation", "bounding_box": [1608, 1, 2047, 523]}, {"label": "terrain", "bounding_box": [1395, 472, 2046, 695]}, {"label": "car", "bounding_box": [1044, 425, 1056, 440]}, {"label": "sidewalk", "bounding_box": [7, 549, 219, 744]}, {"label": "vegetation", "bounding_box": [0, 2, 1045, 613]}, {"label": "static", "bounding_box": [1010, 415, 1021, 420]}, {"label": "pole", "bounding_box": [1013, 413, 1016, 435]}, {"label": "car", "bounding_box": [1030, 424, 1050, 440]}, {"label": "car", "bounding_box": [1063, 426, 1083, 442]}, {"label": "terrain", "bounding_box": [950, 430, 1019, 449]}, {"label": "traffic sign", "bounding_box": [996, 424, 1005, 442]}, {"label": "terrain", "bounding_box": [1085, 432, 1241, 474]}, {"label": "traffic sign", "bounding_box": [855, 361, 871, 389]}, {"label": "static", "bounding_box": [670, 333, 705, 368]}, {"label": "pole", "bounding_box": [684, 324, 690, 436]}, {"label": "car", "bounding_box": [908, 417, 965, 473]}, {"label": "car", "bounding_box": [873, 410, 927, 502]}, {"label": "car", "bounding_box": [730, 372, 903, 534]}, {"label": "car", "bounding_box": [614, 395, 839, 570]}, {"label": "car", "bounding_box": [134, 360, 659, 726]}, {"label": "car", "bounding_box": [0, 593, 76, 1024]}, {"label": "car", "bounding_box": [1212, 405, 1420, 557]}, {"label": "license plate", "bounding_box": [1310, 490, 1367, 507]}, {"label": "license plate", "bounding_box": [671, 469, 734, 488]}, {"label": "license plate", "bounding_box": [266, 600, 411, 631]}, {"label": "pole", "bounding_box": [1809, 370, 1815, 474]}, {"label": "traffic sign", "bounding_box": [1800, 376, 1823, 405]}, {"label": "static", "bounding_box": [1093, 383, 1143, 441]}, {"label": "ego vehicle", "bounding_box": [271, 844, 2028, 1023]}, {"label": "out of roi", "bounding_box": [0, 0, 2048, 1024]}]}