{"imgHeight": 1024, "imgWidth": 2048, "objects": [{"label": "sky", "bounding_box": [166, 1, 1607, 406]}, {"label": "static", "bounding_box": [842, 389, 1091, 488]}, {"label": "building", "bounding_box": [1, 270, 608, 512]}, {"label": "building", "bounding_box": [1078, 1, 2048, 531]}, {"label": "building", "bounding_box": [582, 396, 741, 489]}, {"label": "vegetation", "bounding_box": [421, 219, 1026, 467]}, {"label": "vegetation", "bounding_box": [0, 1, 422, 514]}, {"label": "road", "bounding_box": [0, 482, 1911, 1024]}, {"label": "sidewalk", "bounding_box": [1126, 469, 2048, 1024]}, {"label": "parking", "bounding_box": [1495, 467, 2047, 644]}, {"label": "vegetation", "bounding_box": [1219, 401, 1288, 470]}, {"label": "vegetation", "bounding_box": [1149, 420, 1192, 469]}, {"label": "vegetation", "bounding_box": [1401, 243, 1599, 472]}, {"label": "terrain", "bounding_box": [1125, 471, 1222, 525]}, {"label": "sidewalk", "bounding_box": [470, 491, 726, 524]}, {"label": "traffic sign", "bounding_box": [1090, 406, 1129, 440]}, {"label": "pole", "bounding_box": [1201, 256, 1215, 469]}, {"label": "pole", "bounding_box": [1262, 149, 1280, 473]}, {"label": "traffic sign", "bounding_box": [1218, 355, 1280, 374]}, {"label": "traffic sign", "bounding_box": [1222, 372, 1282, 389]}, {"label": "traffic sign", "bounding_box": [1220, 390, 1281, 403]}, {"label": "pole", "bounding_box": [1447, 1, 1481, 498]}, {"label": "traffic sign", "bounding_box": [1445, 302, 1487, 343]}, {"label": "pole", "bounding_box": [728, 314, 739, 446]}, {"label": "pole", "bounding_box": [575, 237, 590, 498]}, {"label": "static", "bounding_box": [1492, 412, 1574, 493]}, {"label": "static", "bounding_box": [1300, 450, 1334, 476]}, {"label": "cargroup", "bounding_box": [609, 460, 728, 498]}, {"label": "car", "bounding_box": [567, 469, 618, 497]}, {"label": "car", "bounding_box": [514, 464, 583, 501]}, {"label": "car", "bounding_box": [445, 461, 529, 508]}, {"label": "car", "bounding_box": [440, 469, 487, 507]}, {"label": "terrain", "bounding_box": [863, 470, 990, 497]}, {"label": "pole", "bounding_box": [797, 397, 809, 434]}, {"label": "car", "bounding_box": [727, 430, 882, 545]}, {"label": "license plate", "bounding_box": [762, 485, 808, 499]}, {"label": "car", "bounding_box": [971, 425, 1134, 565]}, {"label": "license plate", "bounding_box": [1031, 512, 1085, 529]}, {"label": "car", "bounding_box": [1543, 382, 1704, 498]}, {"label": "static", "bounding_box": [1187, 250, 1209, 259]}, {"label": "static", "bounding_box": [1232, 141, 1264, 152]}, {"label": "static", "bounding_box": [173, 341, 252, 424]}, {"label": "static", "bounding_box": [727, 304, 748, 319]}, {"label": "pole", "bounding_box": [172, 311, 188, 425]}, {"label": "static", "bounding_box": [332, 279, 393, 358]}, {"label": "static", "bounding_box": [260, 288, 339, 340]}, {"label": "static", "bounding_box": [101, 316, 174, 370]}, {"label": "static", "bounding_box": [144, 353, 200, 382]}, {"label": "car", "bounding_box": [0, 421, 549, 757]}, {"label": "license plate", "bounding_box": [15, 553, 159, 590]}, {"label": "static", "bounding_box": [585, 403, 607, 431]}, {"label": "static", "bounding_box": [1192, 386, 1206, 425]}, {"label": "static", "bounding_box": [582, 231, 607, 245]}, {"label": "pole", "bounding_box": [1150, 312, 1176, 472]}, {"label": "pole", "bounding_box": [1137, 345, 1153, 470]}, {"label": "pole", "bounding_box": [1133, 398, 1139, 466]}, {"label": "building", "bounding_box": [606, 335, 718, 398]}, {"label": "pole", "bounding_box": [763, 370, 776, 401]}, {"label": "ego vehicle", "bounding_box": [271, 844, 2028, 1023]}, {"label": "out of roi", "bounding_box": [0, 0, 2048, 1024]}]}