{"imgHeight": 1024, "imgWidth": 2048, "objects": [{"label": "road", "bounding_box": [0, 465, 2047, 1023]}, {"label": "ground", "bounding_box": [220, 536, 732, 744]}, {"label": "parking", "bounding_box": [1319, 557, 2047, 1023]}, {"label": "sidewalk", "bounding_box": [0, 455, 517, 753]}, {"label": "sidewalk", "bounding_box": [1607, 524, 2047, 741]}, {"label": "sidewalk", "bounding_box": [712, 487, 1373, 550]}, {"label": "building", "bounding_box": [2, 1, 2046, 615]}, {"label": "pole", "bounding_box": [1343, 305, 1352, 478]}, {"label": "traffic sign", "bounding_box": [1315, 310, 1383, 338]}, {"label": "traffic sign", "bounding_box": [1339, 336, 1361, 353]}, {"label": "static", "bounding_box": [1318, 472, 1400, 528]}, {"label": "person", "bounding_box": [1361, 382, 1419, 478]}, {"label": "static", "bounding_box": [311, 172, 353, 245]}, {"label": "static", "bounding_box": [319, 244, 347, 306]}, {"label": "static", "bounding_box": [316, 305, 331, 331]}, {"label": "pole", "bounding_box": [305, 176, 324, 400]}, {"label": "static", "bounding_box": [785, 421, 943, 531]}, {"label": "static", "bounding_box": [828, 379, 917, 533]}, {"label": "traffic sign", "bounding_box": [567, 305, 637, 398]}, {"label": "static", "bounding_box": [442, 1, 532, 69]}, {"label": "dynamic", "bounding_box": [323, 225, 740, 339]}, {"label": "static", "bounding_box": [0, 414, 337, 625]}, {"label": "person", "bounding_box": [306, 331, 364, 460]}, {"label": "dynamic", "bounding_box": [257, 435, 343, 567]}, {"label": "person", "bounding_box": [315, 407, 372, 573]}, {"label": "dynamic", "bounding_box": [553, 484, 660, 657]}, {"label": "dynamic", "bounding_box": [278, 478, 385, 668]}, {"label": "pole", "bounding_box": [541, 496, 561, 686]}, {"label": "static", "bounding_box": [367, 621, 533, 694]}, {"label": "static", "bounding_box": [629, 527, 730, 637]}, {"label": "vegetation", "bounding_box": [593, 257, 778, 546]}, {"label": "sidewalk", "bounding_box": [1265, 559, 1355, 618]}, {"label": "dynamic", "bounding_box": [585, 443, 617, 525]}, {"label": "vegetation", "bounding_box": [337, 233, 629, 638]}, {"label": "person", "bounding_box": [176, 340, 263, 575]}, {"label": "person", "bounding_box": [176, 329, 275, 579]}, {"label": "person", "bounding_box": [1473, 338, 1560, 417]}, {"label": "person", "bounding_box": [1593, 353, 1658, 417]}, {"label": "person", "bounding_box": [1590, 363, 1637, 418]}, {"label": "person", "bounding_box": [1718, 348, 1783, 448]}, {"label": "person", "bounding_box": [1841, 331, 1938, 627]}, {"label": "car", "bounding_box": [1317, 394, 1855, 707]}, {"label": "license plate", "bounding_box": [1631, 540, 1755, 572]}, {"label": "bicycle", "bounding_box": [785, 421, 943, 531]}, {"label": "person", "bounding_box": [828, 379, 917, 533]}, {"label": "parking", "bounding_box": [0, 653, 652, 1023]}, {"label": "ego vehicle", "bounding_box": [271, 844, 2028, 1023]}, {"label": "out of roi", "bounding_box": [0, 0, 2048, 1024]}]}