{"imgHeight": 1024, "imgWidth": 2048, "objects": [{"label": "sky", "bounding_box": [941, 1, 1270, 139]}, {"label": "building", "bounding_box": [882, 1, 2047, 455]}, {"label": "vegetation", "bounding_box": [0, 1, 1141, 551]}, {"label": "wall", "bounding_box": [526, 439, 1058, 511]}, {"label": "fence", "bounding_box": [708, 430, 1096, 493]}, {"label": "sidewalk", "bounding_box": [561, 473, 1454, 537]}, {"label": "road", "bounding_box": [0, 495, 2047, 1024]}, {"label": "dynamic", "bounding_box": [1046, 459, 1075, 504]}, {"label": "pole", "bounding_box": [1072, 260, 1087, 502]}, {"label": "pole", "bounding_box": [799, 342, 804, 493]}, {"label": "vegetation", "bounding_box": [1081, 1, 2047, 501]}, {"label": "car", "bounding_box": [1150, 423, 1261, 499]}, {"label": "wall", "bounding_box": [1235, 430, 2047, 559]}, {"label": "fence", "bounding_box": [1272, 442, 1306, 506]}, {"label": "sidewalk", "bounding_box": [1143, 551, 2047, 998]}, {"label": "traffic sign", "bounding_box": [1493, 348, 1531, 390]}, {"label": "traffic sign", "bounding_box": [1431, 277, 1474, 298]}, {"label": "traffic sign", "bounding_box": [1430, 259, 1524, 281]}, {"label": "static", "bounding_box": [1371, 296, 1502, 331]}, {"label": "pole", "bounding_box": [1415, 53, 1429, 528]}, {"label": "traffic sign", "bounding_box": [1403, 230, 1425, 250]}, {"label": "static", "bounding_box": [1290, 327, 1328, 364]}, {"label": "static", "bounding_box": [1292, 365, 1328, 400]}, {"label": "static", "bounding_box": [1286, 458, 1327, 523]}, {"label": "pole", "bounding_box": [1299, 314, 1307, 554]}, {"label": "terrain", "bounding_box": [1299, 457, 2047, 701]}, {"label": "static", "bounding_box": [1792, 368, 1966, 633]}, {"label": "person", "bounding_box": [1196, 426, 1242, 557]}, {"label": "car", "bounding_box": [603, 461, 676, 501]}, {"label": "license plate", "bounding_box": [649, 479, 662, 483]}, {"label": "sidewalk", "bounding_box": [0, 512, 655, 808]}, {"label": "person", "bounding_box": [586, 444, 610, 518]}, {"label": "person", "bounding_box": [560, 443, 587, 514]}, {"label": "fence", "bounding_box": [0, 426, 556, 649]}, {"label": "terrain", "bounding_box": [459, 509, 553, 541]}, {"label": "pole", "bounding_box": [954, 411, 959, 499]}, {"label": "traffic sign", "bounding_box": [942, 389, 965, 413]}, {"label": "static", "bounding_box": [283, 445, 359, 604]}, {"label": "static", "bounding_box": [409, 426, 448, 563]}, {"label": "pole", "bounding_box": [1510, 458, 1516, 514]}, {"label": "ego vehicle", "bounding_box": [271, 844, 2028, 1023]}, {"label": "out of roi", "bounding_box": [0, 0, 2048, 1024]}]}