{"imgHeight": 1024, "imgWidth": 2048, "objects": [{"label": "sky", "bounding_box": [236, 1, 1167, 566]}, {"label": "wall", "bounding_box": [595, 294, 2047, 834]}, {"label": "sidewalk", "bounding_box": [807, 573, 2047, 813]}, {"label": "road", "bounding_box": [0, 564, 2047, 1024]}, {"label": "sidewalk", "bounding_box": [0, 544, 569, 1024]}, {"label": "vegetation", "bounding_box": [0, 1, 2047, 691]}, {"label": "fence", "bounding_box": [0, 385, 265, 594]}, {"label": "pole", "bounding_box": [288, 402, 305, 546]}, {"label": "pole", "bounding_box": [298, 208, 313, 300]}, {"label": "pole", "bounding_box": [309, 130, 317, 159]}, {"label": "car", "bounding_box": [800, 470, 916, 575]}, {"label": "car", "bounding_box": [877, 450, 1088, 592]}, {"label": "license plate", "bounding_box": [999, 511, 1047, 525]}, {"label": "ego vehicle", "bounding_box": [271, 844, 2028, 1023]}, {"label": "out of roi", "bounding_box": [0, 0, 2048, 1024]}]}