{"imgHeight": 1024, "imgWidth": 2048, "objects": [{"label": "sky", "bounding_box": [555, 1, 1608, 357]}, {"label": "road", "bounding_box": [0, 397, 2048, 1024]}, {"label": "vegetation", "bounding_box": [577, 205, 676, 286]}, {"label": "building", "bounding_box": [587, 240, 897, 436]}, {"label": "vegetation", "bounding_box": [872, 222, 1013, 407]}, {"label": "building", "bounding_box": [948, 78, 1340, 329]}, {"label": "pole", "bounding_box": [928, 236, 937, 326]}, {"label": "pole", "bounding_box": [906, 280, 913, 406]}, {"label": "static", "bounding_box": [903, 273, 919, 282]}, {"label": "vegetation", "bounding_box": [918, 266, 1085, 430]}, {"label": "sidewalk", "bounding_box": [858, 423, 1072, 452]}, {"label": "wall", "bounding_box": [910, 410, 1078, 449]}, {"label": "fence", "bounding_box": [914, 384, 1075, 423]}, {"label": "sidewalk", "bounding_box": [990, 446, 1730, 578]}, {"label": "vegetation", "bounding_box": [1039, 1, 2046, 497]}, {"label": "person", "bounding_box": [749, 389, 758, 420]}, {"label": "wall", "bounding_box": [1070, 434, 1245, 464]}, {"label": "fence", "bounding_box": [1067, 404, 1251, 448]}, {"label": "pole", "bounding_box": [1236, 221, 1249, 470]}, {"label": "vegetation", "bounding_box": [1188, 2, 2047, 486]}, {"label": "wall", "bounding_box": [1237, 411, 1453, 492]}, {"label": "vegetation", "bounding_box": [1241, 382, 1464, 472]}, {"label": "wall", "bounding_box": [1445, 392, 1705, 500]}, {"label": "vegetation", "bounding_box": [1313, 1, 1933, 484]}, {"label": "terrain", "bounding_box": [1530, 468, 1619, 515]}, {"label": "dynamic", "bounding_box": [1609, 430, 1669, 492]}, {"label": "pole", "bounding_box": [1956, 1, 1992, 352]}, {"label": "traffic sign", "bounding_box": [1819, 79, 1958, 191]}, {"label": "pole", "bounding_box": [968, 218, 980, 450]}, {"label": "static", "bounding_box": [962, 213, 982, 223]}, {"label": "static", "bounding_box": [828, 373, 837, 386]}, {"label": "static", "bounding_box": [839, 370, 854, 382]}, {"label": "pole", "bounding_box": [831, 376, 833, 415]}, {"label": "pole", "bounding_box": [845, 376, 847, 414]}, {"label": "pole", "bounding_box": [873, 381, 878, 429]}, {"label": "traffic sign", "bounding_box": [871, 363, 880, 377]}, {"label": "traffic sign", "bounding_box": [870, 377, 880, 388]}, {"label": "pole", "bounding_box": [871, 351, 875, 436]}, {"label": "vegetation", "bounding_box": [700, 187, 898, 418]}, {"label": "fence", "bounding_box": [741, 407, 838, 428]}, {"label": "vegetation", "bounding_box": [2, 1, 554, 547]}, {"label": "parking", "bounding_box": [2, 482, 775, 806]}, {"label": "vegetation", "bounding_box": [176, 1, 1311, 525]}, {"label": "vegetation", "bounding_box": [497, 232, 635, 350]}, {"label": "car", "bounding_box": [255, 333, 662, 534]}, {"label": "car", "bounding_box": [333, 378, 538, 521]}, {"label": "car", "bounding_box": [0, 378, 438, 533]}, {"label": "vegetation", "bounding_box": [394, 1, 591, 538]}, {"label": "terrain", "bounding_box": [2, 499, 689, 602]}, {"label": "pole", "bounding_box": [825, 426, 832, 448]}, {"label": "pole", "bounding_box": [868, 426, 873, 452]}, {"label": "pole", "bounding_box": [919, 420, 925, 454]}, {"label": "pole", "bounding_box": [985, 422, 992, 453]}, {"label": "static", "bounding_box": [886, 401, 898, 452]}, {"label": "static", "bounding_box": [817, 395, 868, 503]}, {"label": "static", "bounding_box": [822, 431, 867, 515]}, {"label": "car", "bounding_box": [1566, 312, 2048, 889]}, {"label": "rider", "bounding_box": [817, 395, 868, 503]}, {"label": "bicycle", "bounding_box": [822, 431, 867, 515]}, {"label": "ego vehicle", "bounding_box": [271, 844, 2028, 1023]}, {"label": "out of roi", "bounding_box": [0, 0, 2048, 1024]}]}