{"imgHeight": 1024, "imgWidth": 2048, "objects": [{"label": "sky", "bounding_box": [556, 1, 1847, 239]}, {"label": "road", "bounding_box": [0, 446, 2046, 1023]}, {"label": "vegetation", "bounding_box": [1351, 2, 2046, 542]}, {"label": "building", "bounding_box": [1274, 203, 1483, 459]}, {"label": "sidewalk", "bounding_box": [672, 447, 1481, 474]}, {"label": "wall", "bounding_box": [1475, 449, 1535, 474]}, {"label": "sidewalk", "bounding_box": [1251, 467, 2048, 725]}, {"label": "vegetation", "bounding_box": [664, 1, 1448, 450]}, {"label": "fence", "bounding_box": [669, 409, 1476, 469]}, {"label": "person", "bounding_box": [1466, 418, 1490, 472]}, {"label": "pole", "bounding_box": [1488, 391, 1492, 456]}, {"label": "traffic sign", "bounding_box": [1482, 373, 1496, 397]}, {"label": "pole", "bounding_box": [1526, 338, 1535, 450]}, {"label": "pole", "bounding_box": [1534, 199, 1546, 450]}, {"label": "static", "bounding_box": [1513, 363, 1541, 396]}, {"label": "static", "bounding_box": [1535, 388, 1557, 449]}, {"label": "traffic sign", "bounding_box": [1580, 321, 1603, 350]}, {"label": "traffic sign", "bounding_box": [1578, 348, 1603, 367]}, {"label": "pole", "bounding_box": [1604, 310, 1609, 372]}, {"label": "vegetation", "bounding_box": [1540, 308, 2048, 542]}, {"label": "person", "bounding_box": [1700, 465, 1722, 522]}, {"label": "person", "bounding_box": [1642, 421, 1679, 469]}, {"label": "pole", "bounding_box": [1636, 246, 1654, 498]}, {"label": "traffic sign", "bounding_box": [1594, 244, 1650, 327]}, {"label": "static", "bounding_box": [1718, 249, 1769, 324]}, {"label": "pole", "bounding_box": [1754, 1, 1794, 525]}, {"label": "static", "bounding_box": [1599, 457, 1683, 554]}, {"label": "static", "bounding_box": [1664, 346, 1753, 569]}, {"label": "building", "bounding_box": [1733, 241, 2047, 622]}, {"label": "person", "bounding_box": [1783, 422, 1876, 583]}, {"label": "dynamic", "bounding_box": [1828, 495, 1883, 526]}, {"label": "terrain", "bounding_box": [1257, 467, 1436, 508]}, {"label": "person", "bounding_box": [1404, 393, 1445, 521]}, {"label": "pole", "bounding_box": [1388, 259, 1410, 463]}, {"label": "pole", "bounding_box": [1224, 368, 1228, 461]}, {"label": "static", "bounding_box": [1227, 373, 1247, 401]}, {"label": "pole", "bounding_box": [1304, 378, 1308, 461]}, {"label": "traffic sign", "bounding_box": [1291, 343, 1320, 380]}, {"label": "traffic sign", "bounding_box": [1297, 380, 1317, 396]}, {"label": "static", "bounding_box": [923, 439, 936, 462]}, {"label": "static", "bounding_box": [872, 443, 885, 465]}, {"label": "static", "bounding_box": [809, 440, 826, 466]}, {"label": "static", "bounding_box": [749, 440, 764, 466]}, {"label": "static", "bounding_box": [684, 439, 699, 466]}, {"label": "pole", "bounding_box": [701, 237, 711, 458]}, {"label": "static", "bounding_box": [710, 334, 733, 372]}, {"label": "vegetation", "bounding_box": [1474, 432, 1543, 475]}, {"label": "static", "bounding_box": [674, 353, 682, 441]}, {"label": "sidewalk", "bounding_box": [2, 465, 939, 679]}, {"label": "building", "bounding_box": [0, 1, 692, 539]}, {"label": "vegetation", "bounding_box": [392, 235, 569, 423]}, {"label": "wall", "bounding_box": [2, 384, 539, 544]}, {"label": "ego vehicle", "bounding_box": [271, 844, 2028, 1023]}, {"label": "out of roi", "bounding_box": [0, 0, 2048, 1024]}]}