{"imgHeight": 1024, "imgWidth": 2048, "objects": [{"label": "sky", "bounding_box": [823, 1, 997, 140]}, {"label": "road", "bounding_box": [0, 166, 2047, 1024]}, {"label": "sidewalk", "bounding_box": [0, 482, 178, 587]}, {"label": "building", "bounding_box": [0, 1, 970, 488]}, {"label": "static", "bounding_box": [952, 36, 966, 58]}, {"label": "static", "bounding_box": [662, 359, 971, 468]}, {"label": "sidewalk", "bounding_box": [1177, 438, 1578, 471]}, {"label": "building", "bounding_box": [952, 1, 2048, 486]}, {"label": "static", "bounding_box": [980, 313, 1219, 346]}, {"label": "vegetation", "bounding_box": [529, 256, 659, 402]}, {"label": "vegetation", "bounding_box": [648, 90, 1000, 432]}, {"label": "pole", "bounding_box": [488, 296, 496, 430]}, {"label": "static", "bounding_box": [731, 421, 973, 506]}, {"label": "traffic sign", "bounding_box": [483, 328, 505, 348]}, {"label": "traffic sign", "bounding_box": [486, 300, 504, 329]}, {"label": "traffic sign", "bounding_box": [525, 325, 543, 363]}, {"label": "static", "bounding_box": [523, 362, 533, 397]}, {"label": "vegetation", "bounding_box": [536, 380, 694, 424]}, {"label": "person", "bounding_box": [526, 391, 551, 425]}, {"label": "person", "bounding_box": [622, 375, 658, 426]}, {"label": "person", "bounding_box": [657, 387, 682, 433]}, {"label": "static", "bounding_box": [806, 418, 897, 459]}, {"label": "pole", "bounding_box": [835, 382, 850, 464]}, {"label": "pole", "bounding_box": [751, 290, 760, 458]}, {"label": "static", "bounding_box": [734, 266, 778, 292]}, {"label": "person", "bounding_box": [1026, 377, 1035, 443]}, {"label": "person", "bounding_box": [1063, 373, 1072, 439]}, {"label": "dynamic", "bounding_box": [1059, 397, 1087, 429]}, {"label": "person", "bounding_box": [1100, 383, 1129, 448]}, {"label": "person", "bounding_box": [1123, 386, 1138, 413]}, {"label": "dynamic", "bounding_box": [1099, 417, 1138, 445]}, {"label": "static", "bounding_box": [1161, 305, 1191, 353]}, {"label": "pole", "bounding_box": [1167, 304, 1180, 447]}, {"label": "traffic sign", "bounding_box": [1165, 340, 1181, 359]}, {"label": "static", "bounding_box": [1179, 420, 1201, 456]}, {"label": "wall", "bounding_box": [800, 439, 1187, 486]}, {"label": "static", "bounding_box": [1212, 413, 1301, 449]}, {"label": "motorcycle", "bounding_box": [1339, 384, 1368, 456]}, {"label": "person", "bounding_box": [1295, 381, 1356, 516]}, {"label": "motorcycle", "bounding_box": [1404, 385, 1438, 457]}, {"label": "bicycle", "bounding_box": [1474, 403, 1495, 453]}, {"label": "pole", "bounding_box": [1481, 409, 1494, 457]}, {"label": "bicycle", "bounding_box": [1517, 404, 1540, 457]}, {"label": "static", "bounding_box": [1604, 346, 1620, 379]}, {"label": "static", "bounding_box": [1610, 339, 1665, 390]}, {"label": "static", "bounding_box": [1796, 349, 1871, 373]}, {"label": "pole", "bounding_box": [1996, 280, 2012, 384]}, {"label": "static", "bounding_box": [2008, 236, 2025, 288]}, {"label": "car", "bounding_box": [2012, 346, 2047, 396]}, {"label": "static", "bounding_box": [1957, 357, 1977, 380]}, {"label": "person", "bounding_box": [1589, 385, 1608, 413]}, {"label": "person", "bounding_box": [1563, 378, 1594, 431]}, {"label": "person", "bounding_box": [1526, 384, 1568, 463]}, {"label": "static", "bounding_box": [1511, 447, 1558, 487]}, {"label": "terrain", "bounding_box": [1475, 479, 1600, 506]}, {"label": "vegetation", "bounding_box": [1277, 2, 2048, 385]}, {"label": "car", "bounding_box": [1544, 404, 1618, 509]}, {"label": "car", "bounding_box": [1568, 400, 1618, 492]}, {"label": "car", "bounding_box": [1744, 362, 1979, 487]}, {"label": "car", "bounding_box": [1742, 389, 2048, 633]}, {"label": "person", "bounding_box": [1692, 327, 1806, 670]}, {"label": "person", "bounding_box": [1592, 303, 1737, 676]}, {"label": "person", "bounding_box": [425, 382, 465, 426]}, {"label": "person", "bounding_box": [467, 408, 485, 428]}, {"label": "vegetation", "bounding_box": [2, 197, 326, 435]}, {"label": "vegetation", "bounding_box": [222, 372, 378, 435]}, {"label": "fence", "bounding_box": [1, 414, 343, 505]}, {"label": "pole", "bounding_box": [2, 444, 257, 542]}, {"label": "bicycle", "bounding_box": [1, 466, 36, 545]}, {"label": "bicycle", "bounding_box": [46, 448, 85, 541]}, {"label": "static", "bounding_box": [130, 469, 198, 525]}, {"label": "person", "bounding_box": [898, 371, 927, 433]}, {"label": "person", "bounding_box": [880, 381, 918, 435]}, {"label": "static", "bounding_box": [921, 421, 1141, 499]}, {"label": "bicyclegroup", "bounding_box": [921, 421, 1141, 499]}, {"label": "static", "bounding_box": [1030, 336, 1067, 503]}, {"label": "static", "bounding_box": [74, 417, 134, 586]}, {"label": "static", "bounding_box": [138, 469, 204, 593]}, {"label": "pole", "bounding_box": [257, 531, 265, 583]}, {"label": "static", "bounding_box": [229, 462, 317, 595]}, {"label": "static", "bounding_box": [307, 459, 373, 593]}, {"label": "static", "bounding_box": [345, 460, 416, 592]}, {"label": "bicyclegroup", "bounding_box": [731, 421, 973, 506]}, {"label": "car", "bounding_box": [504, 414, 799, 535]}, {"label": "car", "bounding_box": [422, 421, 682, 552]}, {"label": "car", "bounding_box": [148, 420, 505, 572]}, {"label": "bicycle", "bounding_box": [345, 460, 416, 592]}, {"label": "bicycle", "bounding_box": [307, 459, 373, 593]}, {"label": "bicycle", "bounding_box": [229, 462, 317, 595]}, {"label": "bicycle", "bounding_box": [138, 469, 204, 593]}, {"label": "pole", "bounding_box": [200, 525, 211, 581]}, {"label": "ego vehicle", "bounding_box": [271, 844, 2028, 1023]}, {"label": "out of roi", "bounding_box": [0, 0, 2048, 1024]}]}