{"imgHeight": 1024, "imgWidth": 2048, "objects": [{"label": "road", "bounding_box": [0, 459, 2047, 1024]}, {"label": "sidewalk", "bounding_box": [1, 441, 2047, 797]}, {"label": "building", "bounding_box": [376, 2, 523, 473]}, {"label": "vegetation", "bounding_box": [393, 16, 465, 122]}, {"label": "vegetation", "bounding_box": [399, 182, 491, 476]}, {"label": "building", "bounding_box": [0, 1, 411, 603]}, {"label": "static", "bounding_box": [282, 126, 430, 256]}, {"label": "pole", "bounding_box": [356, 109, 440, 622]}, {"label": "building", "bounding_box": [471, 2, 2047, 676]}, {"label": "terrain", "bounding_box": [273, 555, 688, 710]}, {"label": "static", "bounding_box": [1470, 549, 1575, 677]}, {"label": "vegetation", "bounding_box": [1435, 432, 1614, 565]}, {"label": "bicycle", "bounding_box": [1940, 587, 2047, 832]}, {"label": "static", "bounding_box": [1030, 543, 1154, 730]}, {"label": "static", "bounding_box": [681, 412, 1358, 839]}, {"label": "static", "bounding_box": [908, 220, 1240, 722]}, {"label": "bicycle", "bounding_box": [681, 412, 1358, 839]}, {"label": "rider", "bounding_box": [908, 220, 1240, 722]}, {"label": "ego vehicle", "bounding_box": [271, 844, 2028, 1023]}, {"label": "out of roi", "bounding_box": [0, 0, 2048, 1024]}]}