{"imgHeight": 1024, "imgWidth": 2048, "objects": [{"label": "sky", "bounding_box": [634, 1, 2030, 297]}, {"label": "road", "bounding_box": [0, 437, 2047, 1024]}, {"label": "vegetation", "bounding_box": [827, 227, 1054, 448]}, {"label": "sidewalk", "bounding_box": [0, 457, 916, 614]}, {"label": "building", "bounding_box": [2, 1, 860, 560]}, {"label": "ground", "bounding_box": [1114, 444, 2047, 1024]}, {"label": "sidewalk", "bounding_box": [1092, 452, 2047, 1024]}, {"label": "building", "bounding_box": [972, 1, 2047, 481]}, {"label": "car", "bounding_box": [891, 434, 911, 448]}, {"label": "car", "bounding_box": [851, 440, 869, 458]}, {"label": "terrain", "bounding_box": [754, 457, 924, 495]}, {"label": "static", "bounding_box": [887, 412, 908, 428]}, {"label": "pole", "bounding_box": [926, 330, 954, 434]}, {"label": "vegetation", "bounding_box": [901, 281, 978, 427]}, {"label": "pole", "bounding_box": [907, 311, 936, 463]}, {"label": "vegetation", "bounding_box": [850, 243, 940, 466]}, {"label": "pole", "bounding_box": [866, 403, 873, 468]}, {"label": "vegetation", "bounding_box": [810, 176, 921, 474]}, {"label": "pole", "bounding_box": [803, 215, 848, 263]}, {"label": "vegetation", "bounding_box": [704, 171, 855, 483]}, {"label": "vegetation", "bounding_box": [684, 388, 764, 444]}, {"label": "parking", "bounding_box": [0, 492, 819, 692]}, {"label": "static", "bounding_box": [789, 374, 805, 403]}, {"label": "pole", "bounding_box": [795, 374, 801, 480]}, {"label": "fence", "bounding_box": [596, 408, 722, 484]}, {"label": "person", "bounding_box": [681, 414, 708, 433]}, {"label": "car", "bounding_box": [530, 440, 625, 495]}, {"label": "person", "bounding_box": [747, 416, 774, 507]}, {"label": "car", "bounding_box": [654, 431, 780, 511]}, {"label": "person", "bounding_box": [612, 424, 639, 508]}, {"label": "fence", "bounding_box": [490, 419, 549, 507]}, {"label": "person", "bounding_box": [466, 407, 505, 464]}, {"label": "terrain", "bounding_box": [511, 499, 723, 527]}, {"label": "car", "bounding_box": [251, 420, 509, 575]}, {"label": "pole", "bounding_box": [258, 476, 275, 578]}, {"label": "static", "bounding_box": [198, 381, 228, 584]}, {"label": "terrain", "bounding_box": [2, 532, 360, 648]}, {"label": "vegetation", "bounding_box": [130, 1, 269, 589]}, {"label": "vegetation", "bounding_box": [420, 1, 913, 507]}, {"label": "static", "bounding_box": [1006, 408, 1013, 422]}, {"label": "static", "bounding_box": [1012, 412, 1022, 422]}, {"label": "static", "bounding_box": [1006, 396, 1026, 409]}, {"label": "car", "bounding_box": [958, 433, 999, 472]}, {"label": "pole", "bounding_box": [1050, 404, 1054, 428]}, {"label": "static", "bounding_box": [1040, 396, 1058, 411]}, {"label": "pole", "bounding_box": [1110, 394, 1117, 456]}, {"label": "static", "bounding_box": [1111, 400, 1123, 418]}, {"label": "persongroup", "bounding_box": [1139, 425, 1163, 458]}, {"label": "static", "bounding_box": [1131, 442, 1143, 458]}, {"label": "vegetation", "bounding_box": [1048, 263, 1187, 428]}, {"label": "pole", "bounding_box": [1126, 284, 1167, 318]}, {"label": "pole", "bounding_box": [1165, 380, 1170, 442]}, {"label": "static", "bounding_box": [1163, 387, 1177, 415]}, {"label": "pole", "bounding_box": [1190, 407, 1193, 459]}, {"label": "static", "bounding_box": [1185, 392, 1196, 410]}, {"label": "vegetation", "bounding_box": [1300, 390, 1328, 431]}, {"label": "car", "bounding_box": [1208, 421, 1372, 480]}, {"label": "static", "bounding_box": [1465, 431, 1551, 469]}, {"label": "vegetation", "bounding_box": [1455, 1, 1862, 480]}, {"label": "vegetation", "bounding_box": [1131, 32, 1491, 482]}, {"label": "traffic sign", "bounding_box": [1441, 376, 1458, 390]}, {"label": "pole", "bounding_box": [1451, 400, 1458, 475]}, {"label": "traffic sign", "bounding_box": [1441, 388, 1463, 409]}, {"label": "pole", "bounding_box": [1606, 396, 1610, 487]}, {"label": "traffic sign", "bounding_box": [1593, 359, 1620, 383]}, {"label": "traffic sign", "bounding_box": [1594, 383, 1620, 406]}, {"label": "pole", "bounding_box": [1887, 341, 1893, 471]}, {"label": "static", "bounding_box": [1871, 324, 1903, 345]}, {"label": "pole", "bounding_box": [1141, 231, 1192, 276]}, {"label": "person", "bounding_box": [1397, 421, 1415, 469]}, {"label": "pole", "bounding_box": [1401, 445, 1406, 477]}, {"label": "static", "bounding_box": [1213, 355, 1229, 370]}, {"label": "static", "bounding_box": [1215, 369, 1230, 382]}, {"label": "static", "bounding_box": [1216, 380, 1228, 389]}, {"label": "static", "bounding_box": [1216, 388, 1229, 396]}, {"label": "pole", "bounding_box": [1222, 354, 1227, 478]}, {"label": "pole", "bounding_box": [1344, 390, 1348, 480]}, {"label": "traffic sign", "bounding_box": [1335, 375, 1357, 399]}, {"label": "traffic sign", "bounding_box": [1333, 351, 1356, 377]}, {"label": "pole", "bounding_box": [1523, 440, 1527, 475]}, {"label": "pole", "bounding_box": [1472, 436, 1476, 470]}, {"label": "static", "bounding_box": [1067, 407, 1083, 424]}, {"label": "car", "bounding_box": [1083, 429, 1113, 463]}, {"label": "car", "bounding_box": [906, 429, 977, 482]}, {"label": "car", "bounding_box": [975, 419, 1114, 524]}, {"label": "license plate", "bounding_box": [297, 525, 355, 541]}, {"label": "static", "bounding_box": [1158, 411, 1188, 475]}, {"label": "static", "bounding_box": [1167, 436, 1183, 484]}, {"label": "pole", "bounding_box": [1192, 382, 1202, 479]}, {"label": "person", "bounding_box": [1347, 384, 1399, 532]}, {"label": "person", "bounding_box": [1236, 373, 1304, 538]}, {"label": "license plate", "bounding_box": [1023, 461, 1066, 474]}, {"label": "rider", "bounding_box": [1158, 411, 1188, 475]}, {"label": "bicycle", "bounding_box": [1167, 436, 1183, 484]}, {"label": "ego vehicle", "bounding_box": [271, 844, 2028, 1023]}, {"label": "out of roi", "bounding_box": [0, 0, 2048, 1024]}]}