{"imgHeight": 1024, "imgWidth": 2048, "objects": [{"label": "sky", "bounding_box": [1118, 1, 1629, 261]}, {"label": "road", "bounding_box": [2, 444, 2047, 1023]}, {"label": "sidewalk", "bounding_box": [0, 444, 1183, 819]}, {"label": "sidewalk", "bounding_box": [1174, 430, 2046, 860]}, {"label": "static", "bounding_box": [1139, 362, 1249, 447]}, {"label": "static", "bounding_box": [1115, 396, 1175, 448]}, {"label": "traffic sign", "bounding_box": [1194, 369, 1214, 386]}, {"label": "traffic sign", "bounding_box": [1194, 387, 1212, 403]}, {"label": "car", "bounding_box": [1191, 411, 1263, 478]}, {"label": "vegetation", "bounding_box": [0, 1, 1408, 645]}, {"label": "terrain", "bounding_box": [0, 471, 933, 662]}, {"label": "fence", "bounding_box": [0, 443, 838, 614]}, {"label": "static", "bounding_box": [467, 445, 517, 535]}, {"label": "pole", "bounding_box": [1089, 394, 1095, 456]}, {"label": "pole", "bounding_box": [897, 405, 905, 475]}, {"label": "vegetation", "bounding_box": [516, 1, 1144, 489]}, {"label": "vegetation", "bounding_box": [315, 1, 661, 550]}, {"label": "vegetation", "bounding_box": [0, 1, 543, 601]}, {"label": "person", "bounding_box": [788, 413, 831, 507]}, {"label": "person", "bounding_box": [822, 411, 857, 505]}, {"label": "static", "bounding_box": [647, 379, 727, 557]}, {"label": "static", "bounding_box": [651, 466, 732, 603]}, {"label": "building", "bounding_box": [1372, 2, 2047, 498]}, {"label": "vegetation", "bounding_box": [1435, 2, 1522, 152]}, {"label": "fence", "bounding_box": [1261, 317, 1755, 559]}, {"label": "static", "bounding_box": [1486, 2, 1591, 238]}, {"label": "pole", "bounding_box": [1542, 2, 1575, 518]}, {"label": "pole", "bounding_box": [1639, 134, 1670, 492]}, {"label": "static", "bounding_box": [1630, 1, 1716, 170]}, {"label": "static", "bounding_box": [1470, 295, 1551, 324]}, {"label": "pole", "bounding_box": [1512, 440, 1522, 542]}, {"label": "pole", "bounding_box": [1615, 396, 1627, 487]}, {"label": "building", "bounding_box": [1502, 486, 2046, 611]}, {"label": "static", "bounding_box": [1497, 384, 1740, 511]}, {"label": "static", "bounding_box": [1557, 393, 1903, 557]}, {"label": "pole", "bounding_box": [1579, 439, 1594, 570]}, {"label": "pole", "bounding_box": [1732, 406, 1756, 571]}, {"label": "pole", "bounding_box": [1863, 453, 1882, 612]}, {"label": "static", "bounding_box": [1638, 318, 1719, 563]}, {"label": "pole", "bounding_box": [1703, 473, 1723, 580]}, {"label": "static", "bounding_box": [1925, 655, 2046, 706]}, {"label": "static", "bounding_box": [1963, 608, 2043, 667]}, {"label": "pole", "bounding_box": [493, 340, 509, 449]}, {"label": "ground", "bounding_box": [1919, 653, 2047, 707]}, {"label": "rider", "bounding_box": [647, 379, 727, 557]}, {"label": "bicycle", "bounding_box": [651, 466, 732, 603]}, {"label": "vegetation", "bounding_box": [477, 375, 516, 423]}, {"label": "ego vehicle", "bounding_box": [271, 844, 2028, 1023]}, {"label": "out of roi", "bounding_box": [0, 0, 2048, 1024]}]}