{"imgHeight": 1024, "imgWidth": 2048, "objects": [{"label": "road", "bounding_box": [0, 440, 2047, 1024]}, {"label": "sidewalk", "bounding_box": [0, 489, 1058, 897]}, {"label": "building", "bounding_box": [492, 1, 2047, 515]}, {"label": "vegetation", "bounding_box": [164, 1, 855, 381]}, {"label": "building", "bounding_box": [24, 2, 231, 402]}, {"label": "vegetation", "bounding_box": [37, 63, 276, 410]}, {"label": "pole", "bounding_box": [405, 295, 428, 391]}, {"label": "traffic sign", "bounding_box": [423, 303, 449, 346]}, {"label": "pole", "bounding_box": [286, 280, 319, 371]}, {"label": "static", "bounding_box": [409, 342, 426, 367]}, {"label": "vegetation", "bounding_box": [36, 335, 562, 528]}, {"label": "building", "bounding_box": [0, 1, 62, 574]}, {"label": "vegetation", "bounding_box": [10, 323, 136, 558]}, {"label": "dynamic", "bounding_box": [230, 373, 355, 565]}, {"label": "static", "bounding_box": [552, 224, 575, 250]}, {"label": "static", "bounding_box": [551, 249, 580, 325]}, {"label": "pole", "bounding_box": [551, 1, 566, 333]}, {"label": "sidewalk", "bounding_box": [719, 483, 2046, 563]}, {"label": "pole", "bounding_box": [731, 119, 747, 430]}, {"label": "static", "bounding_box": [729, 371, 768, 526]}, {"label": "pole", "bounding_box": [829, 239, 842, 524]}, {"label": "traffic sign", "bounding_box": [836, 234, 891, 319]}, {"label": "static", "bounding_box": [821, 365, 852, 405]}, {"label": "person", "bounding_box": [871, 419, 915, 503]}, {"label": "static", "bounding_box": [972, 446, 984, 504]}, {"label": "static", "bounding_box": [928, 439, 1015, 507]}, {"label": "static", "bounding_box": [949, 391, 1002, 490]}, {"label": "static", "bounding_box": [1038, 467, 1048, 503]}, {"label": "static", "bounding_box": [997, 453, 1061, 508]}, {"label": "static", "bounding_box": [1016, 414, 1051, 502]}, {"label": "pole", "bounding_box": [1409, 331, 1415, 513]}, {"label": "traffic sign", "bounding_box": [1370, 332, 1405, 369]}, {"label": "traffic sign", "bounding_box": [1545, 302, 1577, 314]}, {"label": "pole", "bounding_box": [1585, 292, 1595, 517]}, {"label": "parking", "bounding_box": [1543, 684, 2047, 971]}, {"label": "traffic sign", "bounding_box": [1575, 291, 1595, 306]}, {"label": "dynamic", "bounding_box": [1423, 438, 1506, 515]}, {"label": "person", "bounding_box": [1471, 394, 1526, 511]}, {"label": "person", "bounding_box": [1487, 405, 1539, 513]}, {"label": "static", "bounding_box": [1618, 448, 1649, 506]}, {"label": "static", "bounding_box": [1562, 459, 1712, 542]}, {"label": "static", "bounding_box": [1591, 403, 1676, 529]}, {"label": "pole", "bounding_box": [1961, 114, 1976, 417]}, {"label": "traffic sign", "bounding_box": [1967, 120, 2040, 250]}, {"label": "sidewalk", "bounding_box": [1536, 573, 2046, 758]}, {"label": "car", "bounding_box": [1661, 384, 2046, 874]}, {"label": "car", "bounding_box": [285, 301, 730, 674]}, {"label": "license plate", "bounding_box": [369, 567, 487, 604]}, {"label": "bicycle", "bounding_box": [997, 453, 1061, 508]}, {"label": "bicycle", "bounding_box": [928, 439, 1015, 507]}, {"label": "rider", "bounding_box": [949, 391, 1002, 490]}, {"label": "rider", "bounding_box": [1016, 414, 1051, 502]}, {"label": "bicycle", "bounding_box": [1562, 459, 1712, 542]}, {"label": "rider", "bounding_box": [1591, 403, 1676, 529]}, {"label": "ego vehicle", "bounding_box": [271, 844, 2028, 1023]}, {"label": "out of roi", "bounding_box": [0, 0, 2048, 1024]}]}