{"imgHeight": 1024, "imgWidth": 2048, "objects": [{"label": "sky", "bounding_box": [556, 1, 1568, 395]}, {"label": "vegetation", "bounding_box": [929, 236, 1279, 447]}, {"label": "road", "bounding_box": [2, 434, 2047, 1024]}, {"label": "building", "bounding_box": [710, 159, 940, 460]}, {"label": "sidewalk", "bounding_box": [0, 459, 855, 740]}, {"label": "sidewalk", "bounding_box": [797, 444, 832, 469]}, {"label": "vegetation", "bounding_box": [920, 387, 973, 419]}, {"label": "vegetation", "bounding_box": [745, 2, 1050, 410]}, {"label": "building", "bounding_box": [585, 5, 749, 415]}, {"label": "vegetation", "bounding_box": [586, 118, 798, 395]}, {"label": "building", "bounding_box": [0, 2, 606, 563]}, {"label": "static", "bounding_box": [222, 156, 476, 227]}, {"label": "static", "bounding_box": [237, 221, 279, 254]}, {"label": "pole", "bounding_box": [266, 352, 398, 519]}, {"label": "static", "bounding_box": [333, 81, 408, 198]}, {"label": "static", "bounding_box": [342, 192, 394, 255]}, {"label": "pole", "bounding_box": [357, 97, 374, 576]}, {"label": "static", "bounding_box": [163, 368, 253, 542]}, {"label": "static", "bounding_box": [151, 518, 181, 543]}, {"label": "static", "bounding_box": [990, 394, 1002, 408]}, {"label": "pole", "bounding_box": [994, 398, 997, 426]}, {"label": "car", "bounding_box": [983, 416, 1011, 458]}, {"label": "car", "bounding_box": [971, 418, 1004, 464]}, {"label": "car", "bounding_box": [958, 411, 990, 474]}, {"label": "car", "bounding_box": [915, 409, 980, 480]}, {"label": "car", "bounding_box": [815, 402, 954, 503]}, {"label": "car", "bounding_box": [525, 368, 816, 591]}, {"label": "traffic sign", "bounding_box": [1109, 390, 1125, 403]}, {"label": "traffic sign", "bounding_box": [1114, 403, 1122, 413]}, {"label": "vegetation", "bounding_box": [1096, 92, 1350, 427]}, {"label": "car", "bounding_box": [1100, 400, 1149, 440]}, {"label": "car", "bounding_box": [1106, 419, 1153, 458]}, {"label": "traffic sign", "bounding_box": [1169, 392, 1186, 408]}, {"label": "traffic sign", "bounding_box": [1212, 368, 1224, 381]}, {"label": "traffic sign", "bounding_box": [1211, 381, 1224, 393]}, {"label": "building", "bounding_box": [1245, 351, 1328, 409]}, {"label": "static", "bounding_box": [1298, 305, 1331, 406]}, {"label": "vegetation", "bounding_box": [1311, 330, 1422, 467]}, {"label": "pole", "bounding_box": [1327, 348, 1331, 411]}, {"label": "traffic sign", "bounding_box": [1307, 311, 1351, 355]}, {"label": "static", "bounding_box": [1360, 325, 1404, 419]}, {"label": "vegetation", "bounding_box": [1259, 1, 2047, 461]}, {"label": "wall", "bounding_box": [1395, 436, 1513, 538]}, {"label": "vegetation", "bounding_box": [1399, 341, 1507, 486]}, {"label": "car", "bounding_box": [1139, 394, 1259, 521]}, {"label": "car", "bounding_box": [1168, 404, 1256, 551]}, {"label": "car", "bounding_box": [1187, 400, 1438, 587]}, {"label": "static", "bounding_box": [1904, 315, 2047, 365]}, {"label": "car", "bounding_box": [1379, 328, 2046, 988]}, {"label": "car", "bounding_box": [1008, 394, 1109, 486]}, {"label": "license plate", "bounding_box": [594, 517, 671, 538]}, {"label": "license plate", "bounding_box": [1299, 518, 1371, 537]}, {"label": "ego vehicle", "bounding_box": [271, 844, 2028, 1023]}, {"label": "out of roi", "bounding_box": [0, 0, 2048, 1024]}]}