{"imgHeight": 1024, "imgWidth": 2048, "objects": [{"label": "sky", "bounding_box": [0, 1, 990, 240]}, {"label": "road", "bounding_box": [0, 452, 2047, 1023]}, {"label": "vegetation", "bounding_box": [345, 61, 391, 178]}, {"label": "vegetation", "bounding_box": [455, 1, 565, 17]}, {"label": "building", "bounding_box": [138, 1, 1015, 505]}, {"label": "vegetation", "bounding_box": [0, 2, 377, 365]}, {"label": "vegetation", "bounding_box": [693, 262, 957, 361]}, {"label": "wall", "bounding_box": [623, 336, 958, 505]}, {"label": "sidewalk", "bounding_box": [0, 411, 2046, 587]}, {"label": "static", "bounding_box": [315, 449, 460, 479]}, {"label": "static", "bounding_box": [296, 307, 402, 481]}, {"label": "static", "bounding_box": [0, 184, 957, 511]}, {"label": "building", "bounding_box": [950, 1, 2047, 488]}, {"label": "wall", "bounding_box": [0, 347, 323, 526]}, {"label": "static", "bounding_box": [1949, 50, 2027, 131]}, {"label": "static", "bounding_box": [1919, 135, 1969, 192]}, {"label": "traffic light", "bounding_box": [1976, 172, 2025, 260]}, {"label": "pole", "bounding_box": [1957, 1, 1989, 493]}, {"label": "traffic light", "bounding_box": [1956, 199, 1995, 262]}, {"label": "pole", "bounding_box": [78, 208, 94, 350]}, {"label": "static", "bounding_box": [48, 187, 117, 212]}, {"label": "person", "bounding_box": [720, 352, 776, 480]}, {"label": "vegetation", "bounding_box": [859, 1, 1921, 454]}, {"label": "vegetation", "bounding_box": [587, 407, 1738, 533]}, {"label": "static", "bounding_box": [121, 293, 137, 517]}, {"label": "static", "bounding_box": [319, 307, 333, 483]}, {"label": "static", "bounding_box": [312, 475, 351, 557]}, {"label": "ground", "bounding_box": [1592, 634, 2047, 862]}, {"label": "vegetation", "bounding_box": [730, 271, 857, 301]}, {"label": "sidewalk", "bounding_box": [1684, 726, 2047, 862]}, {"label": "ego vehicle", "bounding_box": [271, 844, 2028, 1023]}, {"label": "out of roi", "bounding_box": [0, 0, 2048, 1024]}]}