{"imgHeight": 1024, "imgWidth": 2048, "objects": [{"label": "sky", "bounding_box": [776, 1, 1266, 294]}, {"label": "road", "bounding_box": [0, 381, 2047, 1024]}, {"label": "static", "bounding_box": [804, 362, 870, 405]}, {"label": "vegetation", "bounding_box": [797, 234, 1077, 394]}, {"label": "building", "bounding_box": [853, 292, 918, 391]}, {"label": "vegetation", "bounding_box": [884, 316, 965, 390]}, {"label": "car", "bounding_box": [952, 386, 969, 400]}, {"label": "sidewalk", "bounding_box": [987, 389, 2047, 712]}, {"label": "cargroup", "bounding_box": [967, 384, 992, 398]}, {"label": "pole", "bounding_box": [957, 346, 1016, 400]}, {"label": "traffic light", "bounding_box": [956, 341, 960, 353]}, {"label": "pole", "bounding_box": [1006, 314, 1020, 399]}, {"label": "pole", "bounding_box": [1015, 305, 1027, 396]}, {"label": "building", "bounding_box": [1044, 251, 1115, 414]}, {"label": "traffic light", "bounding_box": [1010, 368, 1017, 382]}, {"label": "pole", "bounding_box": [1031, 325, 1040, 391]}, {"label": "static", "bounding_box": [1017, 349, 1042, 368]}, {"label": "static", "bounding_box": [1020, 368, 1032, 374]}, {"label": "static", "bounding_box": [1014, 374, 1030, 382]}, {"label": "pole", "bounding_box": [982, 327, 1064, 408]}, {"label": "traffic light", "bounding_box": [979, 321, 986, 339]}, {"label": "person", "bounding_box": [1008, 385, 1020, 413]}, {"label": "traffic sign", "bounding_box": [1052, 345, 1072, 353]}, {"label": "traffic sign", "bounding_box": [1051, 354, 1074, 364]}, {"label": "vegetation", "bounding_box": [1045, 107, 1122, 401]}, {"label": "building", "bounding_box": [1100, 1, 2047, 546]}, {"label": "person", "bounding_box": [1067, 389, 1079, 416]}, {"label": "person", "bounding_box": [1052, 388, 1067, 428]}, {"label": "person", "bounding_box": [1089, 391, 1101, 428]}, {"label": "person", "bounding_box": [1099, 388, 1114, 436]}, {"label": "static", "bounding_box": [1168, 325, 1255, 366]}, {"label": "person", "bounding_box": [1112, 400, 1129, 444]}, {"label": "person", "bounding_box": [1143, 394, 1159, 446]}, {"label": "person", "bounding_box": [1127, 395, 1153, 452]}, {"label": "person", "bounding_box": [1157, 392, 1176, 452]}, {"label": "person", "bounding_box": [1177, 386, 1203, 444]}, {"label": "static", "bounding_box": [1212, 400, 1258, 450]}, {"label": "person", "bounding_box": [1184, 393, 1213, 471]}, {"label": "person", "bounding_box": [1216, 392, 1245, 470]}, {"label": "person", "bounding_box": [1246, 384, 1274, 464]}, {"label": "person", "bounding_box": [1270, 379, 1301, 462]}, {"label": "static", "bounding_box": [952, 259, 966, 269]}, {"label": "static", "bounding_box": [950, 295, 965, 305]}, {"label": "pole", "bounding_box": [942, 181, 1371, 464]}, {"label": "traffic light", "bounding_box": [947, 158, 967, 219]}, {"label": "traffic light", "bounding_box": [1122, 156, 1143, 215]}, {"label": "traffic light", "bounding_box": [1339, 308, 1365, 339]}, {"label": "traffic light", "bounding_box": [1357, 293, 1379, 353]}, {"label": "person", "bounding_box": [1376, 376, 1417, 481]}, {"label": "person", "bounding_box": [1346, 394, 1378, 483]}, {"label": "building", "bounding_box": [1563, 1, 2046, 525]}, {"label": "traffic sign", "bounding_box": [1733, 185, 1787, 274]}, {"label": "vegetation", "bounding_box": [2005, 338, 2047, 501]}, {"label": "person", "bounding_box": [1698, 357, 1758, 522]}, {"label": "person", "bounding_box": [1666, 396, 1726, 544]}, {"label": "person", "bounding_box": [1636, 321, 1713, 552]}, {"label": "person", "bounding_box": [1584, 488, 1629, 546]}, {"label": "person", "bounding_box": [1561, 321, 1644, 558]}, {"label": "person", "bounding_box": [1731, 427, 1828, 534]}, {"label": "person", "bounding_box": [1807, 324, 1872, 547]}, {"label": "dynamic", "bounding_box": [1832, 481, 1929, 551]}, {"label": "static", "bounding_box": [1966, 425, 2005, 518]}, {"label": "dynamic", "bounding_box": [1850, 379, 1988, 561]}, {"label": "static", "bounding_box": [1434, 442, 1488, 462]}, {"label": "static", "bounding_box": [1435, 357, 1533, 548]}, {"label": "static", "bounding_box": [1458, 443, 1550, 622]}, {"label": "vegetation", "bounding_box": [861, 375, 936, 400]}, {"label": "pole", "bounding_box": [892, 361, 896, 400]}, {"label": "traffic light", "bounding_box": [883, 365, 893, 380]}, {"label": "sidewalk", "bounding_box": [2, 411, 887, 605]}, {"label": "vegetation", "bounding_box": [0, 2, 901, 502]}, {"label": "building", "bounding_box": [429, 300, 690, 432]}, {"label": "vegetation", "bounding_box": [301, 299, 597, 476]}, {"label": "static", "bounding_box": [243, 356, 308, 461]}, {"label": "pole", "bounding_box": [111, 418, 120, 467]}, {"label": "static", "bounding_box": [433, 391, 469, 469]}, {"label": "vegetation", "bounding_box": [469, 1, 854, 442]}, {"label": "person", "bounding_box": [622, 386, 641, 461]}, {"label": "person", "bounding_box": [640, 380, 665, 457]}, {"label": "terrain", "bounding_box": [622, 452, 666, 482]}, {"label": "pole", "bounding_box": [856, 350, 859, 397]}, {"label": "pole", "bounding_box": [878, 369, 881, 417]}, {"label": "traffic light", "bounding_box": [876, 365, 883, 388]}, {"label": "car", "bounding_box": [826, 389, 867, 432]}, {"label": "car", "bounding_box": [800, 400, 845, 442]}, {"label": "car", "bounding_box": [783, 402, 832, 447]}, {"label": "car", "bounding_box": [779, 401, 821, 448]}, {"label": "person", "bounding_box": [746, 392, 762, 424]}, {"label": "car", "bounding_box": [746, 401, 813, 452]}, {"label": "pole", "bounding_box": [689, 292, 699, 477]}, {"label": "traffic light", "bounding_box": [696, 314, 718, 351]}, {"label": "traffic light", "bounding_box": [682, 302, 704, 362]}, {"label": "person", "bounding_box": [508, 370, 521, 388]}, {"label": "car", "bounding_box": [443, 386, 640, 523]}, {"label": "person", "bounding_box": [0, 330, 64, 524]}, {"label": "pole", "bounding_box": [787, 366, 791, 452]}, {"label": "traffic sign", "bounding_box": [780, 349, 797, 363]}, {"label": "traffic sign", "bounding_box": [780, 362, 797, 372]}, {"label": "license plate", "bounding_box": [488, 451, 538, 463]}, {"label": "bicycle", "bounding_box": [1434, 442, 1488, 462]}, {"label": "rider", "bounding_box": [1435, 357, 1533, 548]}, {"label": "bicycle", "bounding_box": [1458, 443, 1550, 622]}, {"label": "ego vehicle", "bounding_box": [271, 844, 2028, 1023]}, {"label": "out of roi", "bounding_box": [0, 0, 2048, 1024]}]}