{"imgHeight": 1024, "imgWidth": 2048, "objects": [{"label": "building", "bounding_box": [362, 1, 2047, 629]}, {"label": "road", "bounding_box": [0, 447, 1834, 1024]}, {"label": "sidewalk", "bounding_box": [772, 428, 868, 465]}, {"label": "sidewalk", "bounding_box": [1132, 449, 1240, 464]}, {"label": "sidewalk", "bounding_box": [1141, 448, 2047, 1024]}, {"label": "vegetation", "bounding_box": [606, 352, 665, 403]}, {"label": "static", "bounding_box": [696, 325, 713, 355]}, {"label": "pole", "bounding_box": [702, 325, 704, 410]}, {"label": "wall", "bounding_box": [0, 259, 588, 471]}, {"label": "vegetation", "bounding_box": [0, 1, 710, 438]}, {"label": "pole", "bounding_box": [501, 195, 517, 413]}, {"label": "car", "bounding_box": [730, 415, 802, 487]}, {"label": "car", "bounding_box": [731, 421, 781, 493]}, {"label": "car", "bounding_box": [845, 421, 927, 494]}, {"label": "license plate", "bounding_box": [875, 471, 908, 477]}, {"label": "car", "bounding_box": [314, 396, 517, 554]}, {"label": "license plate", "bounding_box": [351, 522, 383, 538]}, {"label": "car", "bounding_box": [0, 393, 362, 665]}, {"label": "car", "bounding_box": [0, 423, 43, 712]}, {"label": "fence", "bounding_box": [1214, 405, 1469, 470]}, {"label": "ground", "bounding_box": [1242, 479, 1387, 500]}, {"label": "vegetation", "bounding_box": [1215, 334, 1392, 487]}, {"label": "car", "bounding_box": [399, 394, 781, 655]}, {"label": "license plate", "bounding_box": [487, 564, 588, 591]}, {"label": "car", "bounding_box": [886, 341, 1153, 608]}, {"label": "license plate", "bounding_box": [981, 462, 1059, 482]}, {"label": "parking", "bounding_box": [1231, 488, 1861, 598]}, {"label": "fence", "bounding_box": [1495, 449, 2048, 588]}, {"label": "pole", "bounding_box": [1433, 280, 1446, 588]}, {"label": "person", "bounding_box": [1718, 366, 1832, 660]}, {"label": "traffic sign", "bounding_box": [1402, 217, 1482, 297]}, {"label": "ego vehicle", "bounding_box": [271, 844, 2028, 1023]}, {"label": "out of roi", "bounding_box": [0, 0, 2048, 1024]}]}