{"imgHeight": 1024, "imgWidth": 2048, "objects": [{"label": "static", "bounding_box": [1177, 392, 1337, 477]}, {"label": "sky", "bounding_box": [558, 1, 1581, 403]}, {"label": "vegetation", "bounding_box": [1180, 308, 1297, 458]}, {"label": "road", "bounding_box": [0, 470, 2047, 1024]}, {"label": "building", "bounding_box": [1115, 337, 1198, 472]}, {"label": "sidewalk", "bounding_box": [1035, 474, 1111, 510]}, {"label": "vegetation", "bounding_box": [1071, 222, 1200, 457]}, {"label": "building", "bounding_box": [1051, 236, 1101, 470]}, {"label": "vegetation", "bounding_box": [1064, 300, 1110, 449]}, {"label": "wall", "bounding_box": [1067, 420, 1126, 485]}, {"label": "vegetation", "bounding_box": [471, 1, 901, 176]}, {"label": "building", "bounding_box": [405, 139, 1076, 508]}, {"label": "static", "bounding_box": [0, 1, 939, 531]}, {"label": "vegetation", "bounding_box": [409, 1, 967, 341]}, {"label": "pole", "bounding_box": [826, 298, 833, 443]}, {"label": "static", "bounding_box": [828, 300, 861, 383]}, {"label": "wall", "bounding_box": [937, 394, 1010, 454]}, {"label": "static", "bounding_box": [1037, 401, 1052, 421]}, {"label": "cargroup", "bounding_box": [1112, 442, 1197, 486]}, {"label": "car", "bounding_box": [1094, 445, 1157, 495]}, {"label": "car", "bounding_box": [918, 430, 1052, 539]}, {"label": "car", "bounding_box": [813, 428, 958, 591]}, {"label": "car", "bounding_box": [639, 420, 874, 636]}, {"label": "car", "bounding_box": [205, 403, 715, 765]}, {"label": "car", "bounding_box": [2, 391, 267, 878]}, {"label": "static", "bounding_box": [1166, 101, 1199, 126]}, {"label": "vegetation", "bounding_box": [944, 140, 1034, 218]}, {"label": "building", "bounding_box": [1295, 1, 2046, 620]}, {"label": "sidewalk", "bounding_box": [1793, 568, 2046, 783]}, {"label": "cargroup", "bounding_box": [1290, 430, 1363, 533]}, {"label": "traffic sign", "bounding_box": [1390, 386, 1413, 401]}, {"label": "car", "bounding_box": [1327, 396, 1502, 557]}, {"label": "car", "bounding_box": [1361, 408, 1527, 586]}, {"label": "car", "bounding_box": [1399, 404, 1596, 633]}, {"label": "car", "bounding_box": [1473, 412, 1980, 758]}, {"label": "traffic sign", "bounding_box": [1303, 405, 1316, 424]}, {"label": "static", "bounding_box": [1330, 407, 1348, 423]}, {"label": "traffic sign", "bounding_box": [1393, 368, 1411, 387]}, {"label": "traffic sign", "bounding_box": [1391, 347, 1415, 368]}, {"label": "static", "bounding_box": [1265, 485, 1302, 617]}, {"label": "static", "bounding_box": [1251, 399, 1317, 592]}, {"label": "static", "bounding_box": [1211, 487, 1245, 626]}, {"label": "static", "bounding_box": [1189, 394, 1261, 589]}, {"label": "license plate", "bounding_box": [1725, 546, 1864, 589]}, {"label": "bicycle", "bounding_box": [1211, 487, 1245, 626]}, {"label": "bicycle", "bounding_box": [1265, 485, 1302, 617]}, {"label": "rider", "bounding_box": [1251, 399, 1317, 592]}, {"label": "rider", "bounding_box": [1189, 394, 1261, 589]}, {"label": "ego vehicle", "bounding_box": [271, 844, 2028, 1023]}, {"label": "out of roi", "bounding_box": [0, 0, 2048, 1024]}]}