{"imgHeight": 1024, "imgWidth": 2048, "objects": [{"label": "vegetation", "bounding_box": [580, 1, 1517, 326]}, {"label": "road", "bounding_box": [0, 390, 2047, 1023]}, {"label": "building", "bounding_box": [651, 152, 1275, 488]}, {"label": "vegetation", "bounding_box": [865, 156, 1013, 302]}, {"label": "building", "bounding_box": [656, 212, 1005, 421]}, {"label": "vegetation", "bounding_box": [652, 164, 750, 275]}, {"label": "vegetation", "bounding_box": [1229, 78, 1444, 238]}, {"label": "building", "bounding_box": [1396, 98, 1508, 391]}, {"label": "vegetation", "bounding_box": [659, 218, 1113, 509]}, {"label": "static", "bounding_box": [844, 398, 1047, 476]}, {"label": "pole", "bounding_box": [1029, 343, 1038, 403]}, {"label": "pole", "bounding_box": [944, 326, 952, 431]}, {"label": "sidewalk", "bounding_box": [734, 486, 828, 529]}, {"label": "building", "bounding_box": [0, 1, 672, 594]}, {"label": "sidewalk", "bounding_box": [139, 547, 514, 723]}, {"label": "static", "bounding_box": [757, 449, 781, 489]}, {"label": "car", "bounding_box": [1061, 386, 1095, 413]}, {"label": "car", "bounding_box": [1026, 395, 1067, 424]}, {"label": "car", "bounding_box": [987, 406, 1027, 436]}, {"label": "car", "bounding_box": [962, 409, 1006, 449]}, {"label": "car", "bounding_box": [919, 423, 970, 471]}, {"label": "car", "bounding_box": [898, 430, 961, 479]}, {"label": "vegetation", "bounding_box": [1055, 136, 1503, 462]}, {"label": "pole", "bounding_box": [1227, 184, 1249, 406]}, {"label": "static", "bounding_box": [1200, 178, 1232, 192]}, {"label": "fence", "bounding_box": [1101, 416, 1207, 458]}, {"label": "terrain", "bounding_box": [1098, 429, 1318, 462]}, {"label": "car", "bounding_box": [1307, 333, 1511, 438]}, {"label": "terrain", "bounding_box": [1317, 423, 1494, 459]}, {"label": "terrain", "bounding_box": [1384, 411, 1434, 447]}, {"label": "vegetation", "bounding_box": [1384, 411, 1434, 447]}, {"label": "static", "bounding_box": [1433, 376, 1464, 429]}, {"label": "building", "bounding_box": [1463, 1, 2047, 436]}, {"label": "sidewalk", "bounding_box": [1152, 400, 2047, 1024]}, {"label": "parking", "bounding_box": [1321, 448, 2046, 715]}, {"label": "static", "bounding_box": [1251, 433, 1490, 493]}, {"label": "building", "bounding_box": [1310, 258, 1771, 478]}, {"label": "wall", "bounding_box": [1342, 461, 1622, 495]}, {"label": "vegetation", "bounding_box": [1775, 308, 2047, 404]}, {"label": "fence", "bounding_box": [1463, 374, 1966, 469]}, {"label": "pole", "bounding_box": [1141, 362, 1149, 461]}, {"label": "static", "bounding_box": [1513, 423, 1558, 498]}, {"label": "static", "bounding_box": [1837, 377, 1927, 426]}, {"label": "static", "bounding_box": [1955, 362, 2045, 467]}, {"label": "pole", "bounding_box": [1328, 361, 1341, 486]}, {"label": "traffic sign", "bounding_box": [1298, 314, 1364, 377]}, {"label": "dynamic", "bounding_box": [1315, 479, 1361, 498]}, {"label": "car", "bounding_box": [1583, 369, 2016, 527]}, {"label": "person", "bounding_box": [1217, 379, 1261, 498]}, {"label": "vegetation", "bounding_box": [0, 1, 659, 626]}, {"label": "fence", "bounding_box": [9, 469, 480, 628]}, {"label": "wall", "bounding_box": [158, 550, 450, 643]}, {"label": "car", "bounding_box": [439, 423, 754, 633]}, {"label": "car", "bounding_box": [2, 504, 203, 863]}, {"label": "traffic sign", "bounding_box": [1130, 370, 1158, 381]}, {"label": "license plate", "bounding_box": [510, 522, 586, 546]}, {"label": "pole", "bounding_box": [1485, 0, 1543, 570]}, {"label": "ego vehicle", "bounding_box": [271, 844, 2028, 1023]}, {"label": "out of roi", "bounding_box": [0, 0, 2048, 1024]}]}