{"imgHeight": 1024, "imgWidth": 2048, "objects": [{"label": "sky", "bounding_box": [453, 1, 1329, 204]}, {"label": "building", "bounding_box": [825, 98, 921, 145]}, {"label": "road", "bounding_box": [0, 313, 2047, 1024]}, {"label": "sidewalk", "bounding_box": [1001, 446, 1212, 511]}, {"label": "vegetation", "bounding_box": [0, 1, 2047, 683]}, {"label": "terrain", "bounding_box": [1067, 454, 1457, 522]}, {"label": "terrain", "bounding_box": [0, 405, 1109, 523]}, {"label": "ground", "bounding_box": [741, 432, 1022, 490]}, {"label": "ground", "bounding_box": [1136, 501, 1462, 529]}, {"label": "ground", "bounding_box": [1249, 515, 1388, 525]}, {"label": "pole", "bounding_box": [1000, 287, 1003, 413]}, {"label": "pole", "bounding_box": [749, 262, 753, 417]}, {"label": "static", "bounding_box": [882, 350, 908, 389]}, {"label": "pole", "bounding_box": [892, 350, 895, 415]}, {"label": "pole", "bounding_box": [159, 40, 175, 484]}, {"label": "terrain", "bounding_box": [2, 503, 696, 761]}, {"label": "static", "bounding_box": [578, 425, 619, 465]}, {"label": "pole", "bounding_box": [596, 425, 602, 523]}, {"label": "pole", "bounding_box": [437, 0, 566, 521]}, {"label": "static", "bounding_box": [504, 354, 517, 379]}, {"label": "vegetation", "bounding_box": [289, 340, 529, 532]}, {"label": "car", "bounding_box": [634, 440, 728, 498]}, {"label": "license plate", "bounding_box": [691, 480, 713, 486]}, {"label": "pole", "bounding_box": [764, 446, 767, 483]}, {"label": "traffic sign", "bounding_box": [755, 432, 776, 454]}, {"label": "pole", "bounding_box": [1090, 387, 1094, 449]}, {"label": "pole", "bounding_box": [1103, 196, 1113, 490]}, {"label": "traffic sign", "bounding_box": [1104, 416, 1113, 426]}, {"label": "traffic sign", "bounding_box": [1097, 397, 1117, 418]}, {"label": "pole", "bounding_box": [1169, 402, 1174, 493]}, {"label": "traffic sign", "bounding_box": [1168, 377, 1181, 418]}, {"label": "pole", "bounding_box": [1306, 443, 1314, 518]}, {"label": "traffic sign", "bounding_box": [1302, 449, 1311, 478]}, {"label": "static", "bounding_box": [1324, 388, 1345, 422]}, {"label": "pole", "bounding_box": [1328, 378, 1335, 519]}, {"label": "traffic sign", "bounding_box": [1335, 375, 1361, 385]}, {"label": "pole", "bounding_box": [1013, 416, 1015, 468]}, {"label": "traffic sign", "bounding_box": [1009, 403, 1021, 422]}, {"label": "static", "bounding_box": [984, 475, 995, 530]}, {"label": "static", "bounding_box": [977, 435, 1007, 525]}, {"label": "fence", "bounding_box": [1617, 464, 2048, 629]}, {"label": "sidewalk", "bounding_box": [1263, 536, 2048, 853]}, {"label": "pole", "bounding_box": [1443, 332, 1455, 579]}, {"label": "traffic sign", "bounding_box": [1415, 277, 1482, 343]}, {"label": "rider", "bounding_box": [977, 435, 1007, 525]}, {"label": "bicycle", "bounding_box": [984, 475, 995, 530]}, {"label": "ego vehicle", "bounding_box": [271, 844, 2028, 1023]}, {"label": "out of roi", "bounding_box": [0, 0, 2048, 1024]}]}