{"imgHeight": 1024, "imgWidth": 2048, "objects": [{"label": "vegetation", "bounding_box": [0, 1, 1967, 623]}, {"label": "road", "bounding_box": [0, 440, 2047, 1024]}, {"label": "static", "bounding_box": [1034, 411, 1102, 448]}, {"label": "sky", "bounding_box": [1079, 45, 1115, 84]}, {"label": "building", "bounding_box": [966, 345, 987, 381]}, {"label": "building", "bounding_box": [1410, 374, 1531, 458]}, {"label": "building", "bounding_box": [1816, 0, 2048, 542]}, {"label": "car", "bounding_box": [1044, 420, 1085, 446]}, {"label": "sidewalk", "bounding_box": [1047, 445, 1577, 514]}, {"label": "fence", "bounding_box": [1087, 424, 1600, 515]}, {"label": "pole", "bounding_box": [1288, 341, 1295, 486]}, {"label": "traffic sign", "bounding_box": [1262, 341, 1293, 348]}, {"label": "traffic sign", "bounding_box": [1284, 351, 1302, 365]}, {"label": "traffic sign", "bounding_box": [1278, 365, 1305, 395]}, {"label": "car", "bounding_box": [859, 403, 914, 475]}, {"label": "car", "bounding_box": [887, 408, 935, 484]}, {"label": "car", "bounding_box": [913, 375, 1055, 494]}, {"label": "license plate", "bounding_box": [1021, 457, 1052, 465]}, {"label": "sidewalk", "bounding_box": [0, 466, 1012, 591]}, {"label": "wall", "bounding_box": [0, 432, 872, 559]}, {"label": "fence", "bounding_box": [0, 364, 868, 525]}, {"label": "pole", "bounding_box": [797, 82, 821, 506]}, {"label": "static", "bounding_box": [813, 279, 820, 295]}, {"label": "pole", "bounding_box": [1666, 336, 1675, 402]}, {"label": "traffic sign", "bounding_box": [1651, 227, 1697, 272]}, {"label": "traffic sign", "bounding_box": [1650, 270, 1696, 315]}, {"label": "traffic sign", "bounding_box": [1649, 313, 1694, 345]}, {"label": "car", "bounding_box": [1515, 391, 2048, 767]}, {"label": "license plate", "bounding_box": [1828, 621, 1964, 668]}, {"label": "ego vehicle", "bounding_box": [271, 844, 2028, 1023]}, {"label": "out of roi", "bounding_box": [0, 0, 2048, 1024]}]}