{"imgHeight": 1024, "imgWidth": 2048, "objects": [{"label": "static", "bounding_box": [982, 397, 1121, 528]}, {"label": "static", "bounding_box": [281, 446, 581, 616]}, {"label": "building", "bounding_box": [924, 3, 1802, 507]}, {"label": "road", "bounding_box": [0, 381, 2047, 1024]}, {"label": "ground", "bounding_box": [801, 340, 1576, 544]}, {"label": "static", "bounding_box": [927, 1, 2047, 564]}, {"label": "sidewalk", "bounding_box": [0, 504, 1421, 735]}, {"label": "ground", "bounding_box": [1376, 487, 2024, 577]}, {"label": "person", "bounding_box": [953, 319, 1019, 486]}, {"label": "person", "bounding_box": [925, 297, 971, 499]}, {"label": "building", "bounding_box": [0, 1, 942, 573]}, {"label": "pole", "bounding_box": [847, 1, 901, 547]}, {"label": "person", "bounding_box": [1066, 331, 1126, 469]}, {"label": "static", "bounding_box": [1014, 153, 1053, 205]}, {"label": "static", "bounding_box": [1063, 2, 1126, 41]}, {"label": "pole", "bounding_box": [1082, 1, 1098, 125]}, {"label": "traffic light", "bounding_box": [1075, 99, 1149, 254]}, {"label": "traffic light", "bounding_box": [1024, 87, 1079, 142]}, {"label": "pole", "bounding_box": [1034, 598, 1050, 648]}, {"label": "traffic sign", "bounding_box": [1283, 372, 1302, 463]}, {"label": "traffic sign", "bounding_box": [1511, 401, 1528, 495]}, {"label": "pole", "bounding_box": [1515, 302, 1534, 518]}, {"label": "traffic sign", "bounding_box": [1527, 277, 1545, 323]}, {"label": "static", "bounding_box": [1526, 435, 1744, 616]}, {"label": "static", "bounding_box": [1610, 367, 1695, 602]}, {"label": "person", "bounding_box": [1880, 422, 1940, 570]}, {"label": "static", "bounding_box": [1792, 1, 2047, 575]}, {"label": "fence", "bounding_box": [1965, 456, 2046, 575]}, {"label": "dynamic", "bounding_box": [1374, 352, 1454, 476]}, {"label": "person", "bounding_box": [198, 365, 287, 519]}, {"label": "static", "bounding_box": [4, 374, 146, 593]}, {"label": "dynamic", "bounding_box": [125, 424, 265, 605]}, {"label": "person", "bounding_box": [0, 367, 31, 551]}, {"label": "static", "bounding_box": [0, 482, 168, 632]}, {"label": "static", "bounding_box": [206, 27, 247, 51]}, {"label": "static", "bounding_box": [134, 1, 194, 25]}, {"label": "traffic light", "bounding_box": [114, 53, 196, 219]}, {"label": "pole", "bounding_box": [173, 17, 214, 642]}, {"label": "traffic sign", "bounding_box": [154, 1, 261, 33]}, {"label": "traffic light", "bounding_box": [143, 100, 225, 211]}, {"label": "person", "bounding_box": [323, 352, 418, 627]}, {"label": "static", "bounding_box": [467, 451, 605, 639]}, {"label": "static", "bounding_box": [286, 441, 459, 649]}, {"label": "static", "bounding_box": [1125, 280, 1151, 330]}, {"label": "bicycle", "bounding_box": [0, 482, 168, 632]}, {"label": "bicycle", "bounding_box": [281, 446, 581, 616]}, {"label": "bicycle", "bounding_box": [467, 451, 605, 639]}, {"label": "pole", "bounding_box": [549, 140, 601, 678]}, {"label": "person", "bounding_box": [345, 314, 519, 651]}, {"label": "bicycle", "bounding_box": [286, 441, 459, 649]}, {"label": "bicycle", "bounding_box": [982, 397, 1121, 528]}, {"label": "bicycle", "bounding_box": [1526, 435, 1744, 616]}, {"label": "pole", "bounding_box": [1049, 40, 1079, 645]}, {"label": "rider", "bounding_box": [1610, 367, 1695, 602]}, {"label": "pole", "bounding_box": [1035, 262, 1049, 497]}, {"label": "traffic sign", "bounding_box": [1014, 206, 1064, 271]}, {"label": "static", "bounding_box": [990, 474, 1077, 604]}, {"label": "traffic light", "bounding_box": [1040, 143, 1118, 260]}, {"label": "traffic sign", "bounding_box": [424, 1, 788, 158]}, {"label": "traffic sign", "bounding_box": [575, 179, 617, 229]}, {"label": "ego vehicle", "bounding_box": [271, 844, 2028, 1023]}, {"label": "out of roi", "bounding_box": [0, 0, 2048, 1024]}]}