{"imgHeight": 1024, "imgWidth": 2048, "objects": [{"label": "sky", "bounding_box": [403, 1, 667, 86]}, {"label": "sky", "bounding_box": [955, 1, 1398, 439]}, {"label": "sky", "bounding_box": [1556, 1, 2046, 270]}, {"label": "car", "bounding_box": [1088, 478, 1143, 494]}, {"label": "vegetation", "bounding_box": [0, 1, 1752, 577]}, {"label": "road", "bounding_box": [0, 483, 2041, 1023]}, {"label": "building", "bounding_box": [1142, 410, 1184, 432]}, {"label": "building", "bounding_box": [1193, 409, 1207, 419]}, {"label": "wall", "bounding_box": [1241, 431, 1279, 483]}, {"label": "wall", "bounding_box": [1289, 425, 1330, 463]}, {"label": "wall", "bounding_box": [1366, 390, 1451, 479]}, {"label": "fence", "bounding_box": [1465, 429, 1516, 489]}, {"label": "fence", "bounding_box": [1557, 424, 1720, 509]}, {"label": "pole", "bounding_box": [1231, 300, 1240, 483]}, {"label": "pole", "bounding_box": [1345, 144, 1364, 496]}, {"label": "sidewalk", "bounding_box": [1162, 477, 2048, 1024]}, {"label": "building", "bounding_box": [557, 312, 898, 503]}, {"label": "fence", "bounding_box": [779, 402, 814, 481]}, {"label": "fence", "bounding_box": [678, 420, 735, 478]}, {"label": "sidewalk", "bounding_box": [0, 481, 897, 749]}, {"label": "wall", "bounding_box": [0, 338, 582, 639]}, {"label": "car", "bounding_box": [954, 434, 993, 490]}, {"label": "car", "bounding_box": [890, 429, 972, 492]}, {"label": "license plate", "bounding_box": [912, 468, 936, 474]}, {"label": "vegetation", "bounding_box": [1678, 1, 1774, 34]}, {"label": "vegetation", "bounding_box": [1782, 1, 2047, 208]}, {"label": "building", "bounding_box": [1627, 99, 2048, 623]}, {"label": "terrain", "bounding_box": [1842, 501, 2048, 632]}, {"label": "static", "bounding_box": [1316, 134, 1352, 153]}, {"label": "ego vehicle", "bounding_box": [271, 844, 2028, 1023]}, {"label": "out of roi", "bounding_box": [0, 0, 2048, 1024]}]}