{"imgHeight": 1024, "imgWidth": 2048, "objects": [{"label": "road", "bounding_box": [1, 689, 2048, 1024]}, {"label": "vegetation", "bounding_box": [0, 2, 2047, 763]}, {"label": "pole", "bounding_box": [481, 1, 587, 691]}, {"label": "fence", "bounding_box": [0, 453, 2043, 725]}, {"label": "sidewalk", "bounding_box": [0, 604, 2048, 1013]}, {"label": "terrain", "bounding_box": [0, 760, 1369, 1013]}, {"label": "car", "bounding_box": [1785, 438, 2047, 743]}, {"label": "license plate", "bounding_box": [1850, 635, 1971, 674]}, {"label": "person", "bounding_box": [984, 366, 1212, 725]}, {"label": "vegetation", "bounding_box": [2, 494, 537, 740]}, {"label": "vegetation", "bounding_box": [0, 2, 278, 870]}, {"label": "dynamic", "bounding_box": [908, 498, 1090, 740]}, {"label": "ego vehicle", "bounding_box": [271, 844, 2028, 1023]}, {"label": "out of roi", "bounding_box": [0, 0, 2048, 1024]}]}