{"imgHeight": 1024, "imgWidth": 2048, "objects": [{"label": "sky", "bounding_box": [0, 1, 2048, 305]}, {"label": "road", "bounding_box": [0, 509, 2048, 1024]}, {"label": "ground", "bounding_box": [2, 467, 2048, 624]}, {"label": "building", "bounding_box": [1406, 1, 2047, 494]}, {"label": "vegetation", "bounding_box": [1401, 72, 1694, 471]}, {"label": "terrain", "bounding_box": [1858, 378, 2046, 515]}, {"label": "fence", "bounding_box": [1408, 375, 2047, 497]}, {"label": "dynamic", "bounding_box": [1471, 400, 1516, 477]}, {"label": "dynamic", "bounding_box": [1502, 402, 1541, 479]}, {"label": "dynamic", "bounding_box": [1531, 402, 1579, 479]}, {"label": "dynamic", "bounding_box": [1568, 401, 1617, 486]}, {"label": "terrain", "bounding_box": [1503, 392, 2047, 569]}, {"label": "vegetation", "bounding_box": [1503, 392, 2047, 569]}, {"label": "static", "bounding_box": [1767, 496, 1832, 551]}, {"label": "pole", "bounding_box": [2014, 396, 2028, 509]}, {"label": "pole", "bounding_box": [1910, 174, 2026, 500]}, {"label": "pole", "bounding_box": [1921, 254, 2025, 267]}, {"label": "traffic sign", "bounding_box": [1919, 179, 2021, 257]}, {"label": "static", "bounding_box": [1137, 217, 1388, 451]}, {"label": "vegetation", "bounding_box": [1131, 27, 1229, 333]}, {"label": "vegetation", "bounding_box": [1195, 2, 1522, 266]}, {"label": "static", "bounding_box": [0, 119, 193, 420]}, {"label": "building", "bounding_box": [100, 229, 190, 483]}, {"label": "vegetation", "bounding_box": [0, 209, 161, 440]}, {"label": "caravan", "bounding_box": [39, 330, 187, 485]}, {"label": "vegetation", "bounding_box": [149, 278, 180, 349]}, {"label": "building", "bounding_box": [178, 1, 1415, 510]}, {"label": "vegetation", "bounding_box": [1248, 1, 2047, 496]}, {"label": "pole", "bounding_box": [1811, 203, 1829, 495]}, {"label": "traffic sign", "bounding_box": [1800, 205, 1847, 231]}, {"label": "vegetation", "bounding_box": [0, 1, 228, 294]}, {"label": "car", "bounding_box": [2, 412, 118, 511]}, {"label": "ground", "bounding_box": [1581, 645, 2045, 1023]}, {"label": "ground", "bounding_box": [0, 762, 127, 803]}, {"label": "pole", "bounding_box": [198, 169, 230, 537]}, {"label": "static", "bounding_box": [150, 119, 234, 169]}, {"label": "dynamic", "bounding_box": [289, 430, 370, 514]}, {"label": "static", "bounding_box": [298, 336, 368, 521]}, {"label": "terrain", "bounding_box": [0, 521, 472, 613]}, {"label": "vegetation", "bounding_box": [113, 1, 576, 546]}, {"label": "static", "bounding_box": [952, 180, 1044, 506]}, {"label": "person", "bounding_box": [837, 345, 876, 497]}, {"label": "person", "bounding_box": [758, 328, 827, 533]}, {"label": "dynamic", "bounding_box": [709, 409, 782, 537]}, {"label": "person", "bounding_box": [874, 364, 966, 584]}, {"label": "person", "bounding_box": [983, 358, 1102, 572]}, {"label": "static", "bounding_box": [1294, 434, 1421, 512]}, {"label": "static", "bounding_box": [1236, 534, 1268, 552]}, {"label": "motorcycle", "bounding_box": [1145, 416, 1338, 556]}, {"label": "static", "bounding_box": [1211, 357, 1318, 554]}, {"label": "pole", "bounding_box": [1987, 500, 2021, 694]}, {"label": "static", "bounding_box": [1844, 552, 1972, 771]}, {"label": "building", "bounding_box": [276, 3, 326, 81]}, {"label": "building", "bounding_box": [182, 5, 248, 120]}, {"label": "rider", "bounding_box": [1211, 357, 1318, 554]}, {"label": "person", "bounding_box": [298, 333, 369, 517]}, {"label": "ego vehicle", "bounding_box": [271, 844, 2028, 1023]}, {"label": "out of roi", "bounding_box": [0, 0, 2048, 1024]}]}