{"imgHeight": 1024, "imgWidth": 2048, "objects": [{"label": "sky", "bounding_box": [239, 0, 2044, 529]}, {"label": "road", "bounding_box": [-2, 405, 2045, 1021]}, {"label": "ground", "bounding_box": [805, 450, 963, 484]}, {"label": "building", "bounding_box": [-2, 1, 2044, 476]}, {"label": "parking", "bounding_box": [1043, 413, 1160, 428]}, {"label": "parking", "bounding_box": [873, 427, 1061, 462]}, {"label": "parking", "bounding_box": [369, 448, 869, 523]}, {"label": "parking", "bounding_box": [1132, 460, 1372, 544]}, {"label": "car", "bounding_box": [341, 405, 386, 424]}, {"label": "car", "bounding_box": [418, 401, 456, 428]}, {"label": "pole", "bounding_box": [702, 388, 707, 419]}, {"label": "terrain", "bounding_box": [811, 471, 868, 487]}, {"label": "terrain", "bounding_box": [665, 490, 732, 506]}, {"label": "vegetation", "bounding_box": [1764, 330, 1793, 374]}, {"label": "pole", "bounding_box": [1717, 338, 1722, 380]}, {"label": "static", "bounding_box": [1679, 368, 1717, 380]}, {"label": "static", "bounding_box": [1721, 372, 1748, 383]}, {"label": "vegetation", "bounding_box": [1669, 344, 1686, 385]}, {"label": "vegetation", "bounding_box": [1632, 352, 1657, 380]}, {"label": "static", "bounding_box": [1624, 367, 1669, 383]}, {"label": "static", "bounding_box": [1499, 334, 1596, 373]}, {"label": "pole", "bounding_box": [1547, 278, 1552, 373]}, {"label": "static", "bounding_box": [1767, 372, 1888, 384]}, {"label": "terrain", "bounding_box": [1509, 377, 2042, 595]}, {"label": "sidewalk", "bounding_box": [1670, 524, 2042, 594]}, {"label": "vegetation", "bounding_box": [1380, 349, 1422, 386]}, {"label": "car", "bounding_box": [1347, 357, 1409, 384]}, {"label": "vegetation", "bounding_box": [1295, 354, 1351, 380]}, {"label": "static", "bounding_box": [1069, 369, 1300, 409]}, {"label": "cargroup", "bounding_box": [1277, 368, 1402, 396]}, {"label": "vegetation", "bounding_box": [1198, 305, 1298, 396]}, {"label": "car", "bounding_box": [1230, 373, 1286, 396]}, {"label": "pole", "bounding_box": [1472, 271, 1478, 371]}, {"label": "cargroup", "bounding_box": [1207, 370, 1494, 426]}, {"label": "pole", "bounding_box": [1413, 263, 1420, 396]}, {"label": "pole", "bounding_box": [1378, 221, 1389, 419]}, {"label": "pole", "bounding_box": [1367, 215, 1389, 225]}, {"label": "pole", "bounding_box": [1407, 253, 1421, 263]}, {"label": "pole", "bounding_box": [1433, 96, 1449, 393]}, {"label": "pole", "bounding_box": [1416, 83, 1448, 98]}, {"label": "static", "bounding_box": [1107, 279, 1153, 334]}, {"label": "vegetation", "bounding_box": [1101, 304, 1210, 400]}, {"label": "car", "bounding_box": [1134, 383, 1198, 413]}, {"label": "static", "bounding_box": [1146, 394, 1157, 411]}, {"label": "cargroup", "bounding_box": [1096, 393, 1154, 422]}, {"label": "static", "bounding_box": [968, 264, 1034, 410]}, {"label": "vegetation", "bounding_box": [979, 306, 1061, 427]}, {"label": "terrain", "bounding_box": [1021, 416, 1116, 430]}, {"label": "car", "bounding_box": [1029, 396, 1114, 428]}, {"label": "vegetation", "bounding_box": [1032, 286, 1122, 424]}, {"label": "cargroup", "bounding_box": [918, 399, 1042, 445]}, {"label": "terrain", "bounding_box": [942, 438, 1008, 452]}, {"label": "vegetation", "bounding_box": [915, 292, 988, 412]}, {"label": "car", "bounding_box": [889, 407, 982, 452]}, {"label": "terrain", "bounding_box": [811, 449, 958, 462]}, {"label": "car", "bounding_box": [850, 411, 928, 456]}, {"label": "static", "bounding_box": [819, 347, 863, 451]}, {"label": "vegetation", "bounding_box": [837, 258, 939, 452]}, {"label": "terrain", "bounding_box": [-2, 438, 454, 517]}, {"label": "vegetation", "bounding_box": [366, 61, 863, 444]}, {"label": "car", "bounding_box": [1140, 404, 1291, 490]}, {"label": "car", "bounding_box": [1169, 416, 1279, 513]}, {"label": "car", "bounding_box": [1235, 411, 1390, 517]}, {"label": "car", "bounding_box": [1296, 363, 1714, 566]}, {"label": "vegetation", "bounding_box": [19, 73, 282, 424]}, {"label": "vegetation", "bounding_box": [-2, 388, 342, 493]}, {"label": "sidewalk", "bounding_box": [-2, 460, 427, 556]}, {"label": "pole", "bounding_box": [341, 418, 350, 462]}, {"label": "pole", "bounding_box": [358, 418, 366, 461]}, {"label": "terrain", "bounding_box": [-2, 498, 658, 568]}, {"label": "cargroup", "bounding_box": [677, 414, 830, 492]}, {"label": "car", "bounding_box": [609, 414, 737, 495]}, {"label": "car", "bounding_box": [440, 393, 703, 507]}, {"label": "car", "bounding_box": [391, 415, 632, 512]}, {"label": "static", "bounding_box": [239, 407, 322, 517]}, {"label": "car", "bounding_box": [-2, 491, 15, 576]}, {"label": "person", "bounding_box": [146, 365, 199, 502]}, {"label": "person", "bounding_box": [748, 347, 828, 613]}, {"label": "person", "bounding_box": [677, 347, 846, 628]}, {"label": "license plate", "bounding_box": [1633, 457, 1660, 483]}, {"label": "ego vehicle", "bounding_box": [271, 844, 2028, 1023]}, {"label": "out of roi", "bounding_box": [0, 0, 2048, 1024]}]}