{"imgHeight": 1024, "imgWidth": 2048, "objects": [{"label": "terrain", "bounding_box": [1085, 350, 2045, 944]}, {"label": "sky", "bounding_box": [564, 0, 1480, 531]}, {"label": "vegetation", "bounding_box": [893, 237, 1062, 353]}, {"label": "building", "bounding_box": [783, 251, 1144, 499]}, {"label": "static", "bounding_box": [982, 375, 1062, 418]}, {"label": "vegetation", "bounding_box": [940, 296, 1127, 417]}, {"label": "road", "bounding_box": [-2, 410, 2045, 1021]}, {"label": "pole", "bounding_box": [1000, 342, 1001, 371]}, {"label": "static", "bounding_box": [999, 337, 1008, 343]}, {"label": "pole", "bounding_box": [1009, 351, 1010, 394]}, {"label": "static", "bounding_box": [1008, 347, 1015, 351]}, {"label": "sidewalk", "bounding_box": [931, 412, 1011, 435]}, {"label": "cargroup", "bounding_box": [943, 402, 1003, 423]}, {"label": "car", "bounding_box": [1005, 402, 1031, 426]}, {"label": "pole", "bounding_box": [945, 301, 947, 423]}, {"label": "static", "bounding_box": [944, 294, 957, 303]}, {"label": "pole", "bounding_box": [973, 380, 975, 428]}, {"label": "static", "bounding_box": [951, 403, 957, 423]}, {"label": "pole", "bounding_box": [953, 372, 955, 433]}, {"label": "static", "bounding_box": [949, 368, 958, 373]}, {"label": "vegetation", "bounding_box": [766, 114, 948, 431]}, {"label": "pole", "bounding_box": [882, 350, 885, 418]}, {"label": "static", "bounding_box": [876, 347, 892, 354]}, {"label": "static", "bounding_box": [877, 396, 888, 416]}, {"label": "traffic sign", "bounding_box": [862, 362, 880, 372]}, {"label": "fence", "bounding_box": [773, 411, 888, 442]}, {"label": "dynamic", "bounding_box": [843, 412, 862, 440]}, {"label": "static", "bounding_box": [861, 404, 880, 432]}, {"label": "person", "bounding_box": [902, 393, 926, 418]}, {"label": "sidewalk", "bounding_box": [32, 438, 865, 508]}, {"label": "parking", "bounding_box": [39, 491, 371, 508]}, {"label": "building", "bounding_box": [-2, 0, 791, 480]}, {"label": "car", "bounding_box": [857, 406, 947, 474]}, {"label": "license plate", "bounding_box": [884, 449, 907, 455]}, {"label": "pole", "bounding_box": [773, 321, 782, 469]}, {"label": "car", "bounding_box": [502, 400, 795, 551]}, {"label": "license plate", "bounding_box": [715, 491, 765, 508]}, {"label": "pole", "bounding_box": [348, 327, 360, 500]}, {"label": "traffic sign", "bounding_box": [315, 331, 349, 343]}, {"label": "traffic sign", "bounding_box": [340, 341, 368, 370]}, {"label": "car", "bounding_box": [10, 405, 299, 507]}, {"label": "license plate", "bounding_box": [250, 450, 276, 461]}, {"label": "sidewalk", "bounding_box": [-2, 511, 554, 635]}, {"label": "parking", "bounding_box": [-2, 591, 467, 753]}, {"label": "car", "bounding_box": [0, 456, 62, 535]}, {"label": "terrain", "bounding_box": [4, 515, 26, 539]}, {"label": "pole", "bounding_box": [-2, 277, 6, 539]}, {"label": "static", "bounding_box": [37, 311, 130, 406]}, {"label": "pole", "bounding_box": [75, 317, 85, 535]}, {"label": "static", "bounding_box": [347, 212, 419, 280]}, {"label": "pole", "bounding_box": [374, 169, 393, 567]}, {"label": "traffic sign", "bounding_box": [277, 171, 416, 217]}, {"label": "static", "bounding_box": [-2, 203, 90, 286]}, {"label": "static", "bounding_box": [1075, 381, 1085, 418]}, {"label": "vegetation", "bounding_box": [814, 0, 2044, 677]}, {"label": "static", "bounding_box": [1096, 383, 1112, 413]}, {"label": "static", "bounding_box": [1569, 294, 1659, 445]}, {"label": "vegetation", "bounding_box": [1085, 350, 2045, 944]}, {"label": "pole", "bounding_box": [1236, 337, 1242, 442]}, {"label": "traffic sign", "bounding_box": [1221, 347, 1256, 383]}, {"label": "traffic sign", "bounding_box": [1223, 309, 1257, 346]}, {"label": "pole", "bounding_box": [1299, 294, 1306, 446]}, {"label": "static", "bounding_box": [1299, 306, 1306, 333]}, {"label": "static", "bounding_box": [1302, 293, 1310, 309]}, {"label": "static", "bounding_box": [1322, 258, 1416, 431]}, {"label": "ego vehicle", "bounding_box": [271, 844, 2028, 1023]}, {"label": "out of roi", "bounding_box": [0, 0, 2048, 1024]}]}