{"imgHeight": 1024, "imgWidth": 2048, "objects": [{"label": "sky", "bounding_box": [519, 0, 1573, 376]}, {"label": "vegetation", "bounding_box": [-2, 0, 1884, 482]}, {"label": "road", "bounding_box": [-2, 426, 2045, 1021]}, {"label": "building", "bounding_box": [1112, 0, 2045, 683]}, {"label": "vegetation", "bounding_box": [1124, 327, 1169, 445]}, {"label": "vegetation", "bounding_box": [1398, 0, 1907, 468]}, {"label": "wall", "bounding_box": [-2, 427, 464, 556]}, {"label": "vegetation", "bounding_box": [-2, 301, 409, 507]}, {"label": "static", "bounding_box": [848, 400, 876, 432]}, {"label": "pole", "bounding_box": [939, 312, 945, 422]}, {"label": "bridge", "bounding_box": [864, 375, 1009, 399]}, {"label": "static", "bounding_box": [939, 413, 1116, 433]}, {"label": "cargroup", "bounding_box": [929, 417, 955, 429]}, {"label": "static", "bounding_box": [880, 356, 928, 432]}, {"label": "static", "bounding_box": [991, 392, 1036, 426]}, {"label": "sidewalk", "bounding_box": [1066, 427, 2045, 950]}, {"label": "traffic sign", "bounding_box": [1047, 388, 1054, 395]}, {"label": "traffic sign", "bounding_box": [1048, 396, 1055, 402]}, {"label": "traffic sign", "bounding_box": [1059, 383, 1069, 394]}, {"label": "traffic sign", "bounding_box": [1059, 394, 1071, 401]}, {"label": "static", "bounding_box": [1079, 392, 1089, 427]}, {"label": "pole", "bounding_box": [1016, 352, 1083, 377]}, {"label": "traffic light", "bounding_box": [1079, 381, 1085, 394]}, {"label": "traffic sign", "bounding_box": [1078, 374, 1087, 383]}, {"label": "traffic light", "bounding_box": [1011, 341, 1023, 364]}, {"label": "pole", "bounding_box": [1093, 359, 1097, 431]}, {"label": "traffic sign", "bounding_box": [1088, 354, 1099, 366]}, {"label": "static", "bounding_box": [1084, 366, 1105, 397]}, {"label": "traffic sign", "bounding_box": [1167, 365, 1180, 383]}, {"label": "rider", "bounding_box": [1059, 408, 1070, 431]}, {"label": "static", "bounding_box": [1062, 422, 1068, 440]}, {"label": "pole", "bounding_box": [1317, 340, 1327, 486]}, {"label": "traffic sign", "bounding_box": [1309, 327, 1326, 352]}, {"label": "car", "bounding_box": [989, 416, 1026, 452]}, {"label": "car", "bounding_box": [994, 418, 1047, 459]}, {"label": "cargroup", "bounding_box": [897, 419, 933, 449]}, {"label": "cargroup", "bounding_box": [845, 424, 912, 468]}, {"label": "traffic sign", "bounding_box": [508, 400, 527, 421]}, {"label": "car", "bounding_box": [751, 434, 792, 481]}, {"label": "car", "bounding_box": [684, 418, 771, 506]}, {"label": "car", "bounding_box": [670, 438, 737, 517]}, {"label": "car", "bounding_box": [605, 438, 697, 532]}, {"label": "license plate", "bounding_box": [1012, 437, 1031, 441]}, {"label": "car", "bounding_box": [756, 430, 883, 522]}, {"label": "license plate", "bounding_box": [795, 493, 829, 502]}, {"label": "car", "bounding_box": [552, 443, 642, 549]}, {"label": "car", "bounding_box": [436, 437, 593, 569]}, {"label": "car", "bounding_box": [293, 442, 498, 599]}, {"label": "car", "bounding_box": [-1, 438, 369, 688]}, {"label": "license plate", "bounding_box": [-2, 598, 56, 621]}, {"label": "bicycle", "bounding_box": [1062, 422, 1068, 440]}, {"label": "rider", "bounding_box": [1059, 408, 1070, 431]}, {"label": "ego vehicle", "bounding_box": [271, 844, 2028, 1023]}, {"label": "out of roi", "bounding_box": [0, 0, 2048, 1024]}]}