{"imgHeight": 1024, "imgWidth": 2048, "objects": [{"label": "sky", "bounding_box": [586, 0, 1646, 475]}, {"label": "road", "bounding_box": [-2, 398, 2045, 1021]}, {"label": "building", "bounding_box": [1054, 276, 1548, 429]}, {"label": "vegetation", "bounding_box": [1017, 343, 1069, 424]}, {"label": "sidewalk", "bounding_box": [70, 450, 883, 517]}, {"label": "building", "bounding_box": [730, 53, 1031, 456]}, {"label": "static", "bounding_box": [784, 416, 889, 452]}, {"label": "vegetation", "bounding_box": [746, 248, 1017, 453]}, {"label": "building", "bounding_box": [46, 0, 762, 508]}, {"label": "pole", "bounding_box": [1100, 392, 1105, 420]}, {"label": "cargroup", "bounding_box": [1072, 414, 1141, 431]}, {"label": "static", "bounding_box": [1024, 417, 1034, 431]}, {"label": "ground", "bounding_box": [990, 434, 1035, 443]}, {"label": "building", "bounding_box": [1005, 395, 1033, 438]}, {"label": "bus", "bounding_box": [1031, 394, 1079, 439]}, {"label": "ground", "bounding_box": [1128, 427, 1166, 438]}, {"label": "pole", "bounding_box": [1121, 371, 1175, 434]}, {"label": "building", "bounding_box": [1481, 0, 1796, 439]}, {"label": "vegetation", "bounding_box": [1142, 144, 1501, 439]}, {"label": "traffic light", "bounding_box": [1117, 370, 1130, 381]}, {"label": "traffic light", "bounding_box": [1166, 389, 1179, 409]}, {"label": "sidewalk", "bounding_box": [1290, 427, 1948, 478]}, {"label": "terrain", "bounding_box": [1214, 421, 1415, 475]}, {"label": "vegetation", "bounding_box": [1462, 230, 1640, 433]}, {"label": "vegetation", "bounding_box": [1557, 0, 2044, 456]}, {"label": "terrain", "bounding_box": [1409, 388, 1687, 460]}, {"label": "vegetation", "bounding_box": [1409, 388, 1687, 460]}, {"label": "static", "bounding_box": [1468, 424, 1500, 441]}, {"label": "pole", "bounding_box": [1675, 350, 1681, 445]}, {"label": "traffic sign", "bounding_box": [1660, 336, 1691, 366]}, {"label": "car", "bounding_box": [1932, 394, 2045, 468]}, {"label": "terrain", "bounding_box": [1391, 435, 2043, 703]}, {"label": "sidewalk", "bounding_box": [1605, 479, 2045, 601]}, {"label": "static", "bounding_box": [1568, 335, 1610, 377]}, {"label": "pole", "bounding_box": [1587, 344, 1595, 421]}, {"label": "static", "bounding_box": [1573, 398, 1620, 506]}, {"label": "static", "bounding_box": [1539, 330, 1564, 373]}, {"label": "pole", "bounding_box": [1550, 303, 1563, 497]}, {"label": "pole", "bounding_box": [1251, 169, 1273, 441]}, {"label": "building", "bounding_box": [1143, 393, 1165, 434]}, {"label": "static", "bounding_box": [1139, 416, 1150, 428]}, {"label": "pole", "bounding_box": [1136, 380, 1140, 442]}, {"label": "traffic light", "bounding_box": [1130, 387, 1146, 404]}, {"label": "car", "bounding_box": [1178, 414, 1222, 439]}, {"label": "car", "bounding_box": [1166, 419, 1221, 461]}, {"label": "ground", "bounding_box": [-2, 439, 1140, 1021]}, {"label": "sidewalk", "bounding_box": [-2, 515, 252, 566]}, {"label": "pole", "bounding_box": [1284, 380, 1288, 443]}, {"label": "pole", "bounding_box": [1297, 379, 1298, 443]}, {"label": "person", "bounding_box": [1327, 400, 1346, 439]}, {"label": "pole", "bounding_box": [1325, 378, 1328, 448]}, {"label": "person", "bounding_box": [1355, 398, 1375, 447]}, {"label": "static", "bounding_box": [1375, 343, 1408, 468]}, {"label": "pole", "bounding_box": [1458, 336, 1470, 476]}, {"label": "traffic sign", "bounding_box": [1442, 332, 1479, 349]}, {"label": "traffic light", "bounding_box": [1455, 352, 1469, 380]}, {"label": "traffic sign", "bounding_box": [1450, 381, 1469, 401]}, {"label": "person", "bounding_box": [1388, 392, 1432, 502]}, {"label": "pole", "bounding_box": [1298, 54, 1322, 455]}, {"label": "pole", "bounding_box": [1302, 377, 1307, 463]}, {"label": "traffic sign", "bounding_box": [1290, 369, 1315, 393]}, {"label": "traffic light", "bounding_box": [1317, 358, 1342, 390]}, {"label": "pole", "bounding_box": [1337, 330, 1346, 479]}, {"label": "traffic sign", "bounding_box": [1337, 334, 1365, 345]}, {"label": "static", "bounding_box": [1870, 308, 1897, 326]}, {"label": "static", "bounding_box": [1858, 421, 1887, 476]}, {"label": "pole", "bounding_box": [1873, 287, 1878, 465]}, {"label": "pole", "bounding_box": [1874, 408, 1901, 484]}, {"label": "pole", "bounding_box": [1769, 0, 1859, 565]}, {"label": "static", "bounding_box": [1772, 400, 1861, 514]}, {"label": "pole", "bounding_box": [1133, 124, 1445, 502]}, {"label": "traffic light", "bounding_box": [1090, 100, 1121, 163]}, {"label": "traffic light", "bounding_box": [1118, 98, 1145, 164]}, {"label": "traffic sign", "bounding_box": [1413, 264, 1452, 300]}, {"label": "traffic light", "bounding_box": [1403, 318, 1428, 367]}, {"label": "traffic light", "bounding_box": [1423, 303, 1447, 360]}, {"label": "traffic sign", "bounding_box": [1414, 364, 1457, 403]}, {"label": "pole", "bounding_box": [875, 374, 879, 444]}, {"label": "traffic light", "bounding_box": [949, 349, 958, 365]}, {"label": "pole", "bounding_box": [892, 355, 954, 364]}, {"label": "static", "bounding_box": [791, 382, 809, 397]}, {"label": "pole", "bounding_box": [796, 387, 799, 455]}, {"label": "static", "bounding_box": [649, 436, 691, 473]}, {"label": "static", "bounding_box": [457, 310, 486, 335]}, {"label": "traffic light", "bounding_box": [652, 222, 692, 265]}, {"label": "static", "bounding_box": [460, 345, 488, 373]}, {"label": "traffic light", "bounding_box": [473, 375, 494, 409]}, {"label": "pole", "bounding_box": [466, 238, 684, 497]}, {"label": "traffic light", "bounding_box": [281, 372, 302, 416]}, {"label": "pole", "bounding_box": [300, 355, 315, 509]}, {"label": "traffic sign", "bounding_box": [274, 355, 307, 365]}, {"label": "traffic light", "bounding_box": [307, 383, 324, 415]}, {"label": "traffic light", "bounding_box": [78, 360, 132, 415]}, {"label": "static", "bounding_box": [79, 340, 107, 351]}, {"label": "building", "bounding_box": [-2, 0, 89, 533]}, {"label": "pole", "bounding_box": [97, 334, 112, 530]}, {"label": "static", "bounding_box": [122, 311, 158, 351]}, {"label": "pole", "bounding_box": [148, 380, 157, 511]}, {"label": "traffic sign", "bounding_box": [151, 349, 179, 403]}, {"label": "pole", "bounding_box": [155, 337, 176, 529]}, {"label": "static", "bounding_box": [125, 349, 159, 390]}, {"label": "pole", "bounding_box": [134, 312, 152, 536]}, {"label": "static", "bounding_box": [347, 451, 367, 496]}, {"label": "terrain", "bounding_box": [884, 424, 978, 444]}, {"label": "static", "bounding_box": [1183, 22, 1209, 38]}, {"label": "static", "bounding_box": [1136, 182, 1151, 192]}, {"label": "static", "bounding_box": [732, 163, 750, 175]}, {"label": "static", "bounding_box": [795, 198, 811, 209]}, {"label": "static", "bounding_box": [1141, 230, 1156, 240]}, {"label": "static", "bounding_box": [906, 278, 921, 291]}, {"label": "person", "bounding_box": [1037, 416, 1048, 437]}, {"label": "ego vehicle", "bounding_box": [271, 844, 2028, 1023]}, {"label": "out of roi", "bounding_box": [0, 0, 2048, 1024]}]}