{"imgHeight": 1024, "imgWidth": 2048, "objects": [{"label": "sky", "bounding_box": [-2, 0, 1194, 558]}, {"label": "road", "bounding_box": [-2, 464, 2045, 1022]}, {"label": "static", "bounding_box": [592, 378, 737, 476]}, {"label": "cargroup", "bounding_box": [699, 449, 720, 477]}, {"label": "vegetation", "bounding_box": [589, 345, 669, 476]}, {"label": "sidewalk", "bounding_box": [253, 481, 414, 493]}, {"label": "building", "bounding_box": [240, 0, 599, 481]}, {"label": "vegetation", "bounding_box": [339, 426, 454, 477]}, {"label": "terrain", "bounding_box": [385, 459, 493, 483]}, {"label": "car", "bounding_box": [483, 454, 529, 485]}, {"label": "car", "bounding_box": [669, 455, 698, 478]}, {"label": "building", "bounding_box": [716, 81, 1744, 481]}, {"label": "static", "bounding_box": [1250, 393, 1489, 464]}, {"label": "pole", "bounding_box": [757, 309, 764, 370]}, {"label": "pole", "bounding_box": [767, 346, 835, 463]}, {"label": "traffic sign", "bounding_box": [818, 386, 837, 409]}, {"label": "traffic light", "bounding_box": [834, 415, 842, 430]}, {"label": "traffic light", "bounding_box": [823, 409, 837, 433]}, {"label": "pole", "bounding_box": [840, 399, 843, 466]}, {"label": "traffic light", "bounding_box": [846, 416, 856, 435]}, {"label": "static", "bounding_box": [853, 416, 869, 433]}, {"label": "pole", "bounding_box": [861, 416, 865, 478]}, {"label": "pole", "bounding_box": [889, 414, 893, 476]}, {"label": "sidewalk", "bounding_box": [1336, 453, 2046, 591]}, {"label": "terrain", "bounding_box": [852, 455, 1613, 564]}, {"label": "car", "bounding_box": [777, 448, 826, 490]}, {"label": "car", "bounding_box": [806, 449, 873, 490]}, {"label": "static", "bounding_box": [673, 465, 686, 487]}, {"label": "ground", "bounding_box": [425, 487, 833, 623]}, {"label": "building", "bounding_box": [660, 326, 789, 517]}, {"label": "static", "bounding_box": [748, 464, 770, 504]}, {"label": "person", "bounding_box": [730, 412, 763, 508]}, {"label": "static", "bounding_box": [733, 461, 744, 491]}, {"label": "static", "bounding_box": [646, 301, 742, 343]}, {"label": "pole", "bounding_box": [738, 175, 754, 534]}, {"label": "static", "bounding_box": [695, 203, 741, 228]}, {"label": "pole", "bounding_box": [650, 223, 680, 580]}, {"label": "pole", "bounding_box": [555, 486, 566, 598]}, {"label": "traffic sign", "bounding_box": [515, 503, 603, 549]}, {"label": "traffic sign", "bounding_box": [521, 431, 594, 503]}, {"label": "vegetation", "bounding_box": [1538, 342, 1666, 447]}, {"label": "cargroup", "bounding_box": [1468, 425, 1588, 450]}, {"label": "terrain", "bounding_box": [1444, 421, 2046, 517]}, {"label": "building", "bounding_box": [1730, 0, 2045, 483]}, {"label": "vegetation", "bounding_box": [756, 0, 1790, 521]}, {"label": "static", "bounding_box": [1394, 384, 1425, 456]}, {"label": "car", "bounding_box": [1689, 419, 1731, 459]}, {"label": "terrain", "bounding_box": [1563, 552, 2045, 711]}, {"label": "static", "bounding_box": [1675, 459, 1770, 492]}, {"label": "pole", "bounding_box": [1763, 0, 1834, 565]}, {"label": "static", "bounding_box": [1791, 347, 2043, 606]}, {"label": "person", "bounding_box": [1596, 403, 1637, 506]}, {"label": "traffic light", "bounding_box": [1580, 218, 1630, 318]}, {"label": "static", "bounding_box": [1629, 429, 1643, 450]}, {"label": "pole", "bounding_box": [1615, 230, 1635, 564]}, {"label": "traffic light", "bounding_box": [1596, 281, 1642, 323]}, {"label": "traffic sign", "bounding_box": [1600, 327, 1646, 373]}, {"label": "person", "bounding_box": [1423, 419, 1449, 492]}, {"label": "pole", "bounding_box": [960, 362, 974, 485]}, {"label": "static", "bounding_box": [957, 442, 977, 478]}, {"label": "person", "bounding_box": [1075, 400, 1171, 587]}, {"label": "static", "bounding_box": [409, 414, 436, 471]}, {"label": "traffic light", "bounding_box": [482, 359, 495, 383]}, {"label": "pole", "bounding_box": [407, 365, 486, 481]}, {"label": "static", "bounding_box": [193, 457, 348, 490]}, {"label": "car", "bounding_box": [364, 453, 397, 481]}, {"label": "pole", "bounding_box": [360, 379, 365, 481]}, {"label": "pole", "bounding_box": [393, 371, 398, 482]}, {"label": "static", "bounding_box": [360, 382, 396, 448]}, {"label": "pole", "bounding_box": [152, 123, 170, 399]}, {"label": "static", "bounding_box": [269, 428, 281, 449]}, {"label": "pole", "bounding_box": [280, 413, 284, 474]}, {"label": "traffic light", "bounding_box": [281, 424, 289, 442]}, {"label": "static", "bounding_box": [324, 427, 345, 444]}, {"label": "pole", "bounding_box": [335, 434, 336, 477]}, {"label": "vegetation", "bounding_box": [-2, 59, 493, 489]}, {"label": "pole", "bounding_box": [302, 313, 313, 491]}, {"label": "static", "bounding_box": [308, 330, 335, 346]}, {"label": "ground", "bounding_box": [0, 493, 485, 561]}, {"label": "wall", "bounding_box": [-2, 463, 365, 543]}, {"label": "static", "bounding_box": [431, 453, 452, 484]}, {"label": "pole", "bounding_box": [438, 468, 442, 500]}, {"label": "pole", "bounding_box": [37, 502, 44, 542]}, {"label": "static", "bounding_box": [16, 334, 62, 512]}, {"label": "building", "bounding_box": [66, 350, 298, 536]}, {"label": "person", "bounding_box": [142, 427, 164, 529]}, {"label": "static", "bounding_box": [794, 203, 816, 218]}, {"label": "static", "bounding_box": [440, 276, 456, 290]}, {"label": "static", "bounding_box": [405, 271, 424, 284]}, {"label": "traffic light", "bounding_box": [597, 245, 645, 313]}, {"label": "traffic light", "bounding_box": [674, 241, 717, 314]}, {"label": "ego vehicle", "bounding_box": [271, 844, 2028, 1023]}, {"label": "out of roi", "bounding_box": [0, 0, 2048, 1024]}]}