{"imgHeight": 1024, "imgWidth": 2048, "objects": [{"label": "sky", "bounding_box": [755, 0, 1524, 252]}, {"label": "building", "bounding_box": [756, 121, 1444, 516]}, {"label": "road", "bounding_box": [-2, 472, 2045, 1023]}, {"label": "static", "bounding_box": [776, 419, 964, 502]}, {"label": "sidewalk", "bounding_box": [0, 487, 858, 523]}, {"label": "sidewalk", "bounding_box": [1524, 507, 1728, 532]}, {"label": "polegroup", "bounding_box": [800, 476, 873, 517]}, {"label": "building", "bounding_box": [-1, 0, 787, 515]}, {"label": "person", "bounding_box": [651, 448, 662, 505]}, {"label": "static", "bounding_box": [566, 327, 614, 371]}, {"label": "traffic light", "bounding_box": [839, 186, 865, 240]}, {"label": "pole", "bounding_box": [579, 208, 855, 515]}, {"label": "traffic light", "bounding_box": [578, 367, 603, 400]}, {"label": "person", "bounding_box": [564, 434, 596, 524]}, {"label": "ground", "bounding_box": [-2, 665, 714, 1022]}, {"label": "static", "bounding_box": [318, 360, 462, 496]}, {"label": "pole", "bounding_box": [356, 0, 404, 686]}, {"label": "static", "bounding_box": [137, 434, 305, 505]}, {"label": "terrain", "bounding_box": [0, 481, 365, 509]}, {"label": "pole", "bounding_box": [25, 328, 38, 517]}, {"label": "traffic light", "bounding_box": [12, 354, 30, 391]}, {"label": "ground", "bounding_box": [-2, 516, 161, 528]}, {"label": "pole", "bounding_box": [94, 447, 99, 520]}, {"label": "traffic sign", "bounding_box": [85, 476, 118, 500]}, {"label": "traffic sign", "bounding_box": [88, 429, 118, 473]}, {"label": "car", "bounding_box": [931, 461, 963, 519]}, {"label": "car", "bounding_box": [855, 455, 954, 525]}, {"label": "building", "bounding_box": [1407, 0, 2045, 526]}, {"label": "pole", "bounding_box": [1410, 436, 1413, 510]}, {"label": "traffic sign", "bounding_box": [1405, 431, 1417, 450]}, {"label": "pole", "bounding_box": [1668, 134, 1684, 523]}, {"label": "vegetation", "bounding_box": [1230, 90, 1688, 511]}, {"label": "person", "bounding_box": [1524, 465, 1537, 491]}, {"label": "vegetation", "bounding_box": [1423, 463, 1595, 535]}, {"label": "static", "bounding_box": [1540, 487, 1563, 516]}, {"label": "pole", "bounding_box": [1460, 412, 1466, 496]}, {"label": "traffic sign", "bounding_box": [1446, 396, 1486, 434]}, {"label": "pole", "bounding_box": [1522, 419, 1525, 516]}, {"label": "traffic sign", "bounding_box": [1513, 407, 1532, 437]}, {"label": "traffic light", "bounding_box": [1606, 389, 1627, 420]}, {"label": "pole", "bounding_box": [1618, 363, 1632, 538]}, {"label": "traffic sign", "bounding_box": [1624, 396, 1637, 416]}, {"label": "vegetation", "bounding_box": [1643, 0, 2046, 530]}, {"label": "terrain", "bounding_box": [1656, 516, 2045, 533]}, {"label": "pole", "bounding_box": [1699, 491, 1703, 519]}, {"label": "pole", "bounding_box": [1760, 493, 1763, 520]}, {"label": "pole", "bounding_box": [1812, 492, 1817, 524]}, {"label": "pole", "bounding_box": [1864, 495, 1867, 525]}, {"label": "pole", "bounding_box": [1917, 495, 1920, 525]}, {"label": "static", "bounding_box": [1189, 353, 1211, 363]}, {"label": "static", "bounding_box": [1195, 342, 1214, 352]}, {"label": "static", "bounding_box": [1232, 322, 1275, 363]}, {"label": "traffic light", "bounding_box": [1253, 380, 1280, 414]}, {"label": "pole", "bounding_box": [1251, 301, 1258, 436]}, {"label": "traffic light", "bounding_box": [1226, 377, 1254, 420]}, {"label": "pole", "bounding_box": [1211, 350, 1217, 477]}, {"label": "pole", "bounding_box": [1269, 0, 1282, 452]}, {"label": "static", "bounding_box": [1317, 431, 1328, 468]}, {"label": "pole", "bounding_box": [1321, 437, 1325, 482]}, {"label": "car", "bounding_box": [968, 402, 1442, 604]}, {"label": "sidewalk", "bounding_box": [0, 733, 714, 1023]}, {"label": "ego vehicle", "bounding_box": [271, 844, 2028, 1023]}, {"label": "out of roi", "bounding_box": [0, 0, 2048, 1024]}]}