{"imgHeight": 1024, "imgWidth": 2048, "objects": [{"label": "sky", "bounding_box": [1507, 0, 2045, 182]}, {"label": "wall", "bounding_box": [-2, 0, 2045, 510]}, {"label": "terrain", "bounding_box": [-2, 447, 2045, 692]}, {"label": "road", "bounding_box": [-2, 478, 2044, 1022]}, {"label": "car", "bounding_box": [1707, 396, 1861, 497]}, {"label": "license plate", "bounding_box": [1740, 434, 1772, 444]}, {"label": "terrain", "bounding_box": [1823, 484, 2044, 880]}, {"label": "ego vehicle", "bounding_box": [271, 844, 2028, 1023]}, {"label": "out of roi", "bounding_box": [0, 0, 2048, 1024]}]}