{"imgHeight": 1024, "imgWidth": 2048, "objects": [{"label": "sky", "bounding_box": [794, 0, 1336, 392]}, {"label": "road", "bounding_box": [-2, 422, 2042, 1021]}, {"label": "sidewalk", "bounding_box": [0, 448, 993, 570]}, {"label": "sidewalk", "bounding_box": [1151, 449, 2043, 1023]}, {"label": "sidewalk", "bounding_box": [1419, 468, 1583, 506]}, {"label": "vegetation", "bounding_box": [951, 0, 2045, 498]}, {"label": "static", "bounding_box": [1411, 387, 1658, 471]}, {"label": "pole", "bounding_box": [1258, 402, 1261, 434]}, {"label": "traffic sign", "bounding_box": [1249, 385, 1266, 405]}, {"label": "vegetation", "bounding_box": [1240, 403, 1366, 479]}, {"label": "vegetation", "bounding_box": [1298, 0, 1946, 473]}, {"label": "terrain", "bounding_box": [1238, 465, 1516, 504]}, {"label": "pole", "bounding_box": [1330, 221, 1349, 473]}, {"label": "pole", "bounding_box": [1289, 322, 1297, 473]}, {"label": "traffic sign", "bounding_box": [1278, 329, 1301, 357]}, {"label": "traffic sign", "bounding_box": [1276, 356, 1306, 384]}, {"label": "traffic sign", "bounding_box": [1283, 385, 1302, 399]}, {"label": "static", "bounding_box": [1284, 433, 1307, 478]}, {"label": "vegetation", "bounding_box": [1316, 218, 1407, 473]}, {"label": "pole", "bounding_box": [1414, 330, 1421, 473]}, {"label": "traffic sign", "bounding_box": [1417, 337, 1457, 346]}, {"label": "traffic sign", "bounding_box": [1405, 348, 1428, 376]}, {"label": "traffic sign", "bounding_box": [1407, 377, 1425, 393]}, {"label": "traffic sign", "bounding_box": [1407, 391, 1425, 408]}, {"label": "terrain", "bounding_box": [1468, 468, 1703, 498]}, {"label": "terrain", "bounding_box": [1537, 472, 2045, 642]}, {"label": "pole", "bounding_box": [1692, 277, 1697, 329]}, {"label": "pole", "bounding_box": [1768, 248, 1775, 293]}, {"label": "vegetation", "bounding_box": [1609, 114, 2045, 604]}, {"label": "pole", "bounding_box": [1854, 0, 1900, 608]}, {"label": "traffic sign", "bounding_box": [1820, 109, 1924, 211]}, {"label": "static", "bounding_box": [1813, 356, 1948, 600]}, {"label": "car", "bounding_box": [1065, 441, 1090, 454]}, {"label": "car", "bounding_box": [1046, 427, 1070, 456]}, {"label": "car", "bounding_box": [1104, 438, 1126, 455]}, {"label": "car", "bounding_box": [1002, 438, 1024, 457]}, {"label": "car", "bounding_box": [983, 434, 1011, 458]}, {"label": "vegetation", "bounding_box": [-1, 0, 1035, 499]}, {"label": "pole", "bounding_box": [913, 371, 918, 443]}, {"label": "pole", "bounding_box": [388, 150, 403, 448]}, {"label": "pole", "bounding_box": [814, 365, 821, 447]}, {"label": "vegetation", "bounding_box": [-2, 431, 979, 523]}, {"label": "static", "bounding_box": [339, 335, 353, 399]}, {"label": "dynamic", "bounding_box": [342, 435, 367, 500]}, {"label": "pole", "bounding_box": [335, 339, 345, 490]}, {"label": "rider", "bounding_box": [490, 414, 539, 468]}, {"label": "pole", "bounding_box": [158, 1, 183, 515]}, {"label": "traffic sign", "bounding_box": [165, 314, 223, 331]}, {"label": "traffic sign", "bounding_box": [164, 329, 191, 342]}, {"label": "road", "bounding_box": [1180, 496, 1363, 553]}, {"label": "rider", "bounding_box": [490, 414, 539, 468]}, {"label": "motorcycle", "bounding_box": [482, 448, 542, 519]}, {"label": "ego vehicle", "bounding_box": [271, 844, 2028, 1023]}, {"label": "out of roi", "bounding_box": [0, 0, 2048, 1024]}]}