{"imgHeight": 1024, "imgWidth": 2048, "objects": [{"label": "sky", "bounding_box": [710, 0, 1419, 315]}, {"label": "static", "bounding_box": [986, 274, 1266, 471]}, {"label": "road", "bounding_box": [-2, 439, 2044, 1021]}, {"label": "sidewalk", "bounding_box": [-1, 488, 98, 534]}, {"label": "sidewalk", "bounding_box": [1232, 467, 2044, 517]}, {"label": "parking", "bounding_box": [1176, 465, 1246, 495]}, {"label": "building", "bounding_box": [1187, 1, 2044, 503]}, {"label": "ground", "bounding_box": [1338, 516, 2043, 542]}, {"label": "car", "bounding_box": [1621, 417, 1853, 504]}, {"label": "dynamic", "bounding_box": [1577, 450, 1643, 506]}, {"label": "static", "bounding_box": [1631, 316, 1643, 356]}, {"label": "traffic light", "bounding_box": [1633, 362, 1660, 405]}, {"label": "pole", "bounding_box": [1629, 316, 1635, 510]}, {"label": "traffic light", "bounding_box": [1616, 361, 1631, 392]}, {"label": "person", "bounding_box": [1679, 413, 1710, 508]}, {"label": "static", "bounding_box": [1666, 458, 1752, 510]}, {"label": "pole", "bounding_box": [1858, 458, 1919, 506]}, {"label": "pole", "bounding_box": [1797, 461, 1859, 506]}, {"label": "pole", "bounding_box": [1727, 462, 1798, 506]}, {"label": "pole", "bounding_box": [1656, 465, 1733, 508]}, {"label": "pole", "bounding_box": [1587, 291, 1597, 524]}, {"label": "traffic light", "bounding_box": [1568, 311, 1591, 371]}, {"label": "car", "bounding_box": [2028, 460, 2045, 507]}, {"label": "sidewalk", "bounding_box": [1684, 539, 2045, 707]}, {"label": "static", "bounding_box": [1779, 269, 1831, 327]}, {"label": "traffic light", "bounding_box": [1775, 324, 1839, 382]}, {"label": "pole", "bounding_box": [1799, 252, 1810, 428]}, {"label": "pole", "bounding_box": [1801, 97, 1826, 578]}, {"label": "traffic sign", "bounding_box": [1719, 0, 1949, 122]}, {"label": "traffic sign", "bounding_box": [1860, 143, 1944, 221]}, {"label": "car", "bounding_box": [1160, 434, 1179, 448]}, {"label": "vegetation", "bounding_box": [1096, 264, 1222, 460]}, {"label": "car", "bounding_box": [1172, 440, 1195, 473]}, {"label": "car", "bounding_box": [1185, 438, 1230, 485]}, {"label": "vegetation", "bounding_box": [1135, 237, 1276, 456]}, {"label": "car", "bounding_box": [1203, 447, 1227, 491]}, {"label": "car", "bounding_box": [1212, 445, 1246, 494]}, {"label": "car", "bounding_box": [1229, 445, 1296, 495]}, {"label": "pole", "bounding_box": [1253, 346, 1260, 496]}, {"label": "traffic sign", "bounding_box": [1258, 346, 1302, 392]}, {"label": "static", "bounding_box": [1328, 324, 1369, 368]}, {"label": "traffic sign", "bounding_box": [1334, 366, 1357, 380]}, {"label": "pole", "bounding_box": [1346, 386, 1350, 505]}, {"label": "traffic light", "bounding_box": [1339, 376, 1356, 402]}, {"label": "pole", "bounding_box": [1112, 75, 1413, 530]}, {"label": "static", "bounding_box": [1112, 53, 1143, 65]}, {"label": "static", "bounding_box": [977, 185, 997, 195]}, {"label": "traffic light", "bounding_box": [1084, 50, 1119, 126]}, {"label": "traffic light", "bounding_box": [1382, 298, 1404, 362]}, {"label": "traffic sign", "bounding_box": [1388, 463, 1430, 524]}, {"label": "traffic sign", "bounding_box": [1386, 364, 1429, 410]}, {"label": "polegroup", "bounding_box": [1258, 460, 1296, 497]}, {"label": "pole", "bounding_box": [1299, 456, 1302, 497]}, {"label": "pole", "bounding_box": [1314, 454, 1319, 500]}, {"label": "building", "bounding_box": [-1, 0, 1079, 512]}, {"label": "vegetation", "bounding_box": [822, 262, 949, 421]}, {"label": "vegetation", "bounding_box": [968, 323, 1051, 438]}, {"label": "cargroup", "bounding_box": [1117, 432, 1138, 445]}, {"label": "car", "bounding_box": [1136, 435, 1155, 447]}, {"label": "static", "bounding_box": [1095, 434, 1125, 465]}, {"label": "truck", "bounding_box": [1022, 377, 1102, 491]}, {"label": "truck", "bounding_box": [836, 352, 1018, 510]}, {"label": "pole", "bounding_box": [135, 402, 140, 464]}, {"label": "static", "bounding_box": [63, 385, 176, 425]}, {"label": "vegetation", "bounding_box": [125, 0, 638, 472]}, {"label": "car", "bounding_box": [643, 415, 709, 550]}, {"label": "vegetation", "bounding_box": [-2, 386, 37, 471]}, {"label": "car", "bounding_box": [-2, 461, 26, 484]}, {"label": "car", "bounding_box": [-2, 457, 39, 503]}, {"label": "car", "bounding_box": [1, 454, 67, 513]}, {"label": "car", "bounding_box": [37, 451, 148, 514]}, {"label": "static", "bounding_box": [68, 462, 134, 513]}, {"label": "static", "bounding_box": [36, 470, 91, 514]}, {"label": "static", "bounding_box": [83, 404, 90, 435]}, {"label": "pole", "bounding_box": [85, 416, 92, 517]}, {"label": "pole", "bounding_box": [210, 372, 216, 438]}, {"label": "static", "bounding_box": [165, 327, 212, 400]}, {"label": "traffic light", "bounding_box": [205, 341, 230, 399]}, {"label": "pole", "bounding_box": [223, 315, 237, 420]}, {"label": "traffic sign", "bounding_box": [198, 293, 258, 325]}, {"label": "traffic sign", "bounding_box": [248, 334, 286, 378]}, {"label": "traffic light", "bounding_box": [215, 337, 242, 379]}, {"label": "car", "bounding_box": [26, 439, 197, 619]}, {"label": "traffic light", "bounding_box": [778, 192, 808, 250]}, {"label": "static", "bounding_box": [564, 283, 594, 322]}, {"label": "static", "bounding_box": [566, 332, 594, 369]}, {"label": "pole", "bounding_box": [571, 214, 796, 395]}, {"label": "car", "bounding_box": [677, 409, 907, 588]}, {"label": "traffic sign", "bounding_box": [214, 388, 246, 419]}, {"label": "car", "bounding_box": [77, 347, 686, 758]}, {"label": "pole", "bounding_box": [1011, 446, 1021, 507]}, {"label": "ground", "bounding_box": [929, 506, 1071, 521]}, {"label": "pole", "bounding_box": [996, 304, 1005, 511]}, {"label": "static", "bounding_box": [980, 304, 1013, 333]}, {"label": "traffic light", "bounding_box": [970, 354, 996, 397]}, {"label": "static", "bounding_box": [981, 393, 1017, 427]}, {"label": "traffic sign", "bounding_box": [995, 333, 1028, 366]}, {"label": "traffic sign", "bounding_box": [994, 365, 1027, 387]}, {"label": "pole", "bounding_box": [989, 473, 995, 512]}, {"label": "traffic sign", "bounding_box": [972, 452, 1008, 487]}, {"label": "static", "bounding_box": [1031, 256, 1047, 267]}, {"label": "license plate", "bounding_box": [739, 527, 805, 547]}, {"label": "license plate", "bounding_box": [184, 628, 338, 670]}, {"label": "bicycle", "bounding_box": [1666, 458, 1752, 510]}, {"label": "rider", "bounding_box": [1679, 413, 1710, 508]}, {"label": "bicycle", "bounding_box": [36, 470, 91, 514]}, {"label": "ego vehicle", "bounding_box": [271, 844, 2028, 1023]}, {"label": "out of roi", "bounding_box": [0, 0, 2048, 1024]}]}