{"imgHeight": 1024, "imgWidth": 2048, "objects": [{"label": "sky", "bounding_box": [126, 0, 2045, 565]}, {"label": "static", "bounding_box": [196, 194, 231, 275]}, {"label": "traffic sign", "bounding_box": [871, 280, 1007, 361]}, {"label": "vegetation", "bounding_box": [882, 396, 945, 446]}, {"label": "static", "bounding_box": [861, 452, 925, 491]}, {"label": "bridge", "bounding_box": [844, 419, 945, 464]}, {"label": "vegetation", "bounding_box": [904, 1, 2045, 1023]}, {"label": "terrain", "bounding_box": [-2, 182, 894, 777]}, {"label": "vegetation", "bounding_box": [0, 0, 935, 489]}, {"label": "car", "bounding_box": [882, 475, 988, 513]}, {"label": "pole", "bounding_box": [922, 468, 924, 503]}, {"label": "traffic sign", "bounding_box": [914, 446, 931, 476]}, {"label": "sidewalk", "bounding_box": [-2, 493, 969, 987]}, {"label": "road", "bounding_box": [-2, 503, 2045, 1022]}, {"label": "pole", "bounding_box": [997, 422, 1000, 491]}, {"label": "traffic sign", "bounding_box": [990, 414, 1009, 434]}, {"label": "traffic sign", "bounding_box": [986, 438, 1012, 462]}, {"label": "fence", "bounding_box": [1085, 462, 1259, 511]}, {"label": "ground", "bounding_box": [1039, 497, 1308, 554]}, {"label": "static", "bounding_box": [1037, 432, 1048, 473]}, {"label": "pole", "bounding_box": [1047, 437, 1049, 504]}, {"label": "traffic sign", "bounding_box": [1040, 431, 1057, 448]}, {"label": "pole", "bounding_box": [1128, 196, 1135, 499]}, {"label": "pole", "bounding_box": [1115, 188, 1138, 200]}, {"label": "traffic sign", "bounding_box": [1122, 409, 1138, 427]}, {"label": "pole", "bounding_box": [1411, 0, 1424, 431]}, {"label": "traffic sign", "bounding_box": [1397, 318, 1429, 360]}, {"label": "ego vehicle", "bounding_box": [271, 844, 2028, 1023]}, {"label": "out of roi", "bounding_box": [0, 0, 2048, 1024]}]}