{"imgHeight": 1024, "imgWidth": 2048, "objects": [{"label": "sky", "bounding_box": [-2, 0, 2045, 323]}, {"label": "static", "bounding_box": [1116, 270, 1248, 379]}, {"label": "building", "bounding_box": [1203, 190, 1431, 392]}, {"label": "sidewalk", "bounding_box": [1197, 339, 1369, 427]}, {"label": "road", "bounding_box": [-2, 329, 2046, 1022]}, {"label": "building", "bounding_box": [723, 145, 1158, 423]}, {"label": "sidewalk", "bounding_box": [999, 347, 1159, 425]}, {"label": "vegetation", "bounding_box": [1111, 282, 1166, 353]}, {"label": "cargroup", "bounding_box": [1154, 327, 1170, 348]}, {"label": "car", "bounding_box": [1193, 344, 1203, 353]}, {"label": "car", "bounding_box": [1192, 357, 1202, 365]}, {"label": "car", "bounding_box": [1175, 359, 1187, 370]}, {"label": "car", "bounding_box": [1196, 365, 1209, 378]}, {"label": "car", "bounding_box": [1159, 346, 1169, 353]}, {"label": "static", "bounding_box": [1114, 346, 1151, 360]}, {"label": "car", "bounding_box": [1117, 351, 1143, 361]}, {"label": "car", "bounding_box": [1097, 362, 1112, 378]}, {"label": "traffic light", "bounding_box": [1081, 334, 1086, 346]}, {"label": "pole", "bounding_box": [1037, 353, 1040, 397]}, {"label": "static", "bounding_box": [1037, 336, 1083, 353]}, {"label": "sidewalk", "bounding_box": [-2, 422, 1018, 628]}, {"label": "truck", "bounding_box": [873, 388, 924, 423]}, {"label": "pole", "bounding_box": [1008, 306, 1012, 419]}, {"label": "pole", "bounding_box": [1004, 304, 1012, 309]}, {"label": "vegetation", "bounding_box": [904, 391, 1006, 456]}, {"label": "pole", "bounding_box": [990, 379, 992, 403]}, {"label": "pole", "bounding_box": [984, 382, 987, 415]}, {"label": "pole", "bounding_box": [979, 385, 981, 415]}, {"label": "static", "bounding_box": [945, 313, 995, 401]}, {"label": "pole", "bounding_box": [963, 317, 968, 438]}, {"label": "pole", "bounding_box": [968, 325, 975, 434]}, {"label": "pole", "bounding_box": [953, 316, 960, 446]}, {"label": "static", "bounding_box": [952, 313, 964, 319]}, {"label": "building", "bounding_box": [-2, 1, 784, 495]}, {"label": "static", "bounding_box": [877, 419, 908, 436]}, {"label": "vegetation", "bounding_box": [689, 215, 892, 455]}, {"label": "static", "bounding_box": [824, 414, 839, 427]}, {"label": "pole", "bounding_box": [827, 290, 833, 453]}, {"label": "pole", "bounding_box": [826, 286, 841, 293]}, {"label": "static", "bounding_box": [734, 342, 823, 436]}, {"label": "pole", "bounding_box": [771, 340, 780, 452]}, {"label": "pole", "bounding_box": [690, 408, 692, 451]}, {"label": "traffic sign", "bounding_box": [686, 440, 696, 451]}, {"label": "pole", "bounding_box": [654, 218, 667, 454]}, {"label": "pole", "bounding_box": [631, 436, 633, 457]}, {"label": "traffic sign", "bounding_box": [629, 429, 635, 440]}, {"label": "pole", "bounding_box": [200, 0, 229, 470]}, {"label": "wall", "bounding_box": [-2, 445, 842, 545]}, {"label": "guard rail", "bounding_box": [6, 557, 18, 595]}, {"label": "guard rail", "bounding_box": [68, 549, 78, 584]}, {"label": "guard rail", "bounding_box": [126, 540, 136, 576]}, {"label": "guard rail", "bounding_box": [173, 536, 183, 567]}, {"label": "guard rail", "bounding_box": [217, 532, 227, 562]}, {"label": "guard rail", "bounding_box": [258, 527, 268, 557]}, {"label": "guard rail", "bounding_box": [293, 522, 302, 551]}, {"label": "guard rail", "bounding_box": [329, 520, 337, 545]}, {"label": "guard rail", "bounding_box": [361, 515, 369, 543]}, {"label": "guard rail", "bounding_box": [389, 513, 397, 537]}, {"label": "guard rail", "bounding_box": [415, 508, 422, 533]}, {"label": "guard rail", "bounding_box": [439, 506, 445, 530]}, {"label": "guard rail", "bounding_box": [462, 503, 468, 528]}, {"label": "guard rail", "bounding_box": [482, 502, 488, 524]}, {"label": "guard rail", "bounding_box": [502, 500, 508, 522]}, {"label": "guard rail", "bounding_box": [519, 499, 526, 519]}, {"label": "guard rail", "bounding_box": [538, 498, 545, 516]}, {"label": "guard rail", "bounding_box": [554, 496, 559, 515]}, {"label": "guard rail", "bounding_box": [569, 495, 574, 511]}, {"label": "guard rail", "bounding_box": [585, 492, 590, 509]}, {"label": "guard rail", "bounding_box": [599, 472, 794, 507]}, {"label": "guard rail", "bounding_box": [-2, 462, 806, 563]}, {"label": "pole", "bounding_box": [1258, 292, 1263, 394]}, {"label": "building", "bounding_box": [1515, 202, 1566, 258]}, {"label": "vegetation", "bounding_box": [1264, 193, 1572, 448]}, {"label": "pole", "bounding_box": [1287, 387, 1287, 408]}, {"label": "traffic sign", "bounding_box": [1283, 386, 1291, 393]}, {"label": "pole", "bounding_box": [1295, 378, 1296, 408]}, {"label": "pole", "bounding_box": [1295, 263, 1298, 305]}, {"label": "static", "bounding_box": [1287, 261, 1303, 264]}, {"label": "pole", "bounding_box": [1225, 348, 1302, 371]}, {"label": "traffic light", "bounding_box": [1221, 340, 1230, 360]}, {"label": "pole", "bounding_box": [1303, 251, 1306, 376]}, {"label": "static", "bounding_box": [1292, 247, 1315, 254]}, {"label": "static", "bounding_box": [1348, 341, 1354, 363]}, {"label": "pole", "bounding_box": [1311, 383, 1311, 411]}, {"label": "static", "bounding_box": [1308, 379, 1317, 392]}, {"label": "pole", "bounding_box": [1304, 378, 1306, 412]}, {"label": "traffic light", "bounding_box": [1299, 388, 1303, 400]}, {"label": "traffic sign", "bounding_box": [1291, 367, 1316, 387]}, {"label": "car", "bounding_box": [1305, 397, 1348, 421]}, {"label": "pole", "bounding_box": [1300, 411, 1301, 428]}, {"label": "traffic sign", "bounding_box": [1297, 407, 1305, 415]}, {"label": "static", "bounding_box": [1300, 426, 1308, 438]}, {"label": "pole", "bounding_box": [1349, 392, 1355, 437]}, {"label": "traffic sign", "bounding_box": [1311, 359, 1359, 394]}, {"label": "traffic light", "bounding_box": [1306, 333, 1313, 346]}, {"label": "static", "bounding_box": [1344, 395, 1360, 418]}, {"label": "pole", "bounding_box": [1384, 274, 1389, 440]}, {"label": "pole", "bounding_box": [1373, 269, 1387, 275]}, {"label": "static", "bounding_box": [1379, 382, 1394, 401]}, {"label": "sidewalk", "bounding_box": [1245, 468, 1563, 546]}, {"label": "pole", "bounding_box": [1425, 158, 1431, 436]}, {"label": "pole", "bounding_box": [1403, 149, 1429, 159]}, {"label": "car", "bounding_box": [1241, 399, 1285, 420]}, {"label": "car", "bounding_box": [1194, 400, 1250, 424]}, {"label": "cargroup", "bounding_box": [1242, 420, 1281, 459]}, {"label": "pole", "bounding_box": [1462, 405, 1467, 436]}, {"label": "traffic sign", "bounding_box": [1469, 416, 1490, 434]}, {"label": "wall", "bounding_box": [1272, 430, 1548, 482]}, {"label": "static", "bounding_box": [1432, 489, 1503, 503]}, {"label": "guard rail", "bounding_box": [1524, 495, 1529, 519]}, {"label": "guard rail", "bounding_box": [1506, 492, 1512, 515]}, {"label": "guard rail", "bounding_box": [1487, 488, 1493, 513]}, {"label": "guard rail", "bounding_box": [1470, 488, 1476, 509]}, {"label": "guard rail", "bounding_box": [1455, 485, 1461, 506]}, {"label": "guard rail", "bounding_box": [1441, 484, 1447, 504]}, {"label": "guard rail", "bounding_box": [1428, 481, 1434, 501]}, {"label": "guard rail", "bounding_box": [1416, 479, 1422, 499]}, {"label": "guard rail", "bounding_box": [1405, 478, 1410, 498]}, {"label": "guard rail", "bounding_box": [1395, 478, 1400, 496]}, {"label": "static", "bounding_box": [1264, 465, 1274, 472]}, {"label": "guard rail", "bounding_box": [1272, 461, 1391, 495]}, {"label": "pole", "bounding_box": [1265, 405, 1271, 455]}, {"label": "guard rail", "bounding_box": [1262, 452, 1552, 499]}, {"label": "traffic sign", "bounding_box": [1246, 386, 1284, 398]}, {"label": "traffic sign", "bounding_box": [1255, 398, 1278, 411]}, {"label": "truck", "bounding_box": [1477, 0, 2045, 743]}, {"label": "static", "bounding_box": [1148, 354, 1151, 361]}, {"label": "motorcycle", "bounding_box": [1148, 360, 1151, 366]}, {"label": "static", "bounding_box": [1163, 356, 1175, 388]}, {"label": "bus", "bounding_box": [1016, 384, 1186, 432]}, {"label": "car", "bounding_box": [1023, 426, 1042, 455]}, {"label": "pole", "bounding_box": [1120, 390, 1123, 437]}, {"label": "pole", "bounding_box": [1115, 430, 1117, 445]}, {"label": "car", "bounding_box": [1037, 381, 1110, 483]}, {"label": "license plate", "bounding_box": [1049, 451, 1068, 455]}, {"label": "car", "bounding_box": [826, 433, 911, 505]}, {"label": "license plate", "bounding_box": [853, 482, 875, 488]}, {"label": "traffic sign", "bounding_box": [1415, 305, 1500, 408]}, {"label": "static", "bounding_box": [1169, 330, 1194, 348]}, {"label": "cargroup", "bounding_box": [1190, 328, 1198, 337]}, {"label": "ego vehicle", "bounding_box": [271, 844, 2028, 1023]}, {"label": "out of roi", "bounding_box": [0, 0, 2048, 1024]}]}