{"imgHeight": 1024, "imgWidth": 2048, "objects": [{"label": "road", "bounding_box": [0, 241, 2048, 1024]}, {"label": "sky", "bounding_box": [1075, 0, 1857, 335]}, {"label": "sidewalk", "bounding_box": [0, 455, 1550, 759]}, {"label": "sidewalk", "bounding_box": [1428, 502, 2048, 754]}, {"label": "vegetation", "bounding_box": [1425, 86, 1505, 196]}, {"label": "building", "bounding_box": [0, 0, 2048, 633]}, {"label": "vegetation", "bounding_box": [1633, 271, 1667, 469]}, {"label": "sky", "bounding_box": [1637, 271, 1673, 308]}, {"label": "sky", "bounding_box": [1739, 272, 1820, 314]}, {"label": "vegetation", "bounding_box": [1746, 397, 1818, 551]}, {"label": "pole", "bounding_box": [1632, 451, 1634, 471]}, {"label": "traffic sign", "bounding_box": [1625, 438, 1642, 454]}, {"label": "car", "bounding_box": [1638, 466, 1658, 498]}, {"label": "car", "bounding_box": [1619, 466, 1657, 511]}, {"label": "car", "bounding_box": [1607, 462, 1639, 511]}, {"label": "pole", "bounding_box": [1535, 326, 1538, 461]}, {"label": "traffic sign", "bounding_box": [1525, 328, 1545, 352]}, {"label": "traffic sign", "bounding_box": [1523, 353, 1543, 415]}, {"label": "pole", "bounding_box": [1476, 376, 1479, 478]}, {"label": "static", "bounding_box": [1470, 357, 1489, 380]}, {"label": "traffic sign", "bounding_box": [1470, 402, 1485, 438]}, {"label": "traffic sign", "bounding_box": [1471, 388, 1485, 403]}, {"label": "car", "bounding_box": [1472, 458, 1537, 512]}, {"label": "car", "bounding_box": [1337, 447, 1445, 514]}, {"label": "pole", "bounding_box": [1162, 326, 1167, 458]}, {"label": "car", "bounding_box": [1177, 441, 1307, 518]}, {"label": "static", "bounding_box": [1149, 303, 1182, 330]}, {"label": "car", "bounding_box": [1069, 442, 1194, 521]}, {"label": "car", "bounding_box": [988, 432, 1132, 527]}, {"label": "pole", "bounding_box": [928, 259, 936, 520]}, {"label": "static", "bounding_box": [910, 219, 957, 264]}, {"label": "car", "bounding_box": [391, 393, 750, 650]}, {"label": "license plate", "bounding_box": [476, 550, 572, 574]}, {"label": "pole", "bounding_box": [286, 0, 312, 623]}, {"label": "static", "bounding_box": [1461, 58, 1540, 142]}, {"label": "ego vehicle", "bounding_box": [271, 844, 2028, 1023]}, {"label": "out of roi", "bounding_box": [0, 0, 2048, 1024]}]}