{"imgHeight": 1024, "imgWidth": 2048, "objects": [{"label": "terrain", "bounding_box": [831, 428, 1075, 465]}, {"label": "road", "bounding_box": [0, 410, 2048, 1024]}, {"label": "sky", "bounding_box": [385, 0, 2048, 301]}, {"label": "building", "bounding_box": [391, 38, 2048, 499]}, {"label": "sidewalk", "bounding_box": [651, 449, 2048, 696]}, {"label": "sidewalk", "bounding_box": [0, 392, 633, 639]}, {"label": "terrain", "bounding_box": [0, 442, 493, 559]}, {"label": "vegetation", "bounding_box": [0, 0, 611, 498]}, {"label": "building", "bounding_box": [0, 361, 197, 448]}, {"label": "building", "bounding_box": [229, 373, 345, 446]}, {"label": "static", "bounding_box": [401, 388, 422, 473]}, {"label": "pole", "bounding_box": [102, 384, 111, 473]}, {"label": "pole", "bounding_box": [43, 430, 46, 473]}, {"label": "pole", "bounding_box": [54, 433, 56, 455]}, {"label": "pole", "bounding_box": [58, 432, 60, 471]}, {"label": "pole", "bounding_box": [66, 430, 68, 454]}, {"label": "pole", "bounding_box": [98, 433, 100, 472]}, {"label": "pole", "bounding_box": [112, 433, 114, 473]}, {"label": "pole", "bounding_box": [4, 431, 7, 469]}, {"label": "pole", "bounding_box": [11, 429, 12, 451]}, {"label": "pole", "bounding_box": [23, 427, 24, 451]}, {"label": "pole", "bounding_box": [140, 431, 142, 457]}, {"label": "pole", "bounding_box": [150, 432, 151, 458]}, {"label": "pole", "bounding_box": [153, 434, 156, 474]}, {"label": "pole", "bounding_box": [165, 434, 168, 474]}, {"label": "pole", "bounding_box": [183, 438, 185, 459]}, {"label": "pole", "bounding_box": [192, 435, 195, 459]}, {"label": "pole", "bounding_box": [235, 435, 236, 461]}, {"label": "pole", "bounding_box": [261, 438, 263, 476]}, {"label": "pole", "bounding_box": [270, 439, 272, 477]}, {"label": "pole", "bounding_box": [275, 440, 277, 464]}, {"label": "pole", "bounding_box": [343, 380, 351, 477]}, {"label": "pole", "bounding_box": [309, 444, 312, 465]}, {"label": "pole", "bounding_box": [1192, 331, 1202, 457]}, {"label": "pole", "bounding_box": [316, 444, 318, 465]}, {"label": "pole", "bounding_box": [404, 443, 408, 479]}, {"label": "pole", "bounding_box": [396, 443, 399, 480]}, {"label": "pole", "bounding_box": [443, 440, 445, 473]}, {"label": "fence", "bounding_box": [1243, 439, 1278, 476]}, {"label": "person", "bounding_box": [1129, 421, 1142, 458]}, {"label": "person", "bounding_box": [1114, 422, 1128, 456]}, {"label": "fence", "bounding_box": [1329, 443, 1407, 483]}, {"label": "fence", "bounding_box": [1059, 440, 1237, 470]}, {"label": "terrain", "bounding_box": [1054, 461, 1741, 520]}, {"label": "fence", "bounding_box": [1575, 441, 2048, 523]}, {"label": "wall", "bounding_box": [1178, 474, 2048, 584]}, {"label": "static", "bounding_box": [1014, 327, 1028, 442]}, {"label": "pole", "bounding_box": [1040, 370, 1042, 444]}, {"label": "static", "bounding_box": [1032, 358, 1050, 373]}, {"label": "pole", "bounding_box": [920, 362, 924, 445]}, {"label": "pole", "bounding_box": [1084, 362, 1086, 464]}, {"label": "static", "bounding_box": [1076, 347, 1093, 365]}, {"label": "pole", "bounding_box": [1293, 336, 1301, 502]}, {"label": "pole", "bounding_box": [1605, 278, 1616, 518]}, {"label": "static", "bounding_box": [1483, 209, 1646, 291]}, {"label": "traffic sign", "bounding_box": [1520, 293, 1636, 326]}, {"label": "traffic sign", "bounding_box": [1519, 329, 1636, 363]}, {"label": "pole", "bounding_box": [1988, 448, 2021, 562]}, {"label": "traffic sign", "bounding_box": [2008, 420, 2033, 454]}, {"label": "traffic sign", "bounding_box": [2001, 456, 2025, 475]}, {"label": "terrain", "bounding_box": [517, 442, 710, 449]}, {"label": "pole", "bounding_box": [686, 392, 688, 458]}, {"label": "traffic sign", "bounding_box": [678, 376, 696, 396]}, {"label": "traffic sign", "bounding_box": [681, 395, 693, 406]}, {"label": "pole", "bounding_box": [673, 411, 675, 454]}, {"label": "traffic sign", "bounding_box": [669, 404, 679, 414]}, {"label": "car", "bounding_box": [624, 430, 665, 453]}, {"label": "pole", "bounding_box": [561, 389, 562, 444]}, {"label": "bicycle", "bounding_box": [489, 438, 538, 502]}, {"label": "rider", "bounding_box": [471, 393, 525, 480]}, {"label": "static", "bounding_box": [721, 424, 905, 457]}, {"label": "vegetation", "bounding_box": [729, 347, 956, 431]}, {"label": "terrain", "bounding_box": [733, 452, 836, 460]}, {"label": "vegetation", "bounding_box": [831, 428, 1075, 465]}, {"label": "wall", "bounding_box": [827, 455, 881, 466]}, {"label": "wall", "bounding_box": [943, 458, 1153, 490]}, {"label": "pole", "bounding_box": [963, 368, 967, 471]}, {"label": "traffic sign", "bounding_box": [925, 358, 982, 371]}, {"label": "pole", "bounding_box": [969, 390, 972, 457]}, {"label": "traffic sign", "bounding_box": [965, 373, 976, 395]}, {"label": "ego vehicle", "bounding_box": [271, 844, 2028, 1023]}, {"label": "out of roi", "bounding_box": [0, 0, 2048, 1024]}]}