{"imgHeight": 1024, "imgWidth": 2048, "objects": [{"label": "sky", "bounding_box": [757, 1, 1731, 321]}, {"label": "road", "bounding_box": [1, 463, 2048, 1024]}, {"label": "building", "bounding_box": [811, 1, 1723, 492]}, {"label": "sidewalk", "bounding_box": [0, 483, 939, 902]}, {"label": "static", "bounding_box": [824, 432, 869, 483]}, {"label": "vegetation", "bounding_box": [785, 159, 931, 485]}, {"label": "vegetation", "bounding_box": [610, 1, 918, 496]}, {"label": "building", "bounding_box": [0, 1, 650, 527]}, {"label": "terrain", "bounding_box": [0, 477, 841, 684]}, {"label": "person", "bounding_box": [879, 410, 902, 489]}, {"label": "person", "bounding_box": [857, 443, 878, 487]}, {"label": "bicycle", "bounding_box": [845, 441, 912, 491]}, {"label": "pole", "bounding_box": [897, 386, 902, 490]}, {"label": "traffic sign", "bounding_box": [887, 365, 917, 397]}, {"label": "pole", "bounding_box": [937, 362, 941, 489]}, {"label": "traffic sign", "bounding_box": [931, 394, 942, 409]}, {"label": "traffic sign", "bounding_box": [933, 408, 943, 427]}, {"label": "static", "bounding_box": [930, 350, 951, 366]}, {"label": "static", "bounding_box": [792, 334, 827, 368]}, {"label": "pole", "bounding_box": [767, 347, 830, 470]}, {"label": "person", "bounding_box": [738, 402, 778, 519]}, {"label": "person", "bounding_box": [802, 403, 838, 523]}, {"label": "bus", "bounding_box": [958, 326, 1118, 506]}, {"label": "person", "bounding_box": [1153, 429, 1171, 492]}, {"label": "pole", "bounding_box": [675, 479, 690, 574]}, {"label": "pole", "bounding_box": [220, 518, 251, 730]}, {"label": "pole", "bounding_box": [1275, 305, 1281, 444]}, {"label": "static", "bounding_box": [1262, 294, 1295, 324]}, {"label": "traffic sign", "bounding_box": [1263, 370, 1291, 399]}, {"label": "static", "bounding_box": [1346, 352, 1393, 397]}, {"label": "pole", "bounding_box": [1373, 349, 1378, 437]}, {"label": "static", "bounding_box": [1357, 392, 1392, 403]}, {"label": "pole", "bounding_box": [1419, 344, 1439, 450]}, {"label": "static", "bounding_box": [1425, 352, 1446, 373]}, {"label": "vegetation", "bounding_box": [1429, 0, 2047, 641]}, {"label": "sidewalk", "bounding_box": [1539, 525, 2048, 810]}, {"label": "person", "bounding_box": [1375, 413, 1390, 442]}, {"label": "person", "bounding_box": [1391, 418, 1405, 436]}, {"label": "person", "bounding_box": [1417, 403, 1439, 456]}, {"label": "pole", "bounding_box": [1460, 203, 1471, 440]}, {"label": "static", "bounding_box": [1438, 146, 1500, 215]}, {"label": "traffic sign", "bounding_box": [1430, 218, 1502, 287]}, {"label": "traffic sign", "bounding_box": [1446, 287, 1487, 308]}, {"label": "traffic sign", "bounding_box": [1446, 309, 1485, 344]}, {"label": "pole", "bounding_box": [1550, 256, 1563, 436]}, {"label": "traffic sign", "bounding_box": [1533, 272, 1582, 298]}, {"label": "traffic sign", "bounding_box": [1532, 244, 1583, 271]}, {"label": "traffic sign", "bounding_box": [1532, 194, 1583, 245]}, {"label": "person", "bounding_box": [1602, 389, 1655, 454]}, {"label": "person", "bounding_box": [1657, 378, 1745, 533]}, {"label": "person", "bounding_box": [1731, 391, 1812, 605]}, {"label": "car", "bounding_box": [1223, 420, 1427, 578]}, {"label": "car", "bounding_box": [1351, 405, 1744, 692]}, {"label": "license plate", "bounding_box": [1554, 532, 1658, 558]}, {"label": "vegetation", "bounding_box": [257, 1, 615, 128]}, {"label": "ego vehicle", "bounding_box": [271, 844, 2028, 1023]}, {"label": "out of roi", "bounding_box": [0, 0, 2048, 1024]}]}