{"imgHeight": 1024, "imgWidth": 2048, "objects": [{"label": "sky", "bounding_box": [792, 0, 1315, 214]}, {"label": "building", "bounding_box": [756, 8, 1599, 460]}, {"label": "road", "bounding_box": [0, 422, 2048, 1024]}, {"label": "static", "bounding_box": [889, 392, 997, 449]}, {"label": "vegetation", "bounding_box": [0, 250, 899, 533]}, {"label": "car", "bounding_box": [438, 412, 602, 469]}, {"label": "terrain", "bounding_box": [0, 454, 969, 719]}, {"label": "sidewalk", "bounding_box": [1369, 442, 2048, 1024]}, {"label": "car", "bounding_box": [1413, 391, 1493, 429]}, {"label": "static", "bounding_box": [1348, 361, 1364, 376]}, {"label": "pole", "bounding_box": [1354, 360, 1360, 430]}, {"label": "traffic sign", "bounding_box": [1349, 361, 1361, 376]}, {"label": "cargroup", "bounding_box": [1013, 404, 1120, 436]}, {"label": "pole", "bounding_box": [1097, 372, 1099, 426]}, {"label": "traffic sign", "bounding_box": [1091, 362, 1107, 378]}, {"label": "pole", "bounding_box": [1074, 361, 1076, 420]}, {"label": "static", "bounding_box": [1075, 361, 1090, 376]}, {"label": "sidewalk", "bounding_box": [694, 439, 1174, 466]}, {"label": "vegetation", "bounding_box": [922, 82, 1232, 459]}, {"label": "persongroup", "bounding_box": [667, 404, 719, 462]}, {"label": "static", "bounding_box": [641, 415, 699, 474]}, {"label": "sidewalk", "bounding_box": [0, 467, 856, 607]}, {"label": "pole", "bounding_box": [404, 361, 409, 466]}, {"label": "traffic sign", "bounding_box": [399, 334, 416, 368]}, {"label": "car", "bounding_box": [710, 398, 895, 468]}, {"label": "pole", "bounding_box": [871, 354, 878, 401]}, {"label": "traffic sign", "bounding_box": [850, 355, 872, 362]}, {"label": "person", "bounding_box": [859, 394, 891, 468]}, {"label": "static", "bounding_box": [892, 336, 920, 364]}, {"label": "pole", "bounding_box": [904, 306, 912, 471]}, {"label": "static", "bounding_box": [1186, 382, 1208, 409]}, {"label": "static", "bounding_box": [1189, 409, 1200, 453]}, {"label": "pole", "bounding_box": [1193, 382, 1197, 457]}, {"label": "pole", "bounding_box": [1183, 404, 1186, 459]}, {"label": "sidewalk", "bounding_box": [1167, 454, 1240, 465]}, {"label": "static", "bounding_box": [1170, 379, 1198, 406]}, {"label": "traffic sign", "bounding_box": [1179, 408, 1190, 453]}, {"label": "rider", "bounding_box": [931, 384, 967, 486]}, {"label": "bicycle", "bounding_box": [937, 427, 961, 493]}, {"label": "static", "bounding_box": [813, 335, 822, 364]}, {"label": "pole", "bounding_box": [818, 311, 827, 468]}, {"label": "traffic sign", "bounding_box": [818, 335, 826, 364]}, {"label": "vegetation", "bounding_box": [0, 0, 1002, 602]}, {"label": "static", "bounding_box": [0, 252, 83, 491]}, {"label": "wall", "bounding_box": [1488, 233, 2047, 655]}, {"label": "terrain", "bounding_box": [1527, 473, 1617, 517]}, {"label": "terrain", "bounding_box": [1664, 536, 2036, 671]}, {"label": "pole", "bounding_box": [1492, 310, 1499, 463]}, {"label": "traffic sign", "bounding_box": [1429, 277, 1523, 314]}, {"label": "static", "bounding_box": [1473, 314, 1514, 326]}, {"label": "vegetation", "bounding_box": [1217, 0, 2048, 370]}, {"label": "polegroup", "bounding_box": [1444, 433, 1464, 548]}, {"label": "ego vehicle", "bounding_box": [271, 844, 2028, 1023]}, {"label": "out of roi", "bounding_box": [0, 0, 2048, 1024]}]}