{"imgHeight": 1024, "imgWidth": 2048, "objects": [{"label": "sky", "bounding_box": [757, 32, 1213, 225]}, {"label": "road", "bounding_box": [0, 408, 2048, 1024]}, {"label": "sidewalk", "bounding_box": [0, 405, 1169, 712]}, {"label": "sidewalk", "bounding_box": [1063, 435, 2048, 1020]}, {"label": "building", "bounding_box": [1010, 192, 1182, 429]}, {"label": "vegetation", "bounding_box": [0, 1, 1162, 560]}, {"label": "wall", "bounding_box": [548, 348, 1080, 499]}, {"label": "fence", "bounding_box": [0, 325, 579, 606]}, {"label": "wall", "bounding_box": [189, 325, 287, 567]}, {"label": "wall", "bounding_box": [0, 458, 224, 606]}, {"label": "wall", "bounding_box": [316, 325, 579, 521]}, {"label": "fence", "bounding_box": [1, 458, 429, 643]}, {"label": "pole", "bounding_box": [971, 198, 1111, 456]}, {"label": "pole", "bounding_box": [1097, 360, 1102, 461]}, {"label": "traffic sign", "bounding_box": [1083, 348, 1108, 374]}, {"label": "vegetation", "bounding_box": [791, 0, 2048, 493]}, {"label": "static", "bounding_box": [1730, 418, 1847, 475]}, {"label": "static", "bounding_box": [1557, 428, 1704, 479]}, {"label": "static", "bounding_box": [1986, 170, 2048, 237]}, {"label": "static", "bounding_box": [1865, 211, 1952, 251]}, {"label": "pole", "bounding_box": [1945, 134, 1958, 395]}, {"label": "static", "bounding_box": [1954, 136, 1998, 244]}, {"label": "vegetation", "bounding_box": [1762, 328, 2048, 573]}, {"label": "pole", "bounding_box": [1146, 154, 1171, 477]}, {"label": "traffic sign", "bounding_box": [1178, 324, 1197, 357]}, {"label": "pole", "bounding_box": [1193, 321, 1204, 477]}, {"label": "person", "bounding_box": [1219, 377, 1262, 532]}, {"label": "bicycle", "bounding_box": [1155, 426, 1316, 533]}, {"label": "bicycle", "bounding_box": [1314, 458, 1385, 530]}, {"label": "rider", "bounding_box": [1320, 439, 1371, 504]}, {"label": "person", "bounding_box": [1249, 415, 1292, 533]}, {"label": "bicycle", "bounding_box": [1200, 453, 1326, 537]}, {"label": "rider", "bounding_box": [1392, 364, 1467, 540]}, {"label": "bicycle", "bounding_box": [1391, 435, 1457, 545]}, {"label": "dynamic", "bounding_box": [931, 446, 991, 526]}, {"label": "person", "bounding_box": [970, 389, 1050, 526]}, {"label": "pole", "bounding_box": [1274, 299, 1294, 533]}, {"label": "traffic sign", "bounding_box": [1238, 238, 1311, 311]}, {"label": "pole", "bounding_box": [1320, 0, 1360, 547]}, {"label": "static", "bounding_box": [748, 351, 770, 394]}, {"label": "static", "bounding_box": [741, 330, 768, 354]}, {"label": "pole", "bounding_box": [753, 328, 763, 468]}, {"label": "pole", "bounding_box": [584, 351, 594, 515]}, {"label": "traffic sign", "bounding_box": [561, 311, 611, 362]}, {"label": "ego vehicle", "bounding_box": [271, 844, 2028, 1023]}, {"label": "out of roi", "bounding_box": [0, 0, 2048, 1024]}]}