{"imgHeight": 1024, "imgWidth": 2048, "objects": [{"label": "road", "bounding_box": [0, 300, 2048, 1024]}, {"label": "sky", "bounding_box": [780, 0, 1316, 382]}, {"label": "sidewalk", "bounding_box": [0, 413, 1069, 782]}, {"label": "building", "bounding_box": [862, 288, 1079, 447]}, {"label": "vegetation", "bounding_box": [0, 0, 1047, 480]}, {"label": "fence", "bounding_box": [0, 372, 877, 585]}, {"label": "wall", "bounding_box": [0, 404, 866, 609]}, {"label": "pole", "bounding_box": [20, 614, 63, 714]}, {"label": "pole", "bounding_box": [273, 572, 301, 641]}, {"label": "pole", "bounding_box": [464, 539, 486, 591]}, {"label": "fence", "bounding_box": [596, 450, 756, 561]}, {"label": "pole", "bounding_box": [773, 479, 784, 513]}, {"label": "pole", "bounding_box": [802, 473, 812, 502]}, {"label": "pole", "bounding_box": [826, 470, 834, 495]}, {"label": "pole", "bounding_box": [846, 466, 855, 490]}, {"label": "pole", "bounding_box": [893, 461, 901, 480]}, {"label": "pole", "bounding_box": [906, 458, 912, 475]}, {"label": "pole", "bounding_box": [932, 454, 938, 469]}, {"label": "pole", "bounding_box": [940, 452, 946, 467]}, {"label": "pole", "bounding_box": [948, 449, 954, 465]}, {"label": "static", "bounding_box": [944, 411, 971, 438]}, {"label": "static", "bounding_box": [944, 359, 962, 387]}, {"label": "static", "bounding_box": [939, 366, 960, 387]}, {"label": "person", "bounding_box": [945, 411, 956, 451]}, {"label": "pole", "bounding_box": [948, 367, 954, 441]}, {"label": "person", "bounding_box": [925, 403, 943, 452]}, {"label": "rider", "bounding_box": [846, 415, 892, 501]}, {"label": "bicycle", "bounding_box": [845, 446, 894, 514]}, {"label": "static", "bounding_box": [1084, 303, 1101, 342]}, {"label": "static", "bounding_box": [1074, 244, 1087, 250]}, {"label": "building", "bounding_box": [1157, 263, 2050, 458]}, {"label": "sidewalk", "bounding_box": [1453, 489, 2048, 769]}, {"label": "car", "bounding_box": [1973, 395, 2048, 450]}, {"label": "car", "bounding_box": [1857, 394, 1961, 449]}, {"label": "car", "bounding_box": [1736, 376, 1812, 447]}, {"label": "car", "bounding_box": [1635, 400, 1760, 468]}, {"label": "terrain", "bounding_box": [1540, 443, 2048, 566]}, {"label": "vegetation", "bounding_box": [1061, 0, 2048, 596]}, {"label": "terrain", "bounding_box": [1179, 432, 1219, 454]}, {"label": "cargroup", "bounding_box": [1195, 416, 1244, 514]}, {"label": "car", "bounding_box": [1220, 279, 1483, 546]}, {"label": "car", "bounding_box": [1285, 380, 1564, 599]}, {"label": "car", "bounding_box": [1414, 477, 1490, 497]}, {"label": "pole", "bounding_box": [1209, 385, 1211, 434]}, {"label": "traffic sign", "bounding_box": [1204, 373, 1218, 389]}, {"label": "car", "bounding_box": [1107, 408, 1126, 422]}, {"label": "car", "bounding_box": [1123, 408, 1143, 427]}, {"label": "car", "bounding_box": [1127, 408, 1150, 429]}, {"label": "car", "bounding_box": [1137, 408, 1168, 441]}, {"label": "car", "bounding_box": [1142, 411, 1190, 449]}, {"label": "car", "bounding_box": [1081, 410, 1111, 436]}, {"label": "vegetation", "bounding_box": [963, 359, 1000, 407]}, {"label": "pole", "bounding_box": [973, 341, 979, 434]}, {"label": "static", "bounding_box": [960, 350, 973, 366]}, {"label": "static", "bounding_box": [1007, 373, 1016, 382]}, {"label": "static", "bounding_box": [1045, 156, 1073, 172]}, {"label": "ego vehicle", "bounding_box": [271, 844, 2028, 1023]}, {"label": "out of roi", "bounding_box": [0, 0, 2048, 1024]}]}