{"imgHeight": 1024, "imgWidth": 2048, "objects": [{"label": "road", "bounding_box": [0, 415, 2048, 1024]}, {"label": "sidewalk", "bounding_box": [1313, 481, 1938, 543]}, {"label": "terrain", "bounding_box": [1503, 508, 1836, 543]}, {"label": "sky", "bounding_box": [533, 0, 1846, 312]}, {"label": "sidewalk", "bounding_box": [0, 465, 1348, 783]}, {"label": "vegetation", "bounding_box": [669, 7, 1493, 519]}, {"label": "static", "bounding_box": [741, 405, 866, 547]}, {"label": "building", "bounding_box": [0, 0, 767, 647]}, {"label": "building", "bounding_box": [1339, 114, 2026, 527]}, {"label": "static", "bounding_box": [1339, 234, 1403, 519]}, {"label": "vegetation", "bounding_box": [1607, 0, 2035, 399]}, {"label": "sidewalk", "bounding_box": [1443, 548, 2048, 799]}, {"label": "building", "bounding_box": [2004, 0, 2048, 599]}, {"label": "person", "bounding_box": [52, 346, 167, 726]}, {"label": "person", "bounding_box": [0, 350, 97, 748]}, {"label": "person", "bounding_box": [934, 442, 955, 497]}, {"label": "dynamic", "bounding_box": [920, 482, 932, 502]}, {"label": "persongroup", "bounding_box": [962, 453, 987, 503]}, {"label": "persongroup", "bounding_box": [989, 450, 1032, 503]}, {"label": "pole", "bounding_box": [988, 422, 992, 517]}, {"label": "traffic sign", "bounding_box": [976, 371, 1004, 429]}, {"label": "static", "bounding_box": [1014, 405, 1045, 467]}, {"label": "pole", "bounding_box": [1024, 405, 1031, 499]}, {"label": "pole", "bounding_box": [1337, 479, 1340, 486]}, {"label": "pole", "bounding_box": [1254, 481, 1257, 490]}, {"label": "pole", "bounding_box": [1280, 481, 1283, 489]}, {"label": "pole", "bounding_box": [1308, 481, 1311, 489]}, {"label": "pole", "bounding_box": [1225, 482, 1228, 491]}, {"label": "pole", "bounding_box": [1202, 483, 1205, 491]}, {"label": "pole", "bounding_box": [1180, 483, 1183, 491]}, {"label": "polegroup", "bounding_box": [984, 486, 1059, 533]}, {"label": "pole", "bounding_box": [1063, 487, 1067, 496]}, {"label": "pole", "bounding_box": [1075, 487, 1078, 496]}, {"label": "pole", "bounding_box": [1089, 486, 1093, 494]}, {"label": "pole", "bounding_box": [1105, 485, 1109, 494]}, {"label": "pole", "bounding_box": [1119, 484, 1122, 493]}, {"label": "static", "bounding_box": [1127, 467, 1139, 493]}, {"label": "pole", "bounding_box": [1158, 483, 1162, 492]}, {"label": "pole", "bounding_box": [1139, 484, 1143, 492]}, {"label": "pole", "bounding_box": [1386, 382, 1390, 520]}, {"label": "static", "bounding_box": [1378, 363, 1400, 386]}, {"label": "traffic sign", "bounding_box": [1377, 420, 1397, 441]}, {"label": "bicycle", "bounding_box": [1335, 498, 1364, 559]}, {"label": "rider", "bounding_box": [1334, 465, 1373, 547]}, {"label": "person", "bounding_box": [1397, 461, 1418, 520]}, {"label": "polegroup", "bounding_box": [1403, 496, 1426, 522]}, {"label": "pole", "bounding_box": [1430, 498, 1436, 525]}, {"label": "motorcycle", "bounding_box": [1433, 472, 1469, 522]}, {"label": "pole", "bounding_box": [1474, 440, 1479, 531]}, {"label": "static", "bounding_box": [1476, 403, 1482, 430]}, {"label": "traffic sign", "bounding_box": [1470, 430, 1484, 444]}, {"label": "pole", "bounding_box": [1493, 437, 1498, 560]}, {"label": "traffic sign", "bounding_box": [1480, 421, 1509, 432]}, {"label": "traffic sign", "bounding_box": [1485, 426, 1509, 450]}, {"label": "traffic sign", "bounding_box": [1486, 450, 1508, 462]}, {"label": "traffic sign", "bounding_box": [1481, 386, 1514, 424]}, {"label": "traffic sign", "bounding_box": [1481, 358, 1514, 390]}, {"label": "person", "bounding_box": [1489, 459, 1532, 579]}, {"label": "car", "bounding_box": [1883, 462, 1933, 494]}, {"label": "car", "bounding_box": [1787, 456, 1822, 526]}, {"label": "car", "bounding_box": [1765, 481, 1809, 541]}, {"label": "car", "bounding_box": [1695, 473, 1738, 542]}, {"label": "car", "bounding_box": [1600, 473, 1652, 528]}, {"label": "car", "bounding_box": [1622, 483, 1692, 540]}, {"label": "vegetation", "bounding_box": [1917, 390, 2013, 551]}, {"label": "static", "bounding_box": [1792, 469, 1888, 591]}, {"label": "pole", "bounding_box": [1884, 163, 1922, 606]}, {"label": "dynamic", "bounding_box": [1875, 490, 1929, 607]}, {"label": "person", "bounding_box": [1916, 386, 1985, 614]}, {"label": "person", "bounding_box": [1804, 380, 1894, 620]}, {"label": "pole", "bounding_box": [1635, 465, 1646, 578]}, {"label": "static", "bounding_box": [1618, 559, 1662, 592]}, {"label": "traffic sign", "bounding_box": [1602, 359, 1683, 476]}, {"label": "person", "bounding_box": [1718, 410, 1789, 607]}, {"label": "pole", "bounding_box": [1582, 343, 1589, 495]}, {"label": "static", "bounding_box": [1567, 311, 1606, 347]}, {"label": "static", "bounding_box": [1866, 97, 1949, 170]}, {"label": "person", "bounding_box": [1529, 426, 1591, 629]}, {"label": "pole", "bounding_box": [1710, 399, 1715, 556]}, {"label": "static", "bounding_box": [1648, 541, 1693, 554]}, {"label": "person", "bounding_box": [1642, 406, 1709, 610]}, {"label": "ego vehicle", "bounding_box": [271, 844, 2028, 1023]}, {"label": "out of roi", "bounding_box": [0, 0, 2048, 1024]}]}