{"imgHeight": 1024, "imgWidth": 2048, "objects": [{"label": "sky", "bounding_box": [721, 0, 1051, 284]}, {"label": "road", "bounding_box": [0, 417, 2048, 1024]}, {"label": "building", "bounding_box": [1184, 1, 2047, 589]}, {"label": "sidewalk", "bounding_box": [0, 416, 992, 786]}, {"label": "sidewalk", "bounding_box": [1443, 514, 1697, 658]}, {"label": "vegetation", "bounding_box": [873, 0, 1522, 461]}, {"label": "vegetation", "bounding_box": [1548, 392, 1620, 422]}, {"label": "fence", "bounding_box": [1413, 405, 1589, 512]}, {"label": "wall", "bounding_box": [1509, 360, 1660, 550]}, {"label": "vegetation", "bounding_box": [1575, 360, 1662, 524]}, {"label": "cargroup", "bounding_box": [965, 431, 1055, 464]}, {"label": "traffic light", "bounding_box": [1067, 316, 1081, 347]}, {"label": "cargroup", "bounding_box": [1061, 435, 1101, 464]}, {"label": "car", "bounding_box": [1084, 441, 1120, 467]}, {"label": "pole", "bounding_box": [941, 390, 943, 425]}, {"label": "traffic light", "bounding_box": [943, 402, 953, 416]}, {"label": "static", "bounding_box": [911, 362, 920, 377]}, {"label": "pole", "bounding_box": [916, 383, 918, 464]}, {"label": "pole", "bounding_box": [908, 395, 912, 468]}, {"label": "traffic sign", "bounding_box": [905, 374, 926, 389]}, {"label": "traffic sign", "bounding_box": [905, 382, 920, 399]}, {"label": "rider", "bounding_box": [933, 417, 955, 480]}, {"label": "bicycle", "bounding_box": [935, 441, 955, 486]}, {"label": "car", "bounding_box": [1117, 434, 1197, 501]}, {"label": "car", "bounding_box": [1164, 427, 1281, 532]}, {"label": "building", "bounding_box": [0, 3, 923, 568]}, {"label": "bicycle", "bounding_box": [0, 576, 51, 827]}, {"label": "person", "bounding_box": [433, 404, 509, 565]}, {"label": "dynamic", "bounding_box": [373, 475, 436, 560]}, {"label": "rider", "bounding_box": [441, 359, 567, 650]}, {"label": "bicycle", "bounding_box": [448, 492, 557, 677]}, {"label": "car", "bounding_box": [1234, 426, 1360, 570]}, {"label": "car", "bounding_box": [1233, 429, 1521, 635]}, {"label": "license plate", "bounding_box": [1378, 516, 1455, 539]}, {"label": "car", "bounding_box": [1611, 375, 2047, 1023]}, {"label": "ego vehicle", "bounding_box": [271, 844, 2028, 1023]}, {"label": "out of roi", "bounding_box": [0, 0, 2048, 1024]}]}