{"imgHeight": 1024, "imgWidth": 2048, "objects": [{"label": "road", "bounding_box": [0, 311, 2048, 1024]}, {"label": "sidewalk", "bounding_box": [1325, 426, 2048, 942]}, {"label": "parking", "bounding_box": [1530, 486, 1973, 571]}, {"label": "sidewalk", "bounding_box": [1097, 404, 1412, 459]}, {"label": "sidewalk", "bounding_box": [0, 471, 1177, 667]}, {"label": "building", "bounding_box": [0, 0, 2048, 603]}, {"label": "sky", "bounding_box": [1058, 0, 1139, 50]}, {"label": "sky", "bounding_box": [1293, 0, 1396, 65]}, {"label": "person", "bounding_box": [588, 385, 654, 568]}, {"label": "static", "bounding_box": [935, 159, 982, 214]}, {"label": "static", "bounding_box": [1093, 342, 1142, 453]}, {"label": "vegetation", "bounding_box": [1065, 252, 1121, 389]}, {"label": "car", "bounding_box": [1072, 415, 1101, 453]}, {"label": "terrain", "bounding_box": [1069, 450, 1117, 480]}, {"label": "person", "bounding_box": [1068, 400, 1090, 484]}, {"label": "person", "bounding_box": [1090, 400, 1119, 482]}, {"label": "static", "bounding_box": [1112, 356, 1135, 382]}, {"label": "traffic sign", "bounding_box": [1111, 339, 1123, 347]}, {"label": "pole", "bounding_box": [1121, 339, 1125, 474]}, {"label": "traffic sign", "bounding_box": [1132, 325, 1165, 339]}, {"label": "traffic sign", "bounding_box": [1166, 324, 1200, 341]}, {"label": "pole", "bounding_box": [1160, 317, 1174, 453]}, {"label": "static", "bounding_box": [1155, 299, 1176, 323]}, {"label": "static", "bounding_box": [1165, 332, 1182, 353]}, {"label": "traffic sign", "bounding_box": [1164, 356, 1173, 388]}, {"label": "static", "bounding_box": [1275, 385, 1302, 434]}, {"label": "pole", "bounding_box": [1330, 359, 1334, 429]}, {"label": "traffic sign", "bounding_box": [1325, 347, 1338, 363]}, {"label": "traffic sign", "bounding_box": [1316, 327, 1334, 337]}, {"label": "traffic sign", "bounding_box": [1508, 330, 1531, 353]}, {"label": "person", "bounding_box": [1517, 394, 1531, 458]}, {"label": "static", "bounding_box": [1529, 404, 1584, 479]}, {"label": "person", "bounding_box": [1448, 365, 1514, 547]}, {"label": "dynamic", "bounding_box": [1455, 448, 1531, 572]}, {"label": "terrain", "bounding_box": [1527, 468, 1593, 495]}, {"label": "vegetation", "bounding_box": [1439, 0, 2048, 405]}, {"label": "car", "bounding_box": [1567, 346, 1872, 508]}, {"label": "car", "bounding_box": [1590, 377, 1955, 557]}, {"label": "pole", "bounding_box": [2007, 527, 2037, 639]}, {"label": "static", "bounding_box": [1904, 515, 1961, 589]}, {"label": "static", "bounding_box": [1815, 487, 1886, 622]}, {"label": "static", "bounding_box": [1902, 297, 2048, 538]}, {"label": "terrain", "bounding_box": [1800, 614, 2048, 739]}, {"label": "ego vehicle", "bounding_box": [271, 844, 2028, 1023]}, {"label": "out of roi", "bounding_box": [0, 0, 2048, 1024]}]}