{"imgHeight": 1024, "imgWidth": 2048, "objects": [{"label": "sky", "bounding_box": [434, 1, 1277, 324]}, {"label": "road", "bounding_box": [0, 409, 2011, 1024]}, {"label": "sidewalk", "bounding_box": [922, 420, 2048, 1024]}, {"label": "sidewalk", "bounding_box": [0, 492, 695, 720]}, {"label": "building", "bounding_box": [813, 189, 1213, 433]}, {"label": "building", "bounding_box": [1168, 0, 2048, 570]}, {"label": "vegetation", "bounding_box": [1034, 209, 1202, 432]}, {"label": "pole", "bounding_box": [1188, 357, 1198, 428]}, {"label": "static", "bounding_box": [1183, 345, 1198, 372]}, {"label": "pole", "bounding_box": [1180, 360, 1185, 426]}, {"label": "static", "bounding_box": [1164, 332, 1189, 376]}, {"label": "static", "bounding_box": [1112, 353, 1128, 384]}, {"label": "pole", "bounding_box": [1045, 292, 1123, 434]}, {"label": "pole", "bounding_box": [1046, 242, 1179, 453]}, {"label": "pole", "bounding_box": [920, 325, 976, 437]}, {"label": "pole", "bounding_box": [1036, 89, 1251, 490]}, {"label": "fence", "bounding_box": [1275, 246, 2048, 572]}, {"label": "wall", "bounding_box": [1365, 441, 1575, 506]}, {"label": "static", "bounding_box": [1275, 284, 1389, 470]}, {"label": "wall", "bounding_box": [1598, 478, 2047, 572]}, {"label": "vegetation", "bounding_box": [1307, 71, 1762, 456]}, {"label": "building", "bounding_box": [0, 1, 637, 592]}, {"label": "vegetation", "bounding_box": [356, 0, 929, 469]}, {"label": "fence", "bounding_box": [1, 378, 620, 644]}, {"label": "car", "bounding_box": [910, 418, 949, 453]}, {"label": "car", "bounding_box": [906, 419, 934, 466]}, {"label": "wall", "bounding_box": [543, 384, 620, 500]}, {"label": "car", "bounding_box": [855, 410, 920, 470]}, {"label": "car", "bounding_box": [798, 430, 879, 491]}, {"label": "car", "bounding_box": [741, 432, 823, 512]}, {"label": "car", "bounding_box": [681, 428, 776, 530]}, {"label": "terrain", "bounding_box": [330, 544, 600, 596]}, {"label": "vegetation", "bounding_box": [274, 78, 716, 595]}, {"label": "car", "bounding_box": [554, 423, 719, 569]}, {"label": "rider", "bounding_box": [571, 414, 634, 556]}, {"label": "bicycle", "bounding_box": [566, 477, 640, 577]}, {"label": "static", "bounding_box": [1737, 0, 1940, 43]}, {"label": "pole", "bounding_box": [1703, 0, 1810, 779]}, {"label": "wall", "bounding_box": [138, 378, 202, 564]}, {"label": "wall", "bounding_box": [324, 388, 374, 537]}, {"label": "wall", "bounding_box": [450, 396, 491, 519]}, {"label": "ego vehicle", "bounding_box": [271, 844, 2028, 1023]}, {"label": "out of roi", "bounding_box": [0, 0, 2048, 1024]}]}