{"imgHeight": 1024, "imgWidth": 2048, "objects": [{"label": "sky", "bounding_box": [787, 1, 1380, 128]}, {"label": "road", "bounding_box": [0, 434, 2048, 1024]}, {"label": "building", "bounding_box": [824, 113, 1366, 477]}, {"label": "vegetation", "bounding_box": [922, 6, 1354, 469]}, {"label": "static", "bounding_box": [1023, 358, 1045, 390]}, {"label": "sidewalk", "bounding_box": [950, 447, 1364, 485]}, {"label": "fence", "bounding_box": [945, 427, 1158, 483]}, {"label": "building", "bounding_box": [1163, 357, 1351, 475]}, {"label": "static", "bounding_box": [1155, 408, 1213, 436]}, {"label": "static", "bounding_box": [1227, 394, 1253, 434]}, {"label": "pole", "bounding_box": [1186, 392, 1189, 473]}, {"label": "traffic sign", "bounding_box": [1177, 384, 1193, 406]}, {"label": "sidewalk", "bounding_box": [1161, 471, 2048, 628]}, {"label": "building", "bounding_box": [1322, 0, 2048, 549]}, {"label": "sidewalk", "bounding_box": [0, 477, 982, 903]}, {"label": "vegetation", "bounding_box": [0, 2, 984, 575]}, {"label": "vegetation", "bounding_box": [600, 80, 1024, 524]}, {"label": "vegetation", "bounding_box": [0, 1, 956, 654]}, {"label": "pole", "bounding_box": [918, 457, 925, 495]}, {"label": "pole", "bounding_box": [903, 458, 909, 499]}, {"label": "pole", "bounding_box": [876, 457, 881, 507]}, {"label": "pole", "bounding_box": [862, 457, 866, 494]}, {"label": "pole", "bounding_box": [838, 463, 847, 517]}, {"label": "pole", "bounding_box": [788, 467, 796, 537]}, {"label": "pole", "bounding_box": [705, 475, 715, 559]}, {"label": "pole", "bounding_box": [560, 487, 576, 606]}, {"label": "pole", "bounding_box": [313, 506, 339, 682]}, {"label": "pole", "bounding_box": [139, 523, 168, 736]}, {"label": "pole", "bounding_box": [1197, 329, 1204, 485]}, {"label": "static", "bounding_box": [1184, 308, 1212, 336]}, {"label": "pole", "bounding_box": [1288, 226, 1315, 519]}, {"label": "static", "bounding_box": [1274, 186, 1317, 242]}, {"label": "traffic sign", "bounding_box": [1285, 362, 1315, 374]}, {"label": "traffic sign", "bounding_box": [1284, 328, 1315, 358]}, {"label": "traffic sign", "bounding_box": [1284, 308, 1314, 327]}, {"label": "traffic sign", "bounding_box": [1284, 279, 1313, 311]}, {"label": "vegetation", "bounding_box": [1534, 376, 1679, 502]}, {"label": "terrain", "bounding_box": [1361, 429, 1462, 491]}, {"label": "bicyclegroup", "bounding_box": [1758, 407, 1914, 539]}, {"label": "bicycle", "bounding_box": [1690, 410, 1789, 532]}, {"label": "vegetation", "bounding_box": [1361, 429, 1462, 491]}, {"label": "ego vehicle", "bounding_box": [271, 844, 2028, 1023]}, {"label": "out of roi", "bounding_box": [0, 0, 2048, 1024]}]}