{"imgHeight": 1024, "imgWidth": 2048, "objects": [{"label": "sky", "bounding_box": [477, 0, 1271, 333]}, {"label": "vegetation", "bounding_box": [889, 251, 1162, 401]}, {"label": "building", "bounding_box": [945, 286, 1063, 344]}, {"label": "static", "bounding_box": [892, 397, 1134, 487]}, {"label": "road", "bounding_box": [1013, 435, 1162, 473]}, {"label": "fence", "bounding_box": [987, 421, 1143, 473]}, {"label": "car", "bounding_box": [1112, 443, 1154, 465]}, {"label": "car", "bounding_box": [1090, 450, 1113, 466]}, {"label": "car", "bounding_box": [1065, 452, 1087, 472]}, {"label": "vegetation", "bounding_box": [637, 117, 823, 247]}, {"label": "building", "bounding_box": [11, 0, 962, 493]}, {"label": "vegetation", "bounding_box": [665, 174, 1248, 464]}, {"label": "road", "bounding_box": [0, 461, 2048, 1024]}, {"label": "sidewalk", "bounding_box": [0, 463, 951, 691]}, {"label": "sidewalk", "bounding_box": [1138, 455, 2048, 919]}, {"label": "vegetation", "bounding_box": [1893, 28, 2048, 531]}, {"label": "building", "bounding_box": [1120, 0, 2048, 630]}, {"label": "pole", "bounding_box": [1005, 400, 1020, 462]}, {"label": "static", "bounding_box": [1018, 398, 1026, 403]}, {"label": "pole", "bounding_box": [978, 414, 1074, 464]}, {"label": "traffic light", "bounding_box": [1016, 408, 1037, 428]}, {"label": "traffic light", "bounding_box": [1040, 411, 1047, 428]}, {"label": "traffic light", "bounding_box": [1069, 412, 1079, 431]}, {"label": "traffic sign", "bounding_box": [1080, 414, 1090, 425]}, {"label": "pole", "bounding_box": [1147, 423, 1153, 463]}, {"label": "traffic sign", "bounding_box": [1126, 404, 1159, 438]}, {"label": "vegetation", "bounding_box": [1077, 307, 1182, 447]}, {"label": "pole", "bounding_box": [1182, 181, 1197, 458]}, {"label": "traffic sign", "bounding_box": [1153, 324, 1211, 393]}, {"label": "pole", "bounding_box": [1176, 362, 1181, 475]}, {"label": "traffic sign", "bounding_box": [1163, 349, 1194, 379]}, {"label": "static", "bounding_box": [1899, 507, 2047, 630]}, {"label": "traffic sign", "bounding_box": [1167, 378, 1190, 399]}, {"label": "dynamic", "bounding_box": [1304, 429, 1335, 491]}, {"label": "dynamic", "bounding_box": [1324, 429, 1367, 491]}, {"label": "static", "bounding_box": [1333, 256, 1385, 308]}, {"label": "pole", "bounding_box": [1440, 210, 1455, 503]}, {"label": "static", "bounding_box": [1394, 209, 1438, 276]}, {"label": "static", "bounding_box": [1375, 267, 1439, 305]}, {"label": "traffic light", "bounding_box": [1093, 410, 1104, 430]}, {"label": "static", "bounding_box": [1737, 326, 1760, 550]}, {"label": "wall", "bounding_box": [1872, 320, 2033, 597]}, {"label": "pole", "bounding_box": [953, 356, 999, 465]}, {"label": "static", "bounding_box": [993, 352, 1004, 359]}, {"label": "static", "bounding_box": [944, 423, 960, 443]}, {"label": "static", "bounding_box": [893, 377, 915, 400]}, {"label": "static", "bounding_box": [897, 399, 914, 413]}, {"label": "pole", "bounding_box": [905, 380, 907, 464]}, {"label": "vegetation", "bounding_box": [0, 0, 700, 506]}, {"label": "fence", "bounding_box": [0, 381, 655, 547]}, {"label": "wall", "bounding_box": [0, 438, 655, 584]}, {"label": "dynamic", "bounding_box": [0, 455, 35, 566]}, {"label": "pole", "bounding_box": [924, 309, 979, 339]}, {"label": "static", "bounding_box": [969, 305, 984, 314]}, {"label": "pole", "bounding_box": [616, 28, 768, 528]}, {"label": "static", "bounding_box": [761, 20, 802, 35]}, {"label": "bus", "bounding_box": [600, 294, 901, 544]}, {"label": "license plate", "bounding_box": [712, 499, 756, 516]}, {"label": "ego vehicle", "bounding_box": [271, 844, 2028, 1023]}, {"label": "out of roi", "bounding_box": [0, 0, 2048, 1024]}]}