{"imgHeight": 1024, "imgWidth": 2048, "objects": [{"label": "sky", "bounding_box": [480, 0, 1307, 370]}, {"label": "road", "bounding_box": [0, 398, 2048, 1024]}, {"label": "sidewalk", "bounding_box": [0, 408, 793, 776]}, {"label": "sidewalk", "bounding_box": [880, 434, 2048, 744]}, {"label": "vegetation", "bounding_box": [718, 305, 934, 442]}, {"label": "building", "bounding_box": [900, 0, 1652, 500]}, {"label": "static", "bounding_box": [742, 430, 806, 441]}, {"label": "static", "bounding_box": [821, 433, 827, 441]}, {"label": "person", "bounding_box": [830, 426, 836, 443]}, {"label": "person", "bounding_box": [838, 424, 847, 444]}, {"label": "person", "bounding_box": [800, 424, 809, 440]}, {"label": "pole", "bounding_box": [786, 396, 787, 438]}, {"label": "traffic sign", "bounding_box": [787, 403, 799, 408]}, {"label": "traffic sign", "bounding_box": [775, 407, 786, 413]}, {"label": "traffic sign", "bounding_box": [778, 402, 786, 404]}, {"label": "static", "bounding_box": [786, 420, 793, 439]}, {"label": "person", "bounding_box": [769, 423, 778, 441]}, {"label": "pole", "bounding_box": [758, 404, 760, 433]}, {"label": "person", "bounding_box": [851, 421, 862, 440]}, {"label": "car", "bounding_box": [854, 422, 879, 446]}, {"label": "static", "bounding_box": [877, 407, 886, 414]}, {"label": "static", "bounding_box": [874, 389, 898, 402]}, {"label": "static", "bounding_box": [886, 398, 896, 408]}, {"label": "static", "bounding_box": [886, 409, 899, 417]}, {"label": "static", "bounding_box": [886, 421, 894, 432]}, {"label": "car", "bounding_box": [864, 428, 886, 447]}, {"label": "person", "bounding_box": [882, 421, 890, 446]}, {"label": "person", "bounding_box": [893, 421, 901, 444]}, {"label": "static", "bounding_box": [880, 320, 907, 326]}, {"label": "static", "bounding_box": [904, 395, 912, 408]}, {"label": "traffic sign", "bounding_box": [900, 395, 911, 407]}, {"label": "traffic sign", "bounding_box": [901, 407, 909, 417]}, {"label": "static", "bounding_box": [904, 419, 914, 428]}, {"label": "pole", "bounding_box": [922, 407, 924, 440]}, {"label": "traffic sign", "bounding_box": [918, 399, 927, 409]}, {"label": "traffic sign", "bounding_box": [917, 409, 929, 414]}, {"label": "pole", "bounding_box": [913, 300, 937, 441]}, {"label": "traffic sign", "bounding_box": [929, 398, 938, 408]}, {"label": "building", "bounding_box": [0, 0, 766, 596]}, {"label": "static", "bounding_box": [765, 399, 777, 409]}, {"label": "pole", "bounding_box": [768, 402, 770, 445]}, {"label": "static", "bounding_box": [736, 394, 746, 405]}, {"label": "person", "bounding_box": [746, 426, 760, 455]}, {"label": "terrain", "bounding_box": [665, 259, 723, 407]}, {"label": "static", "bounding_box": [657, 353, 683, 381]}, {"label": "person", "bounding_box": [711, 419, 734, 473]}, {"label": "person", "bounding_box": [679, 410, 717, 473]}, {"label": "vegetation", "bounding_box": [535, 394, 585, 492]}, {"label": "vegetation", "bounding_box": [0, 0, 387, 422]}, {"label": "fence", "bounding_box": [0, 299, 319, 440]}, {"label": "static", "bounding_box": [462, 178, 533, 261]}, {"label": "pole", "bounding_box": [467, 175, 501, 590]}, {"label": "dynamic", "bounding_box": [341, 408, 429, 583]}, {"label": "person", "bounding_box": [305, 330, 405, 592]}, {"label": "car", "bounding_box": [893, 432, 927, 463]}, {"label": "car", "bounding_box": [898, 434, 941, 466]}, {"label": "rider", "bounding_box": [898, 427, 924, 466]}, {"label": "bicycle", "bounding_box": [905, 450, 917, 475]}, {"label": "dynamic", "bounding_box": [906, 450, 932, 476]}, {"label": "rider", "bounding_box": [930, 432, 949, 476]}, {"label": "bicycle", "bounding_box": [938, 452, 948, 478]}, {"label": "pole", "bounding_box": [951, 257, 985, 470]}, {"label": "static", "bounding_box": [900, 297, 913, 304]}, {"label": "static", "bounding_box": [936, 254, 950, 259]}, {"label": "rider", "bounding_box": [951, 416, 976, 490]}, {"label": "bicycle", "bounding_box": [958, 452, 970, 493]}, {"label": "pole", "bounding_box": [1024, 181, 1072, 488]}, {"label": "static", "bounding_box": [1004, 178, 1026, 186]}, {"label": "static", "bounding_box": [1038, 393, 1060, 415]}, {"label": "static", "bounding_box": [1048, 429, 1059, 477]}, {"label": "pole", "bounding_box": [1080, 391, 1084, 477]}, {"label": "dynamic", "bounding_box": [1075, 473, 1091, 481]}, {"label": "traffic sign", "bounding_box": [1071, 383, 1089, 398]}, {"label": "traffic sign", "bounding_box": [1072, 401, 1089, 413]}, {"label": "rider", "bounding_box": [1008, 427, 1037, 491]}, {"label": "bicycle", "bounding_box": [1014, 460, 1026, 496]}, {"label": "vegetation", "bounding_box": [1264, 0, 1640, 369]}, {"label": "building", "bounding_box": [1340, 0, 2048, 602]}, {"label": "building", "bounding_box": [1340, 381, 1814, 551]}, {"label": "fence", "bounding_box": [1341, 298, 1822, 416]}, {"label": "static", "bounding_box": [1332, 368, 1356, 403]}, {"label": "static", "bounding_box": [1291, 464, 1344, 516]}, {"label": "pole", "bounding_box": [1306, 334, 1315, 519]}, {"label": "static", "bounding_box": [1307, 345, 1337, 367]}, {"label": "pole", "bounding_box": [1285, 0, 1307, 530]}, {"label": "car", "bounding_box": [1095, 432, 1246, 533]}, {"label": "bicycle", "bounding_box": [1708, 481, 1879, 750]}, {"label": "rider", "bounding_box": [1712, 339, 1872, 664]}, {"label": "ego vehicle", "bounding_box": [271, 844, 2028, 1023]}, {"label": "out of roi", "bounding_box": [0, 0, 2048, 1024]}]}