{"imgHeight": 1024, "imgWidth": 2048, "objects": [{"label": "road", "bounding_box": [0, 432, 2048, 1024]}, {"label": "sidewalk", "bounding_box": [836, 441, 940, 467]}, {"label": "sky", "bounding_box": [549, 0, 1384, 273]}, {"label": "sidewalk", "bounding_box": [0, 475, 975, 843]}, {"label": "vegetation", "bounding_box": [1059, 99, 1208, 194]}, {"label": "building", "bounding_box": [0, 0, 2048, 709]}, {"label": "car", "bounding_box": [705, 420, 779, 456]}, {"label": "car", "bounding_box": [691, 441, 748, 472]}, {"label": "car", "bounding_box": [753, 431, 846, 466]}, {"label": "static", "bounding_box": [752, 399, 764, 407]}, {"label": "static", "bounding_box": [755, 407, 765, 423]}, {"label": "pole", "bounding_box": [761, 400, 765, 464]}, {"label": "terrain", "bounding_box": [672, 454, 891, 507]}, {"label": "pole", "bounding_box": [802, 341, 808, 487]}, {"label": "static", "bounding_box": [798, 327, 819, 349]}, {"label": "pole", "bounding_box": [920, 381, 922, 438]}, {"label": "vegetation", "bounding_box": [595, 0, 827, 507]}, {"label": "terrain", "bounding_box": [873, 438, 924, 454]}, {"label": "static", "bounding_box": [852, 399, 891, 414]}, {"label": "pole", "bounding_box": [871, 397, 874, 452]}, {"label": "static", "bounding_box": [893, 404, 909, 420]}, {"label": "pole", "bounding_box": [889, 403, 895, 481]}, {"label": "static", "bounding_box": [914, 367, 928, 385]}, {"label": "traffic sign", "bounding_box": [919, 409, 926, 425]}, {"label": "car", "bounding_box": [899, 431, 1028, 483]}, {"label": "static", "bounding_box": [938, 390, 958, 409]}, {"label": "static", "bounding_box": [928, 374, 938, 392]}, {"label": "pole", "bounding_box": [934, 383, 955, 486]}, {"label": "pole", "bounding_box": [663, 293, 672, 510]}, {"label": "static", "bounding_box": [645, 258, 685, 300]}, {"label": "person", "bounding_box": [606, 412, 673, 562]}, {"label": "person", "bounding_box": [484, 396, 541, 554]}, {"label": "pole", "bounding_box": [535, 100, 549, 579]}, {"label": "static", "bounding_box": [498, 18, 587, 107]}, {"label": "person", "bounding_box": [281, 381, 372, 601]}, {"label": "pole", "bounding_box": [1750, 190, 1812, 516]}, {"label": "traffic sign", "bounding_box": [1695, 145, 1759, 294]}, {"label": "traffic sign", "bounding_box": [1701, 88, 1761, 147]}, {"label": "car", "bounding_box": [1028, 440, 1077, 479]}, {"label": "car", "bounding_box": [1060, 426, 1141, 521]}, {"label": "car", "bounding_box": [1060, 434, 1134, 530]}, {"label": "car", "bounding_box": [1091, 427, 1198, 555]}, {"label": "car", "bounding_box": [1131, 425, 1366, 578]}, {"label": "car", "bounding_box": [1287, 406, 1744, 705]}, {"label": "license plate", "bounding_box": [1538, 531, 1653, 557]}, {"label": "car", "bounding_box": [1665, 396, 2048, 995]}, {"label": "ego vehicle", "bounding_box": [271, 844, 2028, 1023]}, {"label": "out of roi", "bounding_box": [0, 0, 2048, 1024]}]}