{"imgHeight": 1024, "imgWidth": 2048, "objects": [{"label": "road", "bounding_box": [0, 392, 2048, 1024]}, {"label": "sidewalk", "bounding_box": [0, 595, 384, 741]}, {"label": "sidewalk", "bounding_box": [0, 504, 813, 596]}, {"label": "sidewalk", "bounding_box": [1547, 569, 2048, 834]}, {"label": "sidewalk", "bounding_box": [1365, 494, 2048, 551]}, {"label": "sky", "bounding_box": [0, 0, 1497, 405]}, {"label": "building", "bounding_box": [0, 1, 943, 563]}, {"label": "pole", "bounding_box": [0, 0, 20, 102]}, {"label": "traffic sign", "bounding_box": [0, 81, 115, 240]}, {"label": "pole", "bounding_box": [166, 283, 175, 339]}, {"label": "traffic light", "bounding_box": [99, 328, 146, 405]}, {"label": "traffic sign", "bounding_box": [162, 332, 190, 379]}, {"label": "pole", "bounding_box": [165, 524, 174, 568]}, {"label": "pole", "bounding_box": [132, 318, 160, 579]}, {"label": "traffic light", "bounding_box": [138, 337, 155, 373]}, {"label": "traffic light", "bounding_box": [145, 141, 226, 262]}, {"label": "pole", "bounding_box": [137, 0, 171, 646]}, {"label": "traffic light", "bounding_box": [106, 87, 165, 253]}, {"label": "pole", "bounding_box": [73, 529, 82, 573]}, {"label": "pole", "bounding_box": [254, 520, 264, 562]}, {"label": "pole", "bounding_box": [347, 516, 357, 557]}, {"label": "pole", "bounding_box": [527, 505, 537, 553]}, {"label": "static", "bounding_box": [508, 236, 533, 329]}, {"label": "static", "bounding_box": [666, 326, 724, 383]}, {"label": "static", "bounding_box": [650, 338, 709, 363]}, {"label": "pole", "bounding_box": [732, 358, 741, 542]}, {"label": "traffic light", "bounding_box": [727, 329, 770, 396]}, {"label": "pole", "bounding_box": [702, 101, 716, 547]}, {"label": "static", "bounding_box": [701, 98, 747, 115]}, {"label": "building", "bounding_box": [1225, 0, 2048, 533]}, {"label": "vegetation", "bounding_box": [738, 28, 1509, 503]}, {"label": "pole", "bounding_box": [1095, 438, 1098, 488]}, {"label": "pole", "bounding_box": [891, 304, 895, 413]}, {"label": "static", "bounding_box": [891, 300, 913, 311]}, {"label": "car", "bounding_box": [1033, 485, 1072, 505]}, {"label": "car", "bounding_box": [1092, 477, 1115, 510]}, {"label": "car", "bounding_box": [1095, 464, 1144, 513]}, {"label": "car", "bounding_box": [1111, 472, 1170, 519]}, {"label": "car", "bounding_box": [1155, 380, 1496, 597]}, {"label": "car", "bounding_box": [749, 406, 1061, 647]}, {"label": "license plate", "bounding_box": [1220, 468, 1291, 483]}, {"label": "license plate", "bounding_box": [875, 511, 973, 535]}, {"label": "vegetation", "bounding_box": [1539, 200, 2048, 528]}, {"label": "pole", "bounding_box": [2027, 161, 2039, 428]}, {"label": "traffic sign", "bounding_box": [2030, 159, 2048, 210]}, {"label": "static", "bounding_box": [1921, 223, 1936, 285]}, {"label": "traffic light", "bounding_box": [1925, 287, 1973, 360]}, {"label": "traffic light", "bounding_box": [1895, 291, 1921, 340]}, {"label": "pole", "bounding_box": [1915, 55, 2048, 524]}, {"label": "fence", "bounding_box": [1977, 420, 2048, 602]}, {"label": "wall", "bounding_box": [1946, 402, 2048, 608]}, {"label": "wall", "bounding_box": [1507, 432, 1582, 538]}, {"label": "pole", "bounding_box": [1638, 0, 1656, 536]}, {"label": "pole", "bounding_box": [1705, 72, 1837, 627]}, {"label": "traffic light", "bounding_box": [1661, 74, 1736, 199]}, {"label": "traffic light", "bounding_box": [1699, 100, 1746, 249]}, {"label": "traffic sign", "bounding_box": [1753, 76, 1910, 231]}, {"label": "rider", "bounding_box": [345, 386, 470, 590]}, {"label": "bicycle", "bounding_box": [353, 474, 452, 649]}, {"label": "ego vehicle", "bounding_box": [271, 844, 2028, 1023]}, {"label": "out of roi", "bounding_box": [0, 0, 2048, 1024]}]}