{"imgHeight": 1024, "imgWidth": 2048, "objects": [{"label": "road", "bounding_box": [0, 333, 2048, 1024]}, {"label": "sidewalk", "bounding_box": [834, 450, 1118, 475]}, {"label": "sidewalk", "bounding_box": [0, 467, 887, 1030]}, {"label": "sidewalk", "bounding_box": [1255, 455, 2048, 1029]}, {"label": "building", "bounding_box": [0, 0, 2048, 645]}, {"label": "static", "bounding_box": [1077, 286, 1097, 310]}, {"label": "sky", "bounding_box": [994, 0, 1231, 233]}, {"label": "pole", "bounding_box": [1144, 350, 1147, 414]}, {"label": "traffic sign", "bounding_box": [1139, 386, 1149, 397]}, {"label": "cargroup", "bounding_box": [1142, 410, 1200, 454]}, {"label": "pole", "bounding_box": [1181, 342, 1183, 420]}, {"label": "static", "bounding_box": [1160, 342, 1182, 362]}, {"label": "pole", "bounding_box": [1234, 325, 1242, 424]}, {"label": "static", "bounding_box": [1210, 326, 1236, 349]}, {"label": "traffic sign", "bounding_box": [1233, 378, 1245, 390]}, {"label": "person", "bounding_box": [1223, 410, 1235, 448]}, {"label": "person", "bounding_box": [1258, 424, 1269, 453]}, {"label": "person", "bounding_box": [1232, 405, 1247, 452]}, {"label": "person", "bounding_box": [1243, 411, 1260, 454]}, {"label": "car", "bounding_box": [1270, 396, 1344, 534]}, {"label": "person", "bounding_box": [1480, 368, 1499, 406]}, {"label": "person", "bounding_box": [1492, 355, 1515, 399]}, {"label": "person", "bounding_box": [1456, 375, 1478, 445]}, {"label": "person", "bounding_box": [1473, 387, 1489, 428]}, {"label": "car", "bounding_box": [1262, 381, 1474, 553]}, {"label": "license plate", "bounding_box": [1347, 486, 1415, 505]}, {"label": "person", "bounding_box": [1178, 364, 1228, 511]}, {"label": "car", "bounding_box": [1014, 400, 1157, 469]}, {"label": "static", "bounding_box": [915, 329, 975, 374]}, {"label": "pole", "bounding_box": [943, 326, 948, 433]}, {"label": "static", "bounding_box": [940, 427, 963, 468]}, {"label": "pole", "bounding_box": [920, 436, 926, 466]}, {"label": "pole", "bounding_box": [966, 433, 971, 466]}, {"label": "pole", "bounding_box": [875, 438, 882, 469]}, {"label": "person", "bounding_box": [1696, 286, 1818, 421]}, {"label": "vegetation", "bounding_box": [1067, 0, 1822, 389]}, {"label": "car", "bounding_box": [1418, 362, 1887, 674]}, {"label": "license plate", "bounding_box": [1645, 496, 1771, 528]}, {"label": "dynamic", "bounding_box": [444, 363, 492, 392]}, {"label": "dynamic", "bounding_box": [506, 358, 535, 431]}, {"label": "vegetation", "bounding_box": [555, 235, 656, 440]}, {"label": "dynamic", "bounding_box": [666, 274, 707, 417]}, {"label": "dynamic", "bounding_box": [511, 284, 834, 447]}, {"label": "vegetation", "bounding_box": [650, 399, 844, 452]}, {"label": "dynamic", "bounding_box": [471, 272, 513, 419]}, {"label": "pole", "bounding_box": [436, 28, 450, 418]}, {"label": "static", "bounding_box": [442, 34, 550, 121]}, {"label": "dynamic", "bounding_box": [439, 459, 494, 512]}, {"label": "person", "bounding_box": [509, 411, 539, 460]}, {"label": "person", "bounding_box": [489, 414, 513, 442]}, {"label": "person", "bounding_box": [524, 409, 538, 429]}, {"label": "person", "bounding_box": [530, 403, 565, 450]}, {"label": "person", "bounding_box": [546, 409, 571, 424]}, {"label": "person", "bounding_box": [612, 413, 643, 447]}, {"label": "person", "bounding_box": [661, 411, 696, 451]}, {"label": "person", "bounding_box": [546, 403, 581, 464]}, {"label": "person", "bounding_box": [549, 406, 591, 460]}, {"label": "person", "bounding_box": [576, 414, 623, 449]}, {"label": "person", "bounding_box": [725, 410, 755, 470]}, {"label": "person", "bounding_box": [675, 417, 713, 455]}, {"label": "person", "bounding_box": [748, 410, 781, 464]}, {"label": "person", "bounding_box": [804, 414, 832, 465]}, {"label": "dynamic", "bounding_box": [493, 424, 843, 526]}, {"label": "static", "bounding_box": [773, 271, 823, 320]}, {"label": "static", "bounding_box": [770, 316, 822, 356]}, {"label": "pole", "bounding_box": [794, 253, 799, 387]}, {"label": "person", "bounding_box": [690, 371, 742, 535]}, {"label": "person", "bounding_box": [762, 360, 816, 539]}, {"label": "static", "bounding_box": [477, 449, 506, 480]}, {"label": "dynamic", "bounding_box": [422, 409, 497, 521]}, {"label": "ego vehicle", "bounding_box": [271, 844, 2028, 1023]}, {"label": "out of roi", "bounding_box": [0, 0, 2048, 1024]}]}