{"imgHeight": 1024, "imgWidth": 2048, "objects": [{"label": "sky", "bounding_box": [573, 0, 1558, 357]}, {"label": "road", "bounding_box": [0, 435, 2048, 1024]}, {"label": "building", "bounding_box": [977, 261, 1120, 445]}, {"label": "vegetation", "bounding_box": [1019, 413, 1078, 440]}, {"label": "vegetation", "bounding_box": [808, 116, 1045, 453]}, {"label": "building", "bounding_box": [0, 0, 870, 586]}, {"label": "building", "bounding_box": [809, 228, 855, 286]}, {"label": "vegetation", "bounding_box": [0, 0, 924, 462]}, {"label": "cargroup", "bounding_box": [995, 429, 1023, 467]}, {"label": "car", "bounding_box": [959, 430, 1000, 476]}, {"label": "vegetation", "bounding_box": [775, 434, 820, 487]}, {"label": "car", "bounding_box": [943, 443, 980, 489]}, {"label": "sidewalk", "bounding_box": [0, 480, 831, 812]}, {"label": "car", "bounding_box": [932, 444, 959, 495]}, {"label": "car", "bounding_box": [883, 433, 949, 506]}, {"label": "car", "bounding_box": [889, 441, 922, 512]}, {"label": "car", "bounding_box": [799, 429, 914, 531]}, {"label": "fence", "bounding_box": [762, 426, 804, 501]}, {"label": "wall", "bounding_box": [762, 426, 804, 501]}, {"label": "vegetation", "bounding_box": [621, 145, 866, 524]}, {"label": "fence", "bounding_box": [617, 409, 755, 522]}, {"label": "wall", "bounding_box": [620, 409, 755, 522]}, {"label": "pole", "bounding_box": [541, 406, 548, 443]}, {"label": "traffic sign", "bounding_box": [538, 324, 551, 367]}, {"label": "traffic sign", "bounding_box": [539, 369, 551, 389]}, {"label": "traffic sign", "bounding_box": [539, 392, 552, 412]}, {"label": "pole", "bounding_box": [277, 394, 282, 447]}, {"label": "traffic sign", "bounding_box": [269, 270, 296, 338]}, {"label": "traffic sign", "bounding_box": [272, 368, 298, 404]}, {"label": "traffic sign", "bounding_box": [271, 336, 297, 368]}, {"label": "pole", "bounding_box": [330, 400, 340, 439]}, {"label": "static", "bounding_box": [328, 334, 344, 370]}, {"label": "static", "bounding_box": [320, 368, 356, 411]}, {"label": "fence", "bounding_box": [0, 435, 626, 624]}, {"label": "building", "bounding_box": [1180, 236, 1231, 393]}, {"label": "vegetation", "bounding_box": [1061, 170, 1221, 439]}, {"label": "building", "bounding_box": [1215, 0, 1412, 414]}, {"label": "vegetation", "bounding_box": [1177, 375, 1242, 408]}, {"label": "building", "bounding_box": [1379, 117, 1408, 168]}, {"label": "vegetation", "bounding_box": [1212, 115, 1409, 418]}, {"label": "pole", "bounding_box": [1109, 417, 1111, 434]}, {"label": "traffic sign", "bounding_box": [1106, 411, 1116, 421]}, {"label": "cargroup", "bounding_box": [1061, 428, 1085, 450]}, {"label": "car", "bounding_box": [1074, 434, 1098, 457]}, {"label": "car", "bounding_box": [1084, 437, 1109, 467]}, {"label": "car", "bounding_box": [1098, 436, 1126, 476]}, {"label": "car", "bounding_box": [1113, 420, 1158, 491]}, {"label": "static", "bounding_box": [1179, 278, 1200, 289]}, {"label": "pole", "bounding_box": [1196, 281, 1205, 387]}, {"label": "traffic sign", "bounding_box": [1184, 381, 1215, 404]}, {"label": "car", "bounding_box": [1135, 404, 1213, 516]}, {"label": "static", "bounding_box": [1239, 382, 1258, 398]}, {"label": "pole", "bounding_box": [1305, 169, 1310, 415]}, {"label": "static", "bounding_box": [1278, 160, 1315, 176]}, {"label": "building", "bounding_box": [1392, 0, 2000, 462]}, {"label": "vegetation", "bounding_box": [1913, 171, 2001, 443]}, {"label": "vegetation", "bounding_box": [1302, 278, 2048, 586]}, {"label": "building", "bounding_box": [1981, 0, 2048, 440]}, {"label": "car", "bounding_box": [1173, 397, 1323, 534]}, {"label": "car", "bounding_box": [1206, 429, 1316, 556]}, {"label": "car", "bounding_box": [1258, 424, 1366, 582]}, {"label": "sidewalk", "bounding_box": [1614, 530, 2048, 796]}, {"label": "wall", "bounding_box": [1633, 515, 2048, 613]}, {"label": "terrain", "bounding_box": [1624, 589, 1855, 654]}, {"label": "pole", "bounding_box": [1849, 0, 1880, 667]}, {"label": "pole", "bounding_box": [1439, 349, 1446, 413]}, {"label": "traffic sign", "bounding_box": [1427, 333, 1463, 360]}, {"label": "traffic sign", "bounding_box": [1421, 285, 1470, 332]}, {"label": "car", "bounding_box": [1293, 402, 1640, 665]}, {"label": "license plate", "bounding_box": [1471, 516, 1559, 546]}, {"label": "ego vehicle", "bounding_box": [271, 844, 2028, 1023]}, {"label": "out of roi", "bounding_box": [0, 0, 2048, 1024]}]}