{"imgHeight": 1024, "imgWidth": 2048, "objects": [{"label": "terrain", "bounding_box": [0, 368, 436, 504]}, {"label": "sky", "bounding_box": [402, 0, 1167, 243]}, {"label": "road", "bounding_box": [0, 276, 2048, 1024]}, {"label": "sidewalk", "bounding_box": [1931, 742, 2048, 1024]}, {"label": "sidewalk", "bounding_box": [1308, 332, 2048, 483]}, {"label": "sidewalk", "bounding_box": [0, 312, 1508, 526]}, {"label": "static", "bounding_box": [336, 304, 726, 430]}, {"label": "vegetation", "bounding_box": [339, 112, 1351, 411]}, {"label": "terrain", "bounding_box": [581, 308, 1512, 427]}, {"label": "fence", "bounding_box": [358, 278, 1333, 439]}, {"label": "terrain", "bounding_box": [1456, 327, 2048, 424]}, {"label": "vegetation", "bounding_box": [1178, 0, 1666, 330]}, {"label": "pole", "bounding_box": [1417, 259, 1422, 328]}, {"label": "car", "bounding_box": [1358, 306, 1408, 343]}, {"label": "pole", "bounding_box": [1234, 228, 1240, 350]}, {"label": "traffic sign", "bounding_box": [1227, 316, 1237, 350]}, {"label": "static", "bounding_box": [1181, 298, 1187, 329]}, {"label": "traffic sign", "bounding_box": [1142, 331, 1154, 360]}, {"label": "pole", "bounding_box": [932, 134, 1005, 354]}, {"label": "static", "bounding_box": [1002, 129, 1021, 137]}, {"label": "static", "bounding_box": [940, 277, 960, 306]}, {"label": "traffic sign", "bounding_box": [849, 349, 862, 381]}, {"label": "traffic sign", "bounding_box": [761, 367, 772, 396]}, {"label": "traffic sign", "bounding_box": [738, 356, 753, 417]}, {"label": "traffic sign", "bounding_box": [1043, 328, 1050, 348]}, {"label": "vegetation", "bounding_box": [821, 0, 2048, 406]}, {"label": "pole", "bounding_box": [1305, 240, 1314, 373]}, {"label": "traffic sign", "bounding_box": [1286, 262, 1335, 278]}, {"label": "static", "bounding_box": [1351, 214, 1387, 289]}, {"label": "static", "bounding_box": [1384, 251, 1396, 269]}, {"label": "static", "bounding_box": [1332, 220, 1357, 280]}, {"label": "pole", "bounding_box": [1341, 163, 1362, 373]}, {"label": "traffic light", "bounding_box": [1321, 207, 1360, 260]}, {"label": "vegetation", "bounding_box": [1364, 214, 1422, 298]}, {"label": "static", "bounding_box": [1684, 118, 1779, 409]}, {"label": "dynamic", "bounding_box": [1695, 328, 1739, 399]}, {"label": "static", "bounding_box": [1673, 228, 1720, 285]}, {"label": "pole", "bounding_box": [1692, 224, 1701, 443]}, {"label": "static", "bounding_box": [1614, 190, 1677, 232]}, {"label": "static", "bounding_box": [1626, 157, 1643, 212]}, {"label": "dynamic", "bounding_box": [1658, 437, 1742, 463]}, {"label": "pole", "bounding_box": [1628, 0, 1664, 460]}, {"label": "dynamic", "bounding_box": [560, 443, 619, 457]}, {"label": "static", "bounding_box": [581, 311, 596, 349]}, {"label": "pole", "bounding_box": [587, 311, 591, 445]}, {"label": "vegetation", "bounding_box": [314, 0, 672, 339]}, {"label": "building", "bounding_box": [0, 0, 371, 494]}, {"label": "pole", "bounding_box": [536, 10, 616, 464]}, {"label": "static", "bounding_box": [607, 0, 654, 14]}, {"label": "traffic light", "bounding_box": [671, 5, 720, 107]}, {"label": "static", "bounding_box": [586, 30, 643, 86]}, {"label": "traffic light", "bounding_box": [529, 14, 583, 116]}, {"label": "static", "bounding_box": [279, 212, 337, 273]}, {"label": "traffic light", "bounding_box": [296, 278, 341, 339]}, {"label": "car", "bounding_box": [1145, 340, 1239, 387]}, {"label": "car", "bounding_box": [992, 341, 1082, 394]}, {"label": "car", "bounding_box": [916, 342, 1013, 407]}, {"label": "car", "bounding_box": [844, 355, 933, 409]}, {"label": "car", "bounding_box": [737, 367, 872, 453]}, {"label": "car", "bounding_box": [863, 356, 1002, 447]}, {"label": "car", "bounding_box": [875, 355, 1571, 605]}, {"label": "license plate", "bounding_box": [893, 521, 960, 545]}, {"label": "vegetation", "bounding_box": [0, 368, 436, 504]}, {"label": "traffic sign", "bounding_box": [419, 374, 455, 454]}, {"label": "pole", "bounding_box": [295, 35, 698, 490]}, {"label": "traffic light", "bounding_box": [289, 274, 325, 319]}, {"label": "ego vehicle", "bounding_box": [271, 844, 2028, 1023]}, {"label": "out of roi", "bounding_box": [0, 0, 2048, 1024]}]}