{"imgHeight": 1024, "imgWidth": 2048, "objects": [{"label": "sky", "bounding_box": [715, 0, 1492, 369]}, {"label": "road", "bounding_box": [0, 398, 2048, 1024]}, {"label": "sidewalk", "bounding_box": [0, 429, 952, 907]}, {"label": "parking", "bounding_box": [0, 463, 407, 579]}, {"label": "sidewalk", "bounding_box": [1207, 420, 1882, 664]}, {"label": "building", "bounding_box": [1088, 268, 1210, 422]}, {"label": "static", "bounding_box": [1291, 427, 1339, 477]}, {"label": "static", "bounding_box": [1050, 363, 1237, 450]}, {"label": "vegetation", "bounding_box": [924, 114, 1143, 411]}, {"label": "building", "bounding_box": [1262, 0, 2048, 570]}, {"label": "vegetation", "bounding_box": [1143, 324, 1238, 406]}, {"label": "car", "bounding_box": [1142, 387, 1183, 436]}, {"label": "car", "bounding_box": [1109, 422, 1136, 438]}, {"label": "static", "bounding_box": [1079, 375, 1100, 444]}, {"label": "static", "bounding_box": [1069, 386, 1080, 440]}, {"label": "static", "bounding_box": [1199, 390, 1218, 409]}, {"label": "terrain", "bounding_box": [1298, 459, 1353, 477]}, {"label": "static", "bounding_box": [1184, 392, 1196, 396]}, {"label": "static", "bounding_box": [1230, 392, 1252, 411]}, {"label": "person", "bounding_box": [1271, 423, 1286, 450]}, {"label": "vegetation", "bounding_box": [1138, 0, 1460, 464]}, {"label": "pole", "bounding_box": [1286, 432, 1293, 469]}, {"label": "pole", "bounding_box": [1303, 389, 1307, 468]}, {"label": "pole", "bounding_box": [1299, 438, 1307, 473]}, {"label": "traffic sign", "bounding_box": [1298, 369, 1317, 398]}, {"label": "car", "bounding_box": [1330, 422, 1356, 459]}, {"label": "static", "bounding_box": [1324, 428, 1342, 477]}, {"label": "car", "bounding_box": [1114, 427, 1183, 460]}, {"label": "car", "bounding_box": [1160, 425, 1225, 474]}, {"label": "car", "bounding_box": [1403, 415, 1471, 470]}, {"label": "pole", "bounding_box": [1418, 367, 1427, 511]}, {"label": "traffic sign", "bounding_box": [1410, 325, 1439, 375]}, {"label": "vegetation", "bounding_box": [1529, 254, 1889, 436]}, {"label": "vegetation", "bounding_box": [1369, 0, 1905, 519]}, {"label": "vegetation", "bounding_box": [2015, 0, 2048, 389]}, {"label": "car", "bounding_box": [1495, 406, 1793, 683]}, {"label": "car", "bounding_box": [1632, 341, 2048, 851]}, {"label": "building", "bounding_box": [0, 0, 1039, 533]}, {"label": "static", "bounding_box": [1021, 353, 1043, 420]}, {"label": "dynamic", "bounding_box": [943, 424, 1122, 548]}, {"label": "pole", "bounding_box": [983, 393, 987, 446]}, {"label": "pole", "bounding_box": [1009, 393, 1013, 444]}, {"label": "traffic sign", "bounding_box": [978, 372, 994, 396]}, {"label": "traffic sign", "bounding_box": [1003, 378, 1018, 400]}, {"label": "vegetation", "bounding_box": [735, 0, 989, 515]}, {"label": "static", "bounding_box": [807, 485, 897, 531]}, {"label": "trailer", "bounding_box": [864, 436, 991, 552]}, {"label": "static", "bounding_box": [993, 445, 1059, 571]}, {"label": "static", "bounding_box": [989, 370, 1068, 543]}, {"label": "pole", "bounding_box": [823, 338, 833, 536]}, {"label": "traffic sign", "bounding_box": [808, 265, 850, 341]}, {"label": "static", "bounding_box": [694, 442, 796, 539]}, {"label": "pole", "bounding_box": [786, 458, 799, 550]}, {"label": "pole", "bounding_box": [702, 474, 710, 539]}, {"label": "static", "bounding_box": [563, 215, 617, 267]}, {"label": "pole", "bounding_box": [597, 454, 607, 545]}, {"label": "pole", "bounding_box": [435, 456, 451, 576]}, {"label": "pole", "bounding_box": [469, 488, 483, 594]}, {"label": "pole", "bounding_box": [59, 533, 75, 600]}, {"label": "terrain", "bounding_box": [0, 492, 129, 745]}, {"label": "vegetation", "bounding_box": [0, 492, 129, 745]}, {"label": "pole", "bounding_box": [10, 535, 33, 742]}, {"label": "pole", "bounding_box": [0, 522, 117, 540]}, {"label": "dynamic", "bounding_box": [0, 366, 106, 470]}, {"label": "static", "bounding_box": [1160, 14, 1195, 26]}, {"label": "static", "bounding_box": [1127, 184, 1152, 188]}, {"label": "vegetation", "bounding_box": [0, 14, 565, 536]}, {"label": "terrain", "bounding_box": [451, 478, 609, 598]}, {"label": "vegetation", "bounding_box": [350, 1, 636, 487]}, {"label": "bicycle", "bounding_box": [694, 442, 796, 539]}, {"label": "pole", "bounding_box": [752, 467, 762, 546]}, {"label": "pole", "bounding_box": [676, 465, 762, 475]}, {"label": "vegetation", "bounding_box": [451, 478, 609, 598]}, {"label": "pole", "bounding_box": [687, 465, 700, 583]}, {"label": "vegetation", "bounding_box": [611, 0, 836, 544]}, {"label": "bicycle", "bounding_box": [993, 445, 1059, 571]}, {"label": "rider", "bounding_box": [989, 370, 1068, 543]}, {"label": "pole", "bounding_box": [465, 484, 595, 493]}, {"label": "pole", "bounding_box": [576, 491, 587, 595]}, {"label": "ego vehicle", "bounding_box": [271, 844, 2028, 1023]}, {"label": "out of roi", "bounding_box": [0, 0, 2048, 1024]}]}