{"imgHeight": 1024, "imgWidth": 2048, "objects": [{"label": "road", "bounding_box": [0, 293, 2048, 1024]}, {"label": "sidewalk", "bounding_box": [242, 460, 885, 565]}, {"label": "sidewalk", "bounding_box": [1095, 466, 1549, 516]}, {"label": "sidewalk", "bounding_box": [1304, 518, 2048, 845]}, {"label": "building", "bounding_box": [0, 0, 2048, 596]}, {"label": "fence", "bounding_box": [668, 434, 738, 483]}, {"label": "fence", "bounding_box": [538, 434, 604, 497]}, {"label": "fence", "bounding_box": [476, 434, 530, 505]}, {"label": "wall", "bounding_box": [524, 430, 716, 508]}, {"label": "vegetation", "bounding_box": [495, 0, 890, 491]}, {"label": "vegetation", "bounding_box": [980, 260, 1112, 302]}, {"label": "vegetation", "bounding_box": [0, 313, 84, 468]}, {"label": "sky", "bounding_box": [669, 0, 1162, 274]}, {"label": "static", "bounding_box": [887, 122, 912, 133]}, {"label": "cargroup", "bounding_box": [1055, 440, 1076, 453]}, {"label": "traffic sign", "bounding_box": [1118, 390, 1132, 415]}, {"label": "car", "bounding_box": [919, 442, 975, 464]}, {"label": "car", "bounding_box": [1008, 446, 1036, 467]}, {"label": "pole", "bounding_box": [1065, 431, 1067, 462]}, {"label": "pole", "bounding_box": [1061, 433, 1063, 466]}, {"label": "traffic sign", "bounding_box": [1058, 427, 1066, 435]}, {"label": "traffic sign", "bounding_box": [1058, 413, 1066, 427]}, {"label": "traffic light", "bounding_box": [1064, 417, 1071, 431]}, {"label": "car", "bounding_box": [1086, 436, 1129, 465]}, {"label": "static", "bounding_box": [1076, 436, 1094, 466]}, {"label": "car", "bounding_box": [1097, 437, 1178, 472]}, {"label": "person", "bounding_box": [1142, 432, 1158, 473]}, {"label": "person", "bounding_box": [1167, 423, 1195, 491]}, {"label": "person", "bounding_box": [1159, 461, 1168, 493]}, {"label": "person", "bounding_box": [1125, 440, 1135, 472]}, {"label": "pole", "bounding_box": [1125, 458, 1129, 483]}, {"label": "static", "bounding_box": [1256, 442, 1281, 486]}, {"label": "person", "bounding_box": [976, 442, 989, 471]}, {"label": "pole", "bounding_box": [939, 432, 942, 458]}, {"label": "static", "bounding_box": [938, 456, 945, 475]}, {"label": "static", "bounding_box": [930, 456, 937, 474]}, {"label": "ground", "bounding_box": [920, 469, 958, 478]}, {"label": "traffic sign", "bounding_box": [925, 413, 940, 418]}, {"label": "traffic sign", "bounding_box": [936, 415, 946, 433]}, {"label": "pole", "bounding_box": [888, 336, 895, 440]}, {"label": "person", "bounding_box": [839, 440, 852, 472]}, {"label": "traffic sign", "bounding_box": [886, 411, 896, 419]}, {"label": "traffic light", "bounding_box": [889, 420, 894, 433]}, {"label": "car", "bounding_box": [857, 435, 905, 480]}, {"label": "person", "bounding_box": [870, 414, 899, 518]}, {"label": "person", "bounding_box": [783, 435, 805, 489]}, {"label": "static", "bounding_box": [921, 393, 933, 413]}, {"label": "dynamic", "bounding_box": [1352, 436, 1377, 477]}, {"label": "dynamic", "bounding_box": [1376, 443, 1398, 479]}, {"label": "static", "bounding_box": [1600, 510, 1619, 530]}, {"label": "static", "bounding_box": [1564, 514, 1581, 530]}, {"label": "static", "bounding_box": [1575, 508, 1603, 530]}, {"label": "static", "bounding_box": [1539, 515, 1564, 532]}, {"label": "static", "bounding_box": [1776, 473, 1814, 568]}, {"label": "person", "bounding_box": [1415, 418, 1451, 515]}, {"label": "dynamic", "bounding_box": [1936, 394, 2048, 604]}, {"label": "pole", "bounding_box": [134, 431, 139, 456]}, {"label": "traffic sign", "bounding_box": [131, 395, 148, 443]}, {"label": "traffic sign", "bounding_box": [130, 347, 146, 396]}, {"label": "static", "bounding_box": [291, 415, 319, 448]}, {"label": "static", "bounding_box": [395, 414, 420, 446]}, {"label": "vegetation", "bounding_box": [1525, 142, 1638, 522]}, {"label": "static", "bounding_box": [297, 467, 352, 520]}, {"label": "static", "bounding_box": [397, 437, 461, 514]}, {"label": "person", "bounding_box": [607, 432, 634, 522]}, {"label": "wall", "bounding_box": [711, 431, 744, 495]}, {"label": "motorcycle", "bounding_box": [740, 449, 767, 490]}, {"label": "car", "bounding_box": [0, 447, 415, 858]}, {"label": "person", "bounding_box": [585, 425, 610, 522]}, {"label": "person", "bounding_box": [555, 433, 583, 519]}, {"label": "bicycle", "bounding_box": [1256, 442, 1281, 486]}, {"label": "traffic sign", "bounding_box": [1453, 323, 1489, 333]}, {"label": "ego vehicle", "bounding_box": [271, 844, 2028, 1023]}, {"label": "out of roi", "bounding_box": [0, 0, 2048, 1024]}]}