{"imgHeight": 1024, "imgWidth": 2048, "objects": [{"label": "road", "bounding_box": [169, 431, 2048, 1024]}, {"label": "sidewalk", "bounding_box": [1242, 488, 2048, 704]}, {"label": "sidewalk", "bounding_box": [0, 446, 940, 1024]}, {"label": "building", "bounding_box": [0, 0, 2048, 657]}, {"label": "sky", "bounding_box": [892, 0, 1347, 262]}, {"label": "vegetation", "bounding_box": [930, 151, 1059, 349]}, {"label": "vegetation", "bounding_box": [1143, 367, 1179, 428]}, {"label": "vegetation", "bounding_box": [1054, 346, 1098, 418]}, {"label": "static", "bounding_box": [1118, 332, 1134, 350]}, {"label": "static", "bounding_box": [1109, 333, 1133, 350]}, {"label": "terrain", "bounding_box": [1115, 434, 1137, 440]}, {"label": "terrain", "bounding_box": [1078, 433, 1103, 441]}, {"label": "wall", "bounding_box": [1066, 439, 1140, 455]}, {"label": "pole", "bounding_box": [1160, 335, 1168, 428]}, {"label": "pole", "bounding_box": [1222, 348, 1230, 462]}, {"label": "traffic light", "bounding_box": [1224, 406, 1234, 423]}, {"label": "traffic light", "bounding_box": [1132, 330, 1148, 356]}, {"label": "person", "bounding_box": [1209, 433, 1222, 468]}, {"label": "static", "bounding_box": [925, 418, 942, 448]}, {"label": "pole", "bounding_box": [936, 374, 939, 423]}, {"label": "traffic sign", "bounding_box": [925, 341, 951, 378]}, {"label": "static", "bounding_box": [870, 438, 883, 463]}, {"label": "static", "bounding_box": [807, 293, 845, 332]}, {"label": "static", "bounding_box": [772, 265, 829, 316]}, {"label": "static", "bounding_box": [834, 466, 850, 480]}, {"label": "person", "bounding_box": [776, 424, 811, 498]}, {"label": "dynamic", "bounding_box": [765, 448, 826, 499]}, {"label": "person", "bounding_box": [669, 347, 785, 570]}, {"label": "pole", "bounding_box": [747, 259, 767, 586]}, {"label": "traffic sign", "bounding_box": [728, 152, 801, 266]}, {"label": "car", "bounding_box": [939, 361, 1073, 525]}, {"label": "car", "bounding_box": [914, 418, 1072, 536]}, {"label": "license plate", "bounding_box": [968, 461, 1016, 479]}, {"label": "car", "bounding_box": [1129, 426, 1216, 477]}, {"label": "dynamic", "bounding_box": [1441, 214, 2048, 365]}, {"label": "traffic sign", "bounding_box": [1368, 352, 1392, 393]}, {"label": "dynamic", "bounding_box": [1302, 301, 1395, 346]}, {"label": "dynamic", "bounding_box": [1350, 347, 1413, 368]}, {"label": "static", "bounding_box": [1240, 451, 1253, 474]}, {"label": "static", "bounding_box": [1269, 391, 1292, 413]}, {"label": "traffic sign", "bounding_box": [1293, 402, 1310, 417]}, {"label": "pole", "bounding_box": [1275, 454, 1282, 491]}, {"label": "person", "bounding_box": [1281, 423, 1308, 493]}, {"label": "static", "bounding_box": [1358, 478, 1404, 503]}, {"label": "persongroup", "bounding_box": [1358, 442, 1391, 480]}, {"label": "pole", "bounding_box": [1687, 489, 1725, 659]}, {"label": "static", "bounding_box": [1413, 467, 1577, 601]}, {"label": "pole", "bounding_box": [1891, 505, 1927, 711]}, {"label": "static", "bounding_box": [1848, 504, 2048, 723]}, {"label": "pole", "bounding_box": [1962, 511, 1999, 733]}, {"label": "static", "bounding_box": [1115, 1, 1158, 12]}, {"label": "bicyclegroup", "bounding_box": [1413, 467, 1577, 601]}, {"label": "motorcycle", "bounding_box": [1512, 454, 1729, 624]}, {"label": "motorcycle", "bounding_box": [1588, 431, 1880, 668]}, {"label": "pole", "bounding_box": [1779, 496, 1809, 670]}, {"label": "pole", "bounding_box": [1831, 500, 1862, 683]}, {"label": "bicycle", "bounding_box": [1848, 504, 2048, 723]}, {"label": "ego vehicle", "bounding_box": [271, 844, 2028, 1023]}, {"label": "out of roi", "bounding_box": [0, 0, 2048, 1024]}]}