{"imgHeight": 1024, "imgWidth": 2048, "objects": [{"label": "sky", "bounding_box": [551, 0, 1861, 376]}, {"label": "road", "bounding_box": [0, 395, 2048, 1024]}, {"label": "sidewalk", "bounding_box": [1225, 423, 2048, 798]}, {"label": "sidewalk", "bounding_box": [0, 408, 1164, 815]}, {"label": "static", "bounding_box": [1034, 382, 1323, 452]}, {"label": "vegetation", "bounding_box": [1147, 260, 1359, 450]}, {"label": "building", "bounding_box": [0, 1, 950, 500]}, {"label": "building", "bounding_box": [1100, 298, 1151, 360]}, {"label": "static", "bounding_box": [885, 397, 936, 451]}, {"label": "dynamic", "bounding_box": [527, 431, 689, 504]}, {"label": "vegetation", "bounding_box": [0, 0, 1173, 531]}, {"label": "car", "bounding_box": [1183, 419, 1200, 436]}, {"label": "bus", "bounding_box": [1137, 419, 1162, 446]}, {"label": "pole", "bounding_box": [1111, 414, 1115, 431]}, {"label": "pole", "bounding_box": [1096, 408, 1102, 427]}, {"label": "pole", "bounding_box": [1064, 401, 1070, 459]}, {"label": "car", "bounding_box": [1157, 424, 1180, 448]}, {"label": "car", "bounding_box": [1118, 427, 1147, 447]}, {"label": "car", "bounding_box": [1112, 429, 1142, 453]}, {"label": "car", "bounding_box": [1104, 431, 1128, 456]}, {"label": "car", "bounding_box": [1069, 424, 1116, 460]}, {"label": "car", "bounding_box": [1064, 426, 1109, 466]}, {"label": "traffic sign", "bounding_box": [1076, 399, 1085, 414]}, {"label": "pole", "bounding_box": [1047, 403, 1052, 460]}, {"label": "static", "bounding_box": [1038, 400, 1048, 445]}, {"label": "static", "bounding_box": [1064, 442, 1076, 470]}, {"label": "pole", "bounding_box": [999, 320, 1007, 430]}, {"label": "traffic sign", "bounding_box": [907, 346, 930, 381]}, {"label": "pole", "bounding_box": [914, 379, 923, 435]}, {"label": "static", "bounding_box": [867, 342, 882, 404]}, {"label": "static", "bounding_box": [981, 148, 1038, 165]}, {"label": "static", "bounding_box": [1046, 235, 1087, 248]}, {"label": "car", "bounding_box": [1005, 442, 1046, 474]}, {"label": "car", "bounding_box": [951, 425, 1022, 499]}, {"label": "car", "bounding_box": [899, 429, 1009, 511]}, {"label": "pole", "bounding_box": [629, 242, 652, 544]}, {"label": "car", "bounding_box": [720, 389, 922, 557]}, {"label": "dynamic", "bounding_box": [537, 470, 908, 670]}, {"label": "trailer", "bounding_box": [318, 437, 567, 681]}, {"label": "car", "bounding_box": [0, 238, 361, 817]}, {"label": "pole", "bounding_box": [1211, 417, 1214, 440]}, {"label": "pole", "bounding_box": [1219, 418, 1222, 442]}, {"label": "pole", "bounding_box": [1237, 418, 1240, 443]}, {"label": "wall", "bounding_box": [1279, 436, 1314, 454]}, {"label": "pole", "bounding_box": [1267, 407, 1269, 459]}, {"label": "traffic sign", "bounding_box": [1262, 384, 1276, 407]}, {"label": "building", "bounding_box": [1738, 0, 2048, 498]}, {"label": "vegetation", "bounding_box": [1239, 0, 1895, 474]}, {"label": "pole", "bounding_box": [1318, 392, 1323, 451]}, {"label": "traffic sign", "bounding_box": [1311, 360, 1329, 392]}, {"label": "pole", "bounding_box": [1317, 445, 1324, 474]}, {"label": "person", "bounding_box": [1343, 410, 1359, 468]}, {"label": "static", "bounding_box": [1399, 437, 1425, 469]}, {"label": "terrain", "bounding_box": [1408, 460, 1578, 474]}, {"label": "terrain", "bounding_box": [1505, 474, 1579, 492]}, {"label": "static", "bounding_box": [1583, 349, 1781, 443]}, {"label": "person", "bounding_box": [1513, 383, 1569, 509]}, {"label": "person", "bounding_box": [1477, 402, 1527, 515]}, {"label": "static", "bounding_box": [1800, 426, 1886, 463]}, {"label": "static", "bounding_box": [1922, 350, 2048, 467]}, {"label": "wall", "bounding_box": [1566, 485, 2048, 577]}, {"label": "fence", "bounding_box": [1569, 445, 2048, 548]}, {"label": "vegetation", "bounding_box": [1790, 0, 2048, 228]}, {"label": "pole", "bounding_box": [1732, 229, 1754, 593]}, {"label": "traffic sign", "bounding_box": [1699, 110, 1779, 233]}, {"label": "traffic sign", "bounding_box": [1668, 0, 1815, 104]}, {"label": "static", "bounding_box": [1589, 353, 1722, 624]}, {"label": "license plate", "bounding_box": [770, 468, 821, 488]}, {"label": "license plate", "bounding_box": [915, 463, 948, 473]}, {"label": "bicycle", "bounding_box": [1591, 469, 1713, 691]}, {"label": "rider", "bounding_box": [1589, 353, 1722, 624]}, {"label": "ego vehicle", "bounding_box": [271, 844, 2028, 1023]}, {"label": "out of roi", "bounding_box": [0, 0, 2048, 1024]}]}