{"imgHeight": 1024, "imgWidth": 2048, "objects": [{"label": "sky", "bounding_box": [671, 0, 1245, 412]}, {"label": "road", "bounding_box": [0, 387, 2048, 1024]}, {"label": "building", "bounding_box": [0, 0, 907, 495]}, {"label": "building", "bounding_box": [1153, 1, 2047, 472]}, {"label": "vegetation", "bounding_box": [914, 8, 1314, 432]}, {"label": "vegetation", "bounding_box": [774, 353, 955, 493]}, {"label": "static", "bounding_box": [903, 420, 969, 490]}, {"label": "pole", "bounding_box": [901, 412, 907, 467]}, {"label": "car", "bounding_box": [870, 464, 907, 491]}, {"label": "car", "bounding_box": [904, 468, 915, 491]}, {"label": "traffic sign", "bounding_box": [828, 430, 838, 447]}, {"label": "pole", "bounding_box": [824, 430, 827, 492]}, {"label": "pole", "bounding_box": [789, 425, 800, 491]}, {"label": "vegetation", "bounding_box": [744, 458, 771, 486]}, {"label": "car", "bounding_box": [656, 438, 727, 488]}, {"label": "static", "bounding_box": [1090, 364, 1113, 437]}, {"label": "traffic sign", "bounding_box": [1086, 389, 1116, 411]}, {"label": "static", "bounding_box": [1108, 410, 1195, 482]}, {"label": "sidewalk", "bounding_box": [1126, 464, 2048, 1024]}, {"label": "vegetation", "bounding_box": [1130, 373, 1353, 509]}, {"label": "pole", "bounding_box": [1241, 299, 1254, 506]}, {"label": "traffic sign", "bounding_box": [1201, 298, 1242, 356]}, {"label": "car", "bounding_box": [937, 408, 1143, 571]}, {"label": "sidewalk", "bounding_box": [479, 487, 749, 575]}, {"label": "car", "bounding_box": [511, 418, 626, 511]}, {"label": "car", "bounding_box": [438, 420, 578, 523]}, {"label": "car", "bounding_box": [250, 416, 535, 698]}, {"label": "vegetation", "bounding_box": [1288, 154, 2048, 574]}, {"label": "wall", "bounding_box": [1620, 532, 1886, 655]}, {"label": "traffic sign", "bounding_box": [1448, 87, 1599, 222]}, {"label": "pole", "bounding_box": [1594, 92, 1636, 575]}, {"label": "fence", "bounding_box": [1862, 382, 2048, 684]}, {"label": "static", "bounding_box": [1568, 436, 1702, 606]}, {"label": "license plate", "bounding_box": [1009, 474, 1071, 490]}, {"label": "static", "bounding_box": [877, 57, 899, 82]}, {"label": "static", "bounding_box": [908, 221, 920, 237]}, {"label": "vegetation", "bounding_box": [0, 0, 387, 319]}, {"label": "car", "bounding_box": [0, 279, 381, 896]}, {"label": "bicycle", "bounding_box": [1568, 436, 1702, 606]}, {"label": "ego vehicle", "bounding_box": [271, 844, 2028, 1023]}, {"label": "out of roi", "bounding_box": [0, 0, 2048, 1024]}]}