{"imgHeight": 1024, "imgWidth": 2048, "objects": [{"label": "sky", "bounding_box": [517, 0, 1569, 270]}, {"label": "road", "bounding_box": [0, 307, 2048, 1024]}, {"label": "sidewalk", "bounding_box": [809, 363, 2048, 744]}, {"label": "building", "bounding_box": [1363, 173, 1451, 362]}, {"label": "building", "bounding_box": [664, 0, 1427, 380]}, {"label": "wall", "bounding_box": [776, 253, 1196, 393]}, {"label": "static", "bounding_box": [1104, 167, 1197, 257]}, {"label": "pole", "bounding_box": [884, 290, 888, 380]}, {"label": "pole", "bounding_box": [807, 311, 811, 366]}, {"label": "pole", "bounding_box": [751, 319, 754, 366]}, {"label": "static", "bounding_box": [881, 273, 892, 291]}, {"label": "static", "bounding_box": [804, 292, 812, 309]}, {"label": "static", "bounding_box": [747, 309, 755, 320]}, {"label": "static", "bounding_box": [1036, 59, 1059, 67]}, {"label": "fence", "bounding_box": [1195, 358, 1440, 390]}, {"label": "vegetation", "bounding_box": [1386, 180, 1441, 379]}, {"label": "building", "bounding_box": [1425, 0, 2048, 562]}, {"label": "persongroup", "bounding_box": [708, 337, 760, 372]}, {"label": "building", "bounding_box": [0, 0, 758, 474]}, {"label": "traffic sign", "bounding_box": [497, 294, 546, 313]}, {"label": "person", "bounding_box": [669, 389, 697, 426]}, {"label": "person", "bounding_box": [643, 394, 678, 458]}, {"label": "person", "bounding_box": [751, 346, 770, 378]}, {"label": "person", "bounding_box": [766, 352, 783, 395]}, {"label": "person", "bounding_box": [780, 350, 793, 384]}, {"label": "static", "bounding_box": [792, 346, 821, 388]}, {"label": "person", "bounding_box": [816, 341, 835, 383]}, {"label": "person", "bounding_box": [837, 344, 857, 386]}, {"label": "person", "bounding_box": [827, 343, 847, 385]}, {"label": "person", "bounding_box": [802, 350, 828, 393]}, {"label": "person", "bounding_box": [877, 328, 898, 384]}, {"label": "person", "bounding_box": [893, 334, 913, 383]}, {"label": "person", "bounding_box": [905, 329, 926, 382]}, {"label": "person", "bounding_box": [933, 332, 948, 367]}, {"label": "person", "bounding_box": [937, 329, 956, 371]}, {"label": "person", "bounding_box": [960, 331, 982, 386]}, {"label": "static", "bounding_box": [912, 361, 939, 390]}, {"label": "static", "bounding_box": [917, 334, 943, 389]}, {"label": "dynamic", "bounding_box": [933, 363, 960, 395]}, {"label": "person", "bounding_box": [1010, 339, 1037, 389]}, {"label": "persongroup", "bounding_box": [1096, 335, 1137, 385]}, {"label": "person", "bounding_box": [1076, 341, 1101, 405]}, {"label": "person", "bounding_box": [1093, 337, 1118, 398]}, {"label": "person", "bounding_box": [1162, 333, 1178, 373]}, {"label": "person", "bounding_box": [1146, 339, 1170, 397]}, {"label": "person", "bounding_box": [1196, 332, 1223, 394]}, {"label": "person", "bounding_box": [1160, 354, 1190, 406]}, {"label": "person", "bounding_box": [1181, 354, 1206, 414]}, {"label": "person", "bounding_box": [1205, 353, 1238, 412]}, {"label": "person", "bounding_box": [1252, 355, 1277, 401]}, {"label": "person", "bounding_box": [1266, 345, 1294, 422]}, {"label": "car", "bounding_box": [1288, 351, 1391, 414]}, {"label": "person", "bounding_box": [1258, 374, 1292, 471]}, {"label": "person", "bounding_box": [1279, 373, 1323, 469]}, {"label": "car", "bounding_box": [1059, 377, 1164, 453]}, {"label": "person", "bounding_box": [1088, 373, 1136, 466]}, {"label": "person", "bounding_box": [1083, 399, 1133, 486]}, {"label": "car", "bounding_box": [1118, 393, 1263, 504]}, {"label": "person", "bounding_box": [1343, 365, 1384, 471]}, {"label": "car", "bounding_box": [1402, 362, 1438, 410]}, {"label": "person", "bounding_box": [1384, 366, 1415, 450]}, {"label": "person", "bounding_box": [1363, 368, 1407, 477]}, {"label": "person", "bounding_box": [1359, 408, 1394, 491]}, {"label": "person", "bounding_box": [1312, 370, 1361, 491]}, {"label": "person", "bounding_box": [1423, 360, 1460, 400]}, {"label": "person", "bounding_box": [1460, 360, 1509, 477]}, {"label": "person", "bounding_box": [1404, 367, 1457, 509]}, {"label": "person", "bounding_box": [1437, 354, 1482, 515]}, {"label": "person", "bounding_box": [1525, 359, 1551, 400]}, {"label": "person", "bounding_box": [1529, 354, 1580, 431]}, {"label": "person", "bounding_box": [1540, 353, 1647, 647]}, {"label": "person", "bounding_box": [1480, 375, 1571, 657]}, {"label": "person", "bounding_box": [1551, 362, 1648, 677]}, {"label": "person", "bounding_box": [1767, 385, 1829, 574]}, {"label": "person", "bounding_box": [1787, 366, 1884, 600]}, {"label": "person", "bounding_box": [1702, 323, 1783, 458]}, {"label": "person", "bounding_box": [1687, 364, 1774, 601]}, {"label": "car", "bounding_box": [1836, 257, 2048, 899]}, {"label": "car", "bounding_box": [968, 394, 1057, 440]}, {"label": "car", "bounding_box": [953, 399, 1059, 514]}, {"label": "car", "bounding_box": [859, 394, 1017, 546]}, {"label": "car", "bounding_box": [643, 389, 911, 602]}, {"label": "car", "bounding_box": [51, 419, 150, 472]}, {"label": "car", "bounding_box": [78, 411, 303, 481]}, {"label": "car", "bounding_box": [116, 410, 500, 552]}, {"label": "car", "bounding_box": [17, 435, 292, 598]}, {"label": "car", "bounding_box": [0, 408, 119, 697]}, {"label": "car", "bounding_box": [131, 434, 807, 768]}, {"label": "license plate", "bounding_box": [247, 655, 412, 695]}, {"label": "ego vehicle", "bounding_box": [271, 844, 2028, 1023]}, {"label": "out of roi", "bounding_box": [0, 0, 2048, 1024]}]}