{"imgHeight": 1024, "imgWidth": 2048, "objects": [{"label": "sky", "bounding_box": [562, 0, 1386, 290]}, {"label": "static", "bounding_box": [920, 1, 1077, 138]}, {"label": "static", "bounding_box": [1010, 52, 1034, 60]}, {"label": "road", "bounding_box": [0, 353, 2048, 1024]}, {"label": "ground", "bounding_box": [1195, 436, 2048, 1024]}, {"label": "ground", "bounding_box": [0, 433, 914, 658]}, {"label": "building", "bounding_box": [957, 340, 1104, 427]}, {"label": "building", "bounding_box": [560, 0, 917, 421]}, {"label": "building", "bounding_box": [1135, 0, 1367, 447]}, {"label": "building", "bounding_box": [1307, 0, 2048, 519]}, {"label": "static", "bounding_box": [998, 331, 1048, 367]}, {"label": "vegetation", "bounding_box": [876, 173, 1028, 408]}, {"label": "vegetation", "bounding_box": [1021, 228, 1160, 408]}, {"label": "static", "bounding_box": [990, 250, 1051, 311]}, {"label": "static", "bounding_box": [783, 381, 1001, 453]}, {"label": "bus", "bounding_box": [583, 375, 797, 459]}, {"label": "static", "bounding_box": [792, 396, 826, 447]}, {"label": "person", "bounding_box": [954, 419, 971, 457]}, {"label": "person", "bounding_box": [941, 409, 957, 455]}, {"label": "person", "bounding_box": [922, 411, 944, 454]}, {"label": "static", "bounding_box": [987, 375, 1010, 415]}, {"label": "person", "bounding_box": [906, 416, 922, 459]}, {"label": "dynamic", "bounding_box": [900, 441, 915, 464]}, {"label": "person", "bounding_box": [882, 414, 906, 468]}, {"label": "train", "bounding_box": [1072, 317, 1155, 466]}, {"label": "person", "bounding_box": [986, 381, 1026, 469]}, {"label": "motorcycle", "bounding_box": [928, 422, 1152, 579]}, {"label": "static", "bounding_box": [996, 385, 1114, 553]}, {"label": "person", "bounding_box": [1156, 420, 1169, 450]}, {"label": "person", "bounding_box": [1168, 420, 1179, 451]}, {"label": "person", "bounding_box": [1188, 422, 1198, 452]}, {"label": "person", "bounding_box": [1197, 420, 1212, 453]}, {"label": "person", "bounding_box": [1225, 419, 1240, 457]}, {"label": "person", "bounding_box": [1243, 419, 1252, 456]}, {"label": "person", "bounding_box": [1235, 419, 1246, 457]}, {"label": "vegetation", "bounding_box": [1253, 306, 1335, 401]}, {"label": "person", "bounding_box": [1209, 419, 1225, 466]}, {"label": "pole", "bounding_box": [1259, 408, 1265, 454]}, {"label": "traffic sign", "bounding_box": [1252, 373, 1269, 397]}, {"label": "traffic sign", "bounding_box": [1253, 397, 1270, 413]}, {"label": "person", "bounding_box": [1257, 410, 1280, 451]}, {"label": "person", "bounding_box": [1261, 419, 1280, 471]}, {"label": "person", "bounding_box": [1243, 418, 1269, 471]}, {"label": "person", "bounding_box": [1272, 415, 1298, 477]}, {"label": "pole", "bounding_box": [1284, 114, 1301, 492]}, {"label": "person", "bounding_box": [1311, 409, 1339, 483]}, {"label": "pole", "bounding_box": [1296, 81, 1312, 494]}, {"label": "static", "bounding_box": [1268, 256, 1296, 284]}, {"label": "building", "bounding_box": [0, 0, 653, 495]}, {"label": "dynamic", "bounding_box": [369, 410, 670, 503]}, {"label": "person", "bounding_box": [1349, 408, 1371, 478]}, {"label": "person", "bounding_box": [1385, 412, 1401, 449]}, {"label": "person", "bounding_box": [1333, 412, 1360, 491]}, {"label": "person", "bounding_box": [1353, 414, 1385, 490]}, {"label": "person", "bounding_box": [1386, 403, 1418, 490]}, {"label": "person", "bounding_box": [1362, 406, 1403, 508]}, {"label": "person", "bounding_box": [1416, 399, 1451, 472]}, {"label": "pole", "bounding_box": [1420, 247, 1433, 494]}, {"label": "static", "bounding_box": [1398, 228, 1453, 247]}, {"label": "pole", "bounding_box": [1349, 479, 1356, 510]}, {"label": "pole", "bounding_box": [1369, 480, 1373, 510]}, {"label": "pole", "bounding_box": [1397, 477, 1402, 509]}, {"label": "pole", "bounding_box": [1345, 477, 1406, 482]}, {"label": "person", "bounding_box": [1461, 406, 1494, 500]}, {"label": "person", "bounding_box": [1467, 382, 1511, 506]}, {"label": "person", "bounding_box": [1507, 392, 1545, 505]}, {"label": "person", "bounding_box": [1519, 398, 1565, 500]}, {"label": "static", "bounding_box": [1423, 425, 1463, 525]}, {"label": "pole", "bounding_box": [1455, 493, 1461, 540]}, {"label": "pole", "bounding_box": [1477, 491, 1482, 535]}, {"label": "pole", "bounding_box": [1518, 493, 1526, 535]}, {"label": "pole", "bounding_box": [1446, 489, 1529, 496]}, {"label": "person", "bounding_box": [1782, 353, 1861, 548]}, {"label": "vegetation", "bounding_box": [1561, 0, 1814, 599]}, {"label": "person", "bounding_box": [1955, 355, 2040, 567]}, {"label": "person", "bounding_box": [1904, 344, 1968, 573]}, {"label": "person", "bounding_box": [2018, 388, 2048, 473]}, {"label": "pole", "bounding_box": [1875, 0, 1921, 607]}, {"label": "static", "bounding_box": [1868, 357, 1883, 415]}, {"label": "pole", "bounding_box": [1983, 0, 2014, 652]}, {"label": "static", "bounding_box": [1130, 103, 1150, 108]}, {"label": "static", "bounding_box": [613, 248, 647, 282]}, {"label": "static", "bounding_box": [597, 230, 761, 334]}, {"label": "person", "bounding_box": [763, 409, 787, 449]}, {"label": "pole", "bounding_box": [778, 350, 782, 449]}, {"label": "person", "bounding_box": [844, 420, 864, 457]}, {"label": "person", "bounding_box": [832, 435, 852, 465]}, {"label": "dynamic", "bounding_box": [631, 332, 846, 450]}, {"label": "dynamic", "bounding_box": [578, 332, 813, 474]}, {"label": "person", "bounding_box": [815, 433, 841, 487]}, {"label": "person", "bounding_box": [792, 431, 817, 487]}, {"label": "person", "bounding_box": [782, 432, 802, 480]}, {"label": "dynamic", "bounding_box": [838, 445, 860, 489]}, {"label": "dynamic", "bounding_box": [802, 455, 842, 494]}, {"label": "person", "bounding_box": [752, 419, 771, 444]}, {"label": "person", "bounding_box": [757, 427, 782, 462]}, {"label": "person", "bounding_box": [739, 431, 776, 506]}, {"label": "dynamic", "bounding_box": [763, 461, 797, 508]}, {"label": "dynamic", "bounding_box": [729, 460, 767, 505]}, {"label": "person", "bounding_box": [642, 401, 665, 435]}, {"label": "person", "bounding_box": [609, 399, 642, 440]}, {"label": "person", "bounding_box": [588, 396, 612, 432]}, {"label": "dynamic", "bounding_box": [538, 308, 754, 464]}, {"label": "person", "bounding_box": [613, 423, 655, 480]}, {"label": "person", "bounding_box": [588, 427, 620, 475]}, {"label": "person", "bounding_box": [600, 424, 673, 517]}, {"label": "persongroup", "bounding_box": [559, 429, 612, 519]}, {"label": "dynamic", "bounding_box": [560, 465, 604, 514]}, {"label": "dynamic", "bounding_box": [636, 466, 676, 516]}, {"label": "persongroup", "bounding_box": [532, 396, 572, 451]}, {"label": "persongroup", "bounding_box": [505, 399, 536, 451]}, {"label": "person", "bounding_box": [490, 401, 516, 435]}, {"label": "person", "bounding_box": [470, 395, 501, 429]}, {"label": "person", "bounding_box": [451, 397, 479, 435]}, {"label": "dynamic", "bounding_box": [526, 455, 566, 497]}, {"label": "dynamic", "bounding_box": [372, 285, 665, 507]}, {"label": "person", "bounding_box": [497, 418, 529, 496]}, {"label": "dynamic", "bounding_box": [500, 451, 526, 501]}, {"label": "person", "bounding_box": [474, 419, 508, 470]}, {"label": "person", "bounding_box": [444, 422, 477, 471]}, {"label": "person", "bounding_box": [391, 399, 427, 452]}, {"label": "person", "bounding_box": [367, 383, 402, 458]}, {"label": "static", "bounding_box": [331, 388, 363, 437]}, {"label": "person", "bounding_box": [304, 412, 350, 487]}, {"label": "person", "bounding_box": [266, 412, 304, 488]}, {"label": "dynamic", "bounding_box": [281, 439, 320, 486]}, {"label": "dynamic", "bounding_box": [314, 442, 359, 490]}, {"label": "person", "bounding_box": [395, 424, 420, 505]}, {"label": "person", "bounding_box": [406, 416, 450, 501]}, {"label": "dynamic", "bounding_box": [412, 453, 450, 507]}, {"label": "person", "bounding_box": [353, 414, 408, 507]}, {"label": "dynamic", "bounding_box": [353, 452, 397, 506]}, {"label": "person", "bounding_box": [455, 420, 490, 507]}, {"label": "dynamic", "bounding_box": [466, 454, 509, 509]}, {"label": "person", "bounding_box": [201, 413, 256, 492]}, {"label": "person", "bounding_box": [151, 413, 202, 492]}, {"label": "person", "bounding_box": [128, 410, 183, 492]}, {"label": "person", "bounding_box": [106, 410, 157, 491]}, {"label": "dynamic", "bounding_box": [156, 441, 251, 492]}, {"label": "dynamic", "bounding_box": [109, 447, 155, 499]}, {"label": "person", "bounding_box": [235, 392, 295, 506]}, {"label": "person", "bounding_box": [63, 381, 115, 509]}, {"label": "person", "bounding_box": [0, 378, 44, 511]}, {"label": "person", "bounding_box": [0, 363, 24, 530]}, {"label": "traffic sign", "bounding_box": [0, 288, 41, 304]}, {"label": "traffic sign", "bounding_box": [64, 289, 92, 305]}, {"label": "person", "bounding_box": [670, 422, 710, 489]}, {"label": "dynamic", "bounding_box": [671, 455, 713, 512]}, {"label": "person", "bounding_box": [673, 383, 742, 543]}, {"label": "rider", "bounding_box": [996, 385, 1114, 553]}, {"label": "traffic sign", "bounding_box": [767, 328, 794, 370]}, {"label": "ego vehicle", "bounding_box": [271, 844, 2028, 1023]}, {"label": "out of roi", "bounding_box": [0, 0, 2048, 1024]}]}