{"imgHeight": 1024, "imgWidth": 2048, "objects": [{"label": "static", "bounding_box": [1306, 224, 2048, 469]}, {"label": "sky", "bounding_box": [1136, 3, 2048, 397]}, {"label": "building", "bounding_box": [2019, 106, 2048, 229]}, {"label": "sky", "bounding_box": [635, 3, 926, 325]}, {"label": "vegetation", "bounding_box": [1733, 144, 2044, 398]}, {"label": "ground", "bounding_box": [1751, 496, 2049, 532]}, {"label": "road", "bounding_box": [0, 430, 2048, 1024]}, {"label": "sidewalk", "bounding_box": [1158, 441, 2048, 487]}, {"label": "building", "bounding_box": [1266, 251, 1778, 407]}, {"label": "fence", "bounding_box": [1154, 393, 2048, 455]}, {"label": "sidewalk", "bounding_box": [0, 439, 762, 501]}, {"label": "building", "bounding_box": [0, 0, 959, 477]}, {"label": "vegetation", "bounding_box": [0, 2, 625, 342]}, {"label": "vegetation", "bounding_box": [803, 3, 1287, 424]}, {"label": "pole", "bounding_box": [150, 301, 168, 493]}, {"label": "pole", "bounding_box": [352, 251, 370, 486]}, {"label": "pole", "bounding_box": [0, 238, 31, 485]}, {"label": "pole", "bounding_box": [1114, 1, 1149, 412]}, {"label": "pole", "bounding_box": [1566, 3, 1602, 471]}, {"label": "traffic light", "bounding_box": [361, 328, 380, 376]}, {"label": "pole", "bounding_box": [1815, 250, 1833, 474]}, {"label": "pole", "bounding_box": [1842, 336, 1854, 395]}, {"label": "pole", "bounding_box": [1200, 427, 1207, 476]}, {"label": "pole", "bounding_box": [1461, 427, 1468, 478]}, {"label": "pole", "bounding_box": [1710, 423, 1716, 476]}, {"label": "pole", "bounding_box": [98, 384, 104, 421]}, {"label": "traffic sign", "bounding_box": [606, 379, 616, 391]}, {"label": "traffic sign", "bounding_box": [87, 347, 113, 385]}, {"label": "static", "bounding_box": [257, 349, 319, 367]}, {"label": "traffic light", "bounding_box": [1797, 269, 1818, 324]}, {"label": "static", "bounding_box": [1830, 387, 1868, 511]}, {"label": "static", "bounding_box": [1141, 377, 1176, 409]}, {"label": "static", "bounding_box": [91, 420, 121, 495]}, {"label": "traffic sign", "bounding_box": [1823, 276, 1869, 337]}, {"label": "pole", "bounding_box": [1000, 104, 1007, 141]}, {"label": "pole", "bounding_box": [1022, 371, 1029, 398]}, {"label": "traffic sign", "bounding_box": [1566, 310, 1633, 325]}, {"label": "train", "bounding_box": [1269, 381, 1470, 406]}, {"label": "person", "bounding_box": [1382, 366, 1416, 459]}, {"label": "pole", "bounding_box": [1313, 431, 1321, 478]}, {"label": "car", "bounding_box": [724, 421, 757, 443]}, {"label": "car", "bounding_box": [747, 425, 786, 452]}, {"label": "cargroup", "bounding_box": [803, 420, 850, 441]}, {"label": "car", "bounding_box": [858, 421, 881, 437]}, {"label": "cargroup", "bounding_box": [891, 420, 932, 438]}, {"label": "static", "bounding_box": [1682, 234, 1733, 329]}, {"label": "static", "bounding_box": [1712, 273, 1734, 280]}, {"label": "static", "bounding_box": [1742, 283, 1761, 289]}, {"label": "static", "bounding_box": [1668, 310, 1674, 336]}, {"label": "static", "bounding_box": [1519, 292, 1540, 296]}, {"label": "pole", "bounding_box": [1528, 297, 1534, 318]}, {"label": "pole", "bounding_box": [1721, 280, 1725, 306]}, {"label": "pole", "bounding_box": [1750, 291, 1752, 305]}, {"label": "dynamic", "bounding_box": [219, 402, 247, 474]}, {"label": "person", "bounding_box": [456, 409, 479, 466]}, {"label": "traffic light", "bounding_box": [345, 352, 366, 373]}, {"label": "dynamic", "bounding_box": [411, 428, 437, 480]}, {"label": "pole", "bounding_box": [519, 441, 524, 473]}, {"label": "pole", "bounding_box": [505, 441, 510, 474]}, {"label": "pole", "bounding_box": [491, 441, 494, 475]}, {"label": "pole", "bounding_box": [473, 435, 478, 479]}, {"label": "static", "bounding_box": [444, 438, 460, 483]}, {"label": "static", "bounding_box": [1107, 305, 1116, 348]}, {"label": "static", "bounding_box": [707, 53, 745, 68]}, {"label": "car", "bounding_box": [862, 395, 1178, 497]}, {"label": "ego vehicle", "bounding_box": [271, 844, 2028, 1023]}, {"label": "out of roi", "bounding_box": [0, 0, 2048, 1024]}]}