{"imgHeight": 1024, "imgWidth": 2048, "objects": [{"label": "road", "bounding_box": [0, 339, 2048, 1024]}, {"label": "vegetation", "bounding_box": [0, 0, 1299, 463]}, {"label": "sky", "bounding_box": [484, 0, 1286, 168]}, {"label": "sidewalk", "bounding_box": [1242, 458, 2048, 711]}, {"label": "static", "bounding_box": [1267, 427, 1296, 458]}, {"label": "building", "bounding_box": [1277, 0, 2048, 552]}, {"label": "pole", "bounding_box": [1430, 237, 1439, 508]}, {"label": "traffic sign", "bounding_box": [1437, 251, 1497, 272]}, {"label": "traffic sign", "bounding_box": [1437, 236, 1517, 257]}, {"label": "traffic sign", "bounding_box": [1437, 264, 1497, 276]}, {"label": "sky", "bounding_box": [18, 0, 115, 65]}, {"label": "building", "bounding_box": [0, 0, 76, 128]}, {"label": "sidewalk", "bounding_box": [0, 455, 332, 548]}, {"label": "pole", "bounding_box": [291, 377, 299, 442]}, {"label": "traffic light", "bounding_box": [287, 385, 304, 413]}, {"label": "pole", "bounding_box": [339, 350, 348, 448]}, {"label": "static", "bounding_box": [239, 438, 266, 459]}, {"label": "wall", "bounding_box": [0, 380, 242, 519]}, {"label": "static", "bounding_box": [113, 375, 132, 392]}, {"label": "static", "bounding_box": [175, 374, 191, 470]}, {"label": "traffic light", "bounding_box": [234, 400, 245, 419]}, {"label": "pole", "bounding_box": [247, 409, 254, 460]}, {"label": "traffic sign", "bounding_box": [245, 406, 268, 412]}, {"label": "static", "bounding_box": [193, 278, 281, 354]}, {"label": "static", "bounding_box": [230, 353, 278, 363]}, {"label": "static", "bounding_box": [236, 364, 272, 373]}, {"label": "static", "bounding_box": [236, 373, 273, 382]}, {"label": "pole", "bounding_box": [248, 271, 259, 457]}, {"label": "static", "bounding_box": [361, 318, 386, 351]}, {"label": "car", "bounding_box": [302, 435, 350, 450]}, {"label": "car", "bounding_box": [358, 420, 419, 455]}, {"label": "car", "bounding_box": [409, 436, 461, 466]}, {"label": "car", "bounding_box": [350, 439, 427, 499]}, {"label": "car", "bounding_box": [219, 439, 374, 531]}, {"label": "ground", "bounding_box": [444, 464, 582, 513]}, {"label": "pole", "bounding_box": [541, 294, 549, 393]}, {"label": "pole", "bounding_box": [476, 369, 484, 400]}, {"label": "traffic light", "bounding_box": [472, 378, 487, 396]}, {"label": "building", "bounding_box": [483, 386, 736, 467]}, {"label": "pole", "bounding_box": [470, 419, 474, 440]}, {"label": "static", "bounding_box": [468, 438, 477, 465]}, {"label": "static", "bounding_box": [463, 408, 480, 422]}, {"label": "static", "bounding_box": [544, 393, 572, 418]}, {"label": "car", "bounding_box": [510, 427, 581, 465]}, {"label": "static", "bounding_box": [500, 357, 532, 389]}, {"label": "static", "bounding_box": [510, 110, 542, 122]}, {"label": "static", "bounding_box": [630, 244, 652, 252]}, {"label": "static", "bounding_box": [916, 113, 950, 124]}, {"label": "static", "bounding_box": [843, 219, 862, 229]}, {"label": "static", "bounding_box": [810, 203, 836, 212]}, {"label": "traffic sign", "bounding_box": [713, 398, 724, 409]}, {"label": "pole", "bounding_box": [713, 397, 716, 441]}, {"label": "traffic light", "bounding_box": [664, 394, 672, 416]}, {"label": "pole", "bounding_box": [669, 389, 675, 460]}, {"label": "pole", "bounding_box": [704, 383, 707, 443]}, {"label": "traffic sign", "bounding_box": [686, 380, 715, 387]}, {"label": "car", "bounding_box": [700, 428, 810, 461]}, {"label": "pole", "bounding_box": [747, 363, 754, 460]}, {"label": "car", "bounding_box": [895, 414, 940, 476]}, {"label": "car", "bounding_box": [926, 401, 1021, 473]}, {"label": "pole", "bounding_box": [799, 385, 804, 461]}, {"label": "car", "bounding_box": [962, 419, 1005, 477]}, {"label": "ground", "bounding_box": [679, 458, 967, 496]}, {"label": "static", "bounding_box": [702, 437, 710, 460]}, {"label": "static", "bounding_box": [743, 406, 758, 422]}, {"label": "traffic sign", "bounding_box": [743, 349, 757, 365]}, {"label": "car", "bounding_box": [1065, 415, 1126, 465]}, {"label": "pole", "bounding_box": [1019, 362, 1025, 418]}, {"label": "traffic light", "bounding_box": [752, 367, 766, 400]}, {"label": "traffic light", "bounding_box": [741, 386, 750, 397]}, {"label": "person", "bounding_box": [761, 414, 778, 464]}, {"label": "pole", "bounding_box": [865, 191, 880, 377]}, {"label": "pole", "bounding_box": [827, 363, 831, 397]}, {"label": "pole", "bounding_box": [818, 384, 823, 413]}, {"label": "pole", "bounding_box": [1046, 379, 1050, 419]}, {"label": "car", "bounding_box": [1080, 420, 1154, 480]}, {"label": "static", "bounding_box": [799, 382, 822, 389]}, {"label": "traffic sign", "bounding_box": [799, 365, 822, 378]}, {"label": "static", "bounding_box": [799, 375, 822, 383]}, {"label": "car", "bounding_box": [976, 416, 1099, 511]}, {"label": "traffic light", "bounding_box": [1016, 367, 1030, 398]}, {"label": "pole", "bounding_box": [918, 393, 923, 431]}, {"label": "traffic sign", "bounding_box": [907, 404, 934, 420]}, {"label": "traffic sign", "bounding_box": [904, 365, 935, 396]}, {"label": "static", "bounding_box": [912, 422, 932, 487]}, {"label": "building", "bounding_box": [810, 372, 902, 469]}, {"label": "building", "bounding_box": [474, 387, 550, 477]}, {"label": "pole", "bounding_box": [518, 383, 526, 476]}, {"label": "static", "bounding_box": [497, 434, 514, 478]}, {"label": "pole", "bounding_box": [1127, 363, 1137, 426]}, {"label": "traffic light", "bounding_box": [1116, 370, 1128, 395]}, {"label": "traffic light", "bounding_box": [1133, 368, 1140, 395]}, {"label": "traffic light", "bounding_box": [1138, 383, 1148, 405]}, {"label": "car", "bounding_box": [1132, 420, 1180, 489]}, {"label": "car", "bounding_box": [1146, 415, 1258, 501]}, {"label": "person", "bounding_box": [823, 409, 838, 463]}, {"label": "person", "bounding_box": [815, 402, 829, 464]}, {"label": "ego vehicle", "bounding_box": [271, 844, 2028, 1023]}, {"label": "out of roi", "bounding_box": [0, 0, 2048, 1024]}]}