{"imgHeight": 1024, "imgWidth": 2048, "objects": [{"label": "sky", "bounding_box": [476, 0, 1947, 340]}, {"label": "road", "bounding_box": [0, 440, 2048, 1024]}, {"label": "sidewalk", "bounding_box": [751, 471, 1241, 556]}, {"label": "sidewalk", "bounding_box": [1417, 466, 1821, 556]}, {"label": "sidewalk", "bounding_box": [1082, 476, 1233, 517]}, {"label": "building", "bounding_box": [0, 0, 1440, 507]}, {"label": "static", "bounding_box": [1310, 372, 1454, 443]}, {"label": "sidewalk", "bounding_box": [1424, 474, 1825, 567]}, {"label": "building", "bounding_box": [1420, 199, 1848, 514]}, {"label": "building", "bounding_box": [1813, 2, 2048, 516]}, {"label": "train", "bounding_box": [110, 302, 972, 505]}, {"label": "pole", "bounding_box": [966, 101, 982, 277]}, {"label": "pole", "bounding_box": [832, 2, 852, 275]}, {"label": "pole", "bounding_box": [827, 342, 850, 510]}, {"label": "pole", "bounding_box": [1051, 168, 1064, 302]}, {"label": "pole", "bounding_box": [1109, 212, 1118, 326]}, {"label": "pole", "bounding_box": [1149, 246, 1158, 342]}, {"label": "pole", "bounding_box": [673, 165, 686, 275]}, {"label": "pole", "bounding_box": [787, 209, 796, 275]}, {"label": "pole", "bounding_box": [1180, 268, 1188, 356]}, {"label": "pole", "bounding_box": [229, 0, 249, 270]}, {"label": "pole", "bounding_box": [870, 243, 880, 275]}, {"label": "pole", "bounding_box": [118, 88, 126, 270]}, {"label": "pole", "bounding_box": [46, 281, 61, 435]}, {"label": "pole", "bounding_box": [747, 167, 753, 275]}, {"label": "static", "bounding_box": [726, 150, 769, 167]}, {"label": "traffic light", "bounding_box": [59, 335, 88, 361]}, {"label": "pole", "bounding_box": [927, 280, 947, 534]}, {"label": "traffic light", "bounding_box": [925, 297, 961, 366]}, {"label": "pole", "bounding_box": [1279, 211, 1289, 405]}, {"label": "static", "bounding_box": [1263, 201, 1308, 216]}, {"label": "pole", "bounding_box": [1495, 0, 1515, 492]}, {"label": "car", "bounding_box": [1847, 429, 2024, 557]}, {"label": "car", "bounding_box": [1903, 429, 2048, 602]}, {"label": "static", "bounding_box": [2019, 424, 2048, 589]}, {"label": "static", "bounding_box": [1379, 166, 1433, 311]}, {"label": "pole", "bounding_box": [1452, 47, 1462, 276]}, {"label": "car", "bounding_box": [1415, 427, 1447, 469]}, {"label": "person", "bounding_box": [1158, 418, 1207, 541]}, {"label": "person", "bounding_box": [1136, 420, 1176, 539]}, {"label": "person", "bounding_box": [1075, 420, 1107, 546]}, {"label": "person", "bounding_box": [1377, 400, 1431, 532]}, {"label": "cargroup", "bounding_box": [1689, 450, 1802, 520]}, {"label": "car", "bounding_box": [1223, 413, 1411, 576]}, {"label": "persongroup", "bounding_box": [1769, 394, 1884, 547]}, {"label": "person", "bounding_box": [1713, 429, 1755, 530]}, {"label": "static", "bounding_box": [1595, 319, 1644, 413]}, {"label": "static", "bounding_box": [1468, 401, 1495, 487]}, {"label": "person", "bounding_box": [1656, 422, 1727, 533]}, {"label": "person", "bounding_box": [1436, 399, 1494, 544]}, {"label": "person", "bounding_box": [943, 415, 967, 518]}, {"label": "license plate", "bounding_box": [1296, 521, 1331, 540]}, {"label": "person", "bounding_box": [1492, 403, 1517, 519]}, {"label": "person", "bounding_box": [1565, 410, 1583, 514]}, {"label": "person", "bounding_box": [1538, 404, 1574, 515]}, {"label": "person", "bounding_box": [1599, 437, 1625, 515]}, {"label": "person", "bounding_box": [1610, 407, 1649, 509]}, {"label": "person", "bounding_box": [1616, 400, 1697, 537]}, {"label": "person", "bounding_box": [1571, 411, 1610, 515]}, {"label": "person", "bounding_box": [1518, 408, 1536, 507]}, {"label": "pole", "bounding_box": [1513, 271, 1531, 535]}, {"label": "person", "bounding_box": [1521, 418, 1551, 528]}, {"label": "person", "bounding_box": [1022, 414, 1063, 538]}, {"label": "person", "bounding_box": [1023, 421, 1085, 541]}, {"label": "dynamic", "bounding_box": [978, 464, 1046, 542]}, {"label": "person", "bounding_box": [745, 419, 773, 505]}, {"label": "person", "bounding_box": [763, 411, 794, 507]}, {"label": "person", "bounding_box": [773, 416, 805, 507]}, {"label": "person", "bounding_box": [724, 424, 763, 505]}, {"label": "traffic light", "bounding_box": [1502, 279, 1533, 355]}, {"label": "person", "bounding_box": [667, 409, 725, 502]}, {"label": "person", "bounding_box": [844, 408, 881, 523]}, {"label": "person", "bounding_box": [867, 409, 910, 537]}, {"label": "ground", "bounding_box": [0, 532, 941, 749]}, {"label": "building", "bounding_box": [326, 0, 854, 563]}, {"label": "terrain", "bounding_box": [0, 536, 712, 675]}, {"label": "terrain", "bounding_box": [0, 503, 442, 616]}, {"label": "terrain", "bounding_box": [0, 425, 415, 584]}, {"label": "wall", "bounding_box": [0, 553, 706, 710]}, {"label": "vegetation", "bounding_box": [0, 425, 415, 584]}, {"label": "vegetation", "bounding_box": [0, 503, 442, 616]}, {"label": "ego vehicle", "bounding_box": [271, 844, 2028, 1023]}, {"label": "out of roi", "bounding_box": [0, 0, 2048, 1024]}]}