{"imgHeight": 1024, "imgWidth": 2048, "objects": [{"label": "sky", "bounding_box": [222, 0, 1276, 384]}, {"label": "road", "bounding_box": [0, 381, 2048, 1024]}, {"label": "building", "bounding_box": [892, 242, 992, 365]}, {"label": "sidewalk", "bounding_box": [1056, 424, 2048, 1024]}, {"label": "static", "bounding_box": [982, 383, 1134, 446]}, {"label": "vegetation", "bounding_box": [952, 256, 1143, 438]}, {"label": "car", "bounding_box": [999, 414, 1015, 428]}, {"label": "car", "bounding_box": [1019, 402, 1034, 416]}, {"label": "car", "bounding_box": [1022, 423, 1038, 434]}, {"label": "motorcycle", "bounding_box": [1018, 434, 1024, 451]}, {"label": "static", "bounding_box": [1014, 419, 1027, 449]}, {"label": "static", "bounding_box": [899, 392, 950, 437]}, {"label": "car", "bounding_box": [974, 415, 987, 430]}, {"label": "car", "bounding_box": [957, 412, 980, 434]}, {"label": "car", "bounding_box": [945, 413, 970, 438]}, {"label": "vegetation", "bounding_box": [378, 1, 982, 420]}, {"label": "pole", "bounding_box": [936, 408, 937, 439]}, {"label": "traffic sign", "bounding_box": [934, 397, 940, 408]}, {"label": "pole", "bounding_box": [1093, 404, 1098, 441]}, {"label": "vegetation", "bounding_box": [1020, 0, 2048, 515]}, {"label": "traffic light", "bounding_box": [1088, 382, 1099, 404]}, {"label": "pole", "bounding_box": [1073, 211, 1176, 369]}, {"label": "pole", "bounding_box": [1067, 268, 1137, 444]}, {"label": "building", "bounding_box": [1119, 367, 1187, 461]}, {"label": "wall", "bounding_box": [1185, 428, 1307, 468]}, {"label": "pole", "bounding_box": [1267, 322, 1276, 462]}, {"label": "pole", "bounding_box": [1306, 343, 1314, 427]}, {"label": "static", "bounding_box": [1306, 308, 1313, 348]}, {"label": "traffic sign", "bounding_box": [1251, 350, 1289, 362]}, {"label": "traffic sign", "bounding_box": [1207, 340, 1269, 356]}, {"label": "pole", "bounding_box": [1210, 314, 1223, 522]}, {"label": "traffic sign", "bounding_box": [1193, 241, 1237, 314]}, {"label": "static", "bounding_box": [1235, 456, 1284, 490]}, {"label": "car", "bounding_box": [1331, 411, 1415, 498]}, {"label": "wall", "bounding_box": [1384, 444, 2048, 655]}, {"label": "pole", "bounding_box": [914, 367, 918, 425]}, {"label": "car", "bounding_box": [904, 425, 933, 465]}, {"label": "building", "bounding_box": [1, 8, 563, 448]}, {"label": "car", "bounding_box": [398, 388, 454, 411]}, {"label": "car", "bounding_box": [237, 389, 408, 427]}, {"label": "car", "bounding_box": [2, 395, 182, 477]}, {"label": "vegetation", "bounding_box": [0, 0, 397, 413]}, {"label": "car", "bounding_box": [357, 406, 558, 565]}, {"label": "bus", "bounding_box": [513, 239, 906, 571]}, {"label": "vegetation", "bounding_box": [302, 128, 565, 403]}, {"label": "terrain", "bounding_box": [0, 422, 75, 546]}, {"label": "license plate", "bounding_box": [87, 554, 141, 573]}, {"label": "license plate", "bounding_box": [676, 521, 715, 534]}, {"label": "static", "bounding_box": [850, 0, 899, 16]}, {"label": "bicycle", "bounding_box": [1235, 456, 1284, 490]}, {"label": "rider", "bounding_box": [1014, 419, 1027, 449]}, {"label": "vegetation", "bounding_box": [0, 422, 75, 546]}, {"label": "car", "bounding_box": [19, 408, 404, 628]}, {"label": "license plate", "bounding_box": [87, 556, 141, 572]}, {"label": "pole", "bounding_box": [1087, 399, 1090, 440]}, {"label": "pole", "bounding_box": [1075, 395, 1078, 440]}, {"label": "traffic light", "bounding_box": [1070, 386, 1079, 406]}, {"label": "ego vehicle", "bounding_box": [271, 844, 2028, 1023]}, {"label": "out of roi", "bounding_box": [0, 0, 2048, 1024]}]}