{"imgHeight": 1024, "imgWidth": 2048, "objects": [{"label": "sky", "bounding_box": [458, 1, 1029, 497]}, {"label": "road", "bounding_box": [0, 496, 2048, 1024]}, {"label": "vegetation", "bounding_box": [888, 295, 1012, 425]}, {"label": "building", "bounding_box": [884, 370, 995, 446]}, {"label": "vegetation", "bounding_box": [492, 47, 1006, 511]}, {"label": "sidewalk", "bounding_box": [1, 514, 865, 719]}, {"label": "building", "bounding_box": [0, 3, 517, 600]}, {"label": "vegetation", "bounding_box": [477, 401, 721, 482]}, {"label": "vegetation", "bounding_box": [414, 453, 772, 543]}, {"label": "pole", "bounding_box": [536, 477, 541, 543]}, {"label": "pole", "bounding_box": [660, 369, 669, 532]}, {"label": "traffic sign", "bounding_box": [670, 370, 697, 414]}, {"label": "pole", "bounding_box": [821, 268, 871, 517]}, {"label": "vegetation", "bounding_box": [0, 1, 198, 663]}, {"label": "pole", "bounding_box": [284, 306, 314, 648]}, {"label": "static", "bounding_box": [255, 155, 350, 327]}, {"label": "traffic sign", "bounding_box": [237, 156, 344, 326]}, {"label": "terrain", "bounding_box": [0, 632, 522, 1024]}, {"label": "dynamic", "bounding_box": [403, 602, 435, 631]}, {"label": "static", "bounding_box": [403, 406, 428, 441]}, {"label": "static", "bounding_box": [236, 385, 267, 426]}, {"label": "building", "bounding_box": [976, 0, 1712, 521]}, {"label": "terrain", "bounding_box": [875, 472, 1155, 510]}, {"label": "vegetation", "bounding_box": [875, 472, 1155, 510]}, {"label": "static", "bounding_box": [1146, 454, 1170, 509]}, {"label": "car", "bounding_box": [1170, 457, 1283, 507]}, {"label": "pole", "bounding_box": [1230, 444, 1234, 491]}, {"label": "vegetation", "bounding_box": [1006, 6, 1478, 495]}, {"label": "ground", "bounding_box": [1174, 513, 1392, 600]}, {"label": "terrain", "bounding_box": [1171, 489, 1216, 531]}, {"label": "pole", "bounding_box": [1375, 403, 1380, 483]}, {"label": "vegetation", "bounding_box": [1533, 127, 1721, 470]}, {"label": "vegetation", "bounding_box": [1499, 441, 1536, 468]}, {"label": "pole", "bounding_box": [1483, 406, 1490, 470]}, {"label": "pole", "bounding_box": [1471, 391, 1486, 470]}, {"label": "dynamic", "bounding_box": [1307, 474, 1394, 515]}, {"label": "pole", "bounding_box": [1203, 400, 1208, 518]}, {"label": "traffic sign", "bounding_box": [1193, 369, 1217, 408]}, {"label": "vegetation", "bounding_box": [1205, 482, 1301, 554]}, {"label": "fence", "bounding_box": [1195, 483, 1262, 546]}, {"label": "fence", "bounding_box": [1257, 493, 1405, 557]}, {"label": "wall", "bounding_box": [1201, 519, 1261, 555]}, {"label": "terrain", "bounding_box": [1339, 573, 2048, 891]}, {"label": "building", "bounding_box": [1612, 2, 2047, 600]}, {"label": "terrain", "bounding_box": [1646, 51, 1771, 148]}, {"label": "pole", "bounding_box": [1561, 98, 1574, 477]}, {"label": "fence", "bounding_box": [1386, 433, 1913, 717]}, {"label": "pole", "bounding_box": [1856, 219, 1870, 307]}, {"label": "traffic sign", "bounding_box": [1806, 48, 1921, 236]}, {"label": "vegetation", "bounding_box": [1723, 126, 2048, 813]}, {"label": "terrain", "bounding_box": [1332, 509, 1434, 611]}, {"label": "vegetation", "bounding_box": [1332, 509, 1434, 611]}, {"label": "pole", "bounding_box": [1192, 26, 1362, 596]}, {"label": "static", "bounding_box": [1147, 17, 1202, 41]}, {"label": "pole", "bounding_box": [950, 209, 961, 512]}, {"label": "traffic sign", "bounding_box": [951, 430, 966, 448]}, {"label": "car", "bounding_box": [968, 467, 1091, 518]}, {"label": "pole", "bounding_box": [330, 378, 351, 484]}, {"label": "traffic sign", "bounding_box": [309, 377, 335, 421]}, {"label": "ego vehicle", "bounding_box": [271, 844, 2028, 1023]}, {"label": "out of roi", "bounding_box": [0, 0, 2048, 1024]}]}