{"imgHeight": 1024, "imgWidth": 2048, "objects": [{"label": "sky", "bounding_box": [641, 0, 1192, 315]}, {"label": "road", "bounding_box": [0, 419, 2048, 1024]}, {"label": "sidewalk", "bounding_box": [332, 455, 907, 516]}, {"label": "sidewalk", "bounding_box": [1072, 445, 1357, 504]}, {"label": "building", "bounding_box": [918, 235, 1130, 443]}, {"label": "building", "bounding_box": [0, 0, 953, 510]}, {"label": "sidewalk", "bounding_box": [41, 519, 532, 616]}, {"label": "building", "bounding_box": [0, 59, 355, 601]}, {"label": "sidewalk", "bounding_box": [1193, 504, 2048, 1024]}, {"label": "building", "bounding_box": [1075, 51, 1402, 477]}, {"label": "static", "bounding_box": [886, 398, 971, 454]}, {"label": "car", "bounding_box": [913, 429, 957, 467]}, {"label": "dynamic", "bounding_box": [881, 399, 904, 467]}, {"label": "pole", "bounding_box": [865, 412, 869, 464]}, {"label": "traffic light", "bounding_box": [860, 391, 873, 416]}, {"label": "static", "bounding_box": [675, 264, 862, 493]}, {"label": "person", "bounding_box": [781, 427, 807, 496]}, {"label": "bicycle", "bounding_box": [725, 449, 763, 490]}, {"label": "person", "bounding_box": [733, 413, 751, 497]}, {"label": "traffic light", "bounding_box": [906, 332, 921, 360]}, {"label": "traffic light", "bounding_box": [960, 334, 971, 358]}, {"label": "pole", "bounding_box": [887, 339, 988, 344]}, {"label": "pole", "bounding_box": [647, 457, 650, 501]}, {"label": "static", "bounding_box": [931, 139, 961, 145]}, {"label": "static", "bounding_box": [956, 221, 978, 226]}, {"label": "traffic sign", "bounding_box": [638, 456, 660, 464]}, {"label": "traffic sign", "bounding_box": [636, 427, 664, 456]}, {"label": "pole", "bounding_box": [467, 427, 471, 509]}, {"label": "traffic sign", "bounding_box": [463, 403, 473, 428]}, {"label": "fence", "bounding_box": [317, 420, 413, 510]}, {"label": "pole", "bounding_box": [350, 424, 355, 490]}, {"label": "traffic sign", "bounding_box": [347, 397, 363, 428]}, {"label": "static", "bounding_box": [34, 453, 320, 484]}, {"label": "terrain", "bounding_box": [0, 408, 326, 459]}, {"label": "static", "bounding_box": [317, 234, 354, 355]}, {"label": "vegetation", "bounding_box": [0, 408, 326, 459]}, {"label": "static", "bounding_box": [244, 214, 288, 352]}, {"label": "static", "bounding_box": [153, 191, 205, 341]}, {"label": "static", "bounding_box": [41, 159, 99, 330]}, {"label": "car", "bounding_box": [0, 412, 272, 921]}, {"label": "dynamic", "bounding_box": [1029, 128, 1102, 475]}, {"label": "traffic light", "bounding_box": [1066, 390, 1077, 413]}, {"label": "pole", "bounding_box": [1120, 389, 1125, 424]}, {"label": "traffic sign", "bounding_box": [1116, 379, 1127, 390]}, {"label": "person", "bounding_box": [1095, 418, 1119, 459]}, {"label": "person", "bounding_box": [1115, 417, 1133, 468]}, {"label": "car", "bounding_box": [919, 425, 988, 512]}, {"label": "car", "bounding_box": [936, 406, 1125, 556]}, {"label": "car", "bounding_box": [1183, 417, 1246, 470]}, {"label": "static", "bounding_box": [1218, 458, 1234, 475]}, {"label": "static", "bounding_box": [1232, 458, 1248, 477]}, {"label": "static", "bounding_box": [1250, 459, 1265, 480]}, {"label": "pole", "bounding_box": [1270, 450, 1277, 484]}, {"label": "static", "bounding_box": [1240, 427, 1280, 450]}, {"label": "person", "bounding_box": [1167, 400, 1199, 487]}, {"label": "person", "bounding_box": [1242, 389, 1274, 516]}, {"label": "pole", "bounding_box": [1317, 302, 1328, 481]}, {"label": "traffic sign", "bounding_box": [1277, 289, 1360, 308]}, {"label": "vegetation", "bounding_box": [821, 0, 2048, 761]}, {"label": "license plate", "bounding_box": [1012, 465, 1069, 480]}, {"label": "ego vehicle", "bounding_box": [271, 844, 2028, 1023]}, {"label": "out of roi", "bounding_box": [0, 0, 2048, 1024]}]}