{"imgHeight": 1024, "imgWidth": 2048, "objects": [{"label": "sky", "bounding_box": [0, 0, 2048, 378]}, {"label": "static", "bounding_box": [159, 150, 204, 163]}, {"label": "road", "bounding_box": [0, 370, 2048, 1024]}, {"label": "sidewalk", "bounding_box": [223, 405, 1709, 529]}, {"label": "vegetation", "bounding_box": [975, 0, 1327, 134]}, {"label": "building", "bounding_box": [28, 15, 1695, 508]}, {"label": "vegetation", "bounding_box": [0, 315, 67, 489]}, {"label": "pole", "bounding_box": [23, 459, 28, 491]}, {"label": "traffic sign", "bounding_box": [18, 448, 28, 461]}, {"label": "pole", "bounding_box": [118, 454, 123, 480]}, {"label": "wall", "bounding_box": [335, 490, 512, 512]}, {"label": "traffic sign", "bounding_box": [17, 437, 30, 450]}, {"label": "traffic sign", "bounding_box": [112, 436, 127, 455]}, {"label": "pole", "bounding_box": [218, 443, 222, 476]}, {"label": "traffic sign", "bounding_box": [211, 426, 229, 447]}, {"label": "car", "bounding_box": [139, 477, 161, 504]}, {"label": "vegetation", "bounding_box": [720, 152, 1335, 470]}, {"label": "vegetation", "bounding_box": [301, 1, 858, 488]}, {"label": "fence", "bounding_box": [511, 408, 1685, 505]}, {"label": "wall", "bounding_box": [507, 448, 1448, 516]}, {"label": "car", "bounding_box": [92, 472, 148, 506]}, {"label": "car", "bounding_box": [207, 469, 260, 507]}, {"label": "ground", "bounding_box": [0, 544, 411, 842]}, {"label": "terrain", "bounding_box": [342, 452, 507, 484]}, {"label": "fence", "bounding_box": [340, 471, 513, 492]}, {"label": "static", "bounding_box": [232, 404, 348, 508]}, {"label": "vegetation", "bounding_box": [202, 115, 529, 465]}, {"label": "traffic sign", "bounding_box": [289, 408, 312, 435]}, {"label": "terrain", "bounding_box": [323, 501, 363, 519]}, {"label": "pole", "bounding_box": [438, 382, 449, 509]}, {"label": "pole", "bounding_box": [419, 425, 428, 508]}, {"label": "traffic sign", "bounding_box": [408, 385, 434, 427]}, {"label": "pole", "bounding_box": [316, 339, 333, 574]}, {"label": "traffic sign", "bounding_box": [291, 256, 348, 341]}, {"label": "static", "bounding_box": [276, 466, 324, 548]}, {"label": "pole", "bounding_box": [340, 406, 353, 505]}, {"label": "person", "bounding_box": [21, 398, 116, 608]}, {"label": "person", "bounding_box": [140, 394, 223, 604]}, {"label": "static", "bounding_box": [1667, 299, 2048, 511]}, {"label": "building", "bounding_box": [1827, 311, 1871, 374]}, {"label": "ground", "bounding_box": [692, 482, 1357, 548]}, {"label": "static", "bounding_box": [731, 441, 756, 528]}, {"label": "pole", "bounding_box": [767, 345, 776, 527]}, {"label": "traffic sign", "bounding_box": [749, 328, 796, 348]}, {"label": "traffic sign", "bounding_box": [749, 298, 792, 328]}, {"label": "static", "bounding_box": [938, 453, 955, 497]}, {"label": "static", "bounding_box": [1054, 345, 1085, 373]}, {"label": "pole", "bounding_box": [1068, 371, 1080, 496]}, {"label": "static", "bounding_box": [1168, 282, 1203, 318]}, {"label": "pole", "bounding_box": [1179, 251, 1192, 497]}, {"label": "traffic sign", "bounding_box": [1169, 321, 1201, 369]}, {"label": "static", "bounding_box": [1197, 422, 1246, 504]}, {"label": "person", "bounding_box": [1209, 379, 1269, 532]}, {"label": "terrain", "bounding_box": [1478, 434, 1539, 468]}, {"label": "terrain", "bounding_box": [1568, 444, 1611, 461]}, {"label": "terrain", "bounding_box": [1612, 439, 1672, 459]}, {"label": "car", "bounding_box": [1750, 409, 1780, 436]}, {"label": "car", "bounding_box": [1737, 413, 1765, 443]}, {"label": "vegetation", "bounding_box": [1220, 73, 1887, 465]}, {"label": "vegetation", "bounding_box": [1889, 33, 2048, 456]}, {"label": "building", "bounding_box": [1971, 305, 2048, 461]}, {"label": "static", "bounding_box": [1875, 429, 1887, 444]}, {"label": "static", "bounding_box": [1876, 417, 1887, 430]}, {"label": "sidewalk", "bounding_box": [1233, 419, 2048, 1024]}, {"label": "motorcycle", "bounding_box": [1686, 436, 1714, 472]}, {"label": "static", "bounding_box": [1687, 407, 1711, 441]}, {"label": "terrain", "bounding_box": [1495, 543, 2024, 667]}, {"label": "vegetation", "bounding_box": [1304, 0, 2048, 584]}, {"label": "pole", "bounding_box": [1451, 277, 1459, 460]}, {"label": "traffic sign", "bounding_box": [1444, 335, 1469, 368]}, {"label": "fence", "bounding_box": [1355, 443, 1399, 485]}, {"label": "fence", "bounding_box": [1411, 454, 1467, 480]}, {"label": "pole", "bounding_box": [1466, 275, 1479, 443]}, {"label": "fence", "bounding_box": [1464, 440, 1483, 565]}, {"label": "fence", "bounding_box": [1354, 470, 1397, 502]}, {"label": "fence", "bounding_box": [1396, 436, 1411, 581]}, {"label": "fence", "bounding_box": [1338, 445, 1359, 625]}, {"label": "fence", "bounding_box": [1398, 437, 1427, 674]}, {"label": "fence", "bounding_box": [1553, 441, 1576, 723]}, {"label": "fence", "bounding_box": [1802, 448, 1829, 826]}, {"label": "traffic sign", "bounding_box": [1440, 168, 1500, 276]}, {"label": "fence", "bounding_box": [1822, 468, 2048, 620]}, {"label": "fence", "bounding_box": [1571, 455, 1805, 547]}, {"label": "fence", "bounding_box": [1407, 446, 1557, 516]}, {"label": "sidewalk", "bounding_box": [722, 503, 1218, 540]}, {"label": "static", "bounding_box": [891, 428, 927, 529]}, {"label": "rider", "bounding_box": [1687, 407, 1711, 441]}, {"label": "bicycle", "bounding_box": [1875, 429, 1887, 444]}, {"label": "rider", "bounding_box": [1876, 417, 1887, 430]}, {"label": "person", "bounding_box": [457, 461, 484, 511]}, {"label": "terrain", "bounding_box": [404, 508, 498, 526]}, {"label": "pole", "bounding_box": [486, 484, 492, 515]}, {"label": "ego vehicle", "bounding_box": [271, 844, 2028, 1023]}, {"label": "out of roi", "bounding_box": [0, 0, 2048, 1024]}]}